ARM GAS  C:\Users\nicx5\AppData\Local\Temp\ccxXSAok.s 			page 1


   1              		.cpu cortex-m7
   2              		.arch armv7e-m
   3              		.fpu fpv5-d16
   4              		.eabi_attribute 28, 1
   5              		.eabi_attribute 20, 1
   6              		.eabi_attribute 21, 1
   7              		.eabi_attribute 23, 3
   8              		.eabi_attribute 24, 1
   9              		.eabi_attribute 25, 1
  10              		.eabi_attribute 26, 1
  11              		.eabi_attribute 30, 1
  12              		.eabi_attribute 34, 1
  13              		.eabi_attribute 18, 4
  14              		.file	"aes.c"
  15              		.text
  16              	.Ltext0:
  17              		.cfi_sections	.debug_frame
  18              		.file 1 "Libs/mbedtls/library/aes.c"
  19              		.section	.text.aes_gen_tables,"ax",%progbits
  20              		.align	1
  21              		.syntax unified
  22              		.thumb
  23              		.thumb_func
  25              	aes_gen_tables:
  26              	.LFB6:
   1:Libs/mbedtls/library/aes.c **** /*
   2:Libs/mbedtls/library/aes.c ****  *  FIPS-197 compliant AES implementation
   3:Libs/mbedtls/library/aes.c ****  *
   4:Libs/mbedtls/library/aes.c ****  *  Copyright The Mbed TLS Contributors
   5:Libs/mbedtls/library/aes.c ****  *  SPDX-License-Identifier: Apache-2.0 OR GPL-2.0-or-later
   6:Libs/mbedtls/library/aes.c ****  */
   7:Libs/mbedtls/library/aes.c **** /*
   8:Libs/mbedtls/library/aes.c ****  *  The AES block cipher was designed by Vincent Rijmen and Joan Daemen.
   9:Libs/mbedtls/library/aes.c ****  *
  10:Libs/mbedtls/library/aes.c ****  *  https://csrc.nist.gov/csrc/media/projects/cryptographic-standards-and-guidelines/documents/aes-
  11:Libs/mbedtls/library/aes.c ****  *  http://csrc.nist.gov/publications/fips/fips197/fips-197.pdf
  12:Libs/mbedtls/library/aes.c ****  */
  13:Libs/mbedtls/library/aes.c **** 
  14:Libs/mbedtls/library/aes.c **** #include "common.h"
  15:Libs/mbedtls/library/aes.c **** 
  16:Libs/mbedtls/library/aes.c **** #if defined(MBEDTLS_AES_C)
  17:Libs/mbedtls/library/aes.c **** 
  18:Libs/mbedtls/library/aes.c **** #include <string.h>
  19:Libs/mbedtls/library/aes.c **** 
  20:Libs/mbedtls/library/aes.c **** #include "mbedtls/aes.h"
  21:Libs/mbedtls/library/aes.c **** #include "mbedtls/platform.h"
  22:Libs/mbedtls/library/aes.c **** #include "mbedtls/platform_util.h"
  23:Libs/mbedtls/library/aes.c **** #include "mbedtls/error.h"
  24:Libs/mbedtls/library/aes.c **** #if defined(MBEDTLS_PADLOCK_C)
  25:Libs/mbedtls/library/aes.c **** #include "mbedtls/padlock.h"
  26:Libs/mbedtls/library/aes.c **** #endif
  27:Libs/mbedtls/library/aes.c **** #if defined(MBEDTLS_AESNI_C)
  28:Libs/mbedtls/library/aes.c **** #include "mbedtls/aesni.h"
  29:Libs/mbedtls/library/aes.c **** #endif
  30:Libs/mbedtls/library/aes.c **** 
  31:Libs/mbedtls/library/aes.c **** #include "mbedtls/platform.h"
  32:Libs/mbedtls/library/aes.c **** 
ARM GAS  C:\Users\nicx5\AppData\Local\Temp\ccxXSAok.s 			page 2


  33:Libs/mbedtls/library/aes.c **** #if !defined(MBEDTLS_AES_ALT)
  34:Libs/mbedtls/library/aes.c **** 
  35:Libs/mbedtls/library/aes.c **** /* Parameter validation macros based on platform_util.h */
  36:Libs/mbedtls/library/aes.c **** #define AES_VALIDATE_RET(cond)    \
  37:Libs/mbedtls/library/aes.c ****     MBEDTLS_INTERNAL_VALIDATE_RET(cond, MBEDTLS_ERR_AES_BAD_INPUT_DATA)
  38:Libs/mbedtls/library/aes.c **** #define AES_VALIDATE(cond)        \
  39:Libs/mbedtls/library/aes.c ****     MBEDTLS_INTERNAL_VALIDATE(cond)
  40:Libs/mbedtls/library/aes.c **** 
  41:Libs/mbedtls/library/aes.c **** #if defined(MBEDTLS_VIA_PADLOCK_HAVE_CODE)
  42:Libs/mbedtls/library/aes.c **** static int aes_padlock_ace = -1;
  43:Libs/mbedtls/library/aes.c **** #endif
  44:Libs/mbedtls/library/aes.c **** 
  45:Libs/mbedtls/library/aes.c **** #if defined(MBEDTLS_AES_ROM_TABLES)
  46:Libs/mbedtls/library/aes.c **** /*
  47:Libs/mbedtls/library/aes.c ****  * Forward S-box
  48:Libs/mbedtls/library/aes.c ****  */
  49:Libs/mbedtls/library/aes.c **** #if !defined(MBEDTLS_AES_ENCRYPT_ALT) || !defined(MBEDTLS_AES_SETKEY_ENC_ALT) || \
  50:Libs/mbedtls/library/aes.c ****     !defined(MBEDTLS_AES_SETKEY_DEC_ALT)
  51:Libs/mbedtls/library/aes.c **** static const unsigned char FSb[256] =
  52:Libs/mbedtls/library/aes.c **** {
  53:Libs/mbedtls/library/aes.c ****     0x63, 0x7C, 0x77, 0x7B, 0xF2, 0x6B, 0x6F, 0xC5,
  54:Libs/mbedtls/library/aes.c ****     0x30, 0x01, 0x67, 0x2B, 0xFE, 0xD7, 0xAB, 0x76,
  55:Libs/mbedtls/library/aes.c ****     0xCA, 0x82, 0xC9, 0x7D, 0xFA, 0x59, 0x47, 0xF0,
  56:Libs/mbedtls/library/aes.c ****     0xAD, 0xD4, 0xA2, 0xAF, 0x9C, 0xA4, 0x72, 0xC0,
  57:Libs/mbedtls/library/aes.c ****     0xB7, 0xFD, 0x93, 0x26, 0x36, 0x3F, 0xF7, 0xCC,
  58:Libs/mbedtls/library/aes.c ****     0x34, 0xA5, 0xE5, 0xF1, 0x71, 0xD8, 0x31, 0x15,
  59:Libs/mbedtls/library/aes.c ****     0x04, 0xC7, 0x23, 0xC3, 0x18, 0x96, 0x05, 0x9A,
  60:Libs/mbedtls/library/aes.c ****     0x07, 0x12, 0x80, 0xE2, 0xEB, 0x27, 0xB2, 0x75,
  61:Libs/mbedtls/library/aes.c ****     0x09, 0x83, 0x2C, 0x1A, 0x1B, 0x6E, 0x5A, 0xA0,
  62:Libs/mbedtls/library/aes.c ****     0x52, 0x3B, 0xD6, 0xB3, 0x29, 0xE3, 0x2F, 0x84,
  63:Libs/mbedtls/library/aes.c ****     0x53, 0xD1, 0x00, 0xED, 0x20, 0xFC, 0xB1, 0x5B,
  64:Libs/mbedtls/library/aes.c ****     0x6A, 0xCB, 0xBE, 0x39, 0x4A, 0x4C, 0x58, 0xCF,
  65:Libs/mbedtls/library/aes.c ****     0xD0, 0xEF, 0xAA, 0xFB, 0x43, 0x4D, 0x33, 0x85,
  66:Libs/mbedtls/library/aes.c ****     0x45, 0xF9, 0x02, 0x7F, 0x50, 0x3C, 0x9F, 0xA8,
  67:Libs/mbedtls/library/aes.c ****     0x51, 0xA3, 0x40, 0x8F, 0x92, 0x9D, 0x38, 0xF5,
  68:Libs/mbedtls/library/aes.c ****     0xBC, 0xB6, 0xDA, 0x21, 0x10, 0xFF, 0xF3, 0xD2,
  69:Libs/mbedtls/library/aes.c ****     0xCD, 0x0C, 0x13, 0xEC, 0x5F, 0x97, 0x44, 0x17,
  70:Libs/mbedtls/library/aes.c ****     0xC4, 0xA7, 0x7E, 0x3D, 0x64, 0x5D, 0x19, 0x73,
  71:Libs/mbedtls/library/aes.c ****     0x60, 0x81, 0x4F, 0xDC, 0x22, 0x2A, 0x90, 0x88,
  72:Libs/mbedtls/library/aes.c ****     0x46, 0xEE, 0xB8, 0x14, 0xDE, 0x5E, 0x0B, 0xDB,
  73:Libs/mbedtls/library/aes.c ****     0xE0, 0x32, 0x3A, 0x0A, 0x49, 0x06, 0x24, 0x5C,
  74:Libs/mbedtls/library/aes.c ****     0xC2, 0xD3, 0xAC, 0x62, 0x91, 0x95, 0xE4, 0x79,
  75:Libs/mbedtls/library/aes.c ****     0xE7, 0xC8, 0x37, 0x6D, 0x8D, 0xD5, 0x4E, 0xA9,
  76:Libs/mbedtls/library/aes.c ****     0x6C, 0x56, 0xF4, 0xEA, 0x65, 0x7A, 0xAE, 0x08,
  77:Libs/mbedtls/library/aes.c ****     0xBA, 0x78, 0x25, 0x2E, 0x1C, 0xA6, 0xB4, 0xC6,
  78:Libs/mbedtls/library/aes.c ****     0xE8, 0xDD, 0x74, 0x1F, 0x4B, 0xBD, 0x8B, 0x8A,
  79:Libs/mbedtls/library/aes.c ****     0x70, 0x3E, 0xB5, 0x66, 0x48, 0x03, 0xF6, 0x0E,
  80:Libs/mbedtls/library/aes.c ****     0x61, 0x35, 0x57, 0xB9, 0x86, 0xC1, 0x1D, 0x9E,
  81:Libs/mbedtls/library/aes.c ****     0xE1, 0xF8, 0x98, 0x11, 0x69, 0xD9, 0x8E, 0x94,
  82:Libs/mbedtls/library/aes.c ****     0x9B, 0x1E, 0x87, 0xE9, 0xCE, 0x55, 0x28, 0xDF,
  83:Libs/mbedtls/library/aes.c ****     0x8C, 0xA1, 0x89, 0x0D, 0xBF, 0xE6, 0x42, 0x68,
  84:Libs/mbedtls/library/aes.c ****     0x41, 0x99, 0x2D, 0x0F, 0xB0, 0x54, 0xBB, 0x16
  85:Libs/mbedtls/library/aes.c **** };
  86:Libs/mbedtls/library/aes.c **** #endif /* !defined(MBEDTLS_AES_ENCRYPT_ALT) || !defined(MBEDTLS_AES_SETKEY_ENC_ALT) || \
  87:Libs/mbedtls/library/aes.c ****           !defined(MBEDTLS_AES_SETKEY_DEC_ALT) */
  88:Libs/mbedtls/library/aes.c **** 
  89:Libs/mbedtls/library/aes.c **** /*
ARM GAS  C:\Users\nicx5\AppData\Local\Temp\ccxXSAok.s 			page 3


  90:Libs/mbedtls/library/aes.c ****  * Forward tables
  91:Libs/mbedtls/library/aes.c ****  */
  92:Libs/mbedtls/library/aes.c **** #define FT \
  93:Libs/mbedtls/library/aes.c **** \
  94:Libs/mbedtls/library/aes.c ****     V(A5, 63, 63, C6), V(84, 7C, 7C, F8), V(99, 77, 77, EE), V(8D, 7B, 7B, F6), \
  95:Libs/mbedtls/library/aes.c ****     V(0D, F2, F2, FF), V(BD, 6B, 6B, D6), V(B1, 6F, 6F, DE), V(54, C5, C5, 91), \
  96:Libs/mbedtls/library/aes.c ****     V(50, 30, 30, 60), V(03, 01, 01, 02), V(A9, 67, 67, CE), V(7D, 2B, 2B, 56), \
  97:Libs/mbedtls/library/aes.c ****     V(19, FE, FE, E7), V(62, D7, D7, B5), V(E6, AB, AB, 4D), V(9A, 76, 76, EC), \
  98:Libs/mbedtls/library/aes.c ****     V(45, CA, CA, 8F), V(9D, 82, 82, 1F), V(40, C9, C9, 89), V(87, 7D, 7D, FA), \
  99:Libs/mbedtls/library/aes.c ****     V(15, FA, FA, EF), V(EB, 59, 59, B2), V(C9, 47, 47, 8E), V(0B, F0, F0, FB), \
 100:Libs/mbedtls/library/aes.c ****     V(EC, AD, AD, 41), V(67, D4, D4, B3), V(FD, A2, A2, 5F), V(EA, AF, AF, 45), \
 101:Libs/mbedtls/library/aes.c ****     V(BF, 9C, 9C, 23), V(F7, A4, A4, 53), V(96, 72, 72, E4), V(5B, C0, C0, 9B), \
 102:Libs/mbedtls/library/aes.c ****     V(C2, B7, B7, 75), V(1C, FD, FD, E1), V(AE, 93, 93, 3D), V(6A, 26, 26, 4C), \
 103:Libs/mbedtls/library/aes.c ****     V(5A, 36, 36, 6C), V(41, 3F, 3F, 7E), V(02, F7, F7, F5), V(4F, CC, CC, 83), \
 104:Libs/mbedtls/library/aes.c ****     V(5C, 34, 34, 68), V(F4, A5, A5, 51), V(34, E5, E5, D1), V(08, F1, F1, F9), \
 105:Libs/mbedtls/library/aes.c ****     V(93, 71, 71, E2), V(73, D8, D8, AB), V(53, 31, 31, 62), V(3F, 15, 15, 2A), \
 106:Libs/mbedtls/library/aes.c ****     V(0C, 04, 04, 08), V(52, C7, C7, 95), V(65, 23, 23, 46), V(5E, C3, C3, 9D), \
 107:Libs/mbedtls/library/aes.c ****     V(28, 18, 18, 30), V(A1, 96, 96, 37), V(0F, 05, 05, 0A), V(B5, 9A, 9A, 2F), \
 108:Libs/mbedtls/library/aes.c ****     V(09, 07, 07, 0E), V(36, 12, 12, 24), V(9B, 80, 80, 1B), V(3D, E2, E2, DF), \
 109:Libs/mbedtls/library/aes.c ****     V(26, EB, EB, CD), V(69, 27, 27, 4E), V(CD, B2, B2, 7F), V(9F, 75, 75, EA), \
 110:Libs/mbedtls/library/aes.c ****     V(1B, 09, 09, 12), V(9E, 83, 83, 1D), V(74, 2C, 2C, 58), V(2E, 1A, 1A, 34), \
 111:Libs/mbedtls/library/aes.c ****     V(2D, 1B, 1B, 36), V(B2, 6E, 6E, DC), V(EE, 5A, 5A, B4), V(FB, A0, A0, 5B), \
 112:Libs/mbedtls/library/aes.c ****     V(F6, 52, 52, A4), V(4D, 3B, 3B, 76), V(61, D6, D6, B7), V(CE, B3, B3, 7D), \
 113:Libs/mbedtls/library/aes.c ****     V(7B, 29, 29, 52), V(3E, E3, E3, DD), V(71, 2F, 2F, 5E), V(97, 84, 84, 13), \
 114:Libs/mbedtls/library/aes.c ****     V(F5, 53, 53, A6), V(68, D1, D1, B9), V(00, 00, 00, 00), V(2C, ED, ED, C1), \
 115:Libs/mbedtls/library/aes.c ****     V(60, 20, 20, 40), V(1F, FC, FC, E3), V(C8, B1, B1, 79), V(ED, 5B, 5B, B6), \
 116:Libs/mbedtls/library/aes.c ****     V(BE, 6A, 6A, D4), V(46, CB, CB, 8D), V(D9, BE, BE, 67), V(4B, 39, 39, 72), \
 117:Libs/mbedtls/library/aes.c ****     V(DE, 4A, 4A, 94), V(D4, 4C, 4C, 98), V(E8, 58, 58, B0), V(4A, CF, CF, 85), \
 118:Libs/mbedtls/library/aes.c ****     V(6B, D0, D0, BB), V(2A, EF, EF, C5), V(E5, AA, AA, 4F), V(16, FB, FB, ED), \
 119:Libs/mbedtls/library/aes.c ****     V(C5, 43, 43, 86), V(D7, 4D, 4D, 9A), V(55, 33, 33, 66), V(94, 85, 85, 11), \
 120:Libs/mbedtls/library/aes.c ****     V(CF, 45, 45, 8A), V(10, F9, F9, E9), V(06, 02, 02, 04), V(81, 7F, 7F, FE), \
 121:Libs/mbedtls/library/aes.c ****     V(F0, 50, 50, A0), V(44, 3C, 3C, 78), V(BA, 9F, 9F, 25), V(E3, A8, A8, 4B), \
 122:Libs/mbedtls/library/aes.c ****     V(F3, 51, 51, A2), V(FE, A3, A3, 5D), V(C0, 40, 40, 80), V(8A, 8F, 8F, 05), \
 123:Libs/mbedtls/library/aes.c ****     V(AD, 92, 92, 3F), V(BC, 9D, 9D, 21), V(48, 38, 38, 70), V(04, F5, F5, F1), \
 124:Libs/mbedtls/library/aes.c ****     V(DF, BC, BC, 63), V(C1, B6, B6, 77), V(75, DA, DA, AF), V(63, 21, 21, 42), \
 125:Libs/mbedtls/library/aes.c ****     V(30, 10, 10, 20), V(1A, FF, FF, E5), V(0E, F3, F3, FD), V(6D, D2, D2, BF), \
 126:Libs/mbedtls/library/aes.c ****     V(4C, CD, CD, 81), V(14, 0C, 0C, 18), V(35, 13, 13, 26), V(2F, EC, EC, C3), \
 127:Libs/mbedtls/library/aes.c ****     V(E1, 5F, 5F, BE), V(A2, 97, 97, 35), V(CC, 44, 44, 88), V(39, 17, 17, 2E), \
 128:Libs/mbedtls/library/aes.c ****     V(57, C4, C4, 93), V(F2, A7, A7, 55), V(82, 7E, 7E, FC), V(47, 3D, 3D, 7A), \
 129:Libs/mbedtls/library/aes.c ****     V(AC, 64, 64, C8), V(E7, 5D, 5D, BA), V(2B, 19, 19, 32), V(95, 73, 73, E6), \
 130:Libs/mbedtls/library/aes.c ****     V(A0, 60, 60, C0), V(98, 81, 81, 19), V(D1, 4F, 4F, 9E), V(7F, DC, DC, A3), \
 131:Libs/mbedtls/library/aes.c ****     V(66, 22, 22, 44), V(7E, 2A, 2A, 54), V(AB, 90, 90, 3B), V(83, 88, 88, 0B), \
 132:Libs/mbedtls/library/aes.c ****     V(CA, 46, 46, 8C), V(29, EE, EE, C7), V(D3, B8, B8, 6B), V(3C, 14, 14, 28), \
 133:Libs/mbedtls/library/aes.c ****     V(79, DE, DE, A7), V(E2, 5E, 5E, BC), V(1D, 0B, 0B, 16), V(76, DB, DB, AD), \
 134:Libs/mbedtls/library/aes.c ****     V(3B, E0, E0, DB), V(56, 32, 32, 64), V(4E, 3A, 3A, 74), V(1E, 0A, 0A, 14), \
 135:Libs/mbedtls/library/aes.c ****     V(DB, 49, 49, 92), V(0A, 06, 06, 0C), V(6C, 24, 24, 48), V(E4, 5C, 5C, B8), \
 136:Libs/mbedtls/library/aes.c ****     V(5D, C2, C2, 9F), V(6E, D3, D3, BD), V(EF, AC, AC, 43), V(A6, 62, 62, C4), \
 137:Libs/mbedtls/library/aes.c ****     V(A8, 91, 91, 39), V(A4, 95, 95, 31), V(37, E4, E4, D3), V(8B, 79, 79, F2), \
 138:Libs/mbedtls/library/aes.c ****     V(32, E7, E7, D5), V(43, C8, C8, 8B), V(59, 37, 37, 6E), V(B7, 6D, 6D, DA), \
 139:Libs/mbedtls/library/aes.c ****     V(8C, 8D, 8D, 01), V(64, D5, D5, B1), V(D2, 4E, 4E, 9C), V(E0, A9, A9, 49), \
 140:Libs/mbedtls/library/aes.c ****     V(B4, 6C, 6C, D8), V(FA, 56, 56, AC), V(07, F4, F4, F3), V(25, EA, EA, CF), \
 141:Libs/mbedtls/library/aes.c ****     V(AF, 65, 65, CA), V(8E, 7A, 7A, F4), V(E9, AE, AE, 47), V(18, 08, 08, 10), \
 142:Libs/mbedtls/library/aes.c ****     V(D5, BA, BA, 6F), V(88, 78, 78, F0), V(6F, 25, 25, 4A), V(72, 2E, 2E, 5C), \
 143:Libs/mbedtls/library/aes.c ****     V(24, 1C, 1C, 38), V(F1, A6, A6, 57), V(C7, B4, B4, 73), V(51, C6, C6, 97), \
 144:Libs/mbedtls/library/aes.c ****     V(23, E8, E8, CB), V(7C, DD, DD, A1), V(9C, 74, 74, E8), V(21, 1F, 1F, 3E), \
 145:Libs/mbedtls/library/aes.c ****     V(DD, 4B, 4B, 96), V(DC, BD, BD, 61), V(86, 8B, 8B, 0D), V(85, 8A, 8A, 0F), \
 146:Libs/mbedtls/library/aes.c ****     V(90, 70, 70, E0), V(42, 3E, 3E, 7C), V(C4, B5, B5, 71), V(AA, 66, 66, CC), \
ARM GAS  C:\Users\nicx5\AppData\Local\Temp\ccxXSAok.s 			page 4


 147:Libs/mbedtls/library/aes.c ****     V(D8, 48, 48, 90), V(05, 03, 03, 06), V(01, F6, F6, F7), V(12, 0E, 0E, 1C), \
 148:Libs/mbedtls/library/aes.c ****     V(A3, 61, 61, C2), V(5F, 35, 35, 6A), V(F9, 57, 57, AE), V(D0, B9, B9, 69), \
 149:Libs/mbedtls/library/aes.c ****     V(91, 86, 86, 17), V(58, C1, C1, 99), V(27, 1D, 1D, 3A), V(B9, 9E, 9E, 27), \
 150:Libs/mbedtls/library/aes.c ****     V(38, E1, E1, D9), V(13, F8, F8, EB), V(B3, 98, 98, 2B), V(33, 11, 11, 22), \
 151:Libs/mbedtls/library/aes.c ****     V(BB, 69, 69, D2), V(70, D9, D9, A9), V(89, 8E, 8E, 07), V(A7, 94, 94, 33), \
 152:Libs/mbedtls/library/aes.c ****     V(B6, 9B, 9B, 2D), V(22, 1E, 1E, 3C), V(92, 87, 87, 15), V(20, E9, E9, C9), \
 153:Libs/mbedtls/library/aes.c ****     V(49, CE, CE, 87), V(FF, 55, 55, AA), V(78, 28, 28, 50), V(7A, DF, DF, A5), \
 154:Libs/mbedtls/library/aes.c ****     V(8F, 8C, 8C, 03), V(F8, A1, A1, 59), V(80, 89, 89, 09), V(17, 0D, 0D, 1A), \
 155:Libs/mbedtls/library/aes.c ****     V(DA, BF, BF, 65), V(31, E6, E6, D7), V(C6, 42, 42, 84), V(B8, 68, 68, D0), \
 156:Libs/mbedtls/library/aes.c ****     V(C3, 41, 41, 82), V(B0, 99, 99, 29), V(77, 2D, 2D, 5A), V(11, 0F, 0F, 1E), \
 157:Libs/mbedtls/library/aes.c ****     V(CB, B0, B0, 7B), V(FC, 54, 54, A8), V(D6, BB, BB, 6D), V(3A, 16, 16, 2C)
 158:Libs/mbedtls/library/aes.c **** 
 159:Libs/mbedtls/library/aes.c **** #if !defined(MBEDTLS_AES_ENCRYPT_ALT)
 160:Libs/mbedtls/library/aes.c **** #define V(a, b, c, d) 0x##a##b##c##d
 161:Libs/mbedtls/library/aes.c **** static const uint32_t FT0[256] = { FT };
 162:Libs/mbedtls/library/aes.c **** #undef V
 163:Libs/mbedtls/library/aes.c **** 
 164:Libs/mbedtls/library/aes.c **** #if !defined(MBEDTLS_AES_FEWER_TABLES)
 165:Libs/mbedtls/library/aes.c **** 
 166:Libs/mbedtls/library/aes.c **** #define V(a, b, c, d) 0x##b##c##d##a
 167:Libs/mbedtls/library/aes.c **** static const uint32_t FT1[256] = { FT };
 168:Libs/mbedtls/library/aes.c **** #undef V
 169:Libs/mbedtls/library/aes.c **** 
 170:Libs/mbedtls/library/aes.c **** #define V(a, b, c, d) 0x##c##d##a##b
 171:Libs/mbedtls/library/aes.c **** static const uint32_t FT2[256] = { FT };
 172:Libs/mbedtls/library/aes.c **** #undef V
 173:Libs/mbedtls/library/aes.c **** 
 174:Libs/mbedtls/library/aes.c **** #define V(a, b, c, d) 0x##d##a##b##c
 175:Libs/mbedtls/library/aes.c **** static const uint32_t FT3[256] = { FT };
 176:Libs/mbedtls/library/aes.c **** #undef V
 177:Libs/mbedtls/library/aes.c **** 
 178:Libs/mbedtls/library/aes.c **** #endif /* !MBEDTLS_AES_FEWER_TABLES */
 179:Libs/mbedtls/library/aes.c **** 
 180:Libs/mbedtls/library/aes.c **** #endif /* !defined(MBEDTLS_AES_ENCRYPT_ALT) */
 181:Libs/mbedtls/library/aes.c **** 
 182:Libs/mbedtls/library/aes.c **** #undef FT
 183:Libs/mbedtls/library/aes.c **** 
 184:Libs/mbedtls/library/aes.c **** #if !defined(MBEDTLS_AES_DECRYPT_ALT)
 185:Libs/mbedtls/library/aes.c **** /*
 186:Libs/mbedtls/library/aes.c ****  * Reverse S-box
 187:Libs/mbedtls/library/aes.c ****  */
 188:Libs/mbedtls/library/aes.c **** static const unsigned char RSb[256] =
 189:Libs/mbedtls/library/aes.c **** {
 190:Libs/mbedtls/library/aes.c ****     0x52, 0x09, 0x6A, 0xD5, 0x30, 0x36, 0xA5, 0x38,
 191:Libs/mbedtls/library/aes.c ****     0xBF, 0x40, 0xA3, 0x9E, 0x81, 0xF3, 0xD7, 0xFB,
 192:Libs/mbedtls/library/aes.c ****     0x7C, 0xE3, 0x39, 0x82, 0x9B, 0x2F, 0xFF, 0x87,
 193:Libs/mbedtls/library/aes.c ****     0x34, 0x8E, 0x43, 0x44, 0xC4, 0xDE, 0xE9, 0xCB,
 194:Libs/mbedtls/library/aes.c ****     0x54, 0x7B, 0x94, 0x32, 0xA6, 0xC2, 0x23, 0x3D,
 195:Libs/mbedtls/library/aes.c ****     0xEE, 0x4C, 0x95, 0x0B, 0x42, 0xFA, 0xC3, 0x4E,
 196:Libs/mbedtls/library/aes.c ****     0x08, 0x2E, 0xA1, 0x66, 0x28, 0xD9, 0x24, 0xB2,
 197:Libs/mbedtls/library/aes.c ****     0x76, 0x5B, 0xA2, 0x49, 0x6D, 0x8B, 0xD1, 0x25,
 198:Libs/mbedtls/library/aes.c ****     0x72, 0xF8, 0xF6, 0x64, 0x86, 0x68, 0x98, 0x16,
 199:Libs/mbedtls/library/aes.c ****     0xD4, 0xA4, 0x5C, 0xCC, 0x5D, 0x65, 0xB6, 0x92,
 200:Libs/mbedtls/library/aes.c ****     0x6C, 0x70, 0x48, 0x50, 0xFD, 0xED, 0xB9, 0xDA,
 201:Libs/mbedtls/library/aes.c ****     0x5E, 0x15, 0x46, 0x57, 0xA7, 0x8D, 0x9D, 0x84,
 202:Libs/mbedtls/library/aes.c ****     0x90, 0xD8, 0xAB, 0x00, 0x8C, 0xBC, 0xD3, 0x0A,
 203:Libs/mbedtls/library/aes.c ****     0xF7, 0xE4, 0x58, 0x05, 0xB8, 0xB3, 0x45, 0x06,
ARM GAS  C:\Users\nicx5\AppData\Local\Temp\ccxXSAok.s 			page 5


 204:Libs/mbedtls/library/aes.c ****     0xD0, 0x2C, 0x1E, 0x8F, 0xCA, 0x3F, 0x0F, 0x02,
 205:Libs/mbedtls/library/aes.c ****     0xC1, 0xAF, 0xBD, 0x03, 0x01, 0x13, 0x8A, 0x6B,
 206:Libs/mbedtls/library/aes.c ****     0x3A, 0x91, 0x11, 0x41, 0x4F, 0x67, 0xDC, 0xEA,
 207:Libs/mbedtls/library/aes.c ****     0x97, 0xF2, 0xCF, 0xCE, 0xF0, 0xB4, 0xE6, 0x73,
 208:Libs/mbedtls/library/aes.c ****     0x96, 0xAC, 0x74, 0x22, 0xE7, 0xAD, 0x35, 0x85,
 209:Libs/mbedtls/library/aes.c ****     0xE2, 0xF9, 0x37, 0xE8, 0x1C, 0x75, 0xDF, 0x6E,
 210:Libs/mbedtls/library/aes.c ****     0x47, 0xF1, 0x1A, 0x71, 0x1D, 0x29, 0xC5, 0x89,
 211:Libs/mbedtls/library/aes.c ****     0x6F, 0xB7, 0x62, 0x0E, 0xAA, 0x18, 0xBE, 0x1B,
 212:Libs/mbedtls/library/aes.c ****     0xFC, 0x56, 0x3E, 0x4B, 0xC6, 0xD2, 0x79, 0x20,
 213:Libs/mbedtls/library/aes.c ****     0x9A, 0xDB, 0xC0, 0xFE, 0x78, 0xCD, 0x5A, 0xF4,
 214:Libs/mbedtls/library/aes.c ****     0x1F, 0xDD, 0xA8, 0x33, 0x88, 0x07, 0xC7, 0x31,
 215:Libs/mbedtls/library/aes.c ****     0xB1, 0x12, 0x10, 0x59, 0x27, 0x80, 0xEC, 0x5F,
 216:Libs/mbedtls/library/aes.c ****     0x60, 0x51, 0x7F, 0xA9, 0x19, 0xB5, 0x4A, 0x0D,
 217:Libs/mbedtls/library/aes.c ****     0x2D, 0xE5, 0x7A, 0x9F, 0x93, 0xC9, 0x9C, 0xEF,
 218:Libs/mbedtls/library/aes.c ****     0xA0, 0xE0, 0x3B, 0x4D, 0xAE, 0x2A, 0xF5, 0xB0,
 219:Libs/mbedtls/library/aes.c ****     0xC8, 0xEB, 0xBB, 0x3C, 0x83, 0x53, 0x99, 0x61,
 220:Libs/mbedtls/library/aes.c ****     0x17, 0x2B, 0x04, 0x7E, 0xBA, 0x77, 0xD6, 0x26,
 221:Libs/mbedtls/library/aes.c ****     0xE1, 0x69, 0x14, 0x63, 0x55, 0x21, 0x0C, 0x7D
 222:Libs/mbedtls/library/aes.c **** };
 223:Libs/mbedtls/library/aes.c **** #endif /* defined(MBEDTLS_AES_DECRYPT_ALT)) */
 224:Libs/mbedtls/library/aes.c **** 
 225:Libs/mbedtls/library/aes.c **** /*
 226:Libs/mbedtls/library/aes.c ****  * Reverse tables
 227:Libs/mbedtls/library/aes.c ****  */
 228:Libs/mbedtls/library/aes.c **** #define RT \
 229:Libs/mbedtls/library/aes.c **** \
 230:Libs/mbedtls/library/aes.c ****     V(50, A7, F4, 51), V(53, 65, 41, 7E), V(C3, A4, 17, 1A), V(96, 5E, 27, 3A), \
 231:Libs/mbedtls/library/aes.c ****     V(CB, 6B, AB, 3B), V(F1, 45, 9D, 1F), V(AB, 58, FA, AC), V(93, 03, E3, 4B), \
 232:Libs/mbedtls/library/aes.c ****     V(55, FA, 30, 20), V(F6, 6D, 76, AD), V(91, 76, CC, 88), V(25, 4C, 02, F5), \
 233:Libs/mbedtls/library/aes.c ****     V(FC, D7, E5, 4F), V(D7, CB, 2A, C5), V(80, 44, 35, 26), V(8F, A3, 62, B5), \
 234:Libs/mbedtls/library/aes.c ****     V(49, 5A, B1, DE), V(67, 1B, BA, 25), V(98, 0E, EA, 45), V(E1, C0, FE, 5D), \
 235:Libs/mbedtls/library/aes.c ****     V(02, 75, 2F, C3), V(12, F0, 4C, 81), V(A3, 97, 46, 8D), V(C6, F9, D3, 6B), \
 236:Libs/mbedtls/library/aes.c ****     V(E7, 5F, 8F, 03), V(95, 9C, 92, 15), V(EB, 7A, 6D, BF), V(DA, 59, 52, 95), \
 237:Libs/mbedtls/library/aes.c ****     V(2D, 83, BE, D4), V(D3, 21, 74, 58), V(29, 69, E0, 49), V(44, C8, C9, 8E), \
 238:Libs/mbedtls/library/aes.c ****     V(6A, 89, C2, 75), V(78, 79, 8E, F4), V(6B, 3E, 58, 99), V(DD, 71, B9, 27), \
 239:Libs/mbedtls/library/aes.c ****     V(B6, 4F, E1, BE), V(17, AD, 88, F0), V(66, AC, 20, C9), V(B4, 3A, CE, 7D), \
 240:Libs/mbedtls/library/aes.c ****     V(18, 4A, DF, 63), V(82, 31, 1A, E5), V(60, 33, 51, 97), V(45, 7F, 53, 62), \
 241:Libs/mbedtls/library/aes.c ****     V(E0, 77, 64, B1), V(84, AE, 6B, BB), V(1C, A0, 81, FE), V(94, 2B, 08, F9), \
 242:Libs/mbedtls/library/aes.c ****     V(58, 68, 48, 70), V(19, FD, 45, 8F), V(87, 6C, DE, 94), V(B7, F8, 7B, 52), \
 243:Libs/mbedtls/library/aes.c ****     V(23, D3, 73, AB), V(E2, 02, 4B, 72), V(57, 8F, 1F, E3), V(2A, AB, 55, 66), \
 244:Libs/mbedtls/library/aes.c ****     V(07, 28, EB, B2), V(03, C2, B5, 2F), V(9A, 7B, C5, 86), V(A5, 08, 37, D3), \
 245:Libs/mbedtls/library/aes.c ****     V(F2, 87, 28, 30), V(B2, A5, BF, 23), V(BA, 6A, 03, 02), V(5C, 82, 16, ED), \
 246:Libs/mbedtls/library/aes.c ****     V(2B, 1C, CF, 8A), V(92, B4, 79, A7), V(F0, F2, 07, F3), V(A1, E2, 69, 4E), \
 247:Libs/mbedtls/library/aes.c ****     V(CD, F4, DA, 65), V(D5, BE, 05, 06), V(1F, 62, 34, D1), V(8A, FE, A6, C4), \
 248:Libs/mbedtls/library/aes.c ****     V(9D, 53, 2E, 34), V(A0, 55, F3, A2), V(32, E1, 8A, 05), V(75, EB, F6, A4), \
 249:Libs/mbedtls/library/aes.c ****     V(39, EC, 83, 0B), V(AA, EF, 60, 40), V(06, 9F, 71, 5E), V(51, 10, 6E, BD), \
 250:Libs/mbedtls/library/aes.c ****     V(F9, 8A, 21, 3E), V(3D, 06, DD, 96), V(AE, 05, 3E, DD), V(46, BD, E6, 4D), \
 251:Libs/mbedtls/library/aes.c ****     V(B5, 8D, 54, 91), V(05, 5D, C4, 71), V(6F, D4, 06, 04), V(FF, 15, 50, 60), \
 252:Libs/mbedtls/library/aes.c ****     V(24, FB, 98, 19), V(97, E9, BD, D6), V(CC, 43, 40, 89), V(77, 9E, D9, 67), \
 253:Libs/mbedtls/library/aes.c ****     V(BD, 42, E8, B0), V(88, 8B, 89, 07), V(38, 5B, 19, E7), V(DB, EE, C8, 79), \
 254:Libs/mbedtls/library/aes.c ****     V(47, 0A, 7C, A1), V(E9, 0F, 42, 7C), V(C9, 1E, 84, F8), V(00, 00, 00, 00), \
 255:Libs/mbedtls/library/aes.c ****     V(83, 86, 80, 09), V(48, ED, 2B, 32), V(AC, 70, 11, 1E), V(4E, 72, 5A, 6C), \
 256:Libs/mbedtls/library/aes.c ****     V(FB, FF, 0E, FD), V(56, 38, 85, 0F), V(1E, D5, AE, 3D), V(27, 39, 2D, 36), \
 257:Libs/mbedtls/library/aes.c ****     V(64, D9, 0F, 0A), V(21, A6, 5C, 68), V(D1, 54, 5B, 9B), V(3A, 2E, 36, 24), \
 258:Libs/mbedtls/library/aes.c ****     V(B1, 67, 0A, 0C), V(0F, E7, 57, 93), V(D2, 96, EE, B4), V(9E, 91, 9B, 1B), \
 259:Libs/mbedtls/library/aes.c ****     V(4F, C5, C0, 80), V(A2, 20, DC, 61), V(69, 4B, 77, 5A), V(16, 1A, 12, 1C), \
 260:Libs/mbedtls/library/aes.c ****     V(0A, BA, 93, E2), V(E5, 2A, A0, C0), V(43, E0, 22, 3C), V(1D, 17, 1B, 12), \
ARM GAS  C:\Users\nicx5\AppData\Local\Temp\ccxXSAok.s 			page 6


 261:Libs/mbedtls/library/aes.c ****     V(0B, 0D, 09, 0E), V(AD, C7, 8B, F2), V(B9, A8, B6, 2D), V(C8, A9, 1E, 14), \
 262:Libs/mbedtls/library/aes.c ****     V(85, 19, F1, 57), V(4C, 07, 75, AF), V(BB, DD, 99, EE), V(FD, 60, 7F, A3), \
 263:Libs/mbedtls/library/aes.c ****     V(9F, 26, 01, F7), V(BC, F5, 72, 5C), V(C5, 3B, 66, 44), V(34, 7E, FB, 5B), \
 264:Libs/mbedtls/library/aes.c ****     V(76, 29, 43, 8B), V(DC, C6, 23, CB), V(68, FC, ED, B6), V(63, F1, E4, B8), \
 265:Libs/mbedtls/library/aes.c ****     V(CA, DC, 31, D7), V(10, 85, 63, 42), V(40, 22, 97, 13), V(20, 11, C6, 84), \
 266:Libs/mbedtls/library/aes.c ****     V(7D, 24, 4A, 85), V(F8, 3D, BB, D2), V(11, 32, F9, AE), V(6D, A1, 29, C7), \
 267:Libs/mbedtls/library/aes.c ****     V(4B, 2F, 9E, 1D), V(F3, 30, B2, DC), V(EC, 52, 86, 0D), V(D0, E3, C1, 77), \
 268:Libs/mbedtls/library/aes.c ****     V(6C, 16, B3, 2B), V(99, B9, 70, A9), V(FA, 48, 94, 11), V(22, 64, E9, 47), \
 269:Libs/mbedtls/library/aes.c ****     V(C4, 8C, FC, A8), V(1A, 3F, F0, A0), V(D8, 2C, 7D, 56), V(EF, 90, 33, 22), \
 270:Libs/mbedtls/library/aes.c ****     V(C7, 4E, 49, 87), V(C1, D1, 38, D9), V(FE, A2, CA, 8C), V(36, 0B, D4, 98), \
 271:Libs/mbedtls/library/aes.c ****     V(CF, 81, F5, A6), V(28, DE, 7A, A5), V(26, 8E, B7, DA), V(A4, BF, AD, 3F), \
 272:Libs/mbedtls/library/aes.c ****     V(E4, 9D, 3A, 2C), V(0D, 92, 78, 50), V(9B, CC, 5F, 6A), V(62, 46, 7E, 54), \
 273:Libs/mbedtls/library/aes.c ****     V(C2, 13, 8D, F6), V(E8, B8, D8, 90), V(5E, F7, 39, 2E), V(F5, AF, C3, 82), \
 274:Libs/mbedtls/library/aes.c ****     V(BE, 80, 5D, 9F), V(7C, 93, D0, 69), V(A9, 2D, D5, 6F), V(B3, 12, 25, CF), \
 275:Libs/mbedtls/library/aes.c ****     V(3B, 99, AC, C8), V(A7, 7D, 18, 10), V(6E, 63, 9C, E8), V(7B, BB, 3B, DB), \
 276:Libs/mbedtls/library/aes.c ****     V(09, 78, 26, CD), V(F4, 18, 59, 6E), V(01, B7, 9A, EC), V(A8, 9A, 4F, 83), \
 277:Libs/mbedtls/library/aes.c ****     V(65, 6E, 95, E6), V(7E, E6, FF, AA), V(08, CF, BC, 21), V(E6, E8, 15, EF), \
 278:Libs/mbedtls/library/aes.c ****     V(D9, 9B, E7, BA), V(CE, 36, 6F, 4A), V(D4, 09, 9F, EA), V(D6, 7C, B0, 29), \
 279:Libs/mbedtls/library/aes.c ****     V(AF, B2, A4, 31), V(31, 23, 3F, 2A), V(30, 94, A5, C6), V(C0, 66, A2, 35), \
 280:Libs/mbedtls/library/aes.c ****     V(37, BC, 4E, 74), V(A6, CA, 82, FC), V(B0, D0, 90, E0), V(15, D8, A7, 33), \
 281:Libs/mbedtls/library/aes.c ****     V(4A, 98, 04, F1), V(F7, DA, EC, 41), V(0E, 50, CD, 7F), V(2F, F6, 91, 17), \
 282:Libs/mbedtls/library/aes.c ****     V(8D, D6, 4D, 76), V(4D, B0, EF, 43), V(54, 4D, AA, CC), V(DF, 04, 96, E4), \
 283:Libs/mbedtls/library/aes.c ****     V(E3, B5, D1, 9E), V(1B, 88, 6A, 4C), V(B8, 1F, 2C, C1), V(7F, 51, 65, 46), \
 284:Libs/mbedtls/library/aes.c ****     V(04, EA, 5E, 9D), V(5D, 35, 8C, 01), V(73, 74, 87, FA), V(2E, 41, 0B, FB), \
 285:Libs/mbedtls/library/aes.c ****     V(5A, 1D, 67, B3), V(52, D2, DB, 92), V(33, 56, 10, E9), V(13, 47, D6, 6D), \
 286:Libs/mbedtls/library/aes.c ****     V(8C, 61, D7, 9A), V(7A, 0C, A1, 37), V(8E, 14, F8, 59), V(89, 3C, 13, EB), \
 287:Libs/mbedtls/library/aes.c ****     V(EE, 27, A9, CE), V(35, C9, 61, B7), V(ED, E5, 1C, E1), V(3C, B1, 47, 7A), \
 288:Libs/mbedtls/library/aes.c ****     V(59, DF, D2, 9C), V(3F, 73, F2, 55), V(79, CE, 14, 18), V(BF, 37, C7, 73), \
 289:Libs/mbedtls/library/aes.c ****     V(EA, CD, F7, 53), V(5B, AA, FD, 5F), V(14, 6F, 3D, DF), V(86, DB, 44, 78), \
 290:Libs/mbedtls/library/aes.c ****     V(81, F3, AF, CA), V(3E, C4, 68, B9), V(2C, 34, 24, 38), V(5F, 40, A3, C2), \
 291:Libs/mbedtls/library/aes.c ****     V(72, C3, 1D, 16), V(0C, 25, E2, BC), V(8B, 49, 3C, 28), V(41, 95, 0D, FF), \
 292:Libs/mbedtls/library/aes.c ****     V(71, 01, A8, 39), V(DE, B3, 0C, 08), V(9C, E4, B4, D8), V(90, C1, 56, 64), \
 293:Libs/mbedtls/library/aes.c ****     V(61, 84, CB, 7B), V(70, B6, 32, D5), V(74, 5C, 6C, 48), V(42, 57, B8, D0)
 294:Libs/mbedtls/library/aes.c **** 
 295:Libs/mbedtls/library/aes.c **** #if !defined(MBEDTLS_AES_DECRYPT_ALT) || !defined(MBEDTLS_AES_SETKEY_DEC_ALT)
 296:Libs/mbedtls/library/aes.c **** 
 297:Libs/mbedtls/library/aes.c **** #define V(a, b, c, d) 0x##a##b##c##d
 298:Libs/mbedtls/library/aes.c **** static const uint32_t RT0[256] = { RT };
 299:Libs/mbedtls/library/aes.c **** #undef V
 300:Libs/mbedtls/library/aes.c **** 
 301:Libs/mbedtls/library/aes.c **** #if !defined(MBEDTLS_AES_FEWER_TABLES)
 302:Libs/mbedtls/library/aes.c **** 
 303:Libs/mbedtls/library/aes.c **** #define V(a, b, c, d) 0x##b##c##d##a
 304:Libs/mbedtls/library/aes.c **** static const uint32_t RT1[256] = { RT };
 305:Libs/mbedtls/library/aes.c **** #undef V
 306:Libs/mbedtls/library/aes.c **** 
 307:Libs/mbedtls/library/aes.c **** #define V(a, b, c, d) 0x##c##d##a##b
 308:Libs/mbedtls/library/aes.c **** static const uint32_t RT2[256] = { RT };
 309:Libs/mbedtls/library/aes.c **** #undef V
 310:Libs/mbedtls/library/aes.c **** 
 311:Libs/mbedtls/library/aes.c **** #define V(a, b, c, d) 0x##d##a##b##c
 312:Libs/mbedtls/library/aes.c **** static const uint32_t RT3[256] = { RT };
 313:Libs/mbedtls/library/aes.c **** #undef V
 314:Libs/mbedtls/library/aes.c **** 
 315:Libs/mbedtls/library/aes.c **** #endif /* !MBEDTLS_AES_FEWER_TABLES */
 316:Libs/mbedtls/library/aes.c **** 
 317:Libs/mbedtls/library/aes.c **** #endif /* !defined(MBEDTLS_AES_DECRYPT_ALT) || !defined(MBEDTLS_AES_SETKEY_DEC_ALT) */
ARM GAS  C:\Users\nicx5\AppData\Local\Temp\ccxXSAok.s 			page 7


 318:Libs/mbedtls/library/aes.c **** 
 319:Libs/mbedtls/library/aes.c **** #undef RT
 320:Libs/mbedtls/library/aes.c **** 
 321:Libs/mbedtls/library/aes.c **** #if !defined(MBEDTLS_AES_SETKEY_ENC_ALT)
 322:Libs/mbedtls/library/aes.c **** /*
 323:Libs/mbedtls/library/aes.c ****  * Round constants
 324:Libs/mbedtls/library/aes.c ****  */
 325:Libs/mbedtls/library/aes.c **** static const uint32_t round_constants[10] =
 326:Libs/mbedtls/library/aes.c **** {
 327:Libs/mbedtls/library/aes.c ****     0x00000001, 0x00000002, 0x00000004, 0x00000008,
 328:Libs/mbedtls/library/aes.c ****     0x00000010, 0x00000020, 0x00000040, 0x00000080,
 329:Libs/mbedtls/library/aes.c ****     0x0000001B, 0x00000036
 330:Libs/mbedtls/library/aes.c **** };
 331:Libs/mbedtls/library/aes.c **** #endif /* !defined(MBEDTLS_AES_SETKEY_ENC_ALT) */
 332:Libs/mbedtls/library/aes.c **** 
 333:Libs/mbedtls/library/aes.c **** #else /* MBEDTLS_AES_ROM_TABLES */
 334:Libs/mbedtls/library/aes.c **** 
 335:Libs/mbedtls/library/aes.c **** /*
 336:Libs/mbedtls/library/aes.c ****  * Forward S-box & tables
 337:Libs/mbedtls/library/aes.c ****  */
 338:Libs/mbedtls/library/aes.c **** #if !defined(MBEDTLS_AES_ENCRYPT_ALT) || !defined(MBEDTLS_AES_SETKEY_ENC_ALT) || \
 339:Libs/mbedtls/library/aes.c ****     !defined(MBEDTLS_AES_SETKEY_DEC_ALT)
 340:Libs/mbedtls/library/aes.c **** static unsigned char FSb[256];
 341:Libs/mbedtls/library/aes.c **** #endif /* !defined(MBEDTLS_AES_ENCRYPT_ALT) || !defined(MBEDTLS_AES_SETKEY_ENC_ALT) || \
 342:Libs/mbedtls/library/aes.c ****           !defined(MBEDTLS_AES_SETKEY_DEC_ALT) */
 343:Libs/mbedtls/library/aes.c **** #if !defined(MBEDTLS_AES_ENCRYPT_ALT) || !defined(MBEDTLS_AES_SETKEY_ENC_ALT)
 344:Libs/mbedtls/library/aes.c **** static uint32_t FT0[256];
 345:Libs/mbedtls/library/aes.c **** #if !defined(MBEDTLS_AES_FEWER_TABLES)
 346:Libs/mbedtls/library/aes.c **** static uint32_t FT1[256];
 347:Libs/mbedtls/library/aes.c **** static uint32_t FT2[256];
 348:Libs/mbedtls/library/aes.c **** static uint32_t FT3[256];
 349:Libs/mbedtls/library/aes.c **** #endif /* !MBEDTLS_AES_FEWER_TABLES */
 350:Libs/mbedtls/library/aes.c **** #endif /* !defined(MBEDTLS_AES_ENCRYPT_ALT) || !defined(MBEDTLS_AES_SETKEY_ENC_ALT) */
 351:Libs/mbedtls/library/aes.c **** 
 352:Libs/mbedtls/library/aes.c **** /*
 353:Libs/mbedtls/library/aes.c ****  * Reverse S-box & tables
 354:Libs/mbedtls/library/aes.c ****  */
 355:Libs/mbedtls/library/aes.c **** #if !(defined(MBEDTLS_AES_SETKEY_ENC_ALT) && defined(MBEDTLS_AES_DECRYPT_ALT))
 356:Libs/mbedtls/library/aes.c **** static unsigned char RSb[256];
 357:Libs/mbedtls/library/aes.c **** #endif /* !(defined(MBEDTLS_AES_SETKEY_ENC_ALT) && defined(MBEDTLS_AES_DECRYPT_ALT)) */
 358:Libs/mbedtls/library/aes.c **** 
 359:Libs/mbedtls/library/aes.c **** #if !defined(MBEDTLS_AES_DECRYPT_ALT) || !defined(MBEDTLS_AES_SETKEY_DEC_ALT)
 360:Libs/mbedtls/library/aes.c **** static uint32_t RT0[256];
 361:Libs/mbedtls/library/aes.c **** #if !defined(MBEDTLS_AES_FEWER_TABLES)
 362:Libs/mbedtls/library/aes.c **** static uint32_t RT1[256];
 363:Libs/mbedtls/library/aes.c **** static uint32_t RT2[256];
 364:Libs/mbedtls/library/aes.c **** static uint32_t RT3[256];
 365:Libs/mbedtls/library/aes.c **** #endif /* !MBEDTLS_AES_FEWER_TABLES */
 366:Libs/mbedtls/library/aes.c **** #endif /* !defined(MBEDTLS_AES_DECRYPT_ALT) || !defined(MBEDTLS_AES_SETKEY_DEC_ALT) */
 367:Libs/mbedtls/library/aes.c **** 
 368:Libs/mbedtls/library/aes.c **** #if !defined(MBEDTLS_AES_SETKEY_ENC_ALT)
 369:Libs/mbedtls/library/aes.c **** /*
 370:Libs/mbedtls/library/aes.c ****  * Round constants
 371:Libs/mbedtls/library/aes.c ****  */
 372:Libs/mbedtls/library/aes.c **** static uint32_t round_constants[10];
 373:Libs/mbedtls/library/aes.c **** 
 374:Libs/mbedtls/library/aes.c **** /*
ARM GAS  C:\Users\nicx5\AppData\Local\Temp\ccxXSAok.s 			page 8


 375:Libs/mbedtls/library/aes.c ****  * Tables generation code
 376:Libs/mbedtls/library/aes.c ****  */
 377:Libs/mbedtls/library/aes.c **** #define ROTL8(x) (((x) << 8) & 0xFFFFFFFF) | ((x) >> 24)
 378:Libs/mbedtls/library/aes.c **** #define XTIME(x) (((x) << 1) ^ (((x) & 0x80) ? 0x1B : 0x00))
 379:Libs/mbedtls/library/aes.c **** #define MUL(x, y) (((x) && (y)) ? pow[(log[(x)]+log[(y)]) % 255] : 0)
 380:Libs/mbedtls/library/aes.c **** 
 381:Libs/mbedtls/library/aes.c **** static int aes_init_done = 0;
 382:Libs/mbedtls/library/aes.c **** 
 383:Libs/mbedtls/library/aes.c **** static void aes_gen_tables(void)
 384:Libs/mbedtls/library/aes.c **** {
  27              		.loc 1 384 1 view -0
  28              		.cfi_startproc
  29              		@ args = 0, pretend = 0, frame = 2048
  30              		@ frame_needed = 0, uses_anonymous_args = 0
  31              		@ link register save eliminated.
  32 0000 30B4     		push	{r4, r5}
  33              	.LCFI0:
  34              		.cfi_def_cfa_offset 8
  35              		.cfi_offset 4, -8
  36              		.cfi_offset 5, -4
  37 0002 ADF5006D 		sub	sp, sp, #2048
  38              	.LCFI1:
  39              		.cfi_def_cfa_offset 2056
 385:Libs/mbedtls/library/aes.c ****     int i, x, y, z;
  40              		.loc 1 385 5 view .LVU1
 386:Libs/mbedtls/library/aes.c ****     int pow[256];
  41              		.loc 1 386 5 view .LVU2
 387:Libs/mbedtls/library/aes.c ****     int log[256];
  42              		.loc 1 387 5 view .LVU3
 388:Libs/mbedtls/library/aes.c **** 
 389:Libs/mbedtls/library/aes.c ****     /*
 390:Libs/mbedtls/library/aes.c ****      * compute pow and log tables over GF(2^8)
 391:Libs/mbedtls/library/aes.c ****      */
 392:Libs/mbedtls/library/aes.c ****     for (i = 0, x = 1; i < 256; i++) {
  43              		.loc 1 392 5 view .LVU4
  44              	.LVL0:
  45              		.loc 1 392 19 is_stmt 0 view .LVU5
  46 0006 0121     		movs	r1, #1
  47              		.loc 1 392 12 view .LVU6
  48 0008 0022     		movs	r2, #0
  49              		.loc 1 392 5 view .LVU7
  50 000a 04E0     		b	.L2
  51              	.LVL1:
  52              	.L16:
 393:Libs/mbedtls/library/aes.c ****         pow[i] = x;
 394:Libs/mbedtls/library/aes.c ****         log[x] = i;
 395:Libs/mbedtls/library/aes.c ****         x = MBEDTLS_BYTE_0(x ^ XTIME(x));
  53              		.loc 1 395 13 discriminator 2 view .LVU8
  54 000c 0021     		movs	r1, #0
  55              	.LVL2:
  56              	.L3:
  57              		.loc 1 395 13 discriminator 4 view .LVU9
  58 000e 4B40     		eors	r3, r3, r1
  59 0010 5840     		eors	r0, r0, r3
  60 0012 C1B2     		uxtb	r1, r0
  61              	.LVL3:
 392:Libs/mbedtls/library/aes.c ****         pow[i] = x;
ARM GAS  C:\Users\nicx5\AppData\Local\Temp\ccxXSAok.s 			page 9


  62              		.loc 1 392 34 is_stmt 1 discriminator 2 view .LVU10
  63 0014 0132     		adds	r2, r2, #1
  64              	.LVL4:
  65              	.L2:
 392:Libs/mbedtls/library/aes.c ****         pow[i] = x;
  66              		.loc 1 392 26 discriminator 1 view .LVU11
  67 0016 FF2A     		cmp	r2, #255
  68 0018 0DDC     		bgt	.L23
 393:Libs/mbedtls/library/aes.c ****         pow[i] = x;
  69              		.loc 1 393 9 view .LVU12
 393:Libs/mbedtls/library/aes.c ****         pow[i] = x;
  70              		.loc 1 393 16 is_stmt 0 view .LVU13
  71 001a 0DF58063 		add	r3, sp, #1024
  72 001e 43F82210 		str	r1, [r3, r2, lsl #2]
 394:Libs/mbedtls/library/aes.c ****         x = MBEDTLS_BYTE_0(x ^ XTIME(x));
  73              		.loc 1 394 9 is_stmt 1 view .LVU14
 394:Libs/mbedtls/library/aes.c ****         x = MBEDTLS_BYTE_0(x ^ XTIME(x));
  74              		.loc 1 394 16 is_stmt 0 view .LVU15
  75 0022 4DF82120 		str	r2, [sp, r1, lsl #2]
  76              		.loc 1 395 9 is_stmt 1 view .LVU16
  77              		.loc 1 395 13 is_stmt 0 view .LVU17
  78 0026 48B2     		sxtb	r0, r1
  79 0028 4300     		lsls	r3, r0, #1
  80 002a 5BB2     		sxtb	r3, r3
  81 002c 11F0800F 		tst	r1, #128
  82 0030 ECD0     		beq	.L16
  83              		.loc 1 395 13 discriminator 1 view .LVU18
  84 0032 1B21     		movs	r1, #27
  85              	.LVL5:
  86              		.loc 1 395 13 discriminator 1 view .LVU19
  87 0034 EBE7     		b	.L3
  88              	.LVL6:
  89              	.L23:
 396:Libs/mbedtls/library/aes.c ****     }
 397:Libs/mbedtls/library/aes.c **** 
 398:Libs/mbedtls/library/aes.c ****     /*
 399:Libs/mbedtls/library/aes.c ****      * calculate the round constants
 400:Libs/mbedtls/library/aes.c ****      */
 401:Libs/mbedtls/library/aes.c ****     for (i = 0, x = 1; i < 10; i++) {
  90              		.loc 1 401 19 view .LVU20
  91 0036 0121     		movs	r1, #1
  92              	.LVL7:
  93              		.loc 1 401 12 view .LVU21
  94 0038 0022     		movs	r2, #0
  95              	.LVL8:
  96              		.loc 1 401 12 view .LVU22
  97 003a 03E0     		b	.L5
  98              	.LVL9:
  99              	.L17:
 402:Libs/mbedtls/library/aes.c ****         round_constants[i] = (uint32_t) x;
 403:Libs/mbedtls/library/aes.c ****         x = MBEDTLS_BYTE_0(XTIME(x));
 100              		.loc 1 403 13 discriminator 2 view .LVU23
 101 003c 0021     		movs	r1, #0
 102              	.LVL10:
 103              	.L6:
 104              		.loc 1 403 13 discriminator 4 view .LVU24
 105 003e 4B40     		eors	r3, r3, r1
ARM GAS  C:\Users\nicx5\AppData\Local\Temp\ccxXSAok.s 			page 10


 106 0040 D9B2     		uxtb	r1, r3
 107              	.LVL11:
 401:Libs/mbedtls/library/aes.c ****         round_constants[i] = (uint32_t) x;
 108              		.loc 1 401 33 is_stmt 1 discriminator 2 view .LVU25
 109 0042 0132     		adds	r2, r2, #1
 110              	.LVL12:
 111              	.L5:
 401:Libs/mbedtls/library/aes.c ****         round_constants[i] = (uint32_t) x;
 112              		.loc 1 401 26 discriminator 1 view .LVU26
 113 0044 092A     		cmp	r2, #9
 114 0046 09DC     		bgt	.L24
 402:Libs/mbedtls/library/aes.c ****         round_constants[i] = (uint32_t) x;
 115              		.loc 1 402 9 view .LVU27
 402:Libs/mbedtls/library/aes.c ****         round_constants[i] = (uint32_t) x;
 116              		.loc 1 402 28 is_stmt 0 view .LVU28
 117 0048 5E4B     		ldr	r3, .L27
 118 004a 43F82210 		str	r1, [r3, r2, lsl #2]
 119              		.loc 1 403 9 is_stmt 1 view .LVU29
 120              		.loc 1 403 13 is_stmt 0 view .LVU30
 121 004e 4B00     		lsls	r3, r1, #1
 122 0050 5BB2     		sxtb	r3, r3
 123 0052 11F0800F 		tst	r1, #128
 124 0056 F1D0     		beq	.L17
 125              		.loc 1 403 13 discriminator 1 view .LVU31
 126 0058 1B21     		movs	r1, #27
 127              	.LVL13:
 128              		.loc 1 403 13 discriminator 1 view .LVU32
 129 005a F0E7     		b	.L6
 130              	.LVL14:
 131              	.L24:
 404:Libs/mbedtls/library/aes.c ****     }
 405:Libs/mbedtls/library/aes.c **** 
 406:Libs/mbedtls/library/aes.c ****     /*
 407:Libs/mbedtls/library/aes.c ****      * generate the forward and reverse S-boxes
 408:Libs/mbedtls/library/aes.c ****      */
 409:Libs/mbedtls/library/aes.c ****     FSb[0x00] = 0x63;
 132              		.loc 1 409 5 is_stmt 1 view .LVU33
 133              		.loc 1 409 15 is_stmt 0 view .LVU34
 134 005c 5A4B     		ldr	r3, .L27+4
 135 005e 6322     		movs	r2, #99
 136              	.LVL15:
 137              		.loc 1 409 15 view .LVU35
 138 0060 1A70     		strb	r2, [r3]
 410:Libs/mbedtls/library/aes.c ****     RSb[0x63] = 0x00;
 139              		.loc 1 410 5 is_stmt 1 view .LVU36
 140              		.loc 1 410 15 is_stmt 0 view .LVU37
 141 0062 5A4B     		ldr	r3, .L27+8
 142 0064 0022     		movs	r2, #0
 143 0066 83F86320 		strb	r2, [r3, #99]
 411:Libs/mbedtls/library/aes.c **** 
 412:Libs/mbedtls/library/aes.c ****     for (i = 1; i < 256; i++) {
 144              		.loc 1 412 5 is_stmt 1 view .LVU38
 145              	.LVL16:
 146              		.loc 1 412 12 is_stmt 0 view .LVU39
 147 006a 0120     		movs	r0, #1
 148              		.loc 1 412 5 view .LVU40
 149 006c 2AE0     		b	.L8
ARM GAS  C:\Users\nicx5\AppData\Local\Temp\ccxXSAok.s 			page 11


 150              	.LVL17:
 151              	.L9:
 413:Libs/mbedtls/library/aes.c ****         x = pow[255 - log[i]];
 152              		.loc 1 413 9 is_stmt 1 view .LVU41
 153              		.loc 1 413 26 is_stmt 0 view .LVU42
 154 006e 5DF82030 		ldr	r3, [sp, r0, lsl #2]
 155              		.loc 1 413 21 view .LVU43
 156 0072 C3F1FF03 		rsb	r3, r3, #255
 157              		.loc 1 413 11 view .LVU44
 158 0076 0DF58062 		add	r2, sp, #1024
 159 007a 52F82320 		ldr	r2, [r2, r3, lsl #2]
 160              	.LVL18:
 414:Libs/mbedtls/library/aes.c **** 
 415:Libs/mbedtls/library/aes.c ****         y  = x; y = MBEDTLS_BYTE_0((y << 1) | (y >> 7));
 161              		.loc 1 415 9 is_stmt 1 view .LVU45
 162              		.loc 1 415 17 view .LVU46
 163              		.loc 1 415 21 is_stmt 0 view .LVU47
 164 007e 4FEA420C 		lsl	ip, r2, #1
 165 0082 4CEAE21C 		orr	ip, ip, r2, asr #7
 166 0086 4FFA8CF1 		sxtb	r1, ip
 167 008a 5FFA8CFC 		uxtb	ip, ip
 168              	.LVL19:
 416:Libs/mbedtls/library/aes.c ****         x ^= y; y = MBEDTLS_BYTE_0((y << 1) | (y >> 7));
 169              		.loc 1 416 9 is_stmt 1 view .LVU48
 170              		.loc 1 416 11 is_stmt 0 view .LVU49
 171 008e 82EA0C02 		eor	r2, r2, ip
 172              	.LVL20:
 173              		.loc 1 416 17 is_stmt 1 view .LVU50
 174              		.loc 1 416 21 is_stmt 0 view .LVU51
 175 0092 4B00     		lsls	r3, r1, #1
 176 0094 43EAEC13 		orr	r3, r3, ip, asr #7
 177 0098 59B2     		sxtb	r1, r3
 178 009a DBB2     		uxtb	r3, r3
 179              	.LVL21:
 417:Libs/mbedtls/library/aes.c ****         x ^= y; y = MBEDTLS_BYTE_0((y << 1) | (y >> 7));
 180              		.loc 1 417 9 is_stmt 1 view .LVU52
 181              		.loc 1 417 11 is_stmt 0 view .LVU53
 182 009c 5A40     		eors	r2, r2, r3
 183              	.LVL22:
 184              		.loc 1 417 17 is_stmt 1 view .LVU54
 185              		.loc 1 417 21 is_stmt 0 view .LVU55
 186 009e 4900     		lsls	r1, r1, #1
 187 00a0 41EAE311 		orr	r1, r1, r3, asr #7
 188 00a4 4BB2     		sxtb	r3, r1
 189              	.LVL23:
 190              		.loc 1 417 21 view .LVU56
 191 00a6 C9B2     		uxtb	r1, r1
 192              	.LVL24:
 418:Libs/mbedtls/library/aes.c ****         x ^= y; y = MBEDTLS_BYTE_0((y << 1) | (y >> 7));
 193              		.loc 1 418 9 is_stmt 1 view .LVU57
 194              		.loc 1 418 11 is_stmt 0 view .LVU58
 195 00a8 4A40     		eors	r2, r2, r1
 196              	.LVL25:
 197              		.loc 1 418 17 is_stmt 1 view .LVU59
 198              		.loc 1 418 21 is_stmt 0 view .LVU60
 199 00aa 5B00     		lsls	r3, r3, #1
 200 00ac 43EAE113 		orr	r3, r3, r1, asr #7
ARM GAS  C:\Users\nicx5\AppData\Local\Temp\ccxXSAok.s 			page 12


 201 00b0 5BB2     		sxtb	r3, r3
 202              	.LVL26:
 419:Libs/mbedtls/library/aes.c ****         x ^= y ^ 0x63;
 203              		.loc 1 419 9 is_stmt 1 view .LVU61
 204              		.loc 1 419 16 is_stmt 0 view .LVU62
 205 00b2 83F06303 		eor	r3, r3, #99
 206              	.LVL27:
 207              		.loc 1 419 16 view .LVU63
 208 00b6 DBB2     		uxtb	r3, r3
 209              	.LVL28:
 210              		.loc 1 419 11 view .LVU64
 211 00b8 5340     		eors	r3, r3, r2
 212              	.LVL29:
 420:Libs/mbedtls/library/aes.c **** 
 421:Libs/mbedtls/library/aes.c ****         FSb[i] = (unsigned char) x;
 213              		.loc 1 421 9 is_stmt 1 view .LVU65
 214              		.loc 1 421 16 is_stmt 0 view .LVU66
 215 00ba 434A     		ldr	r2, .L27+4
 216 00bc 1354     		strb	r3, [r2, r0]
 422:Libs/mbedtls/library/aes.c ****         RSb[x] = (unsigned char) i;
 217              		.loc 1 422 9 is_stmt 1 view .LVU67
 218              		.loc 1 422 16 is_stmt 0 view .LVU68
 219 00be 434A     		ldr	r2, .L27+8
 220 00c0 D054     		strb	r0, [r2, r3]
 412:Libs/mbedtls/library/aes.c ****         x = pow[255 - log[i]];
 221              		.loc 1 412 27 is_stmt 1 discriminator 3 view .LVU69
 222 00c2 0130     		adds	r0, r0, #1
 223              	.LVL30:
 224              	.L8:
 412:Libs/mbedtls/library/aes.c ****         x = pow[255 - log[i]];
 225              		.loc 1 412 19 discriminator 1 view .LVU70
 226 00c4 FF28     		cmp	r0, #255
 227 00c6 D2DD     		ble	.L9
 423:Libs/mbedtls/library/aes.c ****     }
 424:Libs/mbedtls/library/aes.c **** 
 425:Libs/mbedtls/library/aes.c ****     /*
 426:Libs/mbedtls/library/aes.c ****      * generate the forward and reverse tables
 427:Libs/mbedtls/library/aes.c ****      */
 428:Libs/mbedtls/library/aes.c ****     for (i = 0; i < 256; i++) {
 228              		.loc 1 428 12 is_stmt 0 view .LVU71
 229 00c8 0022     		movs	r2, #0
 230 00ca 0CE0     		b	.L10
 231              	.LVL31:
 232              	.L26:
 429:Libs/mbedtls/library/aes.c ****         x = FSb[i];
 430:Libs/mbedtls/library/aes.c ****         y = MBEDTLS_BYTE_0(XTIME(x));
 233              		.loc 1 430 13 discriminator 1 view .LVU72
 234 00cc 1B20     		movs	r0, #27
 235 00ce 14E0     		b	.L11
 236              	.LVL32:
 237              	.L19:
 431:Libs/mbedtls/library/aes.c ****         z = MBEDTLS_BYTE_0(y ^ x);
 432:Libs/mbedtls/library/aes.c **** 
 433:Libs/mbedtls/library/aes.c ****         FT0[i] = ((uint32_t) y) ^
 434:Libs/mbedtls/library/aes.c ****                  ((uint32_t) x <<  8) ^
 435:Libs/mbedtls/library/aes.c ****                  ((uint32_t) x << 16) ^
 436:Libs/mbedtls/library/aes.c ****                  ((uint32_t) z << 24);
ARM GAS  C:\Users\nicx5\AppData\Local\Temp\ccxXSAok.s 			page 13


 437:Libs/mbedtls/library/aes.c **** 
 438:Libs/mbedtls/library/aes.c **** #if !defined(MBEDTLS_AES_FEWER_TABLES)
 439:Libs/mbedtls/library/aes.c ****         FT1[i] = ROTL8(FT0[i]);
 440:Libs/mbedtls/library/aes.c ****         FT2[i] = ROTL8(FT1[i]);
 441:Libs/mbedtls/library/aes.c ****         FT3[i] = ROTL8(FT2[i]);
 442:Libs/mbedtls/library/aes.c **** #endif /* !MBEDTLS_AES_FEWER_TABLES */
 443:Libs/mbedtls/library/aes.c **** 
 444:Libs/mbedtls/library/aes.c ****         x = RSb[i];
 445:Libs/mbedtls/library/aes.c **** 
 446:Libs/mbedtls/library/aes.c **** #if !defined(MBEDTLS_AES_DECRYPT_ALT) || !defined(MBEDTLS_AES_SETKEY_DEC_ALT)
 447:Libs/mbedtls/library/aes.c ****         RT0[i] = ((uint32_t) MUL(0x0E, x)) ^
 238              		.loc 1 447 19 discriminator 2 view .LVU73
 239 00d0 0025     		movs	r5, #0
 448:Libs/mbedtls/library/aes.c ****                  ((uint32_t) MUL(0x09, x) <<  8) ^
 240              		.loc 1 448 43 discriminator 2 view .LVU74
 241 00d2 2846     		mov	r0, r5
 242              	.LVL33:
 243              		.loc 1 448 43 discriminator 2 view .LVU75
 244 00d4 45E0     		b	.L12
 245              	.L20:
 449:Libs/mbedtls/library/aes.c ****                  ((uint32_t) MUL(0x0D, x) << 16) ^
 246              		.loc 1 449 43 discriminator 2 view .LVU76
 247 00d6 0020     		movs	r0, #0
 248 00d8 59E0     		b	.L13
 249              	.L21:
 450:Libs/mbedtls/library/aes.c ****                  ((uint32_t) MUL(0x0B, x) << 24);
 250              		.loc 1 450 43 discriminator 2 view .LVU77
 251 00da 0021     		movs	r1, #0
 252              	.LVL34:
 253              	.L14:
 449:Libs/mbedtls/library/aes.c ****                  ((uint32_t) MUL(0x0D, x) << 16) ^
 254              		.loc 1 449 50 view .LVU78
 255 00dc 4D40     		eors	r5, r5, r1
 447:Libs/mbedtls/library/aes.c ****                  ((uint32_t) MUL(0x09, x) <<  8) ^
 256              		.loc 1 447 16 view .LVU79
 257 00de 3C49     		ldr	r1, .L27+12
 258 00e0 41F82250 		str	r5, [r1, r2, lsl #2]
 428:Libs/mbedtls/library/aes.c ****         x = FSb[i];
 259              		.loc 1 428 27 is_stmt 1 discriminator 2 view .LVU80
 260 00e4 0132     		adds	r2, r2, #1
 261              	.LVL35:
 262              	.L10:
 428:Libs/mbedtls/library/aes.c ****         x = FSb[i];
 263              		.loc 1 428 19 discriminator 1 view .LVU81
 264 00e6 FF2A     		cmp	r2, #255
 265 00e8 68DC     		bgt	.L25
 429:Libs/mbedtls/library/aes.c ****         y = MBEDTLS_BYTE_0(XTIME(x));
 266              		.loc 1 429 9 view .LVU82
 429:Libs/mbedtls/library/aes.c ****         y = MBEDTLS_BYTE_0(XTIME(x));
 267              		.loc 1 429 16 is_stmt 0 view .LVU83
 268 00ea 374B     		ldr	r3, .L27+4
 269 00ec 995C     		ldrb	r1, [r3, r2]	@ zero_extendqisi2
 270              	.LVL36:
 430:Libs/mbedtls/library/aes.c ****         z = MBEDTLS_BYTE_0(y ^ x);
 271              		.loc 1 430 9 is_stmt 1 view .LVU84
 430:Libs/mbedtls/library/aes.c ****         z = MBEDTLS_BYTE_0(y ^ x);
 272              		.loc 1 430 13 is_stmt 0 view .LVU85
ARM GAS  C:\Users\nicx5\AppData\Local\Temp\ccxXSAok.s 			page 14


 273 00ee 9856     		ldrsb	r0, [r3, r2]
 274 00f0 4300     		lsls	r3, r0, #1
 275 00f2 5BB2     		sxtb	r3, r3
 276 00f4 0028     		cmp	r0, #0
 277 00f6 E9DB     		blt	.L26
 430:Libs/mbedtls/library/aes.c ****         z = MBEDTLS_BYTE_0(y ^ x);
 278              		.loc 1 430 13 discriminator 2 view .LVU86
 279 00f8 0020     		movs	r0, #0
 280              	.L11:
 430:Libs/mbedtls/library/aes.c ****         z = MBEDTLS_BYTE_0(y ^ x);
 281              		.loc 1 430 13 discriminator 4 view .LVU87
 282 00fa 4340     		eors	r3, r3, r0
 283 00fc DBB2     		uxtb	r3, r3
 284              	.LVL37:
 431:Libs/mbedtls/library/aes.c **** 
 285              		.loc 1 431 9 is_stmt 1 view .LVU88
 431:Libs/mbedtls/library/aes.c **** 
 286              		.loc 1 431 13 is_stmt 0 view .LVU89
 287 00fe 81EA0300 		eor	r0, r1, r3
 288              	.LVL38:
 433:Libs/mbedtls/library/aes.c ****                  ((uint32_t) x <<  8) ^
 289              		.loc 1 433 9 is_stmt 1 view .LVU90
 433:Libs/mbedtls/library/aes.c ****                  ((uint32_t) x <<  8) ^
 290              		.loc 1 433 33 is_stmt 0 view .LVU91
 291 0102 43EA0123 		orr	r3, r3, r1, lsl #8
 292              	.LVL39:
 434:Libs/mbedtls/library/aes.c ****                  ((uint32_t) x << 16) ^
 293              		.loc 1 434 39 view .LVU92
 294 0106 43EA0143 		orr	r3, r3, r1, lsl #16
 435:Libs/mbedtls/library/aes.c ****                  ((uint32_t) z << 24);
 295              		.loc 1 435 39 view .LVU93
 296 010a 43EA0063 		orr	r3, r3, r0, lsl #24
 433:Libs/mbedtls/library/aes.c ****                  ((uint32_t) x <<  8) ^
 297              		.loc 1 433 16 view .LVU94
 298 010e 3149     		ldr	r1, .L27+16
 299              	.LVL40:
 433:Libs/mbedtls/library/aes.c ****                  ((uint32_t) x <<  8) ^
 300              		.loc 1 433 16 view .LVU95
 301 0110 41F82230 		str	r3, [r1, r2, lsl #2]
 444:Libs/mbedtls/library/aes.c **** 
 302              		.loc 1 444 9 is_stmt 1 view .LVU96
 444:Libs/mbedtls/library/aes.c **** 
 303              		.loc 1 444 16 is_stmt 0 view .LVU97
 304 0114 2D4B     		ldr	r3, .L27+8
 305 0116 995C     		ldrb	r1, [r3, r2]	@ zero_extendqisi2
 306              	.LVL41:
 447:Libs/mbedtls/library/aes.c ****                  ((uint32_t) MUL(0x09, x) <<  8) ^
 307              		.loc 1 447 9 is_stmt 1 view .LVU98
 447:Libs/mbedtls/library/aes.c ****                  ((uint32_t) MUL(0x09, x) <<  8) ^
 308              		.loc 1 447 19 is_stmt 0 view .LVU99
 309 0118 0029     		cmp	r1, #0
 310 011a D9D0     		beq	.L19
 447:Libs/mbedtls/library/aes.c ****                  ((uint32_t) MUL(0x09, x) <<  8) ^
 311              		.loc 1 447 30 discriminator 1 view .LVU100
 312 011c 0E9B     		ldr	r3, [sp, #56]
 313 011e 5DF82100 		ldr	r0, [sp, r1, lsl #2]
 314              	.LVL42:
ARM GAS  C:\Users\nicx5\AppData\Local\Temp\ccxXSAok.s 			page 15


 447:Libs/mbedtls/library/aes.c ****                  ((uint32_t) MUL(0x09, x) <<  8) ^
 315              		.loc 1 447 30 discriminator 1 view .LVU101
 316 0122 03EB000C 		add	ip, r3, r0
 317 0126 2C4C     		ldr	r4, .L27+20
 318 0128 84FB0C35 		smull	r3, r5, r4, ip
 319 012c 6544     		add	r5, r5, ip
 320 012e 4FEAEC73 		asr	r3, ip, #31
 321 0132 C3EBE513 		rsb	r3, r3, r5, asr #7
 322 0136 C3EB0323 		rsb	r3, r3, r3, lsl #8
 323 013a ACEB0303 		sub	r3, ip, r3
 324 013e 0DF5806C 		add	ip, sp, #1024
 325 0142 5CF82350 		ldr	r5, [ip, r3, lsl #2]
 448:Libs/mbedtls/library/aes.c ****                  ((uint32_t) MUL(0x0D, x) << 16) ^
 326              		.loc 1 448 30 discriminator 1 view .LVU102
 327 0146 099B     		ldr	r3, [sp, #36]
 328 0148 1844     		add	r0, r0, r3
 329 014a 84FB0034 		smull	r3, r4, r4, r0
 330 014e 0444     		add	r4, r4, r0
 331 0150 C317     		asrs	r3, r0, #31
 332 0152 C3EBE413 		rsb	r3, r3, r4, asr #7
 333 0156 C3EB0323 		rsb	r3, r3, r3, lsl #8
 334 015a C31A     		subs	r3, r0, r3
 335 015c 5CF82300 		ldr	r0, [ip, r3, lsl #2]
 448:Libs/mbedtls/library/aes.c ****                  ((uint32_t) MUL(0x0D, x) << 16) ^
 336              		.loc 1 448 43 discriminator 1 view .LVU103
 337 0160 0002     		lsls	r0, r0, #8
 338              	.L12:
 447:Libs/mbedtls/library/aes.c ****                  ((uint32_t) MUL(0x09, x) <<  8) ^
 339              		.loc 1 447 44 view .LVU104
 340 0162 4540     		eors	r5, r5, r0
 449:Libs/mbedtls/library/aes.c ****                  ((uint32_t) MUL(0x0B, x) << 24);
 341              		.loc 1 449 43 view .LVU105
 342 0164 0029     		cmp	r1, #0
 343 0166 B6D0     		beq	.L20
 449:Libs/mbedtls/library/aes.c ****                  ((uint32_t) MUL(0x0B, x) << 24);
 344              		.loc 1 449 30 discriminator 1 view .LVU106
 345 0168 0D98     		ldr	r0, [sp, #52]
 346 016a 5DF82130 		ldr	r3, [sp, r1, lsl #2]
 347 016e 1844     		add	r0, r0, r3
 348 0170 194C     		ldr	r4, .L27+20
 349 0172 84FB0034 		smull	r3, r4, r4, r0
 350 0176 0444     		add	r4, r4, r0
 351 0178 C317     		asrs	r3, r0, #31
 352 017a C3EBE413 		rsb	r3, r3, r4, asr #7
 353 017e C3EB0323 		rsb	r3, r3, r3, lsl #8
 354 0182 C31A     		subs	r3, r0, r3
 355 0184 0DF58060 		add	r0, sp, #1024
 356 0188 50F82300 		ldr	r0, [r0, r3, lsl #2]
 449:Libs/mbedtls/library/aes.c ****                  ((uint32_t) MUL(0x0B, x) << 24);
 357              		.loc 1 449 43 discriminator 1 view .LVU107
 358 018c 0004     		lsls	r0, r0, #16
 359              	.L13:
 448:Libs/mbedtls/library/aes.c ****                  ((uint32_t) MUL(0x0D, x) << 16) ^
 360              		.loc 1 448 50 view .LVU108
 361 018e 4540     		eors	r5, r5, r0
 362              		.loc 1 450 43 view .LVU109
 363 0190 0029     		cmp	r1, #0
ARM GAS  C:\Users\nicx5\AppData\Local\Temp\ccxXSAok.s 			page 16


 364 0192 A2D0     		beq	.L21
 365              		.loc 1 450 30 discriminator 1 view .LVU110
 366 0194 0B98     		ldr	r0, [sp, #44]
 367 0196 5DF82110 		ldr	r1, [sp, r1, lsl #2]
 368              	.LVL43:
 369              		.loc 1 450 30 discriminator 1 view .LVU111
 370 019a 0144     		add	r1, r1, r0
 371 019c 0E48     		ldr	r0, .L27+20
 372 019e 80FB0130 		smull	r3, r0, r0, r1
 373 01a2 0844     		add	r0, r0, r1
 374 01a4 CB17     		asrs	r3, r1, #31
 375 01a6 C3EBE013 		rsb	r3, r3, r0, asr #7
 376 01aa C3EB0323 		rsb	r3, r3, r3, lsl #8
 377 01ae CB1A     		subs	r3, r1, r3
 378 01b0 0DF58061 		add	r1, sp, #1024
 379 01b4 51F82310 		ldr	r1, [r1, r3, lsl #2]
 380              		.loc 1 450 43 discriminator 1 view .LVU112
 381 01b8 0906     		lsls	r1, r1, #24
 382 01ba 8FE7     		b	.L14
 383              	.LVL44:
 384              	.L25:
 451:Libs/mbedtls/library/aes.c **** 
 452:Libs/mbedtls/library/aes.c **** #if !defined(MBEDTLS_AES_FEWER_TABLES)
 453:Libs/mbedtls/library/aes.c ****         RT1[i] = ROTL8(RT0[i]);
 454:Libs/mbedtls/library/aes.c ****         RT2[i] = ROTL8(RT1[i]);
 455:Libs/mbedtls/library/aes.c ****         RT3[i] = ROTL8(RT2[i]);
 456:Libs/mbedtls/library/aes.c **** #endif /* !MBEDTLS_AES_FEWER_TABLES */
 457:Libs/mbedtls/library/aes.c **** #endif /* !defined(MBEDTLS_AES_DECRYPT_ALT) || !defined(MBEDTLS_AES_SETKEY_DEC_ALT) */
 458:Libs/mbedtls/library/aes.c ****     }
 459:Libs/mbedtls/library/aes.c **** }
 385              		.loc 1 459 1 view .LVU113
 386 01bc 0DF5006D 		add	sp, sp, #2048
 387              	.LCFI2:
 388              		.cfi_def_cfa_offset 8
 389              		@ sp needed
 390 01c0 30BC     		pop	{r4, r5}
 391              	.LCFI3:
 392              		.cfi_restore 5
 393              		.cfi_restore 4
 394              		.cfi_def_cfa_offset 0
 395 01c2 7047     		bx	lr
 396              	.L28:
 397              		.align	2
 398              	.L27:
 399 01c4 00000000 		.word	round_constants
 400 01c8 00000000 		.word	FSb
 401 01cc 00000000 		.word	RSb
 402 01d0 00000000 		.word	RT0
 403 01d4 00000000 		.word	FT0
 404 01d8 81808080 		.word	-2139062143
 405              		.cfi_endproc
 406              	.LFE6:
 408              		.section	.text.mbedtls_aes_rk_offset,"ax",%progbits
 409              		.align	1
 410              		.syntax unified
 411              		.thumb
 412              		.thumb_func
ARM GAS  C:\Users\nicx5\AppData\Local\Temp\ccxXSAok.s 			page 17


 414              	mbedtls_aes_rk_offset:
 415              	.LVL45:
 416              	.LFB9:
 460:Libs/mbedtls/library/aes.c **** 
 461:Libs/mbedtls/library/aes.c **** #endif /* !defined(MBEDTLS_AES_SETKEY_ENC_ALT) */
 462:Libs/mbedtls/library/aes.c **** 
 463:Libs/mbedtls/library/aes.c **** #undef ROTL8
 464:Libs/mbedtls/library/aes.c **** 
 465:Libs/mbedtls/library/aes.c **** #endif /* MBEDTLS_AES_ROM_TABLES */
 466:Libs/mbedtls/library/aes.c **** 
 467:Libs/mbedtls/library/aes.c **** #if defined(MBEDTLS_AES_FEWER_TABLES)
 468:Libs/mbedtls/library/aes.c **** 
 469:Libs/mbedtls/library/aes.c **** #define ROTL8(x)  ((uint32_t) ((x) <<  8) + (uint32_t) ((x) >> 24))
 470:Libs/mbedtls/library/aes.c **** #define ROTL16(x) ((uint32_t) ((x) << 16) + (uint32_t) ((x) >> 16))
 471:Libs/mbedtls/library/aes.c **** #define ROTL24(x) ((uint32_t) ((x) << 24) + (uint32_t) ((x) >>  8))
 472:Libs/mbedtls/library/aes.c **** 
 473:Libs/mbedtls/library/aes.c **** #define AES_RT0(idx) RT0[idx]
 474:Libs/mbedtls/library/aes.c **** #define AES_RT1(idx) ROTL8(RT0[idx])
 475:Libs/mbedtls/library/aes.c **** #define AES_RT2(idx) ROTL16(RT0[idx])
 476:Libs/mbedtls/library/aes.c **** #define AES_RT3(idx) ROTL24(RT0[idx])
 477:Libs/mbedtls/library/aes.c **** 
 478:Libs/mbedtls/library/aes.c **** #define AES_FT0(idx) FT0[idx]
 479:Libs/mbedtls/library/aes.c **** #define AES_FT1(idx) ROTL8(FT0[idx])
 480:Libs/mbedtls/library/aes.c **** #define AES_FT2(idx) ROTL16(FT0[idx])
 481:Libs/mbedtls/library/aes.c **** #define AES_FT3(idx) ROTL24(FT0[idx])
 482:Libs/mbedtls/library/aes.c **** 
 483:Libs/mbedtls/library/aes.c **** #else /* MBEDTLS_AES_FEWER_TABLES */
 484:Libs/mbedtls/library/aes.c **** 
 485:Libs/mbedtls/library/aes.c **** #define AES_RT0(idx) RT0[idx]
 486:Libs/mbedtls/library/aes.c **** #define AES_RT1(idx) RT1[idx]
 487:Libs/mbedtls/library/aes.c **** #define AES_RT2(idx) RT2[idx]
 488:Libs/mbedtls/library/aes.c **** #define AES_RT3(idx) RT3[idx]
 489:Libs/mbedtls/library/aes.c **** 
 490:Libs/mbedtls/library/aes.c **** #define AES_FT0(idx) FT0[idx]
 491:Libs/mbedtls/library/aes.c **** #define AES_FT1(idx) FT1[idx]
 492:Libs/mbedtls/library/aes.c **** #define AES_FT2(idx) FT2[idx]
 493:Libs/mbedtls/library/aes.c **** #define AES_FT3(idx) FT3[idx]
 494:Libs/mbedtls/library/aes.c **** 
 495:Libs/mbedtls/library/aes.c **** #endif /* MBEDTLS_AES_FEWER_TABLES */
 496:Libs/mbedtls/library/aes.c **** 
 497:Libs/mbedtls/library/aes.c **** void mbedtls_aes_init(mbedtls_aes_context *ctx)
 498:Libs/mbedtls/library/aes.c **** {
 499:Libs/mbedtls/library/aes.c ****     AES_VALIDATE(ctx != NULL);
 500:Libs/mbedtls/library/aes.c **** 
 501:Libs/mbedtls/library/aes.c ****     memset(ctx, 0, sizeof(mbedtls_aes_context));
 502:Libs/mbedtls/library/aes.c **** }
 503:Libs/mbedtls/library/aes.c **** 
 504:Libs/mbedtls/library/aes.c **** void mbedtls_aes_free(mbedtls_aes_context *ctx)
 505:Libs/mbedtls/library/aes.c **** {
 506:Libs/mbedtls/library/aes.c ****     if (ctx == NULL) {
 507:Libs/mbedtls/library/aes.c ****         return;
 508:Libs/mbedtls/library/aes.c ****     }
 509:Libs/mbedtls/library/aes.c **** 
 510:Libs/mbedtls/library/aes.c ****     mbedtls_platform_zeroize(ctx, sizeof(mbedtls_aes_context));
 511:Libs/mbedtls/library/aes.c **** }
 512:Libs/mbedtls/library/aes.c **** 
 513:Libs/mbedtls/library/aes.c **** #if defined(MBEDTLS_CIPHER_MODE_XTS)
ARM GAS  C:\Users\nicx5\AppData\Local\Temp\ccxXSAok.s 			page 18


 514:Libs/mbedtls/library/aes.c **** void mbedtls_aes_xts_init(mbedtls_aes_xts_context *ctx)
 515:Libs/mbedtls/library/aes.c **** {
 516:Libs/mbedtls/library/aes.c ****     AES_VALIDATE(ctx != NULL);
 517:Libs/mbedtls/library/aes.c **** 
 518:Libs/mbedtls/library/aes.c ****     mbedtls_aes_init(&ctx->crypt);
 519:Libs/mbedtls/library/aes.c ****     mbedtls_aes_init(&ctx->tweak);
 520:Libs/mbedtls/library/aes.c **** }
 521:Libs/mbedtls/library/aes.c **** 
 522:Libs/mbedtls/library/aes.c **** void mbedtls_aes_xts_free(mbedtls_aes_xts_context *ctx)
 523:Libs/mbedtls/library/aes.c **** {
 524:Libs/mbedtls/library/aes.c ****     if (ctx == NULL) {
 525:Libs/mbedtls/library/aes.c ****         return;
 526:Libs/mbedtls/library/aes.c ****     }
 527:Libs/mbedtls/library/aes.c **** 
 528:Libs/mbedtls/library/aes.c ****     mbedtls_aes_free(&ctx->crypt);
 529:Libs/mbedtls/library/aes.c ****     mbedtls_aes_free(&ctx->tweak);
 530:Libs/mbedtls/library/aes.c **** }
 531:Libs/mbedtls/library/aes.c **** #endif /* MBEDTLS_CIPHER_MODE_XTS */
 532:Libs/mbedtls/library/aes.c **** 
 533:Libs/mbedtls/library/aes.c **** /* Some implementations need the round keys to be aligned.
 534:Libs/mbedtls/library/aes.c ****  * Return an offset to be added to buf, such that (buf + offset) is
 535:Libs/mbedtls/library/aes.c ****  * correctly aligned.
 536:Libs/mbedtls/library/aes.c ****  * Note that the offset is in units of elements of buf, i.e. 32-bit words,
 537:Libs/mbedtls/library/aes.c ****  * i.e. an offset of 1 means 4 bytes and so on.
 538:Libs/mbedtls/library/aes.c ****  */
 539:Libs/mbedtls/library/aes.c **** #if defined(MBEDTLS_VIA_PADLOCK_HAVE_CODE) || \
 540:Libs/mbedtls/library/aes.c ****     (defined(MBEDTLS_AESNI_C) && MBEDTLS_AESNI_HAVE_CODE == 2)
 541:Libs/mbedtls/library/aes.c **** #define MAY_NEED_TO_ALIGN
 542:Libs/mbedtls/library/aes.c **** #endif
 543:Libs/mbedtls/library/aes.c **** 
 544:Libs/mbedtls/library/aes.c **** #if defined(MAY_NEED_TO_ALIGN) || !defined(MBEDTLS_AES_SETKEY_DEC_ALT) || \
 545:Libs/mbedtls/library/aes.c ****     !defined(MBEDTLS_AES_SETKEY_ENC_ALT)
 546:Libs/mbedtls/library/aes.c **** static unsigned mbedtls_aes_rk_offset(uint32_t *buf)
 547:Libs/mbedtls/library/aes.c **** {
 417              		.loc 1 547 1 is_stmt 1 view -0
 418              		.cfi_startproc
 419              		@ args = 0, pretend = 0, frame = 0
 420              		@ frame_needed = 0, uses_anonymous_args = 0
 421              		@ link register save eliminated.
 548:Libs/mbedtls/library/aes.c **** #if defined(MAY_NEED_TO_ALIGN)
 549:Libs/mbedtls/library/aes.c ****     int align_16_bytes = 0;
 550:Libs/mbedtls/library/aes.c **** 
 551:Libs/mbedtls/library/aes.c **** #if defined(MBEDTLS_VIA_PADLOCK_HAVE_CODE)
 552:Libs/mbedtls/library/aes.c ****     if (aes_padlock_ace == -1) {
 553:Libs/mbedtls/library/aes.c ****         aes_padlock_ace = mbedtls_padlock_has_support(MBEDTLS_PADLOCK_ACE);
 554:Libs/mbedtls/library/aes.c ****     }
 555:Libs/mbedtls/library/aes.c ****     if (aes_padlock_ace) {
 556:Libs/mbedtls/library/aes.c ****         align_16_bytes = 1;
 557:Libs/mbedtls/library/aes.c ****     }
 558:Libs/mbedtls/library/aes.c **** #endif
 559:Libs/mbedtls/library/aes.c **** 
 560:Libs/mbedtls/library/aes.c **** #if defined(MBEDTLS_AESNI_C) && MBEDTLS_AESNI_HAVE_CODE == 2
 561:Libs/mbedtls/library/aes.c ****     if (mbedtls_aesni_has_support(MBEDTLS_AESNI_AES)) {
 562:Libs/mbedtls/library/aes.c ****         align_16_bytes = 1;
 563:Libs/mbedtls/library/aes.c ****     }
 564:Libs/mbedtls/library/aes.c **** #endif
 565:Libs/mbedtls/library/aes.c **** 
ARM GAS  C:\Users\nicx5\AppData\Local\Temp\ccxXSAok.s 			page 19


 566:Libs/mbedtls/library/aes.c ****     if (align_16_bytes) {
 567:Libs/mbedtls/library/aes.c ****         /* These implementations needs 16-byte alignment
 568:Libs/mbedtls/library/aes.c ****          * for the round key array. */
 569:Libs/mbedtls/library/aes.c ****         unsigned delta = ((uintptr_t) buf & 0x0000000fU) / 4;
 570:Libs/mbedtls/library/aes.c ****         if (delta == 0) {
 571:Libs/mbedtls/library/aes.c ****             return 0;
 572:Libs/mbedtls/library/aes.c ****         } else {
 573:Libs/mbedtls/library/aes.c ****             return 4 - delta; // 16 bytes = 4 uint32_t
 574:Libs/mbedtls/library/aes.c ****         }
 575:Libs/mbedtls/library/aes.c ****     }
 576:Libs/mbedtls/library/aes.c **** #else /* MAY_NEED_TO_ALIGN */
 577:Libs/mbedtls/library/aes.c ****     (void) buf;
 422              		.loc 1 577 5 view .LVU115
 578:Libs/mbedtls/library/aes.c **** #endif /* MAY_NEED_TO_ALIGN */
 579:Libs/mbedtls/library/aes.c **** 
 580:Libs/mbedtls/library/aes.c ****     return 0;
 423              		.loc 1 580 5 view .LVU116
 581:Libs/mbedtls/library/aes.c **** }
 424              		.loc 1 581 1 is_stmt 0 view .LVU117
 425 0000 0020     		movs	r0, #0
 426              	.LVL46:
 427              		.loc 1 581 1 view .LVU118
 428 0002 7047     		bx	lr
 429              		.cfi_endproc
 430              	.LFE9:
 432              		.section	.text.mbedtls_aes_init,"ax",%progbits
 433              		.align	1
 434              		.global	mbedtls_aes_init
 435              		.syntax unified
 436              		.thumb
 437              		.thumb_func
 439              	mbedtls_aes_init:
 440              	.LVL47:
 441              	.LFB7:
 498:Libs/mbedtls/library/aes.c ****     AES_VALIDATE(ctx != NULL);
 442              		.loc 1 498 1 is_stmt 1 view -0
 443              		.cfi_startproc
 444              		@ args = 0, pretend = 0, frame = 0
 445              		@ frame_needed = 0, uses_anonymous_args = 0
 498:Libs/mbedtls/library/aes.c ****     AES_VALIDATE(ctx != NULL);
 446              		.loc 1 498 1 is_stmt 0 view .LVU120
 447 0000 08B5     		push	{r3, lr}
 448              	.LCFI4:
 449              		.cfi_def_cfa_offset 8
 450              		.cfi_offset 3, -8
 451              		.cfi_offset 14, -4
 499:Libs/mbedtls/library/aes.c **** 
 452              		.loc 1 499 5 is_stmt 1 view .LVU121
 499:Libs/mbedtls/library/aes.c **** 
 453              		.loc 1 499 5 view .LVU122
 499:Libs/mbedtls/library/aes.c **** 
 454              		.loc 1 499 5 view .LVU123
 501:Libs/mbedtls/library/aes.c **** }
 455              		.loc 1 501 5 view .LVU124
 456 0002 4FF48C72 		mov	r2, #280
 457 0006 0021     		movs	r1, #0
 458 0008 FFF7FEFF 		bl	memset
ARM GAS  C:\Users\nicx5\AppData\Local\Temp\ccxXSAok.s 			page 20


 459              	.LVL48:
 502:Libs/mbedtls/library/aes.c **** 
 460              		.loc 1 502 1 is_stmt 0 view .LVU125
 461 000c 08BD     		pop	{r3, pc}
 462              		.cfi_endproc
 463              	.LFE7:
 465              		.section	.text.mbedtls_aes_free,"ax",%progbits
 466              		.align	1
 467              		.global	mbedtls_aes_free
 468              		.syntax unified
 469              		.thumb
 470              		.thumb_func
 472              	mbedtls_aes_free:
 473              	.LVL49:
 474              	.LFB8:
 505:Libs/mbedtls/library/aes.c ****     if (ctx == NULL) {
 475              		.loc 1 505 1 is_stmt 1 view -0
 476              		.cfi_startproc
 477              		@ args = 0, pretend = 0, frame = 0
 478              		@ frame_needed = 0, uses_anonymous_args = 0
 506:Libs/mbedtls/library/aes.c ****         return;
 479              		.loc 1 506 5 view .LVU127
 506:Libs/mbedtls/library/aes.c ****         return;
 480              		.loc 1 506 8 is_stmt 0 view .LVU128
 481 0000 28B1     		cbz	r0, .L35
 505:Libs/mbedtls/library/aes.c ****     if (ctx == NULL) {
 482              		.loc 1 505 1 view .LVU129
 483 0002 08B5     		push	{r3, lr}
 484              	.LCFI5:
 485              		.cfi_def_cfa_offset 8
 486              		.cfi_offset 3, -8
 487              		.cfi_offset 14, -4
 510:Libs/mbedtls/library/aes.c **** }
 488              		.loc 1 510 5 is_stmt 1 view .LVU130
 489 0004 4FF48C71 		mov	r1, #280
 490 0008 FFF7FEFF 		bl	mbedtls_platform_zeroize
 491              	.LVL50:
 511:Libs/mbedtls/library/aes.c **** 
 492              		.loc 1 511 1 is_stmt 0 view .LVU131
 493 000c 08BD     		pop	{r3, pc}
 494              	.LVL51:
 495              	.L35:
 496              	.LCFI6:
 497              		.cfi_def_cfa_offset 0
 498              		.cfi_restore 3
 499              		.cfi_restore 14
 511:Libs/mbedtls/library/aes.c **** 
 500              		.loc 1 511 1 view .LVU132
 501 000e 7047     		bx	lr
 502              		.cfi_endproc
 503              	.LFE8:
 505              		.section	.text.mbedtls_aes_setkey_enc,"ax",%progbits
 506              		.align	1
 507              		.global	mbedtls_aes_setkey_enc
 508              		.syntax unified
 509              		.thumb
 510              		.thumb_func
ARM GAS  C:\Users\nicx5\AppData\Local\Temp\ccxXSAok.s 			page 21


 512              	mbedtls_aes_setkey_enc:
 513              	.LVL52:
 514              	.LFB10:
 582:Libs/mbedtls/library/aes.c **** #endif /* defined(MAY_NEED_TO_ALIGN) || !defined(MBEDTLS_AES_SETKEY_DEC_ALT) || \
 583:Libs/mbedtls/library/aes.c ****           !defined(MBEDTLS_AES_SETKEY_ENC_ALT) */
 584:Libs/mbedtls/library/aes.c **** 
 585:Libs/mbedtls/library/aes.c **** /*
 586:Libs/mbedtls/library/aes.c ****  * AES key schedule (encryption)
 587:Libs/mbedtls/library/aes.c ****  */
 588:Libs/mbedtls/library/aes.c **** #if !defined(MBEDTLS_AES_SETKEY_ENC_ALT)
 589:Libs/mbedtls/library/aes.c **** int mbedtls_aes_setkey_enc(mbedtls_aes_context *ctx, const unsigned char *key,
 590:Libs/mbedtls/library/aes.c ****                            unsigned int keybits)
 591:Libs/mbedtls/library/aes.c **** {
 515              		.loc 1 591 1 is_stmt 1 view -0
 516              		.cfi_startproc
 517              		@ args = 0, pretend = 0, frame = 0
 518              		@ frame_needed = 0, uses_anonymous_args = 0
 519              		.loc 1 591 1 is_stmt 0 view .LVU134
 520 0000 F8B5     		push	{r3, r4, r5, r6, r7, lr}
 521              	.LCFI7:
 522              		.cfi_def_cfa_offset 24
 523              		.cfi_offset 3, -24
 524              		.cfi_offset 4, -20
 525              		.cfi_offset 5, -16
 526              		.cfi_offset 6, -12
 527              		.cfi_offset 7, -8
 528              		.cfi_offset 14, -4
 529 0002 0746     		mov	r7, r0
 530 0004 0D46     		mov	r5, r1
 531 0006 1646     		mov	r6, r2
 592:Libs/mbedtls/library/aes.c ****     unsigned int i;
 532              		.loc 1 592 5 is_stmt 1 view .LVU135
 593:Libs/mbedtls/library/aes.c ****     uint32_t *RK;
 533              		.loc 1 593 5 view .LVU136
 594:Libs/mbedtls/library/aes.c **** 
 595:Libs/mbedtls/library/aes.c ****     AES_VALIDATE_RET(ctx != NULL);
 534              		.loc 1 595 5 view .LVU137
 535              		.loc 1 595 5 view .LVU138
 536              		.loc 1 595 5 view .LVU139
 596:Libs/mbedtls/library/aes.c ****     AES_VALIDATE_RET(key != NULL);
 537              		.loc 1 596 5 view .LVU140
 538              		.loc 1 596 5 view .LVU141
 539              		.loc 1 596 5 view .LVU142
 597:Libs/mbedtls/library/aes.c **** 
 598:Libs/mbedtls/library/aes.c ****     switch (keybits) {
 540              		.loc 1 598 5 view .LVU143
 541 0008 C02A     		cmp	r2, #192
 542 000a 14D0     		beq	.L39
 543 000c B2F5807F 		cmp	r2, #256
 544 0010 14D0     		beq	.L40
 545 0012 802A     		cmp	r2, #128
 546 0014 40F0D580 		bne	.L52
 599:Libs/mbedtls/library/aes.c ****         case 128: ctx->nr = 10; break;
 547              		.loc 1 599 19 view .LVU144
 548              		.loc 1 599 27 is_stmt 0 view .LVU145
 549 0018 0A23     		movs	r3, #10
 550 001a 0360     		str	r3, [r0]
ARM GAS  C:\Users\nicx5\AppData\Local\Temp\ccxXSAok.s 			page 22


 551              		.loc 1 599 33 is_stmt 1 view .LVU146
 552              	.L42:
 600:Libs/mbedtls/library/aes.c ****         case 192: ctx->nr = 12; break;
 601:Libs/mbedtls/library/aes.c ****         case 256: ctx->nr = 14; break;
 602:Libs/mbedtls/library/aes.c ****         default: return MBEDTLS_ERR_AES_INVALID_KEY_LENGTH;
 603:Libs/mbedtls/library/aes.c ****     }
 604:Libs/mbedtls/library/aes.c **** 
 605:Libs/mbedtls/library/aes.c **** #if !defined(MBEDTLS_AES_ROM_TABLES)
 606:Libs/mbedtls/library/aes.c ****     if (aes_init_done == 0) {
 553              		.loc 1 606 5 view .LVU147
 554              		.loc 1 606 23 is_stmt 0 view .LVU148
 555 001c 6A4B     		ldr	r3, .L58
 556 001e 1B68     		ldr	r3, [r3]
 557              		.loc 1 606 8 view .LVU149
 558 0020 7BB1     		cbz	r3, .L57
 559              	.LVL53:
 560              	.L43:
 607:Libs/mbedtls/library/aes.c ****         aes_gen_tables();
 608:Libs/mbedtls/library/aes.c ****         aes_init_done = 1;
 609:Libs/mbedtls/library/aes.c ****     }
 610:Libs/mbedtls/library/aes.c **** #endif
 611:Libs/mbedtls/library/aes.c **** 
 612:Libs/mbedtls/library/aes.c ****     ctx->rk = RK = ctx->buf + mbedtls_aes_rk_offset(ctx->buf);
 561              		.loc 1 612 5 is_stmt 1 view .LVU150
 562              		.loc 1 612 20 is_stmt 0 view .LVU151
 563 0022 07F10804 		add	r4, r7, #8
 564              		.loc 1 612 31 view .LVU152
 565 0026 2046     		mov	r0, r4
 566 0028 FFF7FEFF 		bl	mbedtls_aes_rk_offset
 567              	.LVL54:
 568              		.loc 1 612 18 discriminator 1 view .LVU153
 569 002c 04EB8003 		add	r3, r4, r0, lsl #2
 570              	.LVL55:
 571              		.loc 1 612 13 discriminator 1 view .LVU154
 572 0030 7B60     		str	r3, [r7, #4]
 613:Libs/mbedtls/library/aes.c **** 
 614:Libs/mbedtls/library/aes.c **** #if defined(MBEDTLS_AESNI_HAVE_CODE)
 615:Libs/mbedtls/library/aes.c ****     if (mbedtls_aesni_has_support(MBEDTLS_AESNI_AES)) {
 616:Libs/mbedtls/library/aes.c ****         return mbedtls_aesni_setkey_enc((unsigned char *) ctx->rk, key, keybits);
 617:Libs/mbedtls/library/aes.c ****     }
 618:Libs/mbedtls/library/aes.c **** #endif
 619:Libs/mbedtls/library/aes.c **** 
 620:Libs/mbedtls/library/aes.c ****     for (i = 0; i < (keybits >> 5); i++) {
 573              		.loc 1 620 5 is_stmt 1 view .LVU155
 574              	.LVL56:
 575              		.loc 1 620 12 is_stmt 0 view .LVU156
 576 0032 0022     		movs	r2, #0
 577              		.loc 1 620 5 view .LVU157
 578 0034 1BE0     		b	.L44
 579              	.LVL57:
 580              	.L39:
 600:Libs/mbedtls/library/aes.c ****         case 256: ctx->nr = 14; break;
 581              		.loc 1 600 19 is_stmt 1 view .LVU158
 600:Libs/mbedtls/library/aes.c ****         case 256: ctx->nr = 14; break;
 582              		.loc 1 600 27 is_stmt 0 view .LVU159
 583 0036 0C23     		movs	r3, #12
 584 0038 0360     		str	r3, [r0]
ARM GAS  C:\Users\nicx5\AppData\Local\Temp\ccxXSAok.s 			page 23


 600:Libs/mbedtls/library/aes.c ****         case 256: ctx->nr = 14; break;
 585              		.loc 1 600 33 is_stmt 1 view .LVU160
 586 003a EFE7     		b	.L42
 587              	.L40:
 601:Libs/mbedtls/library/aes.c ****         default: return MBEDTLS_ERR_AES_INVALID_KEY_LENGTH;
 588              		.loc 1 601 19 view .LVU161
 601:Libs/mbedtls/library/aes.c ****         default: return MBEDTLS_ERR_AES_INVALID_KEY_LENGTH;
 589              		.loc 1 601 27 is_stmt 0 view .LVU162
 590 003c 0E23     		movs	r3, #14
 591 003e 0360     		str	r3, [r0]
 601:Libs/mbedtls/library/aes.c ****         default: return MBEDTLS_ERR_AES_INVALID_KEY_LENGTH;
 592              		.loc 1 601 33 is_stmt 1 view .LVU163
 593 0040 ECE7     		b	.L42
 594              	.L57:
 607:Libs/mbedtls/library/aes.c ****         aes_init_done = 1;
 595              		.loc 1 607 9 view .LVU164
 596 0042 FFF7FEFF 		bl	aes_gen_tables
 597              	.LVL58:
 608:Libs/mbedtls/library/aes.c ****     }
 598              		.loc 1 608 9 view .LVU165
 608:Libs/mbedtls/library/aes.c ****     }
 599              		.loc 1 608 23 is_stmt 0 view .LVU166
 600 0046 604B     		ldr	r3, .L58
 601 0048 0122     		movs	r2, #1
 602 004a 1A60     		str	r2, [r3]
 603 004c E9E7     		b	.L43
 604              	.LVL59:
 605              	.L45:
 621:Libs/mbedtls/library/aes.c ****         RK[i] = MBEDTLS_GET_UINT32_LE(key, i << 2);
 606              		.loc 1 621 9 is_stmt 1 view .LVU167
 607              		.loc 1 621 17 is_stmt 0 view .LVU168
 608 004e 15F82240 		ldrb	r4, [r5, r2, lsl #2]	@ zero_extendqisi2
 609 0052 05EB8201 		add	r1, r5, r2, lsl #2
 610 0056 4878     		ldrb	r0, [r1, #1]	@ zero_extendqisi2
 611 0058 44EA0024 		orr	r4, r4, r0, lsl #8
 612 005c 8878     		ldrb	r0, [r1, #2]	@ zero_extendqisi2
 613 005e 44EA0044 		orr	r4, r4, r0, lsl #16
 614 0062 C978     		ldrb	r1, [r1, #3]	@ zero_extendqisi2
 615 0064 44EA0164 		orr	r4, r4, r1, lsl #24
 616              		.loc 1 621 15 view .LVU169
 617 0068 43F82240 		str	r4, [r3, r2, lsl #2]
 620:Libs/mbedtls/library/aes.c ****         RK[i] = MBEDTLS_GET_UINT32_LE(key, i << 2);
 618              		.loc 1 620 38 is_stmt 1 discriminator 3 view .LVU170
 619 006c 0132     		adds	r2, r2, #1
 620              	.LVL60:
 621              	.L44:
 620:Libs/mbedtls/library/aes.c ****         RK[i] = MBEDTLS_GET_UINT32_LE(key, i << 2);
 622              		.loc 1 620 19 discriminator 1 view .LVU171
 623 006e B2EB561F 		cmp	r2, r6, lsr #5
 624 0072 ECD3     		bcc	.L45
 622:Libs/mbedtls/library/aes.c ****     }
 623:Libs/mbedtls/library/aes.c **** 
 624:Libs/mbedtls/library/aes.c ****     switch (ctx->nr) {
 625              		.loc 1 624 5 view .LVU172
 626              		.loc 1 624 16 is_stmt 0 view .LVU173
 627 0074 3A68     		ldr	r2, [r7]
 628              	.LVL61:
ARM GAS  C:\Users\nicx5\AppData\Local\Temp\ccxXSAok.s 			page 24


 629              		.loc 1 624 5 view .LVU174
 630 0076 0C2A     		cmp	r2, #12
 631 0078 5CD0     		beq	.L53
 632 007a 0E2A     		cmp	r2, #14
 633 007c 00F09F80 		beq	.L54
 634 0080 0A2A     		cmp	r2, #10
 635 0082 28D0     		beq	.L55
 636 0084 0020     		movs	r0, #0
 637 0086 9EE0     		b	.L38
 638              	.LVL62:
 639              	.L49:
 625:Libs/mbedtls/library/aes.c ****         case 10:
 626:Libs/mbedtls/library/aes.c **** 
 627:Libs/mbedtls/library/aes.c ****             for (i = 0; i < 10; i++, RK += 4) {
 628:Libs/mbedtls/library/aes.c ****                 RK[4]  = RK[0] ^ round_constants[i] ^
 640              		.loc 1 628 17 is_stmt 1 view .LVU175
 641              		.loc 1 628 28 is_stmt 0 view .LVU176
 642 0088 1A68     		ldr	r2, [r3]
 643              		.loc 1 628 49 view .LVU177
 644 008a 5049     		ldr	r1, .L58+4
 645 008c 51F82410 		ldr	r1, [r1, r4, lsl #2]
 646              		.loc 1 628 32 view .LVU178
 647 0090 4A40     		eors	r2, r2, r1
 629:Libs/mbedtls/library/aes.c ****                          ((uint32_t) FSb[MBEDTLS_BYTE_1(RK[3])]) ^
 648              		.loc 1 629 42 view .LVU179
 649 0092 D968     		ldr	r1, [r3, #12]
 650 0094 C1F30725 		ubfx	r5, r1, #8, #8
 651              		.loc 1 629 41 view .LVU180
 652 0098 4D48     		ldr	r0, .L58+8
 653 009a 455D     		ldrb	r5, [r0, r5]	@ zero_extendqisi2
 628:Libs/mbedtls/library/aes.c ****                          ((uint32_t) FSb[MBEDTLS_BYTE_1(RK[3])]) ^
 654              		.loc 1 628 53 view .LVU181
 655 009c 6A40     		eors	r2, r2, r5
 630:Libs/mbedtls/library/aes.c ****                          ((uint32_t) FSb[MBEDTLS_BYTE_2(RK[3])] <<  8) ^
 656              		.loc 1 630 42 view .LVU182
 657 009e C1F30745 		ubfx	r5, r1, #16, #8
 658              		.loc 1 630 41 view .LVU183
 659 00a2 455D     		ldrb	r5, [r0, r5]	@ zero_extendqisi2
 629:Libs/mbedtls/library/aes.c ****                          ((uint32_t) FSb[MBEDTLS_BYTE_1(RK[3])]) ^
 660              		.loc 1 629 66 view .LVU184
 661 00a4 82EA0522 		eor	r2, r2, r5, lsl #8
 631:Libs/mbedtls/library/aes.c ****                          ((uint32_t) FSb[MBEDTLS_BYTE_3(RK[3])] << 16) ^
 662              		.loc 1 631 42 view .LVU185
 663 00a8 0D0E     		lsrs	r5, r1, #24
 664              		.loc 1 631 41 view .LVU186
 665 00aa 455D     		ldrb	r5, [r0, r5]	@ zero_extendqisi2
 630:Libs/mbedtls/library/aes.c ****                          ((uint32_t) FSb[MBEDTLS_BYTE_2(RK[3])] <<  8) ^
 666              		.loc 1 630 72 view .LVU187
 667 00ac 82EA0542 		eor	r2, r2, r5, lsl #16
 632:Libs/mbedtls/library/aes.c ****                          ((uint32_t) FSb[MBEDTLS_BYTE_0(RK[3])] << 24);
 668              		.loc 1 632 42 view .LVU188
 669 00b0 CDB2     		uxtb	r5, r1
 670              		.loc 1 632 41 view .LVU189
 671 00b2 405D     		ldrb	r0, [r0, r5]	@ zero_extendqisi2
 631:Libs/mbedtls/library/aes.c ****                          ((uint32_t) FSb[MBEDTLS_BYTE_3(RK[3])] << 16) ^
 672              		.loc 1 631 72 view .LVU190
 673 00b4 82EA0062 		eor	r2, r2, r0, lsl #24
ARM GAS  C:\Users\nicx5\AppData\Local\Temp\ccxXSAok.s 			page 25


 628:Libs/mbedtls/library/aes.c ****                          ((uint32_t) FSb[MBEDTLS_BYTE_1(RK[3])]) ^
 674              		.loc 1 628 24 view .LVU191
 675 00b8 1A61     		str	r2, [r3, #16]
 633:Libs/mbedtls/library/aes.c **** 
 634:Libs/mbedtls/library/aes.c ****                 RK[5]  = RK[1] ^ RK[4];
 676              		.loc 1 634 17 is_stmt 1 view .LVU192
 677              		.loc 1 634 28 is_stmt 0 view .LVU193
 678 00ba 5868     		ldr	r0, [r3, #4]
 679              		.loc 1 634 32 view .LVU194
 680 00bc 4240     		eors	r2, r2, r0
 681              		.loc 1 634 24 view .LVU195
 682 00be 5A61     		str	r2, [r3, #20]
 635:Libs/mbedtls/library/aes.c ****                 RK[6]  = RK[2] ^ RK[5];
 683              		.loc 1 635 17 is_stmt 1 view .LVU196
 684              		.loc 1 635 28 is_stmt 0 view .LVU197
 685 00c0 9868     		ldr	r0, [r3, #8]
 686              		.loc 1 635 32 view .LVU198
 687 00c2 4240     		eors	r2, r2, r0
 688              		.loc 1 635 24 view .LVU199
 689 00c4 9A61     		str	r2, [r3, #24]
 636:Libs/mbedtls/library/aes.c ****                 RK[7]  = RK[3] ^ RK[6];
 690              		.loc 1 636 17 is_stmt 1 view .LVU200
 691              		.loc 1 636 32 is_stmt 0 view .LVU201
 692 00c6 4A40     		eors	r2, r2, r1
 693              		.loc 1 636 24 view .LVU202
 694 00c8 DA61     		str	r2, [r3, #28]
 627:Libs/mbedtls/library/aes.c ****                 RK[4]  = RK[0] ^ round_constants[i] ^
 695              		.loc 1 627 36 is_stmt 1 discriminator 3 view .LVU203
 627:Libs/mbedtls/library/aes.c ****                 RK[4]  = RK[0] ^ round_constants[i] ^
 696              		.loc 1 627 34 is_stmt 0 discriminator 3 view .LVU204
 697 00ca 0134     		adds	r4, r4, #1
 698              	.LVL63:
 627:Libs/mbedtls/library/aes.c ****                 RK[4]  = RK[0] ^ round_constants[i] ^
 699              		.loc 1 627 41 discriminator 3 view .LVU205
 700 00cc 1033     		adds	r3, r3, #16
 701              	.LVL64:
 702              	.L48:
 627:Libs/mbedtls/library/aes.c ****                 RK[4]  = RK[0] ^ round_constants[i] ^
 703              		.loc 1 627 27 is_stmt 1 discriminator 1 view .LVU206
 704 00ce 092C     		cmp	r4, #9
 705 00d0 DAD9     		bls	.L49
 637:Libs/mbedtls/library/aes.c ****             }
 638:Libs/mbedtls/library/aes.c ****             break;
 639:Libs/mbedtls/library/aes.c **** 
 640:Libs/mbedtls/library/aes.c ****         case 12:
 641:Libs/mbedtls/library/aes.c **** 
 642:Libs/mbedtls/library/aes.c ****             for (i = 0; i < 8; i++, RK += 6) {
 643:Libs/mbedtls/library/aes.c ****                 RK[6]  = RK[0] ^ round_constants[i] ^
 644:Libs/mbedtls/library/aes.c ****                          ((uint32_t) FSb[MBEDTLS_BYTE_1(RK[5])]) ^
 645:Libs/mbedtls/library/aes.c ****                          ((uint32_t) FSb[MBEDTLS_BYTE_2(RK[5])] <<  8) ^
 646:Libs/mbedtls/library/aes.c ****                          ((uint32_t) FSb[MBEDTLS_BYTE_3(RK[5])] << 16) ^
 647:Libs/mbedtls/library/aes.c ****                          ((uint32_t) FSb[MBEDTLS_BYTE_0(RK[5])] << 24);
 648:Libs/mbedtls/library/aes.c **** 
 649:Libs/mbedtls/library/aes.c ****                 RK[7]  = RK[1] ^ RK[6];
 650:Libs/mbedtls/library/aes.c ****                 RK[8]  = RK[2] ^ RK[7];
 651:Libs/mbedtls/library/aes.c ****                 RK[9]  = RK[3] ^ RK[8];
 652:Libs/mbedtls/library/aes.c ****                 RK[10] = RK[4] ^ RK[9];
ARM GAS  C:\Users\nicx5\AppData\Local\Temp\ccxXSAok.s 			page 26


 653:Libs/mbedtls/library/aes.c ****                 RK[11] = RK[5] ^ RK[10];
 654:Libs/mbedtls/library/aes.c ****             }
 655:Libs/mbedtls/library/aes.c ****             break;
 656:Libs/mbedtls/library/aes.c **** 
 657:Libs/mbedtls/library/aes.c ****         case 14:
 658:Libs/mbedtls/library/aes.c **** 
 659:Libs/mbedtls/library/aes.c ****             for (i = 0; i < 7; i++, RK += 8) {
 660:Libs/mbedtls/library/aes.c ****                 RK[8]  = RK[0] ^ round_constants[i] ^
 661:Libs/mbedtls/library/aes.c ****                          ((uint32_t) FSb[MBEDTLS_BYTE_1(RK[7])]) ^
 662:Libs/mbedtls/library/aes.c ****                          ((uint32_t) FSb[MBEDTLS_BYTE_2(RK[7])] <<  8) ^
 663:Libs/mbedtls/library/aes.c ****                          ((uint32_t) FSb[MBEDTLS_BYTE_3(RK[7])] << 16) ^
 664:Libs/mbedtls/library/aes.c ****                          ((uint32_t) FSb[MBEDTLS_BYTE_0(RK[7])] << 24);
 665:Libs/mbedtls/library/aes.c **** 
 666:Libs/mbedtls/library/aes.c ****                 RK[9]  = RK[1] ^ RK[8];
 667:Libs/mbedtls/library/aes.c ****                 RK[10] = RK[2] ^ RK[9];
 668:Libs/mbedtls/library/aes.c ****                 RK[11] = RK[3] ^ RK[10];
 669:Libs/mbedtls/library/aes.c **** 
 670:Libs/mbedtls/library/aes.c ****                 RK[12] = RK[4] ^
 671:Libs/mbedtls/library/aes.c ****                          ((uint32_t) FSb[MBEDTLS_BYTE_0(RK[11])]) ^
 672:Libs/mbedtls/library/aes.c ****                          ((uint32_t) FSb[MBEDTLS_BYTE_1(RK[11])] <<  8) ^
 673:Libs/mbedtls/library/aes.c ****                          ((uint32_t) FSb[MBEDTLS_BYTE_2(RK[11])] << 16) ^
 674:Libs/mbedtls/library/aes.c ****                          ((uint32_t) FSb[MBEDTLS_BYTE_3(RK[11])] << 24);
 675:Libs/mbedtls/library/aes.c **** 
 676:Libs/mbedtls/library/aes.c ****                 RK[13] = RK[5] ^ RK[12];
 677:Libs/mbedtls/library/aes.c ****                 RK[14] = RK[6] ^ RK[13];
 678:Libs/mbedtls/library/aes.c ****                 RK[15] = RK[7] ^ RK[14];
 679:Libs/mbedtls/library/aes.c ****             }
 680:Libs/mbedtls/library/aes.c ****             break;
 681:Libs/mbedtls/library/aes.c ****     }
 682:Libs/mbedtls/library/aes.c **** 
 683:Libs/mbedtls/library/aes.c ****     return 0;
 706              		.loc 1 683 12 is_stmt 0 view .LVU207
 707 00d2 0020     		movs	r0, #0
 708 00d4 77E0     		b	.L38
 709              	.LVL65:
 710              	.L55:
 624:Libs/mbedtls/library/aes.c ****         case 10:
 711              		.loc 1 624 5 view .LVU208
 712 00d6 0024     		movs	r4, #0
 713 00d8 F9E7     		b	.L48
 714              	.LVL66:
 715              	.L50:
 643:Libs/mbedtls/library/aes.c ****                          ((uint32_t) FSb[MBEDTLS_BYTE_1(RK[5])]) ^
 716              		.loc 1 643 17 is_stmt 1 view .LVU209
 643:Libs/mbedtls/library/aes.c ****                          ((uint32_t) FSb[MBEDTLS_BYTE_1(RK[5])]) ^
 717              		.loc 1 643 28 is_stmt 0 view .LVU210
 718 00da 1A68     		ldr	r2, [r3]
 643:Libs/mbedtls/library/aes.c ****                          ((uint32_t) FSb[MBEDTLS_BYTE_1(RK[5])]) ^
 719              		.loc 1 643 49 view .LVU211
 720 00dc 3B49     		ldr	r1, .L58+4
 721 00de 51F82010 		ldr	r1, [r1, r0, lsl #2]
 643:Libs/mbedtls/library/aes.c ****                          ((uint32_t) FSb[MBEDTLS_BYTE_1(RK[5])]) ^
 722              		.loc 1 643 32 view .LVU212
 723 00e2 4A40     		eors	r2, r2, r1
 644:Libs/mbedtls/library/aes.c ****                          ((uint32_t) FSb[MBEDTLS_BYTE_2(RK[5])] <<  8) ^
 724              		.loc 1 644 42 view .LVU213
 725 00e4 5969     		ldr	r1, [r3, #20]
ARM GAS  C:\Users\nicx5\AppData\Local\Temp\ccxXSAok.s 			page 27


 726 00e6 C1F30725 		ubfx	r5, r1, #8, #8
 644:Libs/mbedtls/library/aes.c ****                          ((uint32_t) FSb[MBEDTLS_BYTE_2(RK[5])] <<  8) ^
 727              		.loc 1 644 41 view .LVU214
 728 00ea 394C     		ldr	r4, .L58+8
 729 00ec 655D     		ldrb	r5, [r4, r5]	@ zero_extendqisi2
 643:Libs/mbedtls/library/aes.c ****                          ((uint32_t) FSb[MBEDTLS_BYTE_1(RK[5])]) ^
 730              		.loc 1 643 53 view .LVU215
 731 00ee 6A40     		eors	r2, r2, r5
 645:Libs/mbedtls/library/aes.c ****                          ((uint32_t) FSb[MBEDTLS_BYTE_3(RK[5])] << 16) ^
 732              		.loc 1 645 42 view .LVU216
 733 00f0 C1F30745 		ubfx	r5, r1, #16, #8
 645:Libs/mbedtls/library/aes.c ****                          ((uint32_t) FSb[MBEDTLS_BYTE_3(RK[5])] << 16) ^
 734              		.loc 1 645 41 view .LVU217
 735 00f4 655D     		ldrb	r5, [r4, r5]	@ zero_extendqisi2
 644:Libs/mbedtls/library/aes.c ****                          ((uint32_t) FSb[MBEDTLS_BYTE_2(RK[5])] <<  8) ^
 736              		.loc 1 644 66 view .LVU218
 737 00f6 82EA0522 		eor	r2, r2, r5, lsl #8
 646:Libs/mbedtls/library/aes.c ****                          ((uint32_t) FSb[MBEDTLS_BYTE_0(RK[5])] << 24);
 738              		.loc 1 646 42 view .LVU219
 739 00fa 0D0E     		lsrs	r5, r1, #24
 646:Libs/mbedtls/library/aes.c ****                          ((uint32_t) FSb[MBEDTLS_BYTE_0(RK[5])] << 24);
 740              		.loc 1 646 41 view .LVU220
 741 00fc 655D     		ldrb	r5, [r4, r5]	@ zero_extendqisi2
 645:Libs/mbedtls/library/aes.c ****                          ((uint32_t) FSb[MBEDTLS_BYTE_3(RK[5])] << 16) ^
 742              		.loc 1 645 72 view .LVU221
 743 00fe 82EA0542 		eor	r2, r2, r5, lsl #16
 647:Libs/mbedtls/library/aes.c **** 
 744              		.loc 1 647 42 view .LVU222
 745 0102 CDB2     		uxtb	r5, r1
 647:Libs/mbedtls/library/aes.c **** 
 746              		.loc 1 647 41 view .LVU223
 747 0104 645D     		ldrb	r4, [r4, r5]	@ zero_extendqisi2
 646:Libs/mbedtls/library/aes.c ****                          ((uint32_t) FSb[MBEDTLS_BYTE_0(RK[5])] << 24);
 748              		.loc 1 646 72 view .LVU224
 749 0106 82EA0462 		eor	r2, r2, r4, lsl #24
 643:Libs/mbedtls/library/aes.c ****                          ((uint32_t) FSb[MBEDTLS_BYTE_1(RK[5])]) ^
 750              		.loc 1 643 24 view .LVU225
 751 010a 9A61     		str	r2, [r3, #24]
 649:Libs/mbedtls/library/aes.c ****                 RK[8]  = RK[2] ^ RK[7];
 752              		.loc 1 649 17 is_stmt 1 view .LVU226
 649:Libs/mbedtls/library/aes.c ****                 RK[8]  = RK[2] ^ RK[7];
 753              		.loc 1 649 28 is_stmt 0 view .LVU227
 754 010c 5C68     		ldr	r4, [r3, #4]
 649:Libs/mbedtls/library/aes.c ****                 RK[8]  = RK[2] ^ RK[7];
 755              		.loc 1 649 32 view .LVU228
 756 010e 6240     		eors	r2, r2, r4
 649:Libs/mbedtls/library/aes.c ****                 RK[8]  = RK[2] ^ RK[7];
 757              		.loc 1 649 24 view .LVU229
 758 0110 DA61     		str	r2, [r3, #28]
 650:Libs/mbedtls/library/aes.c ****                 RK[9]  = RK[3] ^ RK[8];
 759              		.loc 1 650 17 is_stmt 1 view .LVU230
 650:Libs/mbedtls/library/aes.c ****                 RK[9]  = RK[3] ^ RK[8];
 760              		.loc 1 650 28 is_stmt 0 view .LVU231
 761 0112 9C68     		ldr	r4, [r3, #8]
 650:Libs/mbedtls/library/aes.c ****                 RK[9]  = RK[3] ^ RK[8];
 762              		.loc 1 650 32 view .LVU232
 763 0114 6240     		eors	r2, r2, r4
ARM GAS  C:\Users\nicx5\AppData\Local\Temp\ccxXSAok.s 			page 28


 650:Libs/mbedtls/library/aes.c ****                 RK[9]  = RK[3] ^ RK[8];
 764              		.loc 1 650 24 view .LVU233
 765 0116 1A62     		str	r2, [r3, #32]
 651:Libs/mbedtls/library/aes.c ****                 RK[10] = RK[4] ^ RK[9];
 766              		.loc 1 651 17 is_stmt 1 view .LVU234
 651:Libs/mbedtls/library/aes.c ****                 RK[10] = RK[4] ^ RK[9];
 767              		.loc 1 651 28 is_stmt 0 view .LVU235
 768 0118 DC68     		ldr	r4, [r3, #12]
 651:Libs/mbedtls/library/aes.c ****                 RK[10] = RK[4] ^ RK[9];
 769              		.loc 1 651 32 view .LVU236
 770 011a 6240     		eors	r2, r2, r4
 651:Libs/mbedtls/library/aes.c ****                 RK[10] = RK[4] ^ RK[9];
 771              		.loc 1 651 24 view .LVU237
 772 011c 5A62     		str	r2, [r3, #36]
 652:Libs/mbedtls/library/aes.c ****                 RK[11] = RK[5] ^ RK[10];
 773              		.loc 1 652 17 is_stmt 1 view .LVU238
 652:Libs/mbedtls/library/aes.c ****                 RK[11] = RK[5] ^ RK[10];
 774              		.loc 1 652 28 is_stmt 0 view .LVU239
 775 011e 1C69     		ldr	r4, [r3, #16]
 652:Libs/mbedtls/library/aes.c ****                 RK[11] = RK[5] ^ RK[10];
 776              		.loc 1 652 32 view .LVU240
 777 0120 6240     		eors	r2, r2, r4
 652:Libs/mbedtls/library/aes.c ****                 RK[11] = RK[5] ^ RK[10];
 778              		.loc 1 652 24 view .LVU241
 779 0122 9A62     		str	r2, [r3, #40]
 653:Libs/mbedtls/library/aes.c ****             }
 780              		.loc 1 653 17 is_stmt 1 view .LVU242
 653:Libs/mbedtls/library/aes.c ****             }
 781              		.loc 1 653 32 is_stmt 0 view .LVU243
 782 0124 4A40     		eors	r2, r2, r1
 653:Libs/mbedtls/library/aes.c ****             }
 783              		.loc 1 653 24 view .LVU244
 784 0126 DA62     		str	r2, [r3, #44]
 642:Libs/mbedtls/library/aes.c ****                 RK[6]  = RK[0] ^ round_constants[i] ^
 785              		.loc 1 642 35 is_stmt 1 discriminator 3 view .LVU245
 642:Libs/mbedtls/library/aes.c ****                 RK[6]  = RK[0] ^ round_constants[i] ^
 786              		.loc 1 642 33 is_stmt 0 discriminator 3 view .LVU246
 787 0128 0130     		adds	r0, r0, #1
 788              	.LVL67:
 642:Libs/mbedtls/library/aes.c ****                 RK[6]  = RK[0] ^ round_constants[i] ^
 789              		.loc 1 642 40 discriminator 3 view .LVU247
 790 012a 1833     		adds	r3, r3, #24
 791              	.LVL68:
 792              	.L46:
 642:Libs/mbedtls/library/aes.c ****                 RK[6]  = RK[0] ^ round_constants[i] ^
 793              		.loc 1 642 27 is_stmt 1 discriminator 1 view .LVU248
 794 012c 0728     		cmp	r0, #7
 795 012e D4D9     		bls	.L50
 796              		.loc 1 683 12 is_stmt 0 view .LVU249
 797 0130 0020     		movs	r0, #0
 798              	.LVL69:
 799              		.loc 1 683 12 view .LVU250
 800 0132 48E0     		b	.L38
 801              	.LVL70:
 802              	.L53:
 624:Libs/mbedtls/library/aes.c ****         case 10:
 803              		.loc 1 624 5 view .LVU251
ARM GAS  C:\Users\nicx5\AppData\Local\Temp\ccxXSAok.s 			page 29


 804 0134 0020     		movs	r0, #0
 805 0136 F9E7     		b	.L46
 806              	.LVL71:
 807              	.L51:
 660:Libs/mbedtls/library/aes.c ****                          ((uint32_t) FSb[MBEDTLS_BYTE_1(RK[7])]) ^
 808              		.loc 1 660 17 is_stmt 1 view .LVU252
 660:Libs/mbedtls/library/aes.c ****                          ((uint32_t) FSb[MBEDTLS_BYTE_1(RK[7])]) ^
 809              		.loc 1 660 28 is_stmt 0 view .LVU253
 810 0138 1A68     		ldr	r2, [r3]
 660:Libs/mbedtls/library/aes.c ****                          ((uint32_t) FSb[MBEDTLS_BYTE_1(RK[7])]) ^
 811              		.loc 1 660 49 view .LVU254
 812 013a 2448     		ldr	r0, .L58+4
 813 013c 50F82100 		ldr	r0, [r0, r1, lsl #2]
 660:Libs/mbedtls/library/aes.c ****                          ((uint32_t) FSb[MBEDTLS_BYTE_1(RK[7])]) ^
 814              		.loc 1 660 32 view .LVU255
 815 0140 4240     		eors	r2, r2, r0
 661:Libs/mbedtls/library/aes.c ****                          ((uint32_t) FSb[MBEDTLS_BYTE_2(RK[7])] <<  8) ^
 816              		.loc 1 661 42 view .LVU256
 817 0142 D869     		ldr	r0, [r3, #28]
 818 0144 C0F30724 		ubfx	r4, r0, #8, #8
 661:Libs/mbedtls/library/aes.c ****                          ((uint32_t) FSb[MBEDTLS_BYTE_2(RK[7])] <<  8) ^
 819              		.loc 1 661 41 view .LVU257
 820 0148 214D     		ldr	r5, .L58+8
 821 014a 2C5D     		ldrb	r4, [r5, r4]	@ zero_extendqisi2
 660:Libs/mbedtls/library/aes.c ****                          ((uint32_t) FSb[MBEDTLS_BYTE_1(RK[7])]) ^
 822              		.loc 1 660 53 view .LVU258
 823 014c 6240     		eors	r2, r2, r4
 662:Libs/mbedtls/library/aes.c ****                          ((uint32_t) FSb[MBEDTLS_BYTE_3(RK[7])] << 16) ^
 824              		.loc 1 662 42 view .LVU259
 825 014e C0F30744 		ubfx	r4, r0, #16, #8
 662:Libs/mbedtls/library/aes.c ****                          ((uint32_t) FSb[MBEDTLS_BYTE_3(RK[7])] << 16) ^
 826              		.loc 1 662 41 view .LVU260
 827 0152 2C5D     		ldrb	r4, [r5, r4]	@ zero_extendqisi2
 661:Libs/mbedtls/library/aes.c ****                          ((uint32_t) FSb[MBEDTLS_BYTE_2(RK[7])] <<  8) ^
 828              		.loc 1 661 66 view .LVU261
 829 0154 82EA0422 		eor	r2, r2, r4, lsl #8
 663:Libs/mbedtls/library/aes.c ****                          ((uint32_t) FSb[MBEDTLS_BYTE_0(RK[7])] << 24);
 830              		.loc 1 663 42 view .LVU262
 831 0158 040E     		lsrs	r4, r0, #24
 663:Libs/mbedtls/library/aes.c ****                          ((uint32_t) FSb[MBEDTLS_BYTE_0(RK[7])] << 24);
 832              		.loc 1 663 41 view .LVU263
 833 015a 2C5D     		ldrb	r4, [r5, r4]	@ zero_extendqisi2
 662:Libs/mbedtls/library/aes.c ****                          ((uint32_t) FSb[MBEDTLS_BYTE_3(RK[7])] << 16) ^
 834              		.loc 1 662 72 view .LVU264
 835 015c 82EA0442 		eor	r2, r2, r4, lsl #16
 664:Libs/mbedtls/library/aes.c **** 
 836              		.loc 1 664 42 view .LVU265
 837 0160 C4B2     		uxtb	r4, r0
 664:Libs/mbedtls/library/aes.c **** 
 838              		.loc 1 664 41 view .LVU266
 839 0162 2C5D     		ldrb	r4, [r5, r4]	@ zero_extendqisi2
 663:Libs/mbedtls/library/aes.c ****                          ((uint32_t) FSb[MBEDTLS_BYTE_0(RK[7])] << 24);
 840              		.loc 1 663 72 view .LVU267
 841 0164 82EA0462 		eor	r2, r2, r4, lsl #24
 660:Libs/mbedtls/library/aes.c ****                          ((uint32_t) FSb[MBEDTLS_BYTE_1(RK[7])]) ^
 842              		.loc 1 660 24 view .LVU268
 843 0168 1A62     		str	r2, [r3, #32]
ARM GAS  C:\Users\nicx5\AppData\Local\Temp\ccxXSAok.s 			page 30


 666:Libs/mbedtls/library/aes.c ****                 RK[10] = RK[2] ^ RK[9];
 844              		.loc 1 666 17 is_stmt 1 view .LVU269
 666:Libs/mbedtls/library/aes.c ****                 RK[10] = RK[2] ^ RK[9];
 845              		.loc 1 666 28 is_stmt 0 view .LVU270
 846 016a 5C68     		ldr	r4, [r3, #4]
 666:Libs/mbedtls/library/aes.c ****                 RK[10] = RK[2] ^ RK[9];
 847              		.loc 1 666 32 view .LVU271
 848 016c 6240     		eors	r2, r2, r4
 666:Libs/mbedtls/library/aes.c ****                 RK[10] = RK[2] ^ RK[9];
 849              		.loc 1 666 24 view .LVU272
 850 016e 5A62     		str	r2, [r3, #36]
 667:Libs/mbedtls/library/aes.c ****                 RK[11] = RK[3] ^ RK[10];
 851              		.loc 1 667 17 is_stmt 1 view .LVU273
 667:Libs/mbedtls/library/aes.c ****                 RK[11] = RK[3] ^ RK[10];
 852              		.loc 1 667 28 is_stmt 0 view .LVU274
 853 0170 9C68     		ldr	r4, [r3, #8]
 667:Libs/mbedtls/library/aes.c ****                 RK[11] = RK[3] ^ RK[10];
 854              		.loc 1 667 32 view .LVU275
 855 0172 6240     		eors	r2, r2, r4
 667:Libs/mbedtls/library/aes.c ****                 RK[11] = RK[3] ^ RK[10];
 856              		.loc 1 667 24 view .LVU276
 857 0174 9A62     		str	r2, [r3, #40]
 668:Libs/mbedtls/library/aes.c **** 
 858              		.loc 1 668 17 is_stmt 1 view .LVU277
 668:Libs/mbedtls/library/aes.c **** 
 859              		.loc 1 668 28 is_stmt 0 view .LVU278
 860 0176 DC68     		ldr	r4, [r3, #12]
 668:Libs/mbedtls/library/aes.c **** 
 861              		.loc 1 668 32 view .LVU279
 862 0178 6240     		eors	r2, r2, r4
 668:Libs/mbedtls/library/aes.c **** 
 863              		.loc 1 668 24 view .LVU280
 864 017a DA62     		str	r2, [r3, #44]
 670:Libs/mbedtls/library/aes.c ****                          ((uint32_t) FSb[MBEDTLS_BYTE_0(RK[11])]) ^
 865              		.loc 1 670 17 is_stmt 1 view .LVU281
 670:Libs/mbedtls/library/aes.c ****                          ((uint32_t) FSb[MBEDTLS_BYTE_0(RK[11])]) ^
 866              		.loc 1 670 28 is_stmt 0 view .LVU282
 867 017c 1C69     		ldr	r4, [r3, #16]
 671:Libs/mbedtls/library/aes.c ****                          ((uint32_t) FSb[MBEDTLS_BYTE_1(RK[11])] <<  8) ^
 868              		.loc 1 671 42 view .LVU283
 869 017e D6B2     		uxtb	r6, r2
 671:Libs/mbedtls/library/aes.c ****                          ((uint32_t) FSb[MBEDTLS_BYTE_1(RK[11])] <<  8) ^
 870              		.loc 1 671 41 view .LVU284
 871 0180 AE5D     		ldrb	r6, [r5, r6]	@ zero_extendqisi2
 670:Libs/mbedtls/library/aes.c ****                          ((uint32_t) FSb[MBEDTLS_BYTE_0(RK[11])]) ^
 872              		.loc 1 670 32 view .LVU285
 873 0182 7440     		eors	r4, r4, r6
 672:Libs/mbedtls/library/aes.c ****                          ((uint32_t) FSb[MBEDTLS_BYTE_2(RK[11])] << 16) ^
 874              		.loc 1 672 42 view .LVU286
 875 0184 C2F30726 		ubfx	r6, r2, #8, #8
 672:Libs/mbedtls/library/aes.c ****                          ((uint32_t) FSb[MBEDTLS_BYTE_2(RK[11])] << 16) ^
 876              		.loc 1 672 41 view .LVU287
 877 0188 AE5D     		ldrb	r6, [r5, r6]	@ zero_extendqisi2
 671:Libs/mbedtls/library/aes.c ****                          ((uint32_t) FSb[MBEDTLS_BYTE_1(RK[11])] <<  8) ^
 878              		.loc 1 671 67 view .LVU288
 879 018a 84EA0624 		eor	r4, r4, r6, lsl #8
 673:Libs/mbedtls/library/aes.c ****                          ((uint32_t) FSb[MBEDTLS_BYTE_3(RK[11])] << 24);
ARM GAS  C:\Users\nicx5\AppData\Local\Temp\ccxXSAok.s 			page 31


 880              		.loc 1 673 42 view .LVU289
 881 018e C2F30746 		ubfx	r6, r2, #16, #8
 673:Libs/mbedtls/library/aes.c ****                          ((uint32_t) FSb[MBEDTLS_BYTE_3(RK[11])] << 24);
 882              		.loc 1 673 41 view .LVU290
 883 0192 AE5D     		ldrb	r6, [r5, r6]	@ zero_extendqisi2
 672:Libs/mbedtls/library/aes.c ****                          ((uint32_t) FSb[MBEDTLS_BYTE_2(RK[11])] << 16) ^
 884              		.loc 1 672 73 view .LVU291
 885 0194 84EA0644 		eor	r4, r4, r6, lsl #16
 674:Libs/mbedtls/library/aes.c **** 
 886              		.loc 1 674 42 view .LVU292
 887 0198 120E     		lsrs	r2, r2, #24
 674:Libs/mbedtls/library/aes.c **** 
 888              		.loc 1 674 41 view .LVU293
 889 019a AA5C     		ldrb	r2, [r5, r2]	@ zero_extendqisi2
 673:Libs/mbedtls/library/aes.c ****                          ((uint32_t) FSb[MBEDTLS_BYTE_3(RK[11])] << 24);
 890              		.loc 1 673 73 view .LVU294
 891 019c 84EA0262 		eor	r2, r4, r2, lsl #24
 670:Libs/mbedtls/library/aes.c ****                          ((uint32_t) FSb[MBEDTLS_BYTE_0(RK[11])]) ^
 892              		.loc 1 670 24 view .LVU295
 893 01a0 1A63     		str	r2, [r3, #48]
 676:Libs/mbedtls/library/aes.c ****                 RK[14] = RK[6] ^ RK[13];
 894              		.loc 1 676 17 is_stmt 1 view .LVU296
 676:Libs/mbedtls/library/aes.c ****                 RK[14] = RK[6] ^ RK[13];
 895              		.loc 1 676 28 is_stmt 0 view .LVU297
 896 01a2 5C69     		ldr	r4, [r3, #20]
 676:Libs/mbedtls/library/aes.c ****                 RK[14] = RK[6] ^ RK[13];
 897              		.loc 1 676 32 view .LVU298
 898 01a4 6240     		eors	r2, r2, r4
 676:Libs/mbedtls/library/aes.c ****                 RK[14] = RK[6] ^ RK[13];
 899              		.loc 1 676 24 view .LVU299
 900 01a6 5A63     		str	r2, [r3, #52]
 677:Libs/mbedtls/library/aes.c ****                 RK[15] = RK[7] ^ RK[14];
 901              		.loc 1 677 17 is_stmt 1 view .LVU300
 677:Libs/mbedtls/library/aes.c ****                 RK[15] = RK[7] ^ RK[14];
 902              		.loc 1 677 28 is_stmt 0 view .LVU301
 903 01a8 9C69     		ldr	r4, [r3, #24]
 677:Libs/mbedtls/library/aes.c ****                 RK[15] = RK[7] ^ RK[14];
 904              		.loc 1 677 32 view .LVU302
 905 01aa 6240     		eors	r2, r2, r4
 677:Libs/mbedtls/library/aes.c ****                 RK[15] = RK[7] ^ RK[14];
 906              		.loc 1 677 24 view .LVU303
 907 01ac 9A63     		str	r2, [r3, #56]
 678:Libs/mbedtls/library/aes.c ****             }
 908              		.loc 1 678 17 is_stmt 1 view .LVU304
 678:Libs/mbedtls/library/aes.c ****             }
 909              		.loc 1 678 32 is_stmt 0 view .LVU305
 910 01ae 5040     		eors	r0, r0, r2
 678:Libs/mbedtls/library/aes.c ****             }
 911              		.loc 1 678 24 view .LVU306
 912 01b0 D863     		str	r0, [r3, #60]
 659:Libs/mbedtls/library/aes.c ****                 RK[8]  = RK[0] ^ round_constants[i] ^
 913              		.loc 1 659 35 is_stmt 1 discriminator 3 view .LVU307
 659:Libs/mbedtls/library/aes.c ****                 RK[8]  = RK[0] ^ round_constants[i] ^
 914              		.loc 1 659 33 is_stmt 0 discriminator 3 view .LVU308
 915 01b2 0131     		adds	r1, r1, #1
 916              	.LVL72:
 659:Libs/mbedtls/library/aes.c ****                 RK[8]  = RK[0] ^ round_constants[i] ^
ARM GAS  C:\Users\nicx5\AppData\Local\Temp\ccxXSAok.s 			page 32


 917              		.loc 1 659 40 discriminator 3 view .LVU309
 918 01b4 2033     		adds	r3, r3, #32
 919              	.LVL73:
 920              	.L47:
 659:Libs/mbedtls/library/aes.c ****                 RK[8]  = RK[0] ^ round_constants[i] ^
 921              		.loc 1 659 27 is_stmt 1 discriminator 1 view .LVU310
 922 01b6 0629     		cmp	r1, #6
 923 01b8 BED9     		bls	.L51
 924              		.loc 1 683 12 is_stmt 0 view .LVU311
 925 01ba 0020     		movs	r0, #0
 926 01bc 03E0     		b	.L38
 927              	.LVL74:
 928              	.L54:
 624:Libs/mbedtls/library/aes.c ****         case 10:
 929              		.loc 1 624 5 view .LVU312
 930 01be 0021     		movs	r1, #0
 931 01c0 F9E7     		b	.L47
 932              	.LVL75:
 933              	.L52:
 598:Libs/mbedtls/library/aes.c ****         case 128: ctx->nr = 10; break;
 934              		.loc 1 598 5 view .LVU313
 935 01c2 6FF01F00 		mvn	r0, #31
 936              	.LVL76:
 937              	.L38:
 684:Libs/mbedtls/library/aes.c **** }
 938              		.loc 1 684 1 view .LVU314
 939 01c6 F8BD     		pop	{r3, r4, r5, r6, r7, pc}
 940              	.LVL77:
 941              	.L59:
 942              		.loc 1 684 1 view .LVU315
 943              		.align	2
 944              	.L58:
 945 01c8 00000000 		.word	aes_init_done
 946 01cc 00000000 		.word	round_constants
 947 01d0 00000000 		.word	FSb
 948              		.cfi_endproc
 949              	.LFE10:
 951              		.section	.text.mbedtls_aes_setkey_dec,"ax",%progbits
 952              		.align	1
 953              		.global	mbedtls_aes_setkey_dec
 954              		.syntax unified
 955              		.thumb
 956              		.thumb_func
 958              	mbedtls_aes_setkey_dec:
 959              	.LVL78:
 960              	.LFB11:
 685:Libs/mbedtls/library/aes.c **** #endif /* !MBEDTLS_AES_SETKEY_ENC_ALT */
 686:Libs/mbedtls/library/aes.c **** 
 687:Libs/mbedtls/library/aes.c **** /*
 688:Libs/mbedtls/library/aes.c ****  * AES key schedule (decryption)
 689:Libs/mbedtls/library/aes.c ****  */
 690:Libs/mbedtls/library/aes.c **** #if !defined(MBEDTLS_AES_SETKEY_DEC_ALT)
 691:Libs/mbedtls/library/aes.c **** int mbedtls_aes_setkey_dec(mbedtls_aes_context *ctx, const unsigned char *key,
 692:Libs/mbedtls/library/aes.c ****                            unsigned int keybits)
 693:Libs/mbedtls/library/aes.c **** {
 961              		.loc 1 693 1 is_stmt 1 view -0
 962              		.cfi_startproc
ARM GAS  C:\Users\nicx5\AppData\Local\Temp\ccxXSAok.s 			page 33


 963              		@ args = 0, pretend = 0, frame = 280
 964              		@ frame_needed = 0, uses_anonymous_args = 0
 965              		.loc 1 693 1 is_stmt 0 view .LVU317
 966 0000 2DE9F043 		push	{r4, r5, r6, r7, r8, r9, lr}
 967              	.LCFI8:
 968              		.cfi_def_cfa_offset 28
 969              		.cfi_offset 4, -28
 970              		.cfi_offset 5, -24
 971              		.cfi_offset 6, -20
 972              		.cfi_offset 7, -16
 973              		.cfi_offset 8, -12
 974              		.cfi_offset 9, -8
 975              		.cfi_offset 14, -4
 976 0004 C7B0     		sub	sp, sp, #284
 977              	.LCFI9:
 978              		.cfi_def_cfa_offset 312
 979 0006 0646     		mov	r6, r0
 980 0008 0C46     		mov	r4, r1
 981 000a 1546     		mov	r5, r2
 694:Libs/mbedtls/library/aes.c ****     int i, j, ret;
 982              		.loc 1 694 5 is_stmt 1 view .LVU318
 695:Libs/mbedtls/library/aes.c ****     mbedtls_aes_context cty;
 983              		.loc 1 695 5 view .LVU319
 696:Libs/mbedtls/library/aes.c ****     uint32_t *RK;
 984              		.loc 1 696 5 view .LVU320
 697:Libs/mbedtls/library/aes.c ****     uint32_t *SK;
 985              		.loc 1 697 5 view .LVU321
 698:Libs/mbedtls/library/aes.c **** 
 699:Libs/mbedtls/library/aes.c ****     AES_VALIDATE_RET(ctx != NULL);
 986              		.loc 1 699 5 view .LVU322
 987              		.loc 1 699 5 view .LVU323
 988              		.loc 1 699 5 view .LVU324
 700:Libs/mbedtls/library/aes.c ****     AES_VALIDATE_RET(key != NULL);
 989              		.loc 1 700 5 view .LVU325
 990              		.loc 1 700 5 view .LVU326
 991              		.loc 1 700 5 view .LVU327
 701:Libs/mbedtls/library/aes.c **** 
 702:Libs/mbedtls/library/aes.c ****     mbedtls_aes_init(&cty);
 992              		.loc 1 702 5 view .LVU328
 993 000c 6846     		mov	r0, sp
 994              	.LVL79:
 995              		.loc 1 702 5 is_stmt 0 view .LVU329
 996 000e FFF7FEFF 		bl	mbedtls_aes_init
 997              	.LVL80:
 703:Libs/mbedtls/library/aes.c **** 
 704:Libs/mbedtls/library/aes.c ****     ctx->rk = RK = ctx->buf + mbedtls_aes_rk_offset(ctx->buf);
 998              		.loc 1 704 5 is_stmt 1 view .LVU330
 999              		.loc 1 704 20 is_stmt 0 view .LVU331
 1000 0012 06F10809 		add	r9, r6, #8
 1001              		.loc 1 704 31 view .LVU332
 1002 0016 4846     		mov	r0, r9
 1003 0018 FFF7FEFF 		bl	mbedtls_aes_rk_offset
 1004              	.LVL81:
 1005 001c 0746     		mov	r7, r0
 1006              		.loc 1 704 18 discriminator 1 view .LVU333
 1007 001e 09EB8008 		add	r8, r9, r0, lsl #2
 1008              	.LVL82:
ARM GAS  C:\Users\nicx5\AppData\Local\Temp\ccxXSAok.s 			page 34


 1009              		.loc 1 704 13 discriminator 1 view .LVU334
 1010 0022 C6F80480 		str	r8, [r6, #4]
 705:Libs/mbedtls/library/aes.c **** 
 706:Libs/mbedtls/library/aes.c ****     /* Also checks keybits */
 707:Libs/mbedtls/library/aes.c ****     if ((ret = mbedtls_aes_setkey_enc(&cty, key, keybits)) != 0) {
 1011              		.loc 1 707 5 is_stmt 1 view .LVU335
 1012              		.loc 1 707 16 is_stmt 0 view .LVU336
 1013 0026 2A46     		mov	r2, r5
 1014 0028 2146     		mov	r1, r4
 1015 002a 6846     		mov	r0, sp
 1016 002c FFF7FEFF 		bl	mbedtls_aes_setkey_enc
 1017              	.LVL83:
 1018              		.loc 1 707 8 discriminator 1 view .LVU337
 1019 0030 0446     		mov	r4, r0
 1020              	.LVL84:
 1021              		.loc 1 707 8 discriminator 1 view .LVU338
 1022 0032 0028     		cmp	r0, #0
 1023 0034 4ED1     		bne	.L61
 708:Libs/mbedtls/library/aes.c ****         goto exit;
 709:Libs/mbedtls/library/aes.c ****     }
 710:Libs/mbedtls/library/aes.c **** 
 711:Libs/mbedtls/library/aes.c ****     ctx->nr = cty.nr;
 1024              		.loc 1 711 5 is_stmt 1 view .LVU339
 1025              		.loc 1 711 18 is_stmt 0 view .LVU340
 1026 0036 009D     		ldr	r5, [sp]
 1027              	.LVL85:
 1028              		.loc 1 711 13 view .LVU341
 1029 0038 3560     		str	r5, [r6]
 712:Libs/mbedtls/library/aes.c **** 
 713:Libs/mbedtls/library/aes.c **** #if defined(MBEDTLS_AESNI_HAVE_CODE)
 714:Libs/mbedtls/library/aes.c ****     if (mbedtls_aesni_has_support(MBEDTLS_AESNI_AES)) {
 715:Libs/mbedtls/library/aes.c ****         mbedtls_aesni_inverse_key((unsigned char *) ctx->rk,
 716:Libs/mbedtls/library/aes.c ****                                   (const unsigned char *) cty.rk, ctx->nr);
 717:Libs/mbedtls/library/aes.c ****         goto exit;
 718:Libs/mbedtls/library/aes.c ****     }
 719:Libs/mbedtls/library/aes.c **** #endif
 720:Libs/mbedtls/library/aes.c **** 
 721:Libs/mbedtls/library/aes.c ****     SK = cty.rk + cty.nr * 4;
 1030              		.loc 1 721 5 is_stmt 1 view .LVU342
 1031              		.loc 1 721 13 is_stmt 0 view .LVU343
 1032 003a 019B     		ldr	r3, [sp, #4]
 1033              		.loc 1 721 17 view .LVU344
 1034 003c 2A01     		lsls	r2, r5, #4
 1035              		.loc 1 721 8 view .LVU345
 1036 003e 03EB0515 		add	r5, r3, r5, lsl #4
 1037              	.LVL86:
 722:Libs/mbedtls/library/aes.c **** 
 723:Libs/mbedtls/library/aes.c ****     *RK++ = *SK++;
 1038              		.loc 1 723 5 is_stmt 1 view .LVU346
 1039              		.loc 1 723 13 is_stmt 0 view .LVU347
 1040 0042 9B58     		ldr	r3, [r3, r2]
 1041              		.loc 1 723 11 view .LVU348
 1042 0044 49F82730 		str	r3, [r9, r7, lsl #2]
 724:Libs/mbedtls/library/aes.c ****     *RK++ = *SK++;
 1043              		.loc 1 724 5 is_stmt 1 view .LVU349
 1044              	.LVL87:
 1045              		.loc 1 724 13 is_stmt 0 view .LVU350
ARM GAS  C:\Users\nicx5\AppData\Local\Temp\ccxXSAok.s 			page 35


 1046 0048 6B68     		ldr	r3, [r5, #4]
 1047              		.loc 1 724 11 view .LVU351
 1048 004a C8F80430 		str	r3, [r8, #4]
 725:Libs/mbedtls/library/aes.c ****     *RK++ = *SK++;
 1049              		.loc 1 725 5 is_stmt 1 view .LVU352
 1050              	.LVL88:
 1051              		.loc 1 725 13 is_stmt 0 view .LVU353
 1052 004e AB68     		ldr	r3, [r5, #8]
 1053              		.loc 1 725 11 view .LVU354
 1054 0050 C8F80830 		str	r3, [r8, #8]
 726:Libs/mbedtls/library/aes.c ****     *RK++ = *SK++;
 1055              		.loc 1 726 5 is_stmt 1 view .LVU355
 1056              	.LVL89:
 1057              		.loc 1 726 8 is_stmt 0 view .LVU356
 1058 0054 08F1100C 		add	ip, r8, #16
 1059              	.LVL90:
 1060              		.loc 1 726 13 view .LVU357
 1061 0058 EB68     		ldr	r3, [r5, #12]
 1062              		.loc 1 726 11 view .LVU358
 1063 005a C8F80C30 		str	r3, [r8, #12]
 727:Libs/mbedtls/library/aes.c **** 
 728:Libs/mbedtls/library/aes.c ****     for (i = ctx->nr - 1, SK -= 8; i > 0; i--, SK -= 8) {
 1064              		.loc 1 728 5 is_stmt 1 view .LVU359
 1065              		.loc 1 728 17 is_stmt 0 view .LVU360
 1066 005e 3668     		ldr	r6, [r6]
 1067              	.LVL91:
 1068              		.loc 1 728 12 view .LVU361
 1069 0060 013E     		subs	r6, r6, #1
 1070              	.LVL92:
 1071              		.loc 1 728 30 view .LVU362
 1072 0062 103D     		subs	r5, r5, #16
 1073              	.LVL93:
 1074              		.loc 1 728 5 view .LVU363
 1075 0064 26E0     		b	.L62
 1076              	.LVL94:
 1077              	.L63:
 729:Libs/mbedtls/library/aes.c ****         for (j = 0; j < 4; j++, SK++) {
 730:Libs/mbedtls/library/aes.c ****             *RK++ = AES_RT0(FSb[MBEDTLS_BYTE_0(*SK)]) ^
 1078              		.loc 1 730 13 is_stmt 1 view .LVU364
 1079              		.loc 1 730 21 is_stmt 0 view .LVU365
 1080 0066 55F8042B 		ldr	r2, [r5], #4
 1081              	.LVL95:
 1082              		.loc 1 730 21 view .LVU366
 1083 006a D3B2     		uxtb	r3, r2
 1084 006c 1D48     		ldr	r0, .L68
 1085 006e C35C     		ldrb	r3, [r0, r3]	@ zero_extendqisi2
 1086 0070 1D49     		ldr	r1, .L68+4
 1087 0072 51F82330 		ldr	r3, [r1, r3, lsl #2]
 731:Libs/mbedtls/library/aes.c ****                     AES_RT1(FSb[MBEDTLS_BYTE_1(*SK)]) ^
 1088              		.loc 1 731 21 view .LVU367
 1089 0076 C2F30727 		ubfx	r7, r2, #8, #8
 1090 007a C75D     		ldrb	r7, [r0, r7]	@ zero_extendqisi2
 1091 007c 51F82770 		ldr	r7, [r1, r7, lsl #2]
 730:Libs/mbedtls/library/aes.c ****                     AES_RT1(FSb[MBEDTLS_BYTE_1(*SK)]) ^
 1092              		.loc 1 730 55 view .LVU368
 1093 0080 83EA3763 		eor	r3, r3, r7, ror #24
 732:Libs/mbedtls/library/aes.c ****                     AES_RT2(FSb[MBEDTLS_BYTE_2(*SK)]) ^
ARM GAS  C:\Users\nicx5\AppData\Local\Temp\ccxXSAok.s 			page 36


 1094              		.loc 1 732 21 view .LVU369
 1095 0084 C2F30747 		ubfx	r7, r2, #16, #8
 1096 0088 C75D     		ldrb	r7, [r0, r7]	@ zero_extendqisi2
 1097 008a 51F82770 		ldr	r7, [r1, r7, lsl #2]
 731:Libs/mbedtls/library/aes.c ****                     AES_RT1(FSb[MBEDTLS_BYTE_1(*SK)]) ^
 1098              		.loc 1 731 55 view .LVU370
 1099 008e 83EA3743 		eor	r3, r3, r7, ror #16
 733:Libs/mbedtls/library/aes.c ****                     AES_RT3(FSb[MBEDTLS_BYTE_3(*SK)]);
 1100              		.loc 1 733 21 view .LVU371
 1101 0092 120E     		lsrs	r2, r2, #24
 1102 0094 825C     		ldrb	r2, [r0, r2]	@ zero_extendqisi2
 1103 0096 51F82210 		ldr	r1, [r1, r2, lsl #2]
 730:Libs/mbedtls/library/aes.c ****                     AES_RT1(FSb[MBEDTLS_BYTE_1(*SK)]) ^
 1104              		.loc 1 730 16 view .LVU372
 1105 009a 6246     		mov	r2, ip
 1106              	.LVL96:
 732:Libs/mbedtls/library/aes.c ****                     AES_RT2(FSb[MBEDTLS_BYTE_2(*SK)]) ^
 1107              		.loc 1 732 55 view .LVU373
 1108 009c 83EA3123 		eor	r3, r3, r1, ror #8
 730:Libs/mbedtls/library/aes.c ****                     AES_RT1(FSb[MBEDTLS_BYTE_1(*SK)]) ^
 1109              		.loc 1 730 19 view .LVU374
 1110 00a0 42F8043B 		str	r3, [r2], #4
 1111              	.LVL97:
 729:Libs/mbedtls/library/aes.c ****             *RK++ = AES_RT0(FSb[MBEDTLS_BYTE_0(*SK)]) ^
 1112              		.loc 1 729 31 is_stmt 1 discriminator 3 view .LVU375
 729:Libs/mbedtls/library/aes.c ****             *RK++ = AES_RT0(FSb[MBEDTLS_BYTE_0(*SK)]) ^
 1113              		.loc 1 729 29 is_stmt 0 discriminator 3 view .LVU376
 1114 00a4 0EF1010E 		add	lr, lr, #1
 1115              	.LVL98:
 730:Libs/mbedtls/library/aes.c ****                     AES_RT1(FSb[MBEDTLS_BYTE_1(*SK)]) ^
 1116              		.loc 1 730 16 view .LVU377
 1117 00a8 9446     		mov	ip, r2
 1118              	.LVL99:
 1119              	.L64:
 729:Libs/mbedtls/library/aes.c ****             *RK++ = AES_RT0(FSb[MBEDTLS_BYTE_0(*SK)]) ^
 1120              		.loc 1 729 23 is_stmt 1 discriminator 1 view .LVU378
 1121 00aa BEF1030F 		cmp	lr, #3
 1122 00ae DADD     		ble	.L63
 728:Libs/mbedtls/library/aes.c ****         for (j = 0; j < 4; j++, SK++) {
 1123              		.loc 1 728 46 discriminator 2 view .LVU379
 728:Libs/mbedtls/library/aes.c ****         for (j = 0; j < 4; j++, SK++) {
 1124              		.loc 1 728 44 is_stmt 0 discriminator 2 view .LVU380
 1125 00b0 013E     		subs	r6, r6, #1
 1126              	.LVL100:
 728:Libs/mbedtls/library/aes.c ****         for (j = 0; j < 4; j++, SK++) {
 1127              		.loc 1 728 51 discriminator 2 view .LVU381
 1128 00b2 203D     		subs	r5, r5, #32
 1129              	.LVL101:
 1130              	.L62:
 728:Libs/mbedtls/library/aes.c ****         for (j = 0; j < 4; j++, SK++) {
 1131              		.loc 1 728 38 is_stmt 1 discriminator 1 view .LVU382
 1132 00b4 002E     		cmp	r6, #0
 1133 00b6 01DD     		ble	.L67
 729:Libs/mbedtls/library/aes.c ****             *RK++ = AES_RT0(FSb[MBEDTLS_BYTE_0(*SK)]) ^
 1134              		.loc 1 729 16 is_stmt 0 view .LVU383
 1135 00b8 A646     		mov	lr, r4
 1136 00ba F6E7     		b	.L64
ARM GAS  C:\Users\nicx5\AppData\Local\Temp\ccxXSAok.s 			page 37


 1137              	.L67:
 734:Libs/mbedtls/library/aes.c ****         }
 735:Libs/mbedtls/library/aes.c ****     }
 736:Libs/mbedtls/library/aes.c **** 
 737:Libs/mbedtls/library/aes.c ****     *RK++ = *SK++;
 1138              		.loc 1 737 5 is_stmt 1 view .LVU384
 1139              	.LVL102:
 1140              		.loc 1 737 13 is_stmt 0 view .LVU385
 1141 00bc 2B68     		ldr	r3, [r5]
 1142              		.loc 1 737 11 view .LVU386
 1143 00be CCF80030 		str	r3, [ip]
 738:Libs/mbedtls/library/aes.c ****     *RK++ = *SK++;
 1144              		.loc 1 738 5 is_stmt 1 view .LVU387
 1145              	.LVL103:
 1146              		.loc 1 738 13 is_stmt 0 view .LVU388
 1147 00c2 6B68     		ldr	r3, [r5, #4]
 1148              		.loc 1 738 11 view .LVU389
 1149 00c4 CCF80430 		str	r3, [ip, #4]
 739:Libs/mbedtls/library/aes.c ****     *RK++ = *SK++;
 1150              		.loc 1 739 5 is_stmt 1 view .LVU390
 1151              	.LVL104:
 1152              		.loc 1 739 13 is_stmt 0 view .LVU391
 1153 00c8 AB68     		ldr	r3, [r5, #8]
 1154              		.loc 1 739 11 view .LVU392
 1155 00ca CCF80830 		str	r3, [ip, #8]
 740:Libs/mbedtls/library/aes.c ****     *RK++ = *SK++;
 1156              		.loc 1 740 5 is_stmt 1 view .LVU393
 1157              	.LVL105:
 1158              		.loc 1 740 13 is_stmt 0 view .LVU394
 1159 00ce EB68     		ldr	r3, [r5, #12]
 1160              		.loc 1 740 11 view .LVU395
 1161 00d0 CCF80C30 		str	r3, [ip, #12]
 1162              	.LVL106:
 1163              	.L61:
 741:Libs/mbedtls/library/aes.c **** 
 742:Libs/mbedtls/library/aes.c **** exit:
 743:Libs/mbedtls/library/aes.c ****     mbedtls_aes_free(&cty);
 1164              		.loc 1 743 5 is_stmt 1 view .LVU396
 1165 00d4 6846     		mov	r0, sp
 1166 00d6 FFF7FEFF 		bl	mbedtls_aes_free
 1167              	.LVL107:
 744:Libs/mbedtls/library/aes.c **** 
 745:Libs/mbedtls/library/aes.c ****     return ret;
 1168              		.loc 1 745 5 view .LVU397
 746:Libs/mbedtls/library/aes.c **** }
 1169              		.loc 1 746 1 is_stmt 0 view .LVU398
 1170 00da 2046     		mov	r0, r4
 1171 00dc 47B0     		add	sp, sp, #284
 1172              	.LCFI10:
 1173              		.cfi_def_cfa_offset 28
 1174              		@ sp needed
 1175 00de BDE8F083 		pop	{r4, r5, r6, r7, r8, r9, pc}
 1176              	.LVL108:
 1177              	.L69:
 1178              		.loc 1 746 1 view .LVU399
 1179 00e2 00BF     		.align	2
 1180              	.L68:
ARM GAS  C:\Users\nicx5\AppData\Local\Temp\ccxXSAok.s 			page 38


 1181 00e4 00000000 		.word	FSb
 1182 00e8 00000000 		.word	RT0
 1183              		.cfi_endproc
 1184              	.LFE11:
 1186              		.section	.text.mbedtls_internal_aes_encrypt,"ax",%progbits
 1187              		.align	1
 1188              		.global	mbedtls_internal_aes_encrypt
 1189              		.syntax unified
 1190              		.thumb
 1191              		.thumb_func
 1193              	mbedtls_internal_aes_encrypt:
 1194              	.LVL109:
 1195              	.LFB12:
 747:Libs/mbedtls/library/aes.c **** #endif /* !MBEDTLS_AES_SETKEY_DEC_ALT */
 748:Libs/mbedtls/library/aes.c **** 
 749:Libs/mbedtls/library/aes.c **** #if defined(MBEDTLS_CIPHER_MODE_XTS)
 750:Libs/mbedtls/library/aes.c **** static int mbedtls_aes_xts_decode_keys(const unsigned char *key,
 751:Libs/mbedtls/library/aes.c ****                                        unsigned int keybits,
 752:Libs/mbedtls/library/aes.c ****                                        const unsigned char **key1,
 753:Libs/mbedtls/library/aes.c ****                                        unsigned int *key1bits,
 754:Libs/mbedtls/library/aes.c ****                                        const unsigned char **key2,
 755:Libs/mbedtls/library/aes.c ****                                        unsigned int *key2bits)
 756:Libs/mbedtls/library/aes.c **** {
 757:Libs/mbedtls/library/aes.c ****     const unsigned int half_keybits = keybits / 2;
 758:Libs/mbedtls/library/aes.c ****     const unsigned int half_keybytes = half_keybits / 8;
 759:Libs/mbedtls/library/aes.c **** 
 760:Libs/mbedtls/library/aes.c ****     switch (keybits) {
 761:Libs/mbedtls/library/aes.c ****         case 256: break;
 762:Libs/mbedtls/library/aes.c ****         case 512: break;
 763:Libs/mbedtls/library/aes.c ****         default: return MBEDTLS_ERR_AES_INVALID_KEY_LENGTH;
 764:Libs/mbedtls/library/aes.c ****     }
 765:Libs/mbedtls/library/aes.c **** 
 766:Libs/mbedtls/library/aes.c ****     *key1bits = half_keybits;
 767:Libs/mbedtls/library/aes.c ****     *key2bits = half_keybits;
 768:Libs/mbedtls/library/aes.c ****     *key1 = &key[0];
 769:Libs/mbedtls/library/aes.c ****     *key2 = &key[half_keybytes];
 770:Libs/mbedtls/library/aes.c **** 
 771:Libs/mbedtls/library/aes.c ****     return 0;
 772:Libs/mbedtls/library/aes.c **** }
 773:Libs/mbedtls/library/aes.c **** 
 774:Libs/mbedtls/library/aes.c **** int mbedtls_aes_xts_setkey_enc(mbedtls_aes_xts_context *ctx,
 775:Libs/mbedtls/library/aes.c ****                                const unsigned char *key,
 776:Libs/mbedtls/library/aes.c ****                                unsigned int keybits)
 777:Libs/mbedtls/library/aes.c **** {
 778:Libs/mbedtls/library/aes.c ****     int ret = MBEDTLS_ERR_ERROR_CORRUPTION_DETECTED;
 779:Libs/mbedtls/library/aes.c ****     const unsigned char *key1, *key2;
 780:Libs/mbedtls/library/aes.c ****     unsigned int key1bits, key2bits;
 781:Libs/mbedtls/library/aes.c **** 
 782:Libs/mbedtls/library/aes.c ****     AES_VALIDATE_RET(ctx != NULL);
 783:Libs/mbedtls/library/aes.c ****     AES_VALIDATE_RET(key != NULL);
 784:Libs/mbedtls/library/aes.c **** 
 785:Libs/mbedtls/library/aes.c ****     ret = mbedtls_aes_xts_decode_keys(key, keybits, &key1, &key1bits,
 786:Libs/mbedtls/library/aes.c ****                                       &key2, &key2bits);
 787:Libs/mbedtls/library/aes.c ****     if (ret != 0) {
 788:Libs/mbedtls/library/aes.c ****         return ret;
 789:Libs/mbedtls/library/aes.c ****     }
 790:Libs/mbedtls/library/aes.c **** 
ARM GAS  C:\Users\nicx5\AppData\Local\Temp\ccxXSAok.s 			page 39


 791:Libs/mbedtls/library/aes.c ****     /* Set the tweak key. Always set tweak key for the encryption mode. */
 792:Libs/mbedtls/library/aes.c ****     ret = mbedtls_aes_setkey_enc(&ctx->tweak, key2, key2bits);
 793:Libs/mbedtls/library/aes.c ****     if (ret != 0) {
 794:Libs/mbedtls/library/aes.c ****         return ret;
 795:Libs/mbedtls/library/aes.c ****     }
 796:Libs/mbedtls/library/aes.c **** 
 797:Libs/mbedtls/library/aes.c ****     /* Set crypt key for encryption. */
 798:Libs/mbedtls/library/aes.c ****     return mbedtls_aes_setkey_enc(&ctx->crypt, key1, key1bits);
 799:Libs/mbedtls/library/aes.c **** }
 800:Libs/mbedtls/library/aes.c **** 
 801:Libs/mbedtls/library/aes.c **** int mbedtls_aes_xts_setkey_dec(mbedtls_aes_xts_context *ctx,
 802:Libs/mbedtls/library/aes.c ****                                const unsigned char *key,
 803:Libs/mbedtls/library/aes.c ****                                unsigned int keybits)
 804:Libs/mbedtls/library/aes.c **** {
 805:Libs/mbedtls/library/aes.c ****     int ret = MBEDTLS_ERR_ERROR_CORRUPTION_DETECTED;
 806:Libs/mbedtls/library/aes.c ****     const unsigned char *key1, *key2;
 807:Libs/mbedtls/library/aes.c ****     unsigned int key1bits, key2bits;
 808:Libs/mbedtls/library/aes.c **** 
 809:Libs/mbedtls/library/aes.c ****     AES_VALIDATE_RET(ctx != NULL);
 810:Libs/mbedtls/library/aes.c ****     AES_VALIDATE_RET(key != NULL);
 811:Libs/mbedtls/library/aes.c **** 
 812:Libs/mbedtls/library/aes.c ****     ret = mbedtls_aes_xts_decode_keys(key, keybits, &key1, &key1bits,
 813:Libs/mbedtls/library/aes.c ****                                       &key2, &key2bits);
 814:Libs/mbedtls/library/aes.c ****     if (ret != 0) {
 815:Libs/mbedtls/library/aes.c ****         return ret;
 816:Libs/mbedtls/library/aes.c ****     }
 817:Libs/mbedtls/library/aes.c **** 
 818:Libs/mbedtls/library/aes.c ****     /* Set the tweak key. Always set tweak key for encryption. */
 819:Libs/mbedtls/library/aes.c ****     ret = mbedtls_aes_setkey_enc(&ctx->tweak, key2, key2bits);
 820:Libs/mbedtls/library/aes.c ****     if (ret != 0) {
 821:Libs/mbedtls/library/aes.c ****         return ret;
 822:Libs/mbedtls/library/aes.c ****     }
 823:Libs/mbedtls/library/aes.c **** 
 824:Libs/mbedtls/library/aes.c ****     /* Set crypt key for decryption. */
 825:Libs/mbedtls/library/aes.c ****     return mbedtls_aes_setkey_dec(&ctx->crypt, key1, key1bits);
 826:Libs/mbedtls/library/aes.c **** }
 827:Libs/mbedtls/library/aes.c **** #endif /* MBEDTLS_CIPHER_MODE_XTS */
 828:Libs/mbedtls/library/aes.c **** 
 829:Libs/mbedtls/library/aes.c **** #define AES_FROUND(X0, X1, X2, X3, Y0, Y1, Y2, Y3)                 \
 830:Libs/mbedtls/library/aes.c ****     do                                                      \
 831:Libs/mbedtls/library/aes.c ****     {                                                       \
 832:Libs/mbedtls/library/aes.c ****         (X0) = *RK++ ^ AES_FT0(MBEDTLS_BYTE_0(Y0)) ^    \
 833:Libs/mbedtls/library/aes.c ****                AES_FT1(MBEDTLS_BYTE_1(Y1)) ^    \
 834:Libs/mbedtls/library/aes.c ****                AES_FT2(MBEDTLS_BYTE_2(Y2)) ^    \
 835:Libs/mbedtls/library/aes.c ****                AES_FT3(MBEDTLS_BYTE_3(Y3));     \
 836:Libs/mbedtls/library/aes.c ****                                                             \
 837:Libs/mbedtls/library/aes.c ****         (X1) = *RK++ ^ AES_FT0(MBEDTLS_BYTE_0(Y1)) ^    \
 838:Libs/mbedtls/library/aes.c ****                AES_FT1(MBEDTLS_BYTE_1(Y2)) ^    \
 839:Libs/mbedtls/library/aes.c ****                AES_FT2(MBEDTLS_BYTE_2(Y3)) ^    \
 840:Libs/mbedtls/library/aes.c ****                AES_FT3(MBEDTLS_BYTE_3(Y0));     \
 841:Libs/mbedtls/library/aes.c ****                                                             \
 842:Libs/mbedtls/library/aes.c ****         (X2) = *RK++ ^ AES_FT0(MBEDTLS_BYTE_0(Y2)) ^    \
 843:Libs/mbedtls/library/aes.c ****                AES_FT1(MBEDTLS_BYTE_1(Y3)) ^    \
 844:Libs/mbedtls/library/aes.c ****                AES_FT2(MBEDTLS_BYTE_2(Y0)) ^    \
 845:Libs/mbedtls/library/aes.c ****                AES_FT3(MBEDTLS_BYTE_3(Y1));     \
 846:Libs/mbedtls/library/aes.c ****                                                             \
 847:Libs/mbedtls/library/aes.c ****         (X3) = *RK++ ^ AES_FT0(MBEDTLS_BYTE_0(Y3)) ^    \
ARM GAS  C:\Users\nicx5\AppData\Local\Temp\ccxXSAok.s 			page 40


 848:Libs/mbedtls/library/aes.c ****                AES_FT1(MBEDTLS_BYTE_1(Y0)) ^    \
 849:Libs/mbedtls/library/aes.c ****                AES_FT2(MBEDTLS_BYTE_2(Y1)) ^    \
 850:Libs/mbedtls/library/aes.c ****                AES_FT3(MBEDTLS_BYTE_3(Y2));     \
 851:Libs/mbedtls/library/aes.c ****     } while (0)
 852:Libs/mbedtls/library/aes.c **** 
 853:Libs/mbedtls/library/aes.c **** #define AES_RROUND(X0, X1, X2, X3, Y0, Y1, Y2, Y3)                 \
 854:Libs/mbedtls/library/aes.c ****     do                                                      \
 855:Libs/mbedtls/library/aes.c ****     {                                                       \
 856:Libs/mbedtls/library/aes.c ****         (X0) = *RK++ ^ AES_RT0(MBEDTLS_BYTE_0(Y0)) ^    \
 857:Libs/mbedtls/library/aes.c ****                AES_RT1(MBEDTLS_BYTE_1(Y3)) ^    \
 858:Libs/mbedtls/library/aes.c ****                AES_RT2(MBEDTLS_BYTE_2(Y2)) ^    \
 859:Libs/mbedtls/library/aes.c ****                AES_RT3(MBEDTLS_BYTE_3(Y1));     \
 860:Libs/mbedtls/library/aes.c ****                                                             \
 861:Libs/mbedtls/library/aes.c ****         (X1) = *RK++ ^ AES_RT0(MBEDTLS_BYTE_0(Y1)) ^    \
 862:Libs/mbedtls/library/aes.c ****                AES_RT1(MBEDTLS_BYTE_1(Y0)) ^    \
 863:Libs/mbedtls/library/aes.c ****                AES_RT2(MBEDTLS_BYTE_2(Y3)) ^    \
 864:Libs/mbedtls/library/aes.c ****                AES_RT3(MBEDTLS_BYTE_3(Y2));     \
 865:Libs/mbedtls/library/aes.c ****                                                             \
 866:Libs/mbedtls/library/aes.c ****         (X2) = *RK++ ^ AES_RT0(MBEDTLS_BYTE_0(Y2)) ^    \
 867:Libs/mbedtls/library/aes.c ****                AES_RT1(MBEDTLS_BYTE_1(Y1)) ^    \
 868:Libs/mbedtls/library/aes.c ****                AES_RT2(MBEDTLS_BYTE_2(Y0)) ^    \
 869:Libs/mbedtls/library/aes.c ****                AES_RT3(MBEDTLS_BYTE_3(Y3));     \
 870:Libs/mbedtls/library/aes.c ****                                                             \
 871:Libs/mbedtls/library/aes.c ****         (X3) = *RK++ ^ AES_RT0(MBEDTLS_BYTE_0(Y3)) ^    \
 872:Libs/mbedtls/library/aes.c ****                AES_RT1(MBEDTLS_BYTE_1(Y2)) ^    \
 873:Libs/mbedtls/library/aes.c ****                AES_RT2(MBEDTLS_BYTE_2(Y1)) ^    \
 874:Libs/mbedtls/library/aes.c ****                AES_RT3(MBEDTLS_BYTE_3(Y0));     \
 875:Libs/mbedtls/library/aes.c ****     } while (0)
 876:Libs/mbedtls/library/aes.c **** 
 877:Libs/mbedtls/library/aes.c **** /*
 878:Libs/mbedtls/library/aes.c ****  * AES-ECB block encryption
 879:Libs/mbedtls/library/aes.c ****  */
 880:Libs/mbedtls/library/aes.c **** #if !defined(MBEDTLS_AES_ENCRYPT_ALT)
 881:Libs/mbedtls/library/aes.c **** int mbedtls_internal_aes_encrypt(mbedtls_aes_context *ctx,
 882:Libs/mbedtls/library/aes.c ****                                  const unsigned char input[16],
 883:Libs/mbedtls/library/aes.c ****                                  unsigned char output[16])
 884:Libs/mbedtls/library/aes.c **** {
 1196              		.loc 1 884 1 is_stmt 1 view -0
 1197              		.cfi_startproc
 1198              		@ args = 0, pretend = 0, frame = 32
 1199              		@ frame_needed = 0, uses_anonymous_args = 0
 1200              		.loc 1 884 1 is_stmt 0 view .LVU401
 1201 0000 2DE9F047 		push	{r4, r5, r6, r7, r8, r9, r10, lr}
 1202              	.LCFI11:
 1203              		.cfi_def_cfa_offset 32
 1204              		.cfi_offset 4, -32
 1205              		.cfi_offset 5, -28
 1206              		.cfi_offset 6, -24
 1207              		.cfi_offset 7, -20
 1208              		.cfi_offset 8, -16
 1209              		.cfi_offset 9, -12
 1210              		.cfi_offset 10, -8
 1211              		.cfi_offset 14, -4
 1212 0004 88B0     		sub	sp, sp, #32
 1213              	.LCFI12:
 1214              		.cfi_def_cfa_offset 64
 1215 0006 9246     		mov	r10, r2
ARM GAS  C:\Users\nicx5\AppData\Local\Temp\ccxXSAok.s 			page 41


 885:Libs/mbedtls/library/aes.c ****     int i;
 1216              		.loc 1 885 5 is_stmt 1 view .LVU402
 886:Libs/mbedtls/library/aes.c ****     uint32_t *RK = ctx->rk;
 1217              		.loc 1 886 5 view .LVU403
 1218              		.loc 1 886 15 is_stmt 0 view .LVU404
 1219 0008 4468     		ldr	r4, [r0, #4]
 1220              	.LVL110:
 887:Libs/mbedtls/library/aes.c ****     struct {
 1221              		.loc 1 887 5 is_stmt 1 view .LVU405
 888:Libs/mbedtls/library/aes.c ****         uint32_t X[4];
 889:Libs/mbedtls/library/aes.c ****         uint32_t Y[4];
 890:Libs/mbedtls/library/aes.c ****     } t;
 891:Libs/mbedtls/library/aes.c **** 
 892:Libs/mbedtls/library/aes.c ****     t.X[0] = MBEDTLS_GET_UINT32_LE(input,  0); t.X[0] ^= *RK++;
 1222              		.loc 1 892 5 view .LVU406
 1223              		.loc 1 892 14 is_stmt 0 view .LVU407
 1224 000a 0B78     		ldrb	r3, [r1]	@ zero_extendqisi2
 1225 000c 4D78     		ldrb	r5, [r1, #1]	@ zero_extendqisi2
 1226 000e 43EA0523 		orr	r3, r3, r5, lsl #8
 1227 0012 8D78     		ldrb	r5, [r1, #2]	@ zero_extendqisi2
 1228 0014 43EA0543 		orr	r3, r3, r5, lsl #16
 1229 0018 CD78     		ldrb	r5, [r1, #3]	@ zero_extendqisi2
 1230 001a 43EA0563 		orr	r3, r3, r5, lsl #24
 1231              		.loc 1 892 12 view .LVU408
 1232 001e 0093     		str	r3, [sp]
 1233              		.loc 1 892 48 is_stmt 1 view .LVU409
 1234              	.LVL111:
 1235              		.loc 1 892 58 is_stmt 0 view .LVU410
 1236 0020 2568     		ldr	r5, [r4]
 1237              		.loc 1 892 55 view .LVU411
 1238 0022 6B40     		eors	r3, r3, r5
 1239 0024 0093     		str	r3, [sp]
 893:Libs/mbedtls/library/aes.c ****     t.X[1] = MBEDTLS_GET_UINT32_LE(input,  4); t.X[1] ^= *RK++;
 1240              		.loc 1 893 5 is_stmt 1 view .LVU412
 1241              		.loc 1 893 14 is_stmt 0 view .LVU413
 1242 0026 0B79     		ldrb	r3, [r1, #4]	@ zero_extendqisi2
 1243 0028 4D79     		ldrb	r5, [r1, #5]	@ zero_extendqisi2
 1244 002a 43EA0523 		orr	r3, r3, r5, lsl #8
 1245 002e 8D79     		ldrb	r5, [r1, #6]	@ zero_extendqisi2
 1246 0030 43EA0543 		orr	r3, r3, r5, lsl #16
 1247 0034 CD79     		ldrb	r5, [r1, #7]	@ zero_extendqisi2
 1248 0036 43EA0563 		orr	r3, r3, r5, lsl #24
 1249              		.loc 1 893 12 view .LVU414
 1250 003a 0193     		str	r3, [sp, #4]
 1251              		.loc 1 893 48 is_stmt 1 view .LVU415
 1252              	.LVL112:
 1253              		.loc 1 893 58 is_stmt 0 view .LVU416
 1254 003c 6568     		ldr	r5, [r4, #4]
 1255              		.loc 1 893 55 view .LVU417
 1256 003e 6B40     		eors	r3, r3, r5
 1257 0040 0193     		str	r3, [sp, #4]
 894:Libs/mbedtls/library/aes.c ****     t.X[2] = MBEDTLS_GET_UINT32_LE(input,  8); t.X[2] ^= *RK++;
 1258              		.loc 1 894 5 is_stmt 1 view .LVU418
 1259              		.loc 1 894 14 is_stmt 0 view .LVU419
 1260 0042 0B7A     		ldrb	r3, [r1, #8]	@ zero_extendqisi2
 1261 0044 4D7A     		ldrb	r5, [r1, #9]	@ zero_extendqisi2
 1262 0046 43EA0523 		orr	r3, r3, r5, lsl #8
ARM GAS  C:\Users\nicx5\AppData\Local\Temp\ccxXSAok.s 			page 42


 1263 004a 8D7A     		ldrb	r5, [r1, #10]	@ zero_extendqisi2
 1264 004c 43EA0543 		orr	r3, r3, r5, lsl #16
 1265 0050 CD7A     		ldrb	r5, [r1, #11]	@ zero_extendqisi2
 1266 0052 43EA0563 		orr	r3, r3, r5, lsl #24
 1267              		.loc 1 894 12 view .LVU420
 1268 0056 0293     		str	r3, [sp, #8]
 1269              		.loc 1 894 48 is_stmt 1 view .LVU421
 1270              	.LVL113:
 1271              		.loc 1 894 58 is_stmt 0 view .LVU422
 1272 0058 A568     		ldr	r5, [r4, #8]
 1273              		.loc 1 894 55 view .LVU423
 1274 005a 6B40     		eors	r3, r3, r5
 1275 005c 0293     		str	r3, [sp, #8]
 895:Libs/mbedtls/library/aes.c ****     t.X[3] = MBEDTLS_GET_UINT32_LE(input, 12); t.X[3] ^= *RK++;
 1276              		.loc 1 895 5 is_stmt 1 view .LVU424
 1277              		.loc 1 895 14 is_stmt 0 view .LVU425
 1278 005e 0B7B     		ldrb	r3, [r1, #12]	@ zero_extendqisi2
 1279 0060 4D7B     		ldrb	r5, [r1, #13]	@ zero_extendqisi2
 1280 0062 43EA0523 		orr	r3, r3, r5, lsl #8
 1281 0066 8D7B     		ldrb	r5, [r1, #14]	@ zero_extendqisi2
 1282 0068 43EA0543 		orr	r3, r3, r5, lsl #16
 1283 006c C97B     		ldrb	r1, [r1, #15]	@ zero_extendqisi2
 1284              	.LVL114:
 1285              		.loc 1 895 14 view .LVU426
 1286 006e 43EA0163 		orr	r3, r3, r1, lsl #24
 1287              		.loc 1 895 12 view .LVU427
 1288 0072 0393     		str	r3, [sp, #12]
 1289              		.loc 1 895 48 is_stmt 1 view .LVU428
 1290              		.loc 1 895 61 is_stmt 0 view .LVU429
 1291 0074 04F1100C 		add	ip, r4, #16
 1292              	.LVL115:
 1293              		.loc 1 895 58 view .LVU430
 1294 0078 E168     		ldr	r1, [r4, #12]
 1295              		.loc 1 895 55 view .LVU431
 1296 007a 4B40     		eors	r3, r3, r1
 1297 007c 0393     		str	r3, [sp, #12]
 896:Libs/mbedtls/library/aes.c **** 
 897:Libs/mbedtls/library/aes.c ****     for (i = (ctx->nr >> 1) - 1; i > 0; i--) {
 1298              		.loc 1 897 5 is_stmt 1 view .LVU432
 1299              		.loc 1 897 18 is_stmt 0 view .LVU433
 1300 007e 0368     		ldr	r3, [r0]
 1301              		.loc 1 897 23 view .LVU434
 1302 0080 4FEA630E 		asr	lr, r3, #1
 1303              		.loc 1 897 12 view .LVU435
 1304 0084 0EF1FF3E 		add	lr, lr, #-1
 1305              	.LVL116:
 1306              		.loc 1 897 5 view .LVU436
 1307 0088 CEE0     		b	.L71
 1308              	.LVL117:
 1309              	.L72:
 898:Libs/mbedtls/library/aes.c ****         AES_FROUND(t.Y[0], t.Y[1], t.Y[2], t.Y[3], t.X[0], t.X[1], t.X[2], t.X[3]);
 1310              		.loc 1 898 9 is_stmt 1 view .LVU437
 1311              		.loc 1 898 9 view .LVU438
 1312              		.loc 1 898 9 is_stmt 0 view .LVU439
 1313 008a DCF80040 		ldr	r4, [ip]
 1314 008e DDF80080 		ldr	r8, [sp]
 1315 0092 5FFA88F1 		uxtb	r1, r8
ARM GAS  C:\Users\nicx5\AppData\Local\Temp\ccxXSAok.s 			page 43


 1316 0096 E64B     		ldr	r3, .L74
 1317 0098 53F82110 		ldr	r1, [r3, r1, lsl #2]
 1318 009c 4C40     		eors	r4, r4, r1
 1319 009e 019F     		ldr	r7, [sp, #4]
 1320 00a0 C7F30721 		ubfx	r1, r7, #8, #8
 1321 00a4 53F82110 		ldr	r1, [r3, r1, lsl #2]
 1322 00a8 84EA3164 		eor	r4, r4, r1, ror #24
 1323 00ac 029E     		ldr	r6, [sp, #8]
 1324 00ae C6F30741 		ubfx	r1, r6, #16, #8
 1325 00b2 53F82110 		ldr	r1, [r3, r1, lsl #2]
 1326 00b6 84EA3144 		eor	r4, r4, r1, ror #16
 1327 00ba DDF80C90 		ldr	r9, [sp, #12]
 1328 00be 4FEA1961 		lsr	r1, r9, #24
 1329 00c2 53F82110 		ldr	r1, [r3, r1, lsl #2]
 1330 00c6 84EA3124 		eor	r4, r4, r1, ror #8
 1331 00ca 0494     		str	r4, [sp, #16]
 1332              		.loc 1 898 9 is_stmt 1 view .LVU440
 1333              	.LVL118:
 1334              		.loc 1 898 9 is_stmt 0 view .LVU441
 1335 00cc DCF80400 		ldr	r0, [ip, #4]
 1336 00d0 F9B2     		uxtb	r1, r7
 1337 00d2 53F82110 		ldr	r1, [r3, r1, lsl #2]
 1338 00d6 4840     		eors	r0, r0, r1
 1339 00d8 C6F30721 		ubfx	r1, r6, #8, #8
 1340 00dc 53F82110 		ldr	r1, [r3, r1, lsl #2]
 1341 00e0 80EA3160 		eor	r0, r0, r1, ror #24
 1342 00e4 C9F30741 		ubfx	r1, r9, #16, #8
 1343 00e8 53F82110 		ldr	r1, [r3, r1, lsl #2]
 1344 00ec 80EA3140 		eor	r0, r0, r1, ror #16
 1345 00f0 4FEA1861 		lsr	r1, r8, #24
 1346 00f4 53F82110 		ldr	r1, [r3, r1, lsl #2]
 1347 00f8 80EA3120 		eor	r0, r0, r1, ror #8
 1348 00fc 0590     		str	r0, [sp, #20]
 1349              		.loc 1 898 9 is_stmt 1 view .LVU442
 1350              	.LVL119:
 1351              		.loc 1 898 9 is_stmt 0 view .LVU443
 1352 00fe DCF80810 		ldr	r1, [ip, #8]
 1353 0102 F5B2     		uxtb	r5, r6
 1354 0104 53F82550 		ldr	r5, [r3, r5, lsl #2]
 1355 0108 6940     		eors	r1, r1, r5
 1356 010a C9F30725 		ubfx	r5, r9, #8, #8
 1357 010e 53F82550 		ldr	r5, [r3, r5, lsl #2]
 1358 0112 81EA3561 		eor	r1, r1, r5, ror #24
 1359 0116 C8F30745 		ubfx	r5, r8, #16, #8
 1360 011a 53F82550 		ldr	r5, [r3, r5, lsl #2]
 1361 011e 81EA3541 		eor	r1, r1, r5, ror #16
 1362 0122 3D0E     		lsrs	r5, r7, #24
 1363 0124 53F82550 		ldr	r5, [r3, r5, lsl #2]
 1364 0128 81EA3521 		eor	r1, r1, r5, ror #8
 1365 012c 0691     		str	r1, [sp, #24]
 1366              		.loc 1 898 9 is_stmt 1 view .LVU444
 1367              	.LVL120:
 1368              		.loc 1 898 9 is_stmt 0 view .LVU445
 1369 012e 5FFA89F9 		uxtb	r9, r9
 1370 0132 53F82950 		ldr	r5, [r3, r9, lsl #2]
 1371 0136 DCF80C20 		ldr	r2, [ip, #12]
 1372 013a 5540     		eors	r5, r5, r2
ARM GAS  C:\Users\nicx5\AppData\Local\Temp\ccxXSAok.s 			page 44


 1373 013c C8F30728 		ubfx	r8, r8, #8, #8
 1374 0140 53F82880 		ldr	r8, [r3, r8, lsl #2]
 1375 0144 85EA3865 		eor	r5, r5, r8, ror #24
 1376 0148 C7F30747 		ubfx	r7, r7, #16, #8
 1377 014c 53F82770 		ldr	r7, [r3, r7, lsl #2]
 1378 0150 85EA3745 		eor	r5, r5, r7, ror #16
 1379 0154 360E     		lsrs	r6, r6, #24
 1380 0156 53F82660 		ldr	r6, [r3, r6, lsl #2]
 1381 015a 85EA3625 		eor	r5, r5, r6, ror #8
 1382 015e 0795     		str	r5, [sp, #28]
 1383              		.loc 1 898 9 is_stmt 1 view .LVU446
 899:Libs/mbedtls/library/aes.c ****         AES_FROUND(t.X[0], t.X[1], t.X[2], t.X[3], t.Y[0], t.Y[1], t.Y[2], t.Y[3]);
 1384              		.loc 1 899 9 view .LVU447
 1385              		.loc 1 899 9 view .LVU448
 1386              	.LVL121:
 1387              		.loc 1 899 9 is_stmt 0 view .LVU449
 1388 0160 E6B2     		uxtb	r6, r4
 1389 0162 53F82660 		ldr	r6, [r3, r6, lsl #2]
 1390 0166 DCF81020 		ldr	r2, [ip, #16]
 1391 016a 5640     		eors	r6, r6, r2
 1392 016c C0F30727 		ubfx	r7, r0, #8, #8
 1393 0170 53F82770 		ldr	r7, [r3, r7, lsl #2]
 1394 0174 86EA3766 		eor	r6, r6, r7, ror #24
 1395 0178 C1F30747 		ubfx	r7, r1, #16, #8
 1396 017c 53F82770 		ldr	r7, [r3, r7, lsl #2]
 1397 0180 86EA3746 		eor	r6, r6, r7, ror #16
 1398 0184 2F0E     		lsrs	r7, r5, #24
 1399 0186 53F82770 		ldr	r7, [r3, r7, lsl #2]
 1400 018a 86EA3726 		eor	r6, r6, r7, ror #8
 1401 018e 0096     		str	r6, [sp]
 1402              		.loc 1 899 9 is_stmt 1 view .LVU450
 1403              	.LVL122:
 1404              		.loc 1 899 9 is_stmt 0 view .LVU451
 1405 0190 C6B2     		uxtb	r6, r0
 1406 0192 53F82660 		ldr	r6, [r3, r6, lsl #2]
 1407 0196 DCF81420 		ldr	r2, [ip, #20]
 1408 019a 5640     		eors	r6, r6, r2
 1409 019c C1F30727 		ubfx	r7, r1, #8, #8
 1410 01a0 53F82770 		ldr	r7, [r3, r7, lsl #2]
 1411 01a4 86EA3766 		eor	r6, r6, r7, ror #24
 1412 01a8 C5F30747 		ubfx	r7, r5, #16, #8
 1413 01ac 53F82770 		ldr	r7, [r3, r7, lsl #2]
 1414 01b0 86EA3746 		eor	r6, r6, r7, ror #16
 1415 01b4 270E     		lsrs	r7, r4, #24
 1416 01b6 53F82770 		ldr	r7, [r3, r7, lsl #2]
 1417 01ba 86EA3726 		eor	r6, r6, r7, ror #8
 1418 01be 0196     		str	r6, [sp, #4]
 1419              		.loc 1 899 9 is_stmt 1 view .LVU452
 1420              	.LVL123:
 1421              		.loc 1 899 9 is_stmt 0 view .LVU453
 1422 01c0 CEB2     		uxtb	r6, r1
 1423 01c2 53F82660 		ldr	r6, [r3, r6, lsl #2]
 1424 01c6 DCF81820 		ldr	r2, [ip, #24]
 1425 01ca 5640     		eors	r6, r6, r2
 1426 01cc C5F30727 		ubfx	r7, r5, #8, #8
 1427 01d0 53F82770 		ldr	r7, [r3, r7, lsl #2]
 1428 01d4 86EA3766 		eor	r6, r6, r7, ror #24
ARM GAS  C:\Users\nicx5\AppData\Local\Temp\ccxXSAok.s 			page 45


 1429 01d8 C4F30747 		ubfx	r7, r4, #16, #8
 1430 01dc 53F82770 		ldr	r7, [r3, r7, lsl #2]
 1431 01e0 86EA3746 		eor	r6, r6, r7, ror #16
 1432 01e4 070E     		lsrs	r7, r0, #24
 1433 01e6 53F82770 		ldr	r7, [r3, r7, lsl #2]
 1434 01ea 86EA3726 		eor	r6, r6, r7, ror #8
 1435 01ee 0296     		str	r6, [sp, #8]
 1436              		.loc 1 899 9 is_stmt 1 view .LVU454
 1437              	.LVL124:
 1438              		.loc 1 899 9 is_stmt 0 view .LVU455
 1439 01f0 EDB2     		uxtb	r5, r5
 1440 01f2 53F82550 		ldr	r5, [r3, r5, lsl #2]
 1441 01f6 DCF81C20 		ldr	r2, [ip, #28]
 1442 01fa 5540     		eors	r5, r5, r2
 1443 01fc C4F30724 		ubfx	r4, r4, #8, #8
 1444 0200 53F82440 		ldr	r4, [r3, r4, lsl #2]
 1445 0204 85EA3464 		eor	r4, r5, r4, ror #24
 1446 0208 C0F30740 		ubfx	r0, r0, #16, #8
 1447 020c 53F82000 		ldr	r0, [r3, r0, lsl #2]
 1448 0210 84EA3040 		eor	r0, r4, r0, ror #16
 1449 0214 090E     		lsrs	r1, r1, #24
 1450 0216 53F82130 		ldr	r3, [r3, r1, lsl #2]
 1451 021a 80EA3323 		eor	r3, r0, r3, ror #8
 1452 021e 0393     		str	r3, [sp, #12]
 1453              		.loc 1 899 9 is_stmt 1 view .LVU456
 897:Libs/mbedtls/library/aes.c ****         AES_FROUND(t.Y[0], t.Y[1], t.Y[2], t.Y[3], t.X[0], t.X[1], t.X[2], t.X[3]);
 1454              		.loc 1 897 42 discriminator 3 view .LVU457
 1455 0220 0EF1FF3E 		add	lr, lr, #-1
 1456              	.LVL125:
 1457              		.loc 1 899 9 is_stmt 0 view .LVU458
 1458 0224 0CF1200C 		add	ip, ip, #32
 1459              	.LVL126:
 1460              	.L71:
 897:Libs/mbedtls/library/aes.c ****         AES_FROUND(t.Y[0], t.Y[1], t.Y[2], t.Y[3], t.X[0], t.X[1], t.X[2], t.X[3]);
 1461              		.loc 1 897 36 is_stmt 1 discriminator 1 view .LVU459
 1462 0228 BEF1000F 		cmp	lr, #0
 1463 022c 3FF72DAF 		bgt	.L72
 900:Libs/mbedtls/library/aes.c ****     }
 901:Libs/mbedtls/library/aes.c **** 
 902:Libs/mbedtls/library/aes.c ****     AES_FROUND(t.Y[0], t.Y[1], t.Y[2], t.Y[3], t.X[0], t.X[1], t.X[2], t.X[3]);
 1464              		.loc 1 902 5 view .LVU460
 1465              		.loc 1 902 5 view .LVU461
 1466              	.LVL127:
 1467              		.loc 1 902 5 is_stmt 0 view .LVU462
 1468 0230 DCF80010 		ldr	r1, [ip]
 1469 0234 009D     		ldr	r5, [sp]
 1470 0236 E8B2     		uxtb	r0, r5
 1471 0238 7D4B     		ldr	r3, .L74
 1472 023a 53F82000 		ldr	r0, [r3, r0, lsl #2]
 1473 023e 81EA000E 		eor	lr, r1, r0
 1474              	.LVL128:
 1475              		.loc 1 902 5 view .LVU463
 1476 0242 019C     		ldr	r4, [sp, #4]
 1477 0244 C4F30721 		ubfx	r1, r4, #8, #8
 1478 0248 53F82110 		ldr	r1, [r3, r1, lsl #2]
 1479 024c 8EEA316E 		eor	lr, lr, r1, ror #24
 1480 0250 0298     		ldr	r0, [sp, #8]
ARM GAS  C:\Users\nicx5\AppData\Local\Temp\ccxXSAok.s 			page 46


 1481 0252 C0F30741 		ubfx	r1, r0, #16, #8
 1482 0256 53F82110 		ldr	r1, [r3, r1, lsl #2]
 1483 025a 8EEA314E 		eor	lr, lr, r1, ror #16
 1484 025e DDF80C80 		ldr	r8, [sp, #12]
 1485 0262 4FEA1861 		lsr	r1, r8, #24
 1486 0266 53F82110 		ldr	r1, [r3, r1, lsl #2]
 1487 026a 8EEA312E 		eor	lr, lr, r1, ror #8
 1488 026e CDF810E0 		str	lr, [sp, #16]
 1489              		.loc 1 902 5 is_stmt 1 view .LVU464
 1490              	.LVL129:
 1491              		.loc 1 902 5 is_stmt 0 view .LVU465
 1492 0272 DCF80410 		ldr	r1, [ip, #4]
 1493 0276 E6B2     		uxtb	r6, r4
 1494 0278 53F82670 		ldr	r7, [r3, r6, lsl #2]
 1495 027c 4F40     		eors	r7, r7, r1
 1496 027e C0F30721 		ubfx	r1, r0, #8, #8
 1497 0282 53F82110 		ldr	r1, [r3, r1, lsl #2]
 1498 0286 87EA3167 		eor	r7, r7, r1, ror #24
 1499 028a C8F30741 		ubfx	r1, r8, #16, #8
 1500 028e 53F82110 		ldr	r1, [r3, r1, lsl #2]
 1501 0292 87EA3147 		eor	r7, r7, r1, ror #16
 1502 0296 290E     		lsrs	r1, r5, #24
 1503 0298 53F82110 		ldr	r1, [r3, r1, lsl #2]
 1504 029c 87EA3127 		eor	r7, r7, r1, ror #8
 1505 02a0 0597     		str	r7, [sp, #20]
 1506              		.loc 1 902 5 is_stmt 1 view .LVU466
 1507              	.LVL130:
 1508              		.loc 1 902 5 is_stmt 0 view .LVU467
 1509 02a2 DCF80810 		ldr	r1, [ip, #8]
 1510 02a6 C6B2     		uxtb	r6, r0
 1511 02a8 53F82660 		ldr	r6, [r3, r6, lsl #2]
 1512 02ac 4E40     		eors	r6, r6, r1
 1513 02ae C8F30721 		ubfx	r1, r8, #8, #8
 1514 02b2 53F82110 		ldr	r1, [r3, r1, lsl #2]
 1515 02b6 86EA3166 		eor	r6, r6, r1, ror #24
 1516 02ba C5F30741 		ubfx	r1, r5, #16, #8
 1517 02be 53F82110 		ldr	r1, [r3, r1, lsl #2]
 1518 02c2 86EA3146 		eor	r6, r6, r1, ror #16
 1519 02c6 210E     		lsrs	r1, r4, #24
 1520 02c8 53F82110 		ldr	r1, [r3, r1, lsl #2]
 1521 02cc 86EA3126 		eor	r6, r6, r1, ror #8
 1522 02d0 0696     		str	r6, [sp, #24]
 1523              		.loc 1 902 5 is_stmt 1 view .LVU468
 1524              	.LVL131:
 1525              		.loc 1 902 5 is_stmt 0 view .LVU469
 1526 02d2 5FFA88F8 		uxtb	r8, r8
 1527 02d6 53F82810 		ldr	r1, [r3, r8, lsl #2]
 1528 02da DCF80C20 		ldr	r2, [ip, #12]
 1529 02de 82EA0108 		eor	r8, r2, r1
 1530 02e2 C5F30725 		ubfx	r5, r5, #8, #8
 1531 02e6 53F82510 		ldr	r1, [r3, r5, lsl #2]
 1532 02ea 88EA3168 		eor	r8, r8, r1, ror #24
 1533 02ee C4F30744 		ubfx	r4, r4, #16, #8
 1534 02f2 53F82410 		ldr	r1, [r3, r4, lsl #2]
 1535 02f6 88EA3148 		eor	r8, r8, r1, ror #16
 1536 02fa 000E     		lsrs	r0, r0, #24
 1537 02fc 53F82030 		ldr	r3, [r3, r0, lsl #2]
ARM GAS  C:\Users\nicx5\AppData\Local\Temp\ccxXSAok.s 			page 47


 1538 0300 88EA3328 		eor	r8, r8, r3, ror #8
 1539 0304 CDF81C80 		str	r8, [sp, #28]
 1540              		.loc 1 902 5 is_stmt 1 view .LVU470
 903:Libs/mbedtls/library/aes.c **** 
 904:Libs/mbedtls/library/aes.c ****     t.X[0] = *RK++ ^ \
 1541              		.loc 1 904 5 view .LVU471
 1542              	.LVL132:
 1543              		.loc 1 904 14 is_stmt 0 view .LVU472
 1544 0308 DCF81010 		ldr	r1, [ip, #16]
 905:Libs/mbedtls/library/aes.c ****              ((uint32_t) FSb[MBEDTLS_BYTE_0(t.Y[0])]) ^
 1545              		.loc 1 905 30 view .LVU473
 1546 030c 5FFA8EF0 		uxtb	r0, lr
 1547              		.loc 1 905 29 view .LVU474
 1548 0310 484B     		ldr	r3, .L74+4
 1549 0312 185C     		ldrb	r0, [r3, r0]	@ zero_extendqisi2
 904:Libs/mbedtls/library/aes.c ****              ((uint32_t) FSb[MBEDTLS_BYTE_0(t.Y[0])]) ^
 1550              		.loc 1 904 20 view .LVU475
 1551 0314 81EA0004 		eor	r4, r1, r0
 906:Libs/mbedtls/library/aes.c ****              ((uint32_t) FSb[MBEDTLS_BYTE_1(t.Y[1])] <<  8) ^
 1552              		.loc 1 906 30 view .LVU476
 1553 0318 C7F30721 		ubfx	r1, r7, #8, #8
 1554              		.loc 1 906 29 view .LVU477
 1555 031c 595C     		ldrb	r1, [r3, r1]	@ zero_extendqisi2
 905:Libs/mbedtls/library/aes.c ****              ((uint32_t) FSb[MBEDTLS_BYTE_0(t.Y[0])]) ^
 1556              		.loc 1 905 55 view .LVU478
 1557 031e 84EA0124 		eor	r4, r4, r1, lsl #8
 907:Libs/mbedtls/library/aes.c ****              ((uint32_t) FSb[MBEDTLS_BYTE_2(t.Y[2])] << 16) ^
 1558              		.loc 1 907 30 view .LVU479
 1559 0322 C6F30741 		ubfx	r1, r6, #16, #8
 1560              		.loc 1 907 29 view .LVU480
 1561 0326 595C     		ldrb	r1, [r3, r1]	@ zero_extendqisi2
 906:Libs/mbedtls/library/aes.c ****              ((uint32_t) FSb[MBEDTLS_BYTE_1(t.Y[1])] <<  8) ^
 1562              		.loc 1 906 61 view .LVU481
 1563 0328 84EA0144 		eor	r4, r4, r1, lsl #16
 908:Libs/mbedtls/library/aes.c ****              ((uint32_t) FSb[MBEDTLS_BYTE_3(t.Y[3])] << 24);
 1564              		.loc 1 908 30 view .LVU482
 1565 032c 4FEA1861 		lsr	r1, r8, #24
 1566              		.loc 1 908 29 view .LVU483
 1567 0330 595C     		ldrb	r1, [r3, r1]	@ zero_extendqisi2
 907:Libs/mbedtls/library/aes.c ****              ((uint32_t) FSb[MBEDTLS_BYTE_2(t.Y[2])] << 16) ^
 1568              		.loc 1 907 61 view .LVU484
 1569 0332 84EA0164 		eor	r4, r4, r1, lsl #24
 904:Libs/mbedtls/library/aes.c ****              ((uint32_t) FSb[MBEDTLS_BYTE_0(t.Y[0])]) ^
 1570              		.loc 1 904 12 view .LVU485
 1571 0336 0094     		str	r4, [sp]
 909:Libs/mbedtls/library/aes.c **** 
 910:Libs/mbedtls/library/aes.c ****     t.X[1] = *RK++ ^ \
 1572              		.loc 1 910 5 is_stmt 1 view .LVU486
 1573              	.LVL133:
 1574              		.loc 1 910 14 is_stmt 0 view .LVU487
 1575 0338 DCF81410 		ldr	r1, [ip, #20]
 911:Libs/mbedtls/library/aes.c ****              ((uint32_t) FSb[MBEDTLS_BYTE_0(t.Y[1])]) ^
 1576              		.loc 1 911 30 view .LVU488
 1577 033c F8B2     		uxtb	r0, r7
 1578              		.loc 1 911 29 view .LVU489
 1579 033e 185C     		ldrb	r0, [r3, r0]	@ zero_extendqisi2
 910:Libs/mbedtls/library/aes.c ****              ((uint32_t) FSb[MBEDTLS_BYTE_0(t.Y[1])]) ^
ARM GAS  C:\Users\nicx5\AppData\Local\Temp\ccxXSAok.s 			page 48


 1580              		.loc 1 910 20 view .LVU490
 1581 0340 4840     		eors	r0, r0, r1
 912:Libs/mbedtls/library/aes.c ****              ((uint32_t) FSb[MBEDTLS_BYTE_1(t.Y[2])] <<  8) ^
 1582              		.loc 1 912 30 view .LVU491
 1583 0342 C6F30721 		ubfx	r1, r6, #8, #8
 1584              		.loc 1 912 29 view .LVU492
 1585 0346 595C     		ldrb	r1, [r3, r1]	@ zero_extendqisi2
 911:Libs/mbedtls/library/aes.c ****              ((uint32_t) FSb[MBEDTLS_BYTE_0(t.Y[1])]) ^
 1586              		.loc 1 911 55 view .LVU493
 1587 0348 80EA0120 		eor	r0, r0, r1, lsl #8
 913:Libs/mbedtls/library/aes.c ****              ((uint32_t) FSb[MBEDTLS_BYTE_2(t.Y[3])] << 16) ^
 1588              		.loc 1 913 30 view .LVU494
 1589 034c C8F30741 		ubfx	r1, r8, #16, #8
 1590              		.loc 1 913 29 view .LVU495
 1591 0350 595C     		ldrb	r1, [r3, r1]	@ zero_extendqisi2
 912:Libs/mbedtls/library/aes.c ****              ((uint32_t) FSb[MBEDTLS_BYTE_1(t.Y[2])] <<  8) ^
 1592              		.loc 1 912 61 view .LVU496
 1593 0352 80EA0140 		eor	r0, r0, r1, lsl #16
 914:Libs/mbedtls/library/aes.c ****              ((uint32_t) FSb[MBEDTLS_BYTE_3(t.Y[0])] << 24);
 1594              		.loc 1 914 30 view .LVU497
 1595 0356 4FEA1E61 		lsr	r1, lr, #24
 1596              		.loc 1 914 29 view .LVU498
 1597 035a 595C     		ldrb	r1, [r3, r1]	@ zero_extendqisi2
 913:Libs/mbedtls/library/aes.c ****              ((uint32_t) FSb[MBEDTLS_BYTE_2(t.Y[3])] << 16) ^
 1598              		.loc 1 913 61 view .LVU499
 1599 035c 80EA0160 		eor	r0, r0, r1, lsl #24
 910:Libs/mbedtls/library/aes.c ****              ((uint32_t) FSb[MBEDTLS_BYTE_0(t.Y[1])]) ^
 1600              		.loc 1 910 12 view .LVU500
 1601 0360 0190     		str	r0, [sp, #4]
 915:Libs/mbedtls/library/aes.c **** 
 916:Libs/mbedtls/library/aes.c ****     t.X[2] = *RK++ ^ \
 1602              		.loc 1 916 5 is_stmt 1 view .LVU501
 1603              	.LVL134:
 1604              		.loc 1 916 14 is_stmt 0 view .LVU502
 1605 0362 DCF81810 		ldr	r1, [ip, #24]
 917:Libs/mbedtls/library/aes.c ****              ((uint32_t) FSb[MBEDTLS_BYTE_0(t.Y[2])]) ^
 1606              		.loc 1 917 30 view .LVU503
 1607 0366 F5B2     		uxtb	r5, r6
 1608              		.loc 1 917 29 view .LVU504
 1609 0368 5D5D     		ldrb	r5, [r3, r5]	@ zero_extendqisi2
 916:Libs/mbedtls/library/aes.c ****              ((uint32_t) FSb[MBEDTLS_BYTE_0(t.Y[2])]) ^
 1610              		.loc 1 916 20 view .LVU505
 1611 036a 6940     		eors	r1, r1, r5
 918:Libs/mbedtls/library/aes.c ****              ((uint32_t) FSb[MBEDTLS_BYTE_1(t.Y[3])] <<  8) ^
 1612              		.loc 1 918 30 view .LVU506
 1613 036c C8F30725 		ubfx	r5, r8, #8, #8
 1614              		.loc 1 918 29 view .LVU507
 1615 0370 5D5D     		ldrb	r5, [r3, r5]	@ zero_extendqisi2
 917:Libs/mbedtls/library/aes.c ****              ((uint32_t) FSb[MBEDTLS_BYTE_0(t.Y[2])]) ^
 1616              		.loc 1 917 55 view .LVU508
 1617 0372 81EA0521 		eor	r1, r1, r5, lsl #8
 919:Libs/mbedtls/library/aes.c ****              ((uint32_t) FSb[MBEDTLS_BYTE_2(t.Y[0])] << 16) ^
 1618              		.loc 1 919 30 view .LVU509
 1619 0376 CEF30745 		ubfx	r5, lr, #16, #8
 1620              		.loc 1 919 29 view .LVU510
 1621 037a 5D5D     		ldrb	r5, [r3, r5]	@ zero_extendqisi2
 918:Libs/mbedtls/library/aes.c ****              ((uint32_t) FSb[MBEDTLS_BYTE_1(t.Y[3])] <<  8) ^
ARM GAS  C:\Users\nicx5\AppData\Local\Temp\ccxXSAok.s 			page 49


 1622              		.loc 1 918 61 view .LVU511
 1623 037c 81EA0541 		eor	r1, r1, r5, lsl #16
 920:Libs/mbedtls/library/aes.c ****              ((uint32_t) FSb[MBEDTLS_BYTE_3(t.Y[1])] << 24);
 1624              		.loc 1 920 30 view .LVU512
 1625 0380 3D0E     		lsrs	r5, r7, #24
 1626              		.loc 1 920 29 view .LVU513
 1627 0382 5D5D     		ldrb	r5, [r3, r5]	@ zero_extendqisi2
 919:Libs/mbedtls/library/aes.c ****              ((uint32_t) FSb[MBEDTLS_BYTE_2(t.Y[0])] << 16) ^
 1628              		.loc 1 919 61 view .LVU514
 1629 0384 81EA0561 		eor	r1, r1, r5, lsl #24
 916:Libs/mbedtls/library/aes.c ****              ((uint32_t) FSb[MBEDTLS_BYTE_0(t.Y[2])]) ^
 1630              		.loc 1 916 12 view .LVU515
 1631 0388 0291     		str	r1, [sp, #8]
 921:Libs/mbedtls/library/aes.c **** 
 922:Libs/mbedtls/library/aes.c ****     t.X[3] = *RK++ ^ \
 1632              		.loc 1 922 5 is_stmt 1 view .LVU516
 1633              	.LVL135:
 1634              		.loc 1 922 14 is_stmt 0 view .LVU517
 1635 038a DCF81C50 		ldr	r5, [ip, #28]
 923:Libs/mbedtls/library/aes.c ****              ((uint32_t) FSb[MBEDTLS_BYTE_0(t.Y[3])]) ^
 1636              		.loc 1 923 30 view .LVU518
 1637 038e 5FFA88F8 		uxtb	r8, r8
 1638              		.loc 1 923 29 view .LVU519
 1639 0392 13F808C0 		ldrb	ip, [r3, r8]	@ zero_extendqisi2
 1640              	.LVL136:
 922:Libs/mbedtls/library/aes.c ****              ((uint32_t) FSb[MBEDTLS_BYTE_0(t.Y[3])]) ^
 1641              		.loc 1 922 20 view .LVU520
 1642 0396 85EA0C05 		eor	r5, r5, ip
 924:Libs/mbedtls/library/aes.c ****              ((uint32_t) FSb[MBEDTLS_BYTE_1(t.Y[0])] <<  8) ^
 1643              		.loc 1 924 30 view .LVU521
 1644 039a CEF3072E 		ubfx	lr, lr, #8, #8
 1645              		.loc 1 924 29 view .LVU522
 1646 039e 13F80EC0 		ldrb	ip, [r3, lr]	@ zero_extendqisi2
 923:Libs/mbedtls/library/aes.c ****              ((uint32_t) FSb[MBEDTLS_BYTE_0(t.Y[3])]) ^
 1647              		.loc 1 923 55 view .LVU523
 1648 03a2 85EA0C25 		eor	r5, r5, ip, lsl #8
 925:Libs/mbedtls/library/aes.c ****              ((uint32_t) FSb[MBEDTLS_BYTE_2(t.Y[1])] << 16) ^
 1649              		.loc 1 925 30 view .LVU524
 1650 03a6 C7F30747 		ubfx	r7, r7, #16, #8
 1651              		.loc 1 925 29 view .LVU525
 1652 03aa DF5D     		ldrb	r7, [r3, r7]	@ zero_extendqisi2
 924:Libs/mbedtls/library/aes.c ****              ((uint32_t) FSb[MBEDTLS_BYTE_1(t.Y[0])] <<  8) ^
 1653              		.loc 1 924 61 view .LVU526
 1654 03ac 85EA0745 		eor	r5, r5, r7, lsl #16
 926:Libs/mbedtls/library/aes.c ****              ((uint32_t) FSb[MBEDTLS_BYTE_3(t.Y[2])] << 24);
 1655              		.loc 1 926 30 view .LVU527
 1656 03b0 360E     		lsrs	r6, r6, #24
 1657              		.loc 1 926 29 view .LVU528
 1658 03b2 9B5D     		ldrb	r3, [r3, r6]	@ zero_extendqisi2
 925:Libs/mbedtls/library/aes.c ****              ((uint32_t) FSb[MBEDTLS_BYTE_2(t.Y[1])] << 16) ^
 1659              		.loc 1 925 61 view .LVU529
 1660 03b4 85EA0363 		eor	r3, r5, r3, lsl #24
 922:Libs/mbedtls/library/aes.c ****              ((uint32_t) FSb[MBEDTLS_BYTE_0(t.Y[3])]) ^
 1661              		.loc 1 922 12 view .LVU530
 1662 03b8 0393     		str	r3, [sp, #12]
 927:Libs/mbedtls/library/aes.c **** 
 928:Libs/mbedtls/library/aes.c ****     MBEDTLS_PUT_UINT32_LE(t.X[0], output,  0);
ARM GAS  C:\Users\nicx5\AppData\Local\Temp\ccxXSAok.s 			page 50


 1663              		.loc 1 928 5 is_stmt 1 view .LVU531
 1664 03ba 8AF80040 		strb	r4, [r10]
 1665              		.loc 1 928 5 view .LVU532
 1666 03be C4F30725 		ubfx	r5, r4, #8, #8
 1667 03c2 8AF80150 		strb	r5, [r10, #1]
 1668              		.loc 1 928 5 view .LVU533
 1669 03c6 C4F30745 		ubfx	r5, r4, #16, #8
 1670 03ca 8AF80250 		strb	r5, [r10, #2]
 1671              		.loc 1 928 5 view .LVU534
 1672 03ce 240E     		lsrs	r4, r4, #24
 1673 03d0 8AF80340 		strb	r4, [r10, #3]
 1674              		.loc 1 928 46 view .LVU535
 929:Libs/mbedtls/library/aes.c ****     MBEDTLS_PUT_UINT32_LE(t.X[1], output,  4);
 1675              		.loc 1 929 5 view .LVU536
 1676 03d4 8AF80400 		strb	r0, [r10, #4]
 1677              		.loc 1 929 5 view .LVU537
 1678 03d8 C0F30724 		ubfx	r4, r0, #8, #8
 1679 03dc 8AF80540 		strb	r4, [r10, #5]
 1680              		.loc 1 929 5 view .LVU538
 1681 03e0 C0F30744 		ubfx	r4, r0, #16, #8
 1682 03e4 8AF80640 		strb	r4, [r10, #6]
 1683              		.loc 1 929 5 view .LVU539
 1684 03e8 000E     		lsrs	r0, r0, #24
 1685 03ea 8AF80700 		strb	r0, [r10, #7]
 1686              		.loc 1 929 46 view .LVU540
 930:Libs/mbedtls/library/aes.c ****     MBEDTLS_PUT_UINT32_LE(t.X[2], output,  8);
 1687              		.loc 1 930 5 view .LVU541
 1688 03ee 8AF80810 		strb	r1, [r10, #8]
 1689              		.loc 1 930 5 view .LVU542
 1690 03f2 C1F30720 		ubfx	r0, r1, #8, #8
 1691 03f6 8AF80900 		strb	r0, [r10, #9]
 1692              		.loc 1 930 5 view .LVU543
 1693 03fa C1F30740 		ubfx	r0, r1, #16, #8
 1694 03fe 8AF80A00 		strb	r0, [r10, #10]
 1695              		.loc 1 930 5 view .LVU544
 1696 0402 090E     		lsrs	r1, r1, #24
 1697 0404 8AF80B10 		strb	r1, [r10, #11]
 1698              		.loc 1 930 46 view .LVU545
 931:Libs/mbedtls/library/aes.c ****     MBEDTLS_PUT_UINT32_LE(t.X[3], output, 12);
 1699              		.loc 1 931 5 view .LVU546
 1700 0408 8AF80C30 		strb	r3, [r10, #12]
 1701              		.loc 1 931 5 view .LVU547
 1702 040c C3F30721 		ubfx	r1, r3, #8, #8
 1703 0410 8AF80D10 		strb	r1, [r10, #13]
 1704              		.loc 1 931 5 view .LVU548
 1705 0414 C3F30741 		ubfx	r1, r3, #16, #8
 1706 0418 8AF80E10 		strb	r1, [r10, #14]
 1707              		.loc 1 931 5 view .LVU549
 1708 041c 1B0E     		lsrs	r3, r3, #24
 1709 041e 8AF80F30 		strb	r3, [r10, #15]
 1710              		.loc 1 931 46 view .LVU550
 932:Libs/mbedtls/library/aes.c **** 
 933:Libs/mbedtls/library/aes.c ****     mbedtls_platform_zeroize(&t, sizeof(t));
 1711              		.loc 1 933 5 view .LVU551
 1712 0422 2021     		movs	r1, #32
 1713 0424 6846     		mov	r0, sp
 1714 0426 FFF7FEFF 		bl	mbedtls_platform_zeroize
ARM GAS  C:\Users\nicx5\AppData\Local\Temp\ccxXSAok.s 			page 51


 1715              	.LVL137:
 934:Libs/mbedtls/library/aes.c **** 
 935:Libs/mbedtls/library/aes.c ****     return 0;
 1716              		.loc 1 935 5 view .LVU552
 936:Libs/mbedtls/library/aes.c **** }
 1717              		.loc 1 936 1 is_stmt 0 view .LVU553
 1718 042a 0020     		movs	r0, #0
 1719 042c 04E0     		b	.L75
 1720              	.L76:
 1721 042e 00BF     		.align	2
 1722              	.L74:
 1723 0430 00000000 		.word	FT0
 1724 0434 00000000 		.word	FSb
 1725              	.L75:
 1726 0438 08B0     		add	sp, sp, #32
 1727              	.LCFI13:
 1728              		.cfi_def_cfa_offset 32
 1729              		@ sp needed
 1730 043a BDE8F087 		pop	{r4, r5, r6, r7, r8, r9, r10, pc}
 1731              		.loc 1 936 1 view .LVU554
 1732              		.cfi_endproc
 1733              	.LFE12:
 1735 043e 00BF     		.section	.text.mbedtls_aes_encrypt,"ax",%progbits
 1736              		.align	1
 1737              		.global	mbedtls_aes_encrypt
 1738              		.syntax unified
 1739              		.thumb
 1740              		.thumb_func
 1742              	mbedtls_aes_encrypt:
 1743              	.LVL138:
 1744              	.LFB13:
 937:Libs/mbedtls/library/aes.c **** #endif /* !MBEDTLS_AES_ENCRYPT_ALT */
 938:Libs/mbedtls/library/aes.c **** 
 939:Libs/mbedtls/library/aes.c **** #if !defined(MBEDTLS_DEPRECATED_REMOVED)
 940:Libs/mbedtls/library/aes.c **** void mbedtls_aes_encrypt(mbedtls_aes_context *ctx,
 941:Libs/mbedtls/library/aes.c ****                          const unsigned char input[16],
 942:Libs/mbedtls/library/aes.c ****                          unsigned char output[16])
 943:Libs/mbedtls/library/aes.c **** {
 1745              		.loc 1 943 1 is_stmt 1 view -0
 1746              		.cfi_startproc
 1747              		@ args = 0, pretend = 0, frame = 0
 1748              		@ frame_needed = 0, uses_anonymous_args = 0
 1749              		.loc 1 943 1 is_stmt 0 view .LVU556
 1750 0000 08B5     		push	{r3, lr}
 1751              	.LCFI14:
 1752              		.cfi_def_cfa_offset 8
 1753              		.cfi_offset 3, -8
 1754              		.cfi_offset 14, -4
 944:Libs/mbedtls/library/aes.c ****     MBEDTLS_IGNORE_RETURN(mbedtls_internal_aes_encrypt(ctx, input, output));
 1755              		.loc 1 944 5 is_stmt 1 view .LVU557
 1756 0002 FFF7FEFF 		bl	mbedtls_internal_aes_encrypt
 1757              	.LVL139:
 945:Libs/mbedtls/library/aes.c **** }
 1758              		.loc 1 945 1 is_stmt 0 view .LVU558
 1759 0006 08BD     		pop	{r3, pc}
 1760              		.cfi_endproc
 1761              	.LFE13:
ARM GAS  C:\Users\nicx5\AppData\Local\Temp\ccxXSAok.s 			page 52


 1763              		.section	.text.mbedtls_internal_aes_decrypt,"ax",%progbits
 1764              		.align	1
 1765              		.global	mbedtls_internal_aes_decrypt
 1766              		.syntax unified
 1767              		.thumb
 1768              		.thumb_func
 1770              	mbedtls_internal_aes_decrypt:
 1771              	.LVL140:
 1772              	.LFB14:
 946:Libs/mbedtls/library/aes.c **** #endif /* !MBEDTLS_DEPRECATED_REMOVED */
 947:Libs/mbedtls/library/aes.c **** 
 948:Libs/mbedtls/library/aes.c **** /*
 949:Libs/mbedtls/library/aes.c ****  * AES-ECB block decryption
 950:Libs/mbedtls/library/aes.c ****  */
 951:Libs/mbedtls/library/aes.c **** #if !defined(MBEDTLS_AES_DECRYPT_ALT)
 952:Libs/mbedtls/library/aes.c **** int mbedtls_internal_aes_decrypt(mbedtls_aes_context *ctx,
 953:Libs/mbedtls/library/aes.c ****                                  const unsigned char input[16],
 954:Libs/mbedtls/library/aes.c ****                                  unsigned char output[16])
 955:Libs/mbedtls/library/aes.c **** {
 1773              		.loc 1 955 1 is_stmt 1 view -0
 1774              		.cfi_startproc
 1775              		@ args = 0, pretend = 0, frame = 32
 1776              		@ frame_needed = 0, uses_anonymous_args = 0
 1777              		.loc 1 955 1 is_stmt 0 view .LVU560
 1778 0000 2DE9F047 		push	{r4, r5, r6, r7, r8, r9, r10, lr}
 1779              	.LCFI15:
 1780              		.cfi_def_cfa_offset 32
 1781              		.cfi_offset 4, -32
 1782              		.cfi_offset 5, -28
 1783              		.cfi_offset 6, -24
 1784              		.cfi_offset 7, -20
 1785              		.cfi_offset 8, -16
 1786              		.cfi_offset 9, -12
 1787              		.cfi_offset 10, -8
 1788              		.cfi_offset 14, -4
 1789 0004 88B0     		sub	sp, sp, #32
 1790              	.LCFI16:
 1791              		.cfi_def_cfa_offset 64
 1792 0006 9246     		mov	r10, r2
 956:Libs/mbedtls/library/aes.c ****     int i;
 1793              		.loc 1 956 5 is_stmt 1 view .LVU561
 957:Libs/mbedtls/library/aes.c ****     uint32_t *RK = ctx->rk;
 1794              		.loc 1 957 5 view .LVU562
 1795              		.loc 1 957 15 is_stmt 0 view .LVU563
 1796 0008 4468     		ldr	r4, [r0, #4]
 1797              	.LVL141:
 958:Libs/mbedtls/library/aes.c ****     struct {
 1798              		.loc 1 958 5 is_stmt 1 view .LVU564
 959:Libs/mbedtls/library/aes.c ****         uint32_t X[4];
 960:Libs/mbedtls/library/aes.c ****         uint32_t Y[4];
 961:Libs/mbedtls/library/aes.c ****     } t;
 962:Libs/mbedtls/library/aes.c **** 
 963:Libs/mbedtls/library/aes.c ****     t.X[0] = MBEDTLS_GET_UINT32_LE(input,  0); t.X[0] ^= *RK++;
 1799              		.loc 1 963 5 view .LVU565
 1800              		.loc 1 963 14 is_stmt 0 view .LVU566
 1801 000a 0B78     		ldrb	r3, [r1]	@ zero_extendqisi2
 1802 000c 4D78     		ldrb	r5, [r1, #1]	@ zero_extendqisi2
ARM GAS  C:\Users\nicx5\AppData\Local\Temp\ccxXSAok.s 			page 53


 1803 000e 43EA0523 		orr	r3, r3, r5, lsl #8
 1804 0012 8D78     		ldrb	r5, [r1, #2]	@ zero_extendqisi2
 1805 0014 43EA0543 		orr	r3, r3, r5, lsl #16
 1806 0018 CD78     		ldrb	r5, [r1, #3]	@ zero_extendqisi2
 1807 001a 43EA0563 		orr	r3, r3, r5, lsl #24
 1808              		.loc 1 963 12 view .LVU567
 1809 001e 0093     		str	r3, [sp]
 1810              		.loc 1 963 48 is_stmt 1 view .LVU568
 1811              	.LVL142:
 1812              		.loc 1 963 58 is_stmt 0 view .LVU569
 1813 0020 2568     		ldr	r5, [r4]
 1814              		.loc 1 963 55 view .LVU570
 1815 0022 6B40     		eors	r3, r3, r5
 1816 0024 0093     		str	r3, [sp]
 964:Libs/mbedtls/library/aes.c ****     t.X[1] = MBEDTLS_GET_UINT32_LE(input,  4); t.X[1] ^= *RK++;
 1817              		.loc 1 964 5 is_stmt 1 view .LVU571
 1818              		.loc 1 964 14 is_stmt 0 view .LVU572
 1819 0026 0B79     		ldrb	r3, [r1, #4]	@ zero_extendqisi2
 1820 0028 4D79     		ldrb	r5, [r1, #5]	@ zero_extendqisi2
 1821 002a 43EA0523 		orr	r3, r3, r5, lsl #8
 1822 002e 8D79     		ldrb	r5, [r1, #6]	@ zero_extendqisi2
 1823 0030 43EA0543 		orr	r3, r3, r5, lsl #16
 1824 0034 CD79     		ldrb	r5, [r1, #7]	@ zero_extendqisi2
 1825 0036 43EA0563 		orr	r3, r3, r5, lsl #24
 1826              		.loc 1 964 12 view .LVU573
 1827 003a 0193     		str	r3, [sp, #4]
 1828              		.loc 1 964 48 is_stmt 1 view .LVU574
 1829              	.LVL143:
 1830              		.loc 1 964 58 is_stmt 0 view .LVU575
 1831 003c 6568     		ldr	r5, [r4, #4]
 1832              		.loc 1 964 55 view .LVU576
 1833 003e 6B40     		eors	r3, r3, r5
 1834 0040 0193     		str	r3, [sp, #4]
 965:Libs/mbedtls/library/aes.c ****     t.X[2] = MBEDTLS_GET_UINT32_LE(input,  8); t.X[2] ^= *RK++;
 1835              		.loc 1 965 5 is_stmt 1 view .LVU577
 1836              		.loc 1 965 14 is_stmt 0 view .LVU578
 1837 0042 0B7A     		ldrb	r3, [r1, #8]	@ zero_extendqisi2
 1838 0044 4D7A     		ldrb	r5, [r1, #9]	@ zero_extendqisi2
 1839 0046 43EA0523 		orr	r3, r3, r5, lsl #8
 1840 004a 8D7A     		ldrb	r5, [r1, #10]	@ zero_extendqisi2
 1841 004c 43EA0543 		orr	r3, r3, r5, lsl #16
 1842 0050 CD7A     		ldrb	r5, [r1, #11]	@ zero_extendqisi2
 1843 0052 43EA0563 		orr	r3, r3, r5, lsl #24
 1844              		.loc 1 965 12 view .LVU579
 1845 0056 0293     		str	r3, [sp, #8]
 1846              		.loc 1 965 48 is_stmt 1 view .LVU580
 1847              	.LVL144:
 1848              		.loc 1 965 58 is_stmt 0 view .LVU581
 1849 0058 A568     		ldr	r5, [r4, #8]
 1850              		.loc 1 965 55 view .LVU582
 1851 005a 6B40     		eors	r3, r3, r5
 1852 005c 0293     		str	r3, [sp, #8]
 966:Libs/mbedtls/library/aes.c ****     t.X[3] = MBEDTLS_GET_UINT32_LE(input, 12); t.X[3] ^= *RK++;
 1853              		.loc 1 966 5 is_stmt 1 view .LVU583
 1854              		.loc 1 966 14 is_stmt 0 view .LVU584
 1855 005e 0B7B     		ldrb	r3, [r1, #12]	@ zero_extendqisi2
 1856 0060 4D7B     		ldrb	r5, [r1, #13]	@ zero_extendqisi2
ARM GAS  C:\Users\nicx5\AppData\Local\Temp\ccxXSAok.s 			page 54


 1857 0062 43EA0523 		orr	r3, r3, r5, lsl #8
 1858 0066 8D7B     		ldrb	r5, [r1, #14]	@ zero_extendqisi2
 1859 0068 43EA0543 		orr	r3, r3, r5, lsl #16
 1860 006c C97B     		ldrb	r1, [r1, #15]	@ zero_extendqisi2
 1861              	.LVL145:
 1862              		.loc 1 966 14 view .LVU585
 1863 006e 43EA0163 		orr	r3, r3, r1, lsl #24
 1864              		.loc 1 966 12 view .LVU586
 1865 0072 0393     		str	r3, [sp, #12]
 1866              		.loc 1 966 48 is_stmt 1 view .LVU587
 1867              		.loc 1 966 61 is_stmt 0 view .LVU588
 1868 0074 04F1100C 		add	ip, r4, #16
 1869              	.LVL146:
 1870              		.loc 1 966 58 view .LVU589
 1871 0078 E168     		ldr	r1, [r4, #12]
 1872              		.loc 1 966 55 view .LVU590
 1873 007a 4B40     		eors	r3, r3, r1
 1874 007c 0393     		str	r3, [sp, #12]
 967:Libs/mbedtls/library/aes.c **** 
 968:Libs/mbedtls/library/aes.c ****     for (i = (ctx->nr >> 1) - 1; i > 0; i--) {
 1875              		.loc 1 968 5 is_stmt 1 view .LVU591
 1876              		.loc 1 968 18 is_stmt 0 view .LVU592
 1877 007e 0368     		ldr	r3, [r0]
 1878              		.loc 1 968 23 view .LVU593
 1879 0080 4FEA630E 		asr	lr, r3, #1
 1880              		.loc 1 968 12 view .LVU594
 1881 0084 0EF1FF3E 		add	lr, lr, #-1
 1882              	.LVL147:
 1883              		.loc 1 968 5 view .LVU595
 1884 0088 CEE0     		b	.L80
 1885              	.LVL148:
 1886              	.L81:
 969:Libs/mbedtls/library/aes.c ****         AES_RROUND(t.Y[0], t.Y[1], t.Y[2], t.Y[3], t.X[0], t.X[1], t.X[2], t.X[3]);
 1887              		.loc 1 969 9 is_stmt 1 view .LVU596
 1888              		.loc 1 969 9 view .LVU597
 1889              		.loc 1 969 9 is_stmt 0 view .LVU598
 1890 008a DCF80010 		ldr	r1, [ip]
 1891 008e 009E     		ldr	r6, [sp]
 1892 0090 F0B2     		uxtb	r0, r6
 1893 0092 E74B     		ldr	r3, .L83
 1894 0094 53F82000 		ldr	r0, [r3, r0, lsl #2]
 1895 0098 4140     		eors	r1, r1, r0
 1896 009a DDF80C90 		ldr	r9, [sp, #12]
 1897 009e C9F30720 		ubfx	r0, r9, #8, #8
 1898 00a2 53F82000 		ldr	r0, [r3, r0, lsl #2]
 1899 00a6 81EA3061 		eor	r1, r1, r0, ror #24
 1900 00aa DDF80880 		ldr	r8, [sp, #8]
 1901 00ae C8F30740 		ubfx	r0, r8, #16, #8
 1902 00b2 53F82000 		ldr	r0, [r3, r0, lsl #2]
 1903 00b6 81EA3041 		eor	r1, r1, r0, ror #16
 1904 00ba 019F     		ldr	r7, [sp, #4]
 1905 00bc 380E     		lsrs	r0, r7, #24
 1906 00be 53F82000 		ldr	r0, [r3, r0, lsl #2]
 1907 00c2 81EA3021 		eor	r1, r1, r0, ror #8
 1908 00c6 0491     		str	r1, [sp, #16]
 1909              		.loc 1 969 9 is_stmt 1 view .LVU599
 1910              	.LVL149:
ARM GAS  C:\Users\nicx5\AppData\Local\Temp\ccxXSAok.s 			page 55


 1911              		.loc 1 969 9 is_stmt 0 view .LVU600
 1912 00c8 DCF80400 		ldr	r0, [ip, #4]
 1913 00cc FCB2     		uxtb	r4, r7
 1914 00ce 53F82440 		ldr	r4, [r3, r4, lsl #2]
 1915 00d2 6040     		eors	r0, r0, r4
 1916 00d4 C6F30724 		ubfx	r4, r6, #8, #8
 1917 00d8 53F82440 		ldr	r4, [r3, r4, lsl #2]
 1918 00dc 80EA3460 		eor	r0, r0, r4, ror #24
 1919 00e0 C9F30744 		ubfx	r4, r9, #16, #8
 1920 00e4 53F82440 		ldr	r4, [r3, r4, lsl #2]
 1921 00e8 80EA3440 		eor	r0, r0, r4, ror #16
 1922 00ec 4FEA1864 		lsr	r4, r8, #24
 1923 00f0 53F82440 		ldr	r4, [r3, r4, lsl #2]
 1924 00f4 80EA3420 		eor	r0, r0, r4, ror #8
 1925 00f8 0590     		str	r0, [sp, #20]
 1926              		.loc 1 969 9 is_stmt 1 view .LVU601
 1927              	.LVL150:
 1928              		.loc 1 969 9 is_stmt 0 view .LVU602
 1929 00fa DCF80840 		ldr	r4, [ip, #8]
 1930 00fe 5FFA88F5 		uxtb	r5, r8
 1931 0102 53F82550 		ldr	r5, [r3, r5, lsl #2]
 1932 0106 6C40     		eors	r4, r4, r5
 1933 0108 C7F30725 		ubfx	r5, r7, #8, #8
 1934 010c 53F82550 		ldr	r5, [r3, r5, lsl #2]
 1935 0110 84EA3564 		eor	r4, r4, r5, ror #24
 1936 0114 C6F30745 		ubfx	r5, r6, #16, #8
 1937 0118 53F82550 		ldr	r5, [r3, r5, lsl #2]
 1938 011c 84EA3544 		eor	r4, r4, r5, ror #16
 1939 0120 4FEA1965 		lsr	r5, r9, #24
 1940 0124 53F82550 		ldr	r5, [r3, r5, lsl #2]
 1941 0128 84EA3524 		eor	r4, r4, r5, ror #8
 1942 012c 0694     		str	r4, [sp, #24]
 1943              		.loc 1 969 9 is_stmt 1 view .LVU603
 1944              	.LVL151:
 1945              		.loc 1 969 9 is_stmt 0 view .LVU604
 1946 012e 5FFA89F9 		uxtb	r9, r9
 1947 0132 53F82950 		ldr	r5, [r3, r9, lsl #2]
 1948 0136 DCF80C20 		ldr	r2, [ip, #12]
 1949 013a 5540     		eors	r5, r5, r2
 1950 013c C8F30728 		ubfx	r8, r8, #8, #8
 1951 0140 53F82880 		ldr	r8, [r3, r8, lsl #2]
 1952 0144 85EA3865 		eor	r5, r5, r8, ror #24
 1953 0148 C7F30747 		ubfx	r7, r7, #16, #8
 1954 014c 53F82770 		ldr	r7, [r3, r7, lsl #2]
 1955 0150 85EA3745 		eor	r5, r5, r7, ror #16
 1956 0154 360E     		lsrs	r6, r6, #24
 1957 0156 53F82660 		ldr	r6, [r3, r6, lsl #2]
 1958 015a 85EA3625 		eor	r5, r5, r6, ror #8
 1959 015e 0795     		str	r5, [sp, #28]
 1960              		.loc 1 969 9 is_stmt 1 view .LVU605
 970:Libs/mbedtls/library/aes.c ****         AES_RROUND(t.X[0], t.X[1], t.X[2], t.X[3], t.Y[0], t.Y[1], t.Y[2], t.Y[3]);
 1961              		.loc 1 970 9 view .LVU606
 1962              		.loc 1 970 9 view .LVU607
 1963              	.LVL152:
 1964              		.loc 1 970 9 is_stmt 0 view .LVU608
 1965 0160 CEB2     		uxtb	r6, r1
 1966 0162 53F82660 		ldr	r6, [r3, r6, lsl #2]
ARM GAS  C:\Users\nicx5\AppData\Local\Temp\ccxXSAok.s 			page 56


 1967 0166 DCF81020 		ldr	r2, [ip, #16]
 1968 016a 5640     		eors	r6, r6, r2
 1969 016c C5F30727 		ubfx	r7, r5, #8, #8
 1970 0170 53F82770 		ldr	r7, [r3, r7, lsl #2]
 1971 0174 86EA3766 		eor	r6, r6, r7, ror #24
 1972 0178 C4F30747 		ubfx	r7, r4, #16, #8
 1973 017c 53F82770 		ldr	r7, [r3, r7, lsl #2]
 1974 0180 86EA3746 		eor	r6, r6, r7, ror #16
 1975 0184 070E     		lsrs	r7, r0, #24
 1976 0186 53F82770 		ldr	r7, [r3, r7, lsl #2]
 1977 018a 86EA3726 		eor	r6, r6, r7, ror #8
 1978 018e 0096     		str	r6, [sp]
 1979              		.loc 1 970 9 is_stmt 1 view .LVU609
 1980              	.LVL153:
 1981              		.loc 1 970 9 is_stmt 0 view .LVU610
 1982 0190 C6B2     		uxtb	r6, r0
 1983 0192 53F82660 		ldr	r6, [r3, r6, lsl #2]
 1984 0196 DCF81420 		ldr	r2, [ip, #20]
 1985 019a 5640     		eors	r6, r6, r2
 1986 019c C1F30727 		ubfx	r7, r1, #8, #8
 1987 01a0 53F82770 		ldr	r7, [r3, r7, lsl #2]
 1988 01a4 86EA3766 		eor	r6, r6, r7, ror #24
 1989 01a8 C5F30747 		ubfx	r7, r5, #16, #8
 1990 01ac 53F82770 		ldr	r7, [r3, r7, lsl #2]
 1991 01b0 86EA3746 		eor	r6, r6, r7, ror #16
 1992 01b4 270E     		lsrs	r7, r4, #24
 1993 01b6 53F82770 		ldr	r7, [r3, r7, lsl #2]
 1994 01ba 86EA3726 		eor	r6, r6, r7, ror #8
 1995 01be 0196     		str	r6, [sp, #4]
 1996              		.loc 1 970 9 is_stmt 1 view .LVU611
 1997              	.LVL154:
 1998              		.loc 1 970 9 is_stmt 0 view .LVU612
 1999 01c0 E6B2     		uxtb	r6, r4
 2000 01c2 53F82660 		ldr	r6, [r3, r6, lsl #2]
 2001 01c6 DCF81820 		ldr	r2, [ip, #24]
 2002 01ca 5640     		eors	r6, r6, r2
 2003 01cc C0F30727 		ubfx	r7, r0, #8, #8
 2004 01d0 53F82770 		ldr	r7, [r3, r7, lsl #2]
 2005 01d4 86EA3766 		eor	r6, r6, r7, ror #24
 2006 01d8 C1F30747 		ubfx	r7, r1, #16, #8
 2007 01dc 53F82770 		ldr	r7, [r3, r7, lsl #2]
 2008 01e0 86EA3746 		eor	r6, r6, r7, ror #16
 2009 01e4 2F0E     		lsrs	r7, r5, #24
 2010 01e6 53F82770 		ldr	r7, [r3, r7, lsl #2]
 2011 01ea 86EA3726 		eor	r6, r6, r7, ror #8
 2012 01ee 0296     		str	r6, [sp, #8]
 2013              		.loc 1 970 9 is_stmt 1 view .LVU613
 2014              	.LVL155:
 2015              		.loc 1 970 9 is_stmt 0 view .LVU614
 2016 01f0 EDB2     		uxtb	r5, r5
 2017 01f2 53F82550 		ldr	r5, [r3, r5, lsl #2]
 2018 01f6 DCF81C20 		ldr	r2, [ip, #28]
 2019 01fa 5540     		eors	r5, r5, r2
 2020 01fc C4F30724 		ubfx	r4, r4, #8, #8
 2021 0200 53F82440 		ldr	r4, [r3, r4, lsl #2]
 2022 0204 85EA3464 		eor	r4, r5, r4, ror #24
 2023 0208 C0F30740 		ubfx	r0, r0, #16, #8
ARM GAS  C:\Users\nicx5\AppData\Local\Temp\ccxXSAok.s 			page 57


 2024 020c 53F82000 		ldr	r0, [r3, r0, lsl #2]
 2025 0210 84EA3040 		eor	r0, r4, r0, ror #16
 2026 0214 090E     		lsrs	r1, r1, #24
 2027 0216 53F82130 		ldr	r3, [r3, r1, lsl #2]
 2028 021a 80EA3323 		eor	r3, r0, r3, ror #8
 2029 021e 0393     		str	r3, [sp, #12]
 2030              		.loc 1 970 9 is_stmt 1 view .LVU615
 968:Libs/mbedtls/library/aes.c ****         AES_RROUND(t.Y[0], t.Y[1], t.Y[2], t.Y[3], t.X[0], t.X[1], t.X[2], t.X[3]);
 2031              		.loc 1 968 42 discriminator 3 view .LVU616
 2032 0220 0EF1FF3E 		add	lr, lr, #-1
 2033              	.LVL156:
 2034              		.loc 1 970 9 is_stmt 0 view .LVU617
 2035 0224 0CF1200C 		add	ip, ip, #32
 2036              	.LVL157:
 2037              	.L80:
 968:Libs/mbedtls/library/aes.c ****         AES_RROUND(t.Y[0], t.Y[1], t.Y[2], t.Y[3], t.X[0], t.X[1], t.X[2], t.X[3]);
 2038              		.loc 1 968 36 is_stmt 1 discriminator 1 view .LVU618
 2039 0228 BEF1000F 		cmp	lr, #0
 2040 022c 3FF72DAF 		bgt	.L81
 971:Libs/mbedtls/library/aes.c ****     }
 972:Libs/mbedtls/library/aes.c **** 
 973:Libs/mbedtls/library/aes.c ****     AES_RROUND(t.Y[0], t.Y[1], t.Y[2], t.Y[3], t.X[0], t.X[1], t.X[2], t.X[3]);
 2041              		.loc 1 973 5 view .LVU619
 2042              		.loc 1 973 5 view .LVU620
 2043              	.LVL158:
 2044              		.loc 1 973 5 is_stmt 0 view .LVU621
 2045 0230 DCF80010 		ldr	r1, [ip]
 2046 0234 0098     		ldr	r0, [sp]
 2047 0236 C4B2     		uxtb	r4, r0
 2048 0238 7D4B     		ldr	r3, .L83
 2049 023a 53F82460 		ldr	r6, [r3, r4, lsl #2]
 2050 023e 4E40     		eors	r6, r6, r1
 2051 0240 DDF80C80 		ldr	r8, [sp, #12]
 2052 0244 C8F30721 		ubfx	r1, r8, #8, #8
 2053 0248 53F82110 		ldr	r1, [r3, r1, lsl #2]
 2054 024c 86EA3166 		eor	r6, r6, r1, ror #24
 2055 0250 029D     		ldr	r5, [sp, #8]
 2056 0252 C5F30741 		ubfx	r1, r5, #16, #8
 2057 0256 53F82110 		ldr	r1, [r3, r1, lsl #2]
 2058 025a 86EA3146 		eor	r6, r6, r1, ror #16
 2059 025e 019C     		ldr	r4, [sp, #4]
 2060 0260 210E     		lsrs	r1, r4, #24
 2061 0262 53F82110 		ldr	r1, [r3, r1, lsl #2]
 2062 0266 86EA3126 		eor	r6, r6, r1, ror #8
 2063 026a 0496     		str	r6, [sp, #16]
 2064              		.loc 1 973 5 is_stmt 1 view .LVU622
 2065              	.LVL159:
 2066              		.loc 1 973 5 is_stmt 0 view .LVU623
 2067 026c DCF80410 		ldr	r1, [ip, #4]
 2068 0270 E7B2     		uxtb	r7, r4
 2069 0272 53F82770 		ldr	r7, [r3, r7, lsl #2]
 2070 0276 4F40     		eors	r7, r7, r1
 2071 0278 C0F30721 		ubfx	r1, r0, #8, #8
 2072 027c 53F82110 		ldr	r1, [r3, r1, lsl #2]
 2073 0280 87EA3167 		eor	r7, r7, r1, ror #24
 2074 0284 C8F30741 		ubfx	r1, r8, #16, #8
 2075 0288 53F82110 		ldr	r1, [r3, r1, lsl #2]
ARM GAS  C:\Users\nicx5\AppData\Local\Temp\ccxXSAok.s 			page 58


 2076 028c 87EA3147 		eor	r7, r7, r1, ror #16
 2077 0290 290E     		lsrs	r1, r5, #24
 2078 0292 53F82110 		ldr	r1, [r3, r1, lsl #2]
 2079 0296 87EA3127 		eor	r7, r7, r1, ror #8
 2080 029a 0597     		str	r7, [sp, #20]
 2081              		.loc 1 973 5 is_stmt 1 view .LVU624
 2082              	.LVL160:
 2083              		.loc 1 973 5 is_stmt 0 view .LVU625
 2084 029c 5FFA85FE 		uxtb	lr, r5
 2085              	.LVL161:
 2086              		.loc 1 973 5 view .LVU626
 2087 02a0 53F82E10 		ldr	r1, [r3, lr, lsl #2]
 2088 02a4 DCF80820 		ldr	r2, [ip, #8]
 2089 02a8 82EA010E 		eor	lr, r2, r1
 2090 02ac C4F30721 		ubfx	r1, r4, #8, #8
 2091 02b0 53F82110 		ldr	r1, [r3, r1, lsl #2]
 2092 02b4 8EEA316E 		eor	lr, lr, r1, ror #24
 2093 02b8 C0F30741 		ubfx	r1, r0, #16, #8
 2094 02bc 53F82110 		ldr	r1, [r3, r1, lsl #2]
 2095 02c0 8EEA314E 		eor	lr, lr, r1, ror #16
 2096 02c4 4FEA1861 		lsr	r1, r8, #24
 2097 02c8 53F82110 		ldr	r1, [r3, r1, lsl #2]
 2098 02cc 8EEA312E 		eor	lr, lr, r1, ror #8
 2099 02d0 CDF818E0 		str	lr, [sp, #24]
 2100              		.loc 1 973 5 is_stmt 1 view .LVU627
 2101              	.LVL162:
 2102              		.loc 1 973 5 is_stmt 0 view .LVU628
 2103 02d4 5FFA88F8 		uxtb	r8, r8
 2104 02d8 53F82810 		ldr	r1, [r3, r8, lsl #2]
 2105 02dc DCF80C20 		ldr	r2, [ip, #12]
 2106 02e0 82EA0108 		eor	r8, r2, r1
 2107 02e4 C5F30725 		ubfx	r5, r5, #8, #8
 2108 02e8 53F82510 		ldr	r1, [r3, r5, lsl #2]
 2109 02ec 88EA3168 		eor	r8, r8, r1, ror #24
 2110 02f0 C4F30744 		ubfx	r4, r4, #16, #8
 2111 02f4 53F82410 		ldr	r1, [r3, r4, lsl #2]
 2112 02f8 88EA3148 		eor	r8, r8, r1, ror #16
 2113 02fc 000E     		lsrs	r0, r0, #24
 2114 02fe 53F82030 		ldr	r3, [r3, r0, lsl #2]
 2115 0302 88EA3328 		eor	r8, r8, r3, ror #8
 2116 0306 CDF81C80 		str	r8, [sp, #28]
 2117              		.loc 1 973 5 is_stmt 1 view .LVU629
 974:Libs/mbedtls/library/aes.c **** 
 975:Libs/mbedtls/library/aes.c ****     t.X[0] = *RK++ ^ \
 2118              		.loc 1 975 5 view .LVU630
 2119              	.LVL163:
 2120              		.loc 1 975 14 is_stmt 0 view .LVU631
 2121 030a DCF81010 		ldr	r1, [ip, #16]
 976:Libs/mbedtls/library/aes.c ****              ((uint32_t) RSb[MBEDTLS_BYTE_0(t.Y[0])]) ^
 2122              		.loc 1 976 30 view .LVU632
 2123 030e F0B2     		uxtb	r0, r6
 2124              		.loc 1 976 29 view .LVU633
 2125 0310 484B     		ldr	r3, .L83+4
 2126 0312 185C     		ldrb	r0, [r3, r0]	@ zero_extendqisi2
 975:Libs/mbedtls/library/aes.c ****              ((uint32_t) RSb[MBEDTLS_BYTE_0(t.Y[0])]) ^
 2127              		.loc 1 975 20 view .LVU634
 2128 0314 81EA0004 		eor	r4, r1, r0
ARM GAS  C:\Users\nicx5\AppData\Local\Temp\ccxXSAok.s 			page 59


 977:Libs/mbedtls/library/aes.c ****              ((uint32_t) RSb[MBEDTLS_BYTE_1(t.Y[3])] <<  8) ^
 2129              		.loc 1 977 30 view .LVU635
 2130 0318 C8F30721 		ubfx	r1, r8, #8, #8
 2131              		.loc 1 977 29 view .LVU636
 2132 031c 595C     		ldrb	r1, [r3, r1]	@ zero_extendqisi2
 976:Libs/mbedtls/library/aes.c ****              ((uint32_t) RSb[MBEDTLS_BYTE_0(t.Y[0])]) ^
 2133              		.loc 1 976 55 view .LVU637
 2134 031e 84EA0124 		eor	r4, r4, r1, lsl #8
 978:Libs/mbedtls/library/aes.c ****              ((uint32_t) RSb[MBEDTLS_BYTE_2(t.Y[2])] << 16) ^
 2135              		.loc 1 978 30 view .LVU638
 2136 0322 CEF30741 		ubfx	r1, lr, #16, #8
 2137              		.loc 1 978 29 view .LVU639
 2138 0326 595C     		ldrb	r1, [r3, r1]	@ zero_extendqisi2
 977:Libs/mbedtls/library/aes.c ****              ((uint32_t) RSb[MBEDTLS_BYTE_1(t.Y[3])] <<  8) ^
 2139              		.loc 1 977 61 view .LVU640
 2140 0328 84EA0144 		eor	r4, r4, r1, lsl #16
 979:Libs/mbedtls/library/aes.c ****              ((uint32_t) RSb[MBEDTLS_BYTE_3(t.Y[1])] << 24);
 2141              		.loc 1 979 30 view .LVU641
 2142 032c 390E     		lsrs	r1, r7, #24
 2143              		.loc 1 979 29 view .LVU642
 2144 032e 595C     		ldrb	r1, [r3, r1]	@ zero_extendqisi2
 978:Libs/mbedtls/library/aes.c ****              ((uint32_t) RSb[MBEDTLS_BYTE_2(t.Y[2])] << 16) ^
 2145              		.loc 1 978 61 view .LVU643
 2146 0330 84EA0164 		eor	r4, r4, r1, lsl #24
 975:Libs/mbedtls/library/aes.c ****              ((uint32_t) RSb[MBEDTLS_BYTE_0(t.Y[0])]) ^
 2147              		.loc 1 975 12 view .LVU644
 2148 0334 0094     		str	r4, [sp]
 980:Libs/mbedtls/library/aes.c **** 
 981:Libs/mbedtls/library/aes.c ****     t.X[1] = *RK++ ^ \
 2149              		.loc 1 981 5 is_stmt 1 view .LVU645
 2150              	.LVL164:
 2151              		.loc 1 981 14 is_stmt 0 view .LVU646
 2152 0336 DCF81410 		ldr	r1, [ip, #20]
 982:Libs/mbedtls/library/aes.c ****              ((uint32_t) RSb[MBEDTLS_BYTE_0(t.Y[1])]) ^
 2153              		.loc 1 982 30 view .LVU647
 2154 033a F8B2     		uxtb	r0, r7
 2155              		.loc 1 982 29 view .LVU648
 2156 033c 185C     		ldrb	r0, [r3, r0]	@ zero_extendqisi2
 981:Libs/mbedtls/library/aes.c ****              ((uint32_t) RSb[MBEDTLS_BYTE_0(t.Y[1])]) ^
 2157              		.loc 1 981 20 view .LVU649
 2158 033e 4840     		eors	r0, r0, r1
 983:Libs/mbedtls/library/aes.c ****              ((uint32_t) RSb[MBEDTLS_BYTE_1(t.Y[0])] <<  8) ^
 2159              		.loc 1 983 30 view .LVU650
 2160 0340 C6F30721 		ubfx	r1, r6, #8, #8
 2161              		.loc 1 983 29 view .LVU651
 2162 0344 595C     		ldrb	r1, [r3, r1]	@ zero_extendqisi2
 982:Libs/mbedtls/library/aes.c ****              ((uint32_t) RSb[MBEDTLS_BYTE_0(t.Y[1])]) ^
 2163              		.loc 1 982 55 view .LVU652
 2164 0346 80EA0120 		eor	r0, r0, r1, lsl #8
 984:Libs/mbedtls/library/aes.c ****              ((uint32_t) RSb[MBEDTLS_BYTE_2(t.Y[3])] << 16) ^
 2165              		.loc 1 984 30 view .LVU653
 2166 034a C8F30741 		ubfx	r1, r8, #16, #8
 2167              		.loc 1 984 29 view .LVU654
 2168 034e 595C     		ldrb	r1, [r3, r1]	@ zero_extendqisi2
 983:Libs/mbedtls/library/aes.c ****              ((uint32_t) RSb[MBEDTLS_BYTE_1(t.Y[0])] <<  8) ^
 2169              		.loc 1 983 61 view .LVU655
 2170 0350 80EA0140 		eor	r0, r0, r1, lsl #16
ARM GAS  C:\Users\nicx5\AppData\Local\Temp\ccxXSAok.s 			page 60


 985:Libs/mbedtls/library/aes.c ****              ((uint32_t) RSb[MBEDTLS_BYTE_3(t.Y[2])] << 24);
 2171              		.loc 1 985 30 view .LVU656
 2172 0354 4FEA1E61 		lsr	r1, lr, #24
 2173              		.loc 1 985 29 view .LVU657
 2174 0358 595C     		ldrb	r1, [r3, r1]	@ zero_extendqisi2
 984:Libs/mbedtls/library/aes.c ****              ((uint32_t) RSb[MBEDTLS_BYTE_2(t.Y[3])] << 16) ^
 2175              		.loc 1 984 61 view .LVU658
 2176 035a 80EA0160 		eor	r0, r0, r1, lsl #24
 981:Libs/mbedtls/library/aes.c ****              ((uint32_t) RSb[MBEDTLS_BYTE_0(t.Y[1])]) ^
 2177              		.loc 1 981 12 view .LVU659
 2178 035e 0190     		str	r0, [sp, #4]
 986:Libs/mbedtls/library/aes.c **** 
 987:Libs/mbedtls/library/aes.c ****     t.X[2] = *RK++ ^ \
 2179              		.loc 1 987 5 is_stmt 1 view .LVU660
 2180              	.LVL165:
 2181              		.loc 1 987 14 is_stmt 0 view .LVU661
 2182 0360 DCF81810 		ldr	r1, [ip, #24]
 988:Libs/mbedtls/library/aes.c ****              ((uint32_t) RSb[MBEDTLS_BYTE_0(t.Y[2])]) ^
 2183              		.loc 1 988 30 view .LVU662
 2184 0364 5FFA8EF5 		uxtb	r5, lr
 2185              		.loc 1 988 29 view .LVU663
 2186 0368 5D5D     		ldrb	r5, [r3, r5]	@ zero_extendqisi2
 987:Libs/mbedtls/library/aes.c ****              ((uint32_t) RSb[MBEDTLS_BYTE_0(t.Y[2])]) ^
 2187              		.loc 1 987 20 view .LVU664
 2188 036a 6940     		eors	r1, r1, r5
 989:Libs/mbedtls/library/aes.c ****              ((uint32_t) RSb[MBEDTLS_BYTE_1(t.Y[1])] <<  8) ^
 2189              		.loc 1 989 30 view .LVU665
 2190 036c C7F30725 		ubfx	r5, r7, #8, #8
 2191              		.loc 1 989 29 view .LVU666
 2192 0370 5D5D     		ldrb	r5, [r3, r5]	@ zero_extendqisi2
 988:Libs/mbedtls/library/aes.c ****              ((uint32_t) RSb[MBEDTLS_BYTE_0(t.Y[2])]) ^
 2193              		.loc 1 988 55 view .LVU667
 2194 0372 81EA0521 		eor	r1, r1, r5, lsl #8
 990:Libs/mbedtls/library/aes.c ****              ((uint32_t) RSb[MBEDTLS_BYTE_2(t.Y[0])] << 16) ^
 2195              		.loc 1 990 30 view .LVU668
 2196 0376 C6F30745 		ubfx	r5, r6, #16, #8
 2197              		.loc 1 990 29 view .LVU669
 2198 037a 5D5D     		ldrb	r5, [r3, r5]	@ zero_extendqisi2
 989:Libs/mbedtls/library/aes.c ****              ((uint32_t) RSb[MBEDTLS_BYTE_1(t.Y[1])] <<  8) ^
 2199              		.loc 1 989 61 view .LVU670
 2200 037c 81EA0541 		eor	r1, r1, r5, lsl #16
 991:Libs/mbedtls/library/aes.c ****              ((uint32_t) RSb[MBEDTLS_BYTE_3(t.Y[3])] << 24);
 2201              		.loc 1 991 30 view .LVU671
 2202 0380 4FEA1865 		lsr	r5, r8, #24
 2203              		.loc 1 991 29 view .LVU672
 2204 0384 5D5D     		ldrb	r5, [r3, r5]	@ zero_extendqisi2
 990:Libs/mbedtls/library/aes.c ****              ((uint32_t) RSb[MBEDTLS_BYTE_2(t.Y[0])] << 16) ^
 2205              		.loc 1 990 61 view .LVU673
 2206 0386 81EA0561 		eor	r1, r1, r5, lsl #24
 987:Libs/mbedtls/library/aes.c ****              ((uint32_t) RSb[MBEDTLS_BYTE_0(t.Y[2])]) ^
 2207              		.loc 1 987 12 view .LVU674
 2208 038a 0291     		str	r1, [sp, #8]
 992:Libs/mbedtls/library/aes.c **** 
 993:Libs/mbedtls/library/aes.c ****     t.X[3] = *RK++ ^ \
 2209              		.loc 1 993 5 is_stmt 1 view .LVU675
 2210              	.LVL166:
 2211              		.loc 1 993 14 is_stmt 0 view .LVU676
ARM GAS  C:\Users\nicx5\AppData\Local\Temp\ccxXSAok.s 			page 61


 2212 038c DCF81C50 		ldr	r5, [ip, #28]
 994:Libs/mbedtls/library/aes.c ****              ((uint32_t) RSb[MBEDTLS_BYTE_0(t.Y[3])]) ^
 2213              		.loc 1 994 30 view .LVU677
 2214 0390 5FFA88F8 		uxtb	r8, r8
 2215              		.loc 1 994 29 view .LVU678
 2216 0394 13F808C0 		ldrb	ip, [r3, r8]	@ zero_extendqisi2
 2217              	.LVL167:
 993:Libs/mbedtls/library/aes.c ****              ((uint32_t) RSb[MBEDTLS_BYTE_0(t.Y[3])]) ^
 2218              		.loc 1 993 20 view .LVU679
 2219 0398 85EA0C05 		eor	r5, r5, ip
 995:Libs/mbedtls/library/aes.c ****              ((uint32_t) RSb[MBEDTLS_BYTE_1(t.Y[2])] <<  8) ^
 2220              		.loc 1 995 30 view .LVU680
 2221 039c CEF3072E 		ubfx	lr, lr, #8, #8
 2222              		.loc 1 995 29 view .LVU681
 2223 03a0 13F80EC0 		ldrb	ip, [r3, lr]	@ zero_extendqisi2
 994:Libs/mbedtls/library/aes.c ****              ((uint32_t) RSb[MBEDTLS_BYTE_0(t.Y[3])]) ^
 2224              		.loc 1 994 55 view .LVU682
 2225 03a4 85EA0C25 		eor	r5, r5, ip, lsl #8
 996:Libs/mbedtls/library/aes.c ****              ((uint32_t) RSb[MBEDTLS_BYTE_2(t.Y[1])] << 16) ^
 2226              		.loc 1 996 30 view .LVU683
 2227 03a8 C7F30747 		ubfx	r7, r7, #16, #8
 2228              		.loc 1 996 29 view .LVU684
 2229 03ac DF5D     		ldrb	r7, [r3, r7]	@ zero_extendqisi2
 995:Libs/mbedtls/library/aes.c ****              ((uint32_t) RSb[MBEDTLS_BYTE_1(t.Y[2])] <<  8) ^
 2230              		.loc 1 995 61 view .LVU685
 2231 03ae 85EA0745 		eor	r5, r5, r7, lsl #16
 997:Libs/mbedtls/library/aes.c ****              ((uint32_t) RSb[MBEDTLS_BYTE_3(t.Y[0])] << 24);
 2232              		.loc 1 997 30 view .LVU686
 2233 03b2 360E     		lsrs	r6, r6, #24
 2234              		.loc 1 997 29 view .LVU687
 2235 03b4 9B5D     		ldrb	r3, [r3, r6]	@ zero_extendqisi2
 996:Libs/mbedtls/library/aes.c ****              ((uint32_t) RSb[MBEDTLS_BYTE_2(t.Y[1])] << 16) ^
 2236              		.loc 1 996 61 view .LVU688
 2237 03b6 85EA0363 		eor	r3, r5, r3, lsl #24
 993:Libs/mbedtls/library/aes.c ****              ((uint32_t) RSb[MBEDTLS_BYTE_0(t.Y[3])]) ^
 2238              		.loc 1 993 12 view .LVU689
 2239 03ba 0393     		str	r3, [sp, #12]
 998:Libs/mbedtls/library/aes.c **** 
 999:Libs/mbedtls/library/aes.c ****     MBEDTLS_PUT_UINT32_LE(t.X[0], output,  0);
 2240              		.loc 1 999 5 is_stmt 1 view .LVU690
 2241 03bc 8AF80040 		strb	r4, [r10]
 2242              		.loc 1 999 5 view .LVU691
 2243 03c0 C4F30725 		ubfx	r5, r4, #8, #8
 2244 03c4 8AF80150 		strb	r5, [r10, #1]
 2245              		.loc 1 999 5 view .LVU692
 2246 03c8 C4F30745 		ubfx	r5, r4, #16, #8
 2247 03cc 8AF80250 		strb	r5, [r10, #2]
 2248              		.loc 1 999 5 view .LVU693
 2249 03d0 240E     		lsrs	r4, r4, #24
 2250 03d2 8AF80340 		strb	r4, [r10, #3]
 2251              		.loc 1 999 46 view .LVU694
1000:Libs/mbedtls/library/aes.c ****     MBEDTLS_PUT_UINT32_LE(t.X[1], output,  4);
 2252              		.loc 1 1000 5 view .LVU695
 2253 03d6 8AF80400 		strb	r0, [r10, #4]
 2254              		.loc 1 1000 5 view .LVU696
 2255 03da C0F30724 		ubfx	r4, r0, #8, #8
 2256 03de 8AF80540 		strb	r4, [r10, #5]
ARM GAS  C:\Users\nicx5\AppData\Local\Temp\ccxXSAok.s 			page 62


 2257              		.loc 1 1000 5 view .LVU697
 2258 03e2 C0F30744 		ubfx	r4, r0, #16, #8
 2259 03e6 8AF80640 		strb	r4, [r10, #6]
 2260              		.loc 1 1000 5 view .LVU698
 2261 03ea 000E     		lsrs	r0, r0, #24
 2262 03ec 8AF80700 		strb	r0, [r10, #7]
 2263              		.loc 1 1000 46 view .LVU699
1001:Libs/mbedtls/library/aes.c ****     MBEDTLS_PUT_UINT32_LE(t.X[2], output,  8);
 2264              		.loc 1 1001 5 view .LVU700
 2265 03f0 8AF80810 		strb	r1, [r10, #8]
 2266              		.loc 1 1001 5 view .LVU701
 2267 03f4 C1F30720 		ubfx	r0, r1, #8, #8
 2268 03f8 8AF80900 		strb	r0, [r10, #9]
 2269              		.loc 1 1001 5 view .LVU702
 2270 03fc C1F30740 		ubfx	r0, r1, #16, #8
 2271 0400 8AF80A00 		strb	r0, [r10, #10]
 2272              		.loc 1 1001 5 view .LVU703
 2273 0404 090E     		lsrs	r1, r1, #24
 2274 0406 8AF80B10 		strb	r1, [r10, #11]
 2275              		.loc 1 1001 46 view .LVU704
1002:Libs/mbedtls/library/aes.c ****     MBEDTLS_PUT_UINT32_LE(t.X[3], output, 12);
 2276              		.loc 1 1002 5 view .LVU705
 2277 040a 8AF80C30 		strb	r3, [r10, #12]
 2278              		.loc 1 1002 5 view .LVU706
 2279 040e C3F30721 		ubfx	r1, r3, #8, #8
 2280 0412 8AF80D10 		strb	r1, [r10, #13]
 2281              		.loc 1 1002 5 view .LVU707
 2282 0416 C3F30741 		ubfx	r1, r3, #16, #8
 2283 041a 8AF80E10 		strb	r1, [r10, #14]
 2284              		.loc 1 1002 5 view .LVU708
 2285 041e 1B0E     		lsrs	r3, r3, #24
 2286 0420 8AF80F30 		strb	r3, [r10, #15]
 2287              		.loc 1 1002 46 view .LVU709
1003:Libs/mbedtls/library/aes.c **** 
1004:Libs/mbedtls/library/aes.c ****     mbedtls_platform_zeroize(&t, sizeof(t));
 2288              		.loc 1 1004 5 view .LVU710
 2289 0424 2021     		movs	r1, #32
 2290 0426 6846     		mov	r0, sp
 2291 0428 FFF7FEFF 		bl	mbedtls_platform_zeroize
 2292              	.LVL168:
1005:Libs/mbedtls/library/aes.c **** 
1006:Libs/mbedtls/library/aes.c ****     return 0;
 2293              		.loc 1 1006 5 view .LVU711
1007:Libs/mbedtls/library/aes.c **** }
 2294              		.loc 1 1007 1 is_stmt 0 view .LVU712
 2295 042c 0020     		movs	r0, #0
 2296 042e 03E0     		b	.L84
 2297              	.L85:
 2298              		.align	2
 2299              	.L83:
 2300 0430 00000000 		.word	RT0
 2301 0434 00000000 		.word	RSb
 2302              	.L84:
 2303 0438 08B0     		add	sp, sp, #32
 2304              	.LCFI17:
 2305              		.cfi_def_cfa_offset 32
 2306              		@ sp needed
ARM GAS  C:\Users\nicx5\AppData\Local\Temp\ccxXSAok.s 			page 63


 2307 043a BDE8F087 		pop	{r4, r5, r6, r7, r8, r9, r10, pc}
 2308              		.loc 1 1007 1 view .LVU713
 2309              		.cfi_endproc
 2310              	.LFE14:
 2312 043e 00BF     		.section	.text.mbedtls_aes_decrypt,"ax",%progbits
 2313              		.align	1
 2314              		.global	mbedtls_aes_decrypt
 2315              		.syntax unified
 2316              		.thumb
 2317              		.thumb_func
 2319              	mbedtls_aes_decrypt:
 2320              	.LVL169:
 2321              	.LFB15:
1008:Libs/mbedtls/library/aes.c **** #endif /* !MBEDTLS_AES_DECRYPT_ALT */
1009:Libs/mbedtls/library/aes.c **** 
1010:Libs/mbedtls/library/aes.c **** #if !defined(MBEDTLS_DEPRECATED_REMOVED)
1011:Libs/mbedtls/library/aes.c **** void mbedtls_aes_decrypt(mbedtls_aes_context *ctx,
1012:Libs/mbedtls/library/aes.c ****                          const unsigned char input[16],
1013:Libs/mbedtls/library/aes.c ****                          unsigned char output[16])
1014:Libs/mbedtls/library/aes.c **** {
 2322              		.loc 1 1014 1 is_stmt 1 view -0
 2323              		.cfi_startproc
 2324              		@ args = 0, pretend = 0, frame = 0
 2325              		@ frame_needed = 0, uses_anonymous_args = 0
 2326              		.loc 1 1014 1 is_stmt 0 view .LVU715
 2327 0000 08B5     		push	{r3, lr}
 2328              	.LCFI18:
 2329              		.cfi_def_cfa_offset 8
 2330              		.cfi_offset 3, -8
 2331              		.cfi_offset 14, -4
1015:Libs/mbedtls/library/aes.c ****     MBEDTLS_IGNORE_RETURN(mbedtls_internal_aes_decrypt(ctx, input, output));
 2332              		.loc 1 1015 5 is_stmt 1 view .LVU716
 2333 0002 FFF7FEFF 		bl	mbedtls_internal_aes_decrypt
 2334              	.LVL170:
1016:Libs/mbedtls/library/aes.c **** }
 2335              		.loc 1 1016 1 is_stmt 0 view .LVU717
 2336 0006 08BD     		pop	{r3, pc}
 2337              		.cfi_endproc
 2338              	.LFE15:
 2340              		.section	.text.mbedtls_aes_crypt_ecb,"ax",%progbits
 2341              		.align	1
 2342              		.global	mbedtls_aes_crypt_ecb
 2343              		.syntax unified
 2344              		.thumb
 2345              		.thumb_func
 2347              	mbedtls_aes_crypt_ecb:
 2348              	.LVL171:
 2349              	.LFB16:
1017:Libs/mbedtls/library/aes.c **** #endif /* !MBEDTLS_DEPRECATED_REMOVED */
1018:Libs/mbedtls/library/aes.c **** 
1019:Libs/mbedtls/library/aes.c **** #if defined(MAY_NEED_TO_ALIGN)
1020:Libs/mbedtls/library/aes.c **** /* VIA Padlock and our intrinsics-based implementation of AESNI require
1021:Libs/mbedtls/library/aes.c ****  * the round keys to be aligned on a 16-byte boundary. We take care of this
1022:Libs/mbedtls/library/aes.c ****  * before creating them, but the AES context may have moved (this can happen
1023:Libs/mbedtls/library/aes.c ****  * if the library is called from a language with managed memory), and in later
1024:Libs/mbedtls/library/aes.c ****  * calls it might have a different alignment with respect to 16-byte memory.
1025:Libs/mbedtls/library/aes.c ****  * So we may need to realign.
ARM GAS  C:\Users\nicx5\AppData\Local\Temp\ccxXSAok.s 			page 64


1026:Libs/mbedtls/library/aes.c ****  * NOTE: In the LTS branch, the context contains a pointer to within itself,
1027:Libs/mbedtls/library/aes.c ****  * so if it has been moved, things will probably go pear-shaped. We keep this
1028:Libs/mbedtls/library/aes.c ****  * code for compatibility with the development branch, in case of future changes.
1029:Libs/mbedtls/library/aes.c ****  */
1030:Libs/mbedtls/library/aes.c **** static void aes_maybe_realign(mbedtls_aes_context *ctx)
1031:Libs/mbedtls/library/aes.c **** {
1032:Libs/mbedtls/library/aes.c ****     unsigned current_offset = (unsigned) (ctx->rk - ctx->buf);
1033:Libs/mbedtls/library/aes.c ****     unsigned new_offset = mbedtls_aes_rk_offset(ctx->buf);
1034:Libs/mbedtls/library/aes.c ****     if (new_offset != current_offset) {
1035:Libs/mbedtls/library/aes.c ****         memmove(ctx->buf + new_offset,     // new address
1036:Libs/mbedtls/library/aes.c ****                 ctx->buf + current_offset, // current address
1037:Libs/mbedtls/library/aes.c ****                 (ctx->nr + 1) * 16);       // number of round keys * bytes per rk
1038:Libs/mbedtls/library/aes.c ****         ctx->rk = ctx->buf + new_offset;
1039:Libs/mbedtls/library/aes.c ****     }
1040:Libs/mbedtls/library/aes.c **** }
1041:Libs/mbedtls/library/aes.c **** #endif
1042:Libs/mbedtls/library/aes.c **** 
1043:Libs/mbedtls/library/aes.c **** /*
1044:Libs/mbedtls/library/aes.c ****  * AES-ECB block encryption/decryption
1045:Libs/mbedtls/library/aes.c ****  */
1046:Libs/mbedtls/library/aes.c **** int mbedtls_aes_crypt_ecb(mbedtls_aes_context *ctx,
1047:Libs/mbedtls/library/aes.c ****                           int mode,
1048:Libs/mbedtls/library/aes.c ****                           const unsigned char input[16],
1049:Libs/mbedtls/library/aes.c ****                           unsigned char output[16])
1050:Libs/mbedtls/library/aes.c **** {
 2350              		.loc 1 1050 1 is_stmt 1 view -0
 2351              		.cfi_startproc
 2352              		@ args = 0, pretend = 0, frame = 0
 2353              		@ frame_needed = 0, uses_anonymous_args = 0
 2354              		.loc 1 1050 1 is_stmt 0 view .LVU719
 2355 0000 08B5     		push	{r3, lr}
 2356              	.LCFI19:
 2357              		.cfi_def_cfa_offset 8
 2358              		.cfi_offset 3, -8
 2359              		.cfi_offset 14, -4
 2360 0002 8C46     		mov	ip, r1
 2361 0004 1146     		mov	r1, r2
 2362              	.LVL172:
 2363              		.loc 1 1050 1 view .LVU720
 2364 0006 1A46     		mov	r2, r3
 2365              	.LVL173:
1051:Libs/mbedtls/library/aes.c ****     AES_VALIDATE_RET(ctx != NULL);
 2366              		.loc 1 1051 5 is_stmt 1 view .LVU721
 2367              		.loc 1 1051 5 view .LVU722
 2368              		.loc 1 1051 5 view .LVU723
1052:Libs/mbedtls/library/aes.c ****     AES_VALIDATE_RET(input != NULL);
 2369              		.loc 1 1052 5 view .LVU724
 2370              		.loc 1 1052 5 view .LVU725
 2371              		.loc 1 1052 5 view .LVU726
1053:Libs/mbedtls/library/aes.c ****     AES_VALIDATE_RET(output != NULL);
 2372              		.loc 1 1053 5 view .LVU727
 2373              		.loc 1 1053 5 view .LVU728
 2374              		.loc 1 1053 5 view .LVU729
1054:Libs/mbedtls/library/aes.c ****     AES_VALIDATE_RET(mode == MBEDTLS_AES_ENCRYPT ||
 2375              		.loc 1 1054 5 view .LVU730
 2376              		.loc 1 1054 5 view .LVU731
 2377              		.loc 1 1054 5 view .LVU732
ARM GAS  C:\Users\nicx5\AppData\Local\Temp\ccxXSAok.s 			page 65


1055:Libs/mbedtls/library/aes.c ****                      mode == MBEDTLS_AES_DECRYPT);
1056:Libs/mbedtls/library/aes.c **** 
1057:Libs/mbedtls/library/aes.c **** #if defined(MAY_NEED_TO_ALIGN)
1058:Libs/mbedtls/library/aes.c ****     aes_maybe_realign(ctx);
1059:Libs/mbedtls/library/aes.c **** #endif
1060:Libs/mbedtls/library/aes.c **** 
1061:Libs/mbedtls/library/aes.c **** #if defined(MBEDTLS_AESNI_HAVE_CODE)
1062:Libs/mbedtls/library/aes.c ****     if (mbedtls_aesni_has_support(MBEDTLS_AESNI_AES)) {
1063:Libs/mbedtls/library/aes.c ****         return mbedtls_aesni_crypt_ecb(ctx, mode, input, output);
1064:Libs/mbedtls/library/aes.c ****     }
1065:Libs/mbedtls/library/aes.c **** #endif
1066:Libs/mbedtls/library/aes.c **** 
1067:Libs/mbedtls/library/aes.c **** #if defined(MBEDTLS_VIA_PADLOCK_HAVE_CODE)
1068:Libs/mbedtls/library/aes.c ****     if (aes_padlock_ace) {
1069:Libs/mbedtls/library/aes.c ****         return mbedtls_padlock_xcryptecb(ctx, mode, input, output);
1070:Libs/mbedtls/library/aes.c ****     }
1071:Libs/mbedtls/library/aes.c **** #endif
1072:Libs/mbedtls/library/aes.c **** 
1073:Libs/mbedtls/library/aes.c ****     if (mode == MBEDTLS_AES_ENCRYPT) {
 2378              		.loc 1 1073 5 view .LVU733
 2379              		.loc 1 1073 8 is_stmt 0 view .LVU734
 2380 0008 BCF1010F 		cmp	ip, #1
 2381 000c 02D0     		beq	.L92
1074:Libs/mbedtls/library/aes.c ****         return mbedtls_internal_aes_encrypt(ctx, input, output);
1075:Libs/mbedtls/library/aes.c ****     } else {
1076:Libs/mbedtls/library/aes.c ****         return mbedtls_internal_aes_decrypt(ctx, input, output);
 2382              		.loc 1 1076 9 is_stmt 1 view .LVU735
 2383              		.loc 1 1076 16 is_stmt 0 view .LVU736
 2384 000e FFF7FEFF 		bl	mbedtls_internal_aes_decrypt
 2385              	.LVL174:
 2386              	.L88:
1077:Libs/mbedtls/library/aes.c ****     }
1078:Libs/mbedtls/library/aes.c **** }
 2387              		.loc 1 1078 1 view .LVU737
 2388 0012 08BD     		pop	{r3, pc}
 2389              	.LVL175:
 2390              	.L92:
1074:Libs/mbedtls/library/aes.c ****         return mbedtls_internal_aes_encrypt(ctx, input, output);
 2391              		.loc 1 1074 9 is_stmt 1 view .LVU738
1074:Libs/mbedtls/library/aes.c ****         return mbedtls_internal_aes_encrypt(ctx, input, output);
 2392              		.loc 1 1074 16 is_stmt 0 view .LVU739
 2393 0014 FFF7FEFF 		bl	mbedtls_internal_aes_encrypt
 2394              	.LVL176:
1074:Libs/mbedtls/library/aes.c ****         return mbedtls_internal_aes_encrypt(ctx, input, output);
 2395              		.loc 1 1074 16 view .LVU740
 2396 0018 FBE7     		b	.L88
 2397              		.cfi_endproc
 2398              	.LFE16:
 2400              		.section	.bss.aes_init_done,"aw",%nobits
 2401              		.align	2
 2404              	aes_init_done:
 2405 0000 00000000 		.space	4
 2406              		.section	.bss.round_constants,"aw",%nobits
 2407              		.align	2
 2410              	round_constants:
 2411 0000 00000000 		.space	40
 2411      00000000 
ARM GAS  C:\Users\nicx5\AppData\Local\Temp\ccxXSAok.s 			page 66


 2411      00000000 
 2411      00000000 
 2411      00000000 
 2412              		.section	.bss.RT0,"aw",%nobits
 2413              		.align	2
 2416              	RT0:
 2417 0000 00000000 		.space	1024
 2417      00000000 
 2417      00000000 
 2417      00000000 
 2417      00000000 
 2418              		.section	.bss.RSb,"aw",%nobits
 2419              		.align	2
 2422              	RSb:
 2423 0000 00000000 		.space	256
 2423      00000000 
 2423      00000000 
 2423      00000000 
 2423      00000000 
 2424              		.section	.bss.FT0,"aw",%nobits
 2425              		.align	2
 2428              	FT0:
 2429 0000 00000000 		.space	1024
 2429      00000000 
 2429      00000000 
 2429      00000000 
 2429      00000000 
 2430              		.section	.bss.FSb,"aw",%nobits
 2431              		.align	2
 2434              	FSb:
 2435 0000 00000000 		.space	256
 2435      00000000 
 2435      00000000 
 2435      00000000 
 2435      00000000 
 2436              		.text
 2437              	.Letext0:
 2438              		.file 2 "D:/Program Files/msys64/mingw64/lib/gcc/arm-none-eabi/13.3.0/include/stddef.h"
 2439              		.file 3 "D:/Program Files/msys64/mingw64/arm-none-eabi/include/machine/_default_types.h"
 2440              		.file 4 "D:/Program Files/msys64/mingw64/arm-none-eabi/include/sys/_stdint.h"
 2441              		.file 5 "Libs/mbedtls/include/mbedtls/aes.h"
 2442              		.file 6 "Libs/mbedtls/include/mbedtls/platform_util.h"
 2443              		.file 7 "D:/Program Files/msys64/mingw64/arm-none-eabi/include/string.h"
 2444              		.file 8 "<built-in>"
ARM GAS  C:\Users\nicx5\AppData\Local\Temp\ccxXSAok.s 			page 67


DEFINED SYMBOLS
                            *ABS*:00000000 aes.c
C:\Users\nicx5\AppData\Local\Temp\ccxXSAok.s:20     .text.aes_gen_tables:00000000 $t
C:\Users\nicx5\AppData\Local\Temp\ccxXSAok.s:25     .text.aes_gen_tables:00000000 aes_gen_tables
C:\Users\nicx5\AppData\Local\Temp\ccxXSAok.s:399    .text.aes_gen_tables:000001c4 $d
C:\Users\nicx5\AppData\Local\Temp\ccxXSAok.s:2410   .bss.round_constants:00000000 round_constants
C:\Users\nicx5\AppData\Local\Temp\ccxXSAok.s:2434   .bss.FSb:00000000 FSb
C:\Users\nicx5\AppData\Local\Temp\ccxXSAok.s:2422   .bss.RSb:00000000 RSb
C:\Users\nicx5\AppData\Local\Temp\ccxXSAok.s:2416   .bss.RT0:00000000 RT0
C:\Users\nicx5\AppData\Local\Temp\ccxXSAok.s:2428   .bss.FT0:00000000 FT0
C:\Users\nicx5\AppData\Local\Temp\ccxXSAok.s:409    .text.mbedtls_aes_rk_offset:00000000 $t
C:\Users\nicx5\AppData\Local\Temp\ccxXSAok.s:414    .text.mbedtls_aes_rk_offset:00000000 mbedtls_aes_rk_offset
C:\Users\nicx5\AppData\Local\Temp\ccxXSAok.s:433    .text.mbedtls_aes_init:00000000 $t
C:\Users\nicx5\AppData\Local\Temp\ccxXSAok.s:439    .text.mbedtls_aes_init:00000000 mbedtls_aes_init
C:\Users\nicx5\AppData\Local\Temp\ccxXSAok.s:466    .text.mbedtls_aes_free:00000000 $t
C:\Users\nicx5\AppData\Local\Temp\ccxXSAok.s:472    .text.mbedtls_aes_free:00000000 mbedtls_aes_free
C:\Users\nicx5\AppData\Local\Temp\ccxXSAok.s:506    .text.mbedtls_aes_setkey_enc:00000000 $t
C:\Users\nicx5\AppData\Local\Temp\ccxXSAok.s:512    .text.mbedtls_aes_setkey_enc:00000000 mbedtls_aes_setkey_enc
C:\Users\nicx5\AppData\Local\Temp\ccxXSAok.s:945    .text.mbedtls_aes_setkey_enc:000001c8 $d
C:\Users\nicx5\AppData\Local\Temp\ccxXSAok.s:2404   .bss.aes_init_done:00000000 aes_init_done
C:\Users\nicx5\AppData\Local\Temp\ccxXSAok.s:952    .text.mbedtls_aes_setkey_dec:00000000 $t
C:\Users\nicx5\AppData\Local\Temp\ccxXSAok.s:958    .text.mbedtls_aes_setkey_dec:00000000 mbedtls_aes_setkey_dec
C:\Users\nicx5\AppData\Local\Temp\ccxXSAok.s:1181   .text.mbedtls_aes_setkey_dec:000000e4 $d
C:\Users\nicx5\AppData\Local\Temp\ccxXSAok.s:1187   .text.mbedtls_internal_aes_encrypt:00000000 $t
C:\Users\nicx5\AppData\Local\Temp\ccxXSAok.s:1193   .text.mbedtls_internal_aes_encrypt:00000000 mbedtls_internal_aes_encrypt
C:\Users\nicx5\AppData\Local\Temp\ccxXSAok.s:1723   .text.mbedtls_internal_aes_encrypt:00000430 $d
C:\Users\nicx5\AppData\Local\Temp\ccxXSAok.s:1726   .text.mbedtls_internal_aes_encrypt:00000438 $t
C:\Users\nicx5\AppData\Local\Temp\ccxXSAok.s:1736   .text.mbedtls_aes_encrypt:00000000 $t
C:\Users\nicx5\AppData\Local\Temp\ccxXSAok.s:1742   .text.mbedtls_aes_encrypt:00000000 mbedtls_aes_encrypt
C:\Users\nicx5\AppData\Local\Temp\ccxXSAok.s:1764   .text.mbedtls_internal_aes_decrypt:00000000 $t
C:\Users\nicx5\AppData\Local\Temp\ccxXSAok.s:1770   .text.mbedtls_internal_aes_decrypt:00000000 mbedtls_internal_aes_decrypt
C:\Users\nicx5\AppData\Local\Temp\ccxXSAok.s:2300   .text.mbedtls_internal_aes_decrypt:00000430 $d
C:\Users\nicx5\AppData\Local\Temp\ccxXSAok.s:2303   .text.mbedtls_internal_aes_decrypt:00000438 $t
C:\Users\nicx5\AppData\Local\Temp\ccxXSAok.s:2313   .text.mbedtls_aes_decrypt:00000000 $t
C:\Users\nicx5\AppData\Local\Temp\ccxXSAok.s:2319   .text.mbedtls_aes_decrypt:00000000 mbedtls_aes_decrypt
C:\Users\nicx5\AppData\Local\Temp\ccxXSAok.s:2341   .text.mbedtls_aes_crypt_ecb:00000000 $t
C:\Users\nicx5\AppData\Local\Temp\ccxXSAok.s:2347   .text.mbedtls_aes_crypt_ecb:00000000 mbedtls_aes_crypt_ecb
C:\Users\nicx5\AppData\Local\Temp\ccxXSAok.s:2401   .bss.aes_init_done:00000000 $d
C:\Users\nicx5\AppData\Local\Temp\ccxXSAok.s:2407   .bss.round_constants:00000000 $d
C:\Users\nicx5\AppData\Local\Temp\ccxXSAok.s:2413   .bss.RT0:00000000 $d
C:\Users\nicx5\AppData\Local\Temp\ccxXSAok.s:2419   .bss.RSb:00000000 $d
C:\Users\nicx5\AppData\Local\Temp\ccxXSAok.s:2425   .bss.FT0:00000000 $d
C:\Users\nicx5\AppData\Local\Temp\ccxXSAok.s:2431   .bss.FSb:00000000 $d

UNDEFINED SYMBOLS
memset
mbedtls_platform_zeroize
