ARM GAS  C:\Users\nicx5\AppData\Local\Temp\ccAw78Qr.s 			page 1


   1              		.cpu cortex-m7
   2              		.arch armv7e-m
   3              		.fpu fpv5-d16
   4              		.eabi_attribute 28, 1
   5              		.eabi_attribute 20, 1
   6              		.eabi_attribute 21, 1
   7              		.eabi_attribute 23, 3
   8              		.eabi_attribute 24, 1
   9              		.eabi_attribute 25, 1
  10              		.eabi_attribute 26, 1
  11              		.eabi_attribute 30, 1
  12              		.eabi_attribute 34, 1
  13              		.eabi_attribute 18, 4
  14              		.file	"ecdsa.c"
  15              		.text
  16              	.Ltext0:
  17              		.cfi_sections	.debug_frame
  18              		.file 1 "Libs/mbedtls/library/ecdsa.c"
  19              		.section	.text.derive_mpi,"ax",%progbits
  20              		.align	1
  21              		.syntax unified
  22              		.thumb
  23              		.thumb_func
  25              	derive_mpi:
  26              	.LVL0:
  27              	.LFB7:
   1:Libs/mbedtls/library/ecdsa.c **** /*
   2:Libs/mbedtls/library/ecdsa.c ****  *  Elliptic curve DSA
   3:Libs/mbedtls/library/ecdsa.c ****  *
   4:Libs/mbedtls/library/ecdsa.c ****  *  Copyright The Mbed TLS Contributors
   5:Libs/mbedtls/library/ecdsa.c ****  *  SPDX-License-Identifier: Apache-2.0 OR GPL-2.0-or-later
   6:Libs/mbedtls/library/ecdsa.c ****  */
   7:Libs/mbedtls/library/ecdsa.c **** 
   8:Libs/mbedtls/library/ecdsa.c **** /*
   9:Libs/mbedtls/library/ecdsa.c ****  * References:
  10:Libs/mbedtls/library/ecdsa.c ****  *
  11:Libs/mbedtls/library/ecdsa.c ****  * SEC1 https://www.secg.org/sec1-v2.pdf
  12:Libs/mbedtls/library/ecdsa.c ****  */
  13:Libs/mbedtls/library/ecdsa.c **** 
  14:Libs/mbedtls/library/ecdsa.c **** #include "common.h"
  15:Libs/mbedtls/library/ecdsa.c **** 
  16:Libs/mbedtls/library/ecdsa.c **** #if defined(MBEDTLS_ECDSA_C)
  17:Libs/mbedtls/library/ecdsa.c **** 
  18:Libs/mbedtls/library/ecdsa.c **** #include "mbedtls/ecdsa.h"
  19:Libs/mbedtls/library/ecdsa.c **** #include "mbedtls/asn1write.h"
  20:Libs/mbedtls/library/ecdsa.c **** 
  21:Libs/mbedtls/library/ecdsa.c **** #include <string.h>
  22:Libs/mbedtls/library/ecdsa.c **** 
  23:Libs/mbedtls/library/ecdsa.c **** #if defined(MBEDTLS_ECDSA_DETERMINISTIC)
  24:Libs/mbedtls/library/ecdsa.c **** #include "mbedtls/hmac_drbg.h"
  25:Libs/mbedtls/library/ecdsa.c **** #endif
  26:Libs/mbedtls/library/ecdsa.c **** 
  27:Libs/mbedtls/library/ecdsa.c **** #include "mbedtls/platform.h"
  28:Libs/mbedtls/library/ecdsa.c **** 
  29:Libs/mbedtls/library/ecdsa.c **** #include "mbedtls/platform_util.h"
  30:Libs/mbedtls/library/ecdsa.c **** #include "mbedtls/error.h"
  31:Libs/mbedtls/library/ecdsa.c **** 
ARM GAS  C:\Users\nicx5\AppData\Local\Temp\ccAw78Qr.s 			page 2


  32:Libs/mbedtls/library/ecdsa.c **** /* Parameter validation macros based on platform_util.h */
  33:Libs/mbedtls/library/ecdsa.c **** #define ECDSA_VALIDATE_RET(cond)    \
  34:Libs/mbedtls/library/ecdsa.c ****     MBEDTLS_INTERNAL_VALIDATE_RET(cond, MBEDTLS_ERR_ECP_BAD_INPUT_DATA)
  35:Libs/mbedtls/library/ecdsa.c **** #define ECDSA_VALIDATE(cond)        \
  36:Libs/mbedtls/library/ecdsa.c ****     MBEDTLS_INTERNAL_VALIDATE(cond)
  37:Libs/mbedtls/library/ecdsa.c **** 
  38:Libs/mbedtls/library/ecdsa.c **** #if defined(MBEDTLS_ECP_RESTARTABLE)
  39:Libs/mbedtls/library/ecdsa.c **** 
  40:Libs/mbedtls/library/ecdsa.c **** /*
  41:Libs/mbedtls/library/ecdsa.c ****  * Sub-context for ecdsa_verify()
  42:Libs/mbedtls/library/ecdsa.c ****  */
  43:Libs/mbedtls/library/ecdsa.c **** struct mbedtls_ecdsa_restart_ver {
  44:Libs/mbedtls/library/ecdsa.c ****     mbedtls_mpi u1, u2;     /* intermediate values  */
  45:Libs/mbedtls/library/ecdsa.c ****     enum {                  /* what to do next?     */
  46:Libs/mbedtls/library/ecdsa.c ****         ecdsa_ver_init = 0, /* getting started      */
  47:Libs/mbedtls/library/ecdsa.c ****         ecdsa_ver_muladd,   /* muladd step          */
  48:Libs/mbedtls/library/ecdsa.c ****     } state;
  49:Libs/mbedtls/library/ecdsa.c **** };
  50:Libs/mbedtls/library/ecdsa.c **** 
  51:Libs/mbedtls/library/ecdsa.c **** /*
  52:Libs/mbedtls/library/ecdsa.c ****  * Init verify restart sub-context
  53:Libs/mbedtls/library/ecdsa.c ****  */
  54:Libs/mbedtls/library/ecdsa.c **** static void ecdsa_restart_ver_init(mbedtls_ecdsa_restart_ver_ctx *ctx)
  55:Libs/mbedtls/library/ecdsa.c **** {
  56:Libs/mbedtls/library/ecdsa.c ****     mbedtls_mpi_init(&ctx->u1);
  57:Libs/mbedtls/library/ecdsa.c ****     mbedtls_mpi_init(&ctx->u2);
  58:Libs/mbedtls/library/ecdsa.c ****     ctx->state = ecdsa_ver_init;
  59:Libs/mbedtls/library/ecdsa.c **** }
  60:Libs/mbedtls/library/ecdsa.c **** 
  61:Libs/mbedtls/library/ecdsa.c **** /*
  62:Libs/mbedtls/library/ecdsa.c ****  * Free the components of a verify restart sub-context
  63:Libs/mbedtls/library/ecdsa.c ****  */
  64:Libs/mbedtls/library/ecdsa.c **** static void ecdsa_restart_ver_free(mbedtls_ecdsa_restart_ver_ctx *ctx)
  65:Libs/mbedtls/library/ecdsa.c **** {
  66:Libs/mbedtls/library/ecdsa.c ****     if (ctx == NULL) {
  67:Libs/mbedtls/library/ecdsa.c ****         return;
  68:Libs/mbedtls/library/ecdsa.c ****     }
  69:Libs/mbedtls/library/ecdsa.c **** 
  70:Libs/mbedtls/library/ecdsa.c ****     mbedtls_mpi_free(&ctx->u1);
  71:Libs/mbedtls/library/ecdsa.c ****     mbedtls_mpi_free(&ctx->u2);
  72:Libs/mbedtls/library/ecdsa.c **** 
  73:Libs/mbedtls/library/ecdsa.c ****     ecdsa_restart_ver_init(ctx);
  74:Libs/mbedtls/library/ecdsa.c **** }
  75:Libs/mbedtls/library/ecdsa.c **** 
  76:Libs/mbedtls/library/ecdsa.c **** /*
  77:Libs/mbedtls/library/ecdsa.c ****  * Sub-context for ecdsa_sign()
  78:Libs/mbedtls/library/ecdsa.c ****  */
  79:Libs/mbedtls/library/ecdsa.c **** struct mbedtls_ecdsa_restart_sig {
  80:Libs/mbedtls/library/ecdsa.c ****     int sign_tries;
  81:Libs/mbedtls/library/ecdsa.c ****     int key_tries;
  82:Libs/mbedtls/library/ecdsa.c ****     mbedtls_mpi k;          /* per-signature random */
  83:Libs/mbedtls/library/ecdsa.c ****     mbedtls_mpi r;          /* r value              */
  84:Libs/mbedtls/library/ecdsa.c ****     enum {                  /* what to do next?     */
  85:Libs/mbedtls/library/ecdsa.c ****         ecdsa_sig_init = 0, /* getting started      */
  86:Libs/mbedtls/library/ecdsa.c ****         ecdsa_sig_mul,      /* doing ecp_mul()      */
  87:Libs/mbedtls/library/ecdsa.c ****         ecdsa_sig_modn,     /* mod N computations   */
  88:Libs/mbedtls/library/ecdsa.c ****     } state;
ARM GAS  C:\Users\nicx5\AppData\Local\Temp\ccAw78Qr.s 			page 3


  89:Libs/mbedtls/library/ecdsa.c **** };
  90:Libs/mbedtls/library/ecdsa.c **** 
  91:Libs/mbedtls/library/ecdsa.c **** /*
  92:Libs/mbedtls/library/ecdsa.c ****  * Init verify sign sub-context
  93:Libs/mbedtls/library/ecdsa.c ****  */
  94:Libs/mbedtls/library/ecdsa.c **** static void ecdsa_restart_sig_init(mbedtls_ecdsa_restart_sig_ctx *ctx)
  95:Libs/mbedtls/library/ecdsa.c **** {
  96:Libs/mbedtls/library/ecdsa.c ****     ctx->sign_tries = 0;
  97:Libs/mbedtls/library/ecdsa.c ****     ctx->key_tries = 0;
  98:Libs/mbedtls/library/ecdsa.c ****     mbedtls_mpi_init(&ctx->k);
  99:Libs/mbedtls/library/ecdsa.c ****     mbedtls_mpi_init(&ctx->r);
 100:Libs/mbedtls/library/ecdsa.c ****     ctx->state = ecdsa_sig_init;
 101:Libs/mbedtls/library/ecdsa.c **** }
 102:Libs/mbedtls/library/ecdsa.c **** 
 103:Libs/mbedtls/library/ecdsa.c **** /*
 104:Libs/mbedtls/library/ecdsa.c ****  * Free the components of a sign restart sub-context
 105:Libs/mbedtls/library/ecdsa.c ****  */
 106:Libs/mbedtls/library/ecdsa.c **** static void ecdsa_restart_sig_free(mbedtls_ecdsa_restart_sig_ctx *ctx)
 107:Libs/mbedtls/library/ecdsa.c **** {
 108:Libs/mbedtls/library/ecdsa.c ****     if (ctx == NULL) {
 109:Libs/mbedtls/library/ecdsa.c ****         return;
 110:Libs/mbedtls/library/ecdsa.c ****     }
 111:Libs/mbedtls/library/ecdsa.c **** 
 112:Libs/mbedtls/library/ecdsa.c ****     mbedtls_mpi_free(&ctx->k);
 113:Libs/mbedtls/library/ecdsa.c ****     mbedtls_mpi_free(&ctx->r);
 114:Libs/mbedtls/library/ecdsa.c **** }
 115:Libs/mbedtls/library/ecdsa.c **** 
 116:Libs/mbedtls/library/ecdsa.c **** #if defined(MBEDTLS_ECDSA_DETERMINISTIC)
 117:Libs/mbedtls/library/ecdsa.c **** /*
 118:Libs/mbedtls/library/ecdsa.c ****  * Sub-context for ecdsa_sign_det()
 119:Libs/mbedtls/library/ecdsa.c ****  */
 120:Libs/mbedtls/library/ecdsa.c **** struct mbedtls_ecdsa_restart_det {
 121:Libs/mbedtls/library/ecdsa.c ****     mbedtls_hmac_drbg_context rng_ctx;  /* DRBG state   */
 122:Libs/mbedtls/library/ecdsa.c ****     enum {                      /* what to do next?     */
 123:Libs/mbedtls/library/ecdsa.c ****         ecdsa_det_init = 0,     /* getting started      */
 124:Libs/mbedtls/library/ecdsa.c ****         ecdsa_det_sign,         /* make signature       */
 125:Libs/mbedtls/library/ecdsa.c ****     } state;
 126:Libs/mbedtls/library/ecdsa.c **** };
 127:Libs/mbedtls/library/ecdsa.c **** 
 128:Libs/mbedtls/library/ecdsa.c **** /*
 129:Libs/mbedtls/library/ecdsa.c ****  * Init verify sign_det sub-context
 130:Libs/mbedtls/library/ecdsa.c ****  */
 131:Libs/mbedtls/library/ecdsa.c **** static void ecdsa_restart_det_init(mbedtls_ecdsa_restart_det_ctx *ctx)
 132:Libs/mbedtls/library/ecdsa.c **** {
 133:Libs/mbedtls/library/ecdsa.c ****     mbedtls_hmac_drbg_init(&ctx->rng_ctx);
 134:Libs/mbedtls/library/ecdsa.c ****     ctx->state = ecdsa_det_init;
 135:Libs/mbedtls/library/ecdsa.c **** }
 136:Libs/mbedtls/library/ecdsa.c **** 
 137:Libs/mbedtls/library/ecdsa.c **** /*
 138:Libs/mbedtls/library/ecdsa.c ****  * Free the components of a sign_det restart sub-context
 139:Libs/mbedtls/library/ecdsa.c ****  */
 140:Libs/mbedtls/library/ecdsa.c **** static void ecdsa_restart_det_free(mbedtls_ecdsa_restart_det_ctx *ctx)
 141:Libs/mbedtls/library/ecdsa.c **** {
 142:Libs/mbedtls/library/ecdsa.c ****     if (ctx == NULL) {
 143:Libs/mbedtls/library/ecdsa.c ****         return;
 144:Libs/mbedtls/library/ecdsa.c ****     }
 145:Libs/mbedtls/library/ecdsa.c **** 
ARM GAS  C:\Users\nicx5\AppData\Local\Temp\ccAw78Qr.s 			page 4


 146:Libs/mbedtls/library/ecdsa.c ****     mbedtls_hmac_drbg_free(&ctx->rng_ctx);
 147:Libs/mbedtls/library/ecdsa.c **** 
 148:Libs/mbedtls/library/ecdsa.c ****     ecdsa_restart_det_init(ctx);
 149:Libs/mbedtls/library/ecdsa.c **** }
 150:Libs/mbedtls/library/ecdsa.c **** #endif /* MBEDTLS_ECDSA_DETERMINISTIC */
 151:Libs/mbedtls/library/ecdsa.c **** 
 152:Libs/mbedtls/library/ecdsa.c **** #define ECDSA_RS_ECP    (rs_ctx == NULL ? NULL : &rs_ctx->ecp)
 153:Libs/mbedtls/library/ecdsa.c **** 
 154:Libs/mbedtls/library/ecdsa.c **** /* Utility macro for checking and updating ops budget */
 155:Libs/mbedtls/library/ecdsa.c **** #define ECDSA_BUDGET(ops)   \
 156:Libs/mbedtls/library/ecdsa.c ****     MBEDTLS_MPI_CHK(mbedtls_ecp_check_budget(grp, ECDSA_RS_ECP, ops));
 157:Libs/mbedtls/library/ecdsa.c **** 
 158:Libs/mbedtls/library/ecdsa.c **** /* Call this when entering a function that needs its own sub-context */
 159:Libs/mbedtls/library/ecdsa.c **** #define ECDSA_RS_ENTER(SUB)   do {                                 \
 160:Libs/mbedtls/library/ecdsa.c ****         /* reset ops count for this call if top-level */                 \
 161:Libs/mbedtls/library/ecdsa.c ****         if (rs_ctx != NULL && rs_ctx->ecp.depth++ == 0)                 \
 162:Libs/mbedtls/library/ecdsa.c ****         rs_ctx->ecp.ops_done = 0;                                    \
 163:Libs/mbedtls/library/ecdsa.c ****                                                                      \
 164:Libs/mbedtls/library/ecdsa.c ****         /* set up our own sub-context if needed */                       \
 165:Libs/mbedtls/library/ecdsa.c ****         if (mbedtls_ecp_restart_is_enabled() &&                          \
 166:Libs/mbedtls/library/ecdsa.c ****             rs_ctx != NULL && rs_ctx->SUB == NULL)                      \
 167:Libs/mbedtls/library/ecdsa.c ****         {                                                                \
 168:Libs/mbedtls/library/ecdsa.c ****             rs_ctx->SUB = mbedtls_calloc(1, sizeof(*rs_ctx->SUB));   \
 169:Libs/mbedtls/library/ecdsa.c ****             if (rs_ctx->SUB == NULL)                                    \
 170:Libs/mbedtls/library/ecdsa.c ****             return MBEDTLS_ERR_ECP_ALLOC_FAILED;                  \
 171:Libs/mbedtls/library/ecdsa.c ****                                                                    \
 172:Libs/mbedtls/library/ecdsa.c ****             ecdsa_restart_## SUB ##_init(rs_ctx->SUB);                 \
 173:Libs/mbedtls/library/ecdsa.c ****         }                                                                \
 174:Libs/mbedtls/library/ecdsa.c **** } while (0)
 175:Libs/mbedtls/library/ecdsa.c **** 
 176:Libs/mbedtls/library/ecdsa.c **** /* Call this when leaving a function that needs its own sub-context */
 177:Libs/mbedtls/library/ecdsa.c **** #define ECDSA_RS_LEAVE(SUB)   do {                                 \
 178:Libs/mbedtls/library/ecdsa.c ****         /* clear our sub-context when not in progress (done or error) */ \
 179:Libs/mbedtls/library/ecdsa.c ****         if (rs_ctx != NULL && rs_ctx->SUB != NULL &&                     \
 180:Libs/mbedtls/library/ecdsa.c ****             ret != MBEDTLS_ERR_ECP_IN_PROGRESS)                         \
 181:Libs/mbedtls/library/ecdsa.c ****         {                                                                \
 182:Libs/mbedtls/library/ecdsa.c ****             ecdsa_restart_## SUB ##_free(rs_ctx->SUB);                 \
 183:Libs/mbedtls/library/ecdsa.c ****             mbedtls_free(rs_ctx->SUB);                                 \
 184:Libs/mbedtls/library/ecdsa.c ****             rs_ctx->SUB = NULL;                                          \
 185:Libs/mbedtls/library/ecdsa.c ****         }                                                                \
 186:Libs/mbedtls/library/ecdsa.c ****                                                                      \
 187:Libs/mbedtls/library/ecdsa.c ****         if (rs_ctx != NULL)                                             \
 188:Libs/mbedtls/library/ecdsa.c ****         rs_ctx->ecp.depth--;                                         \
 189:Libs/mbedtls/library/ecdsa.c **** } while (0)
 190:Libs/mbedtls/library/ecdsa.c **** 
 191:Libs/mbedtls/library/ecdsa.c **** #else /* MBEDTLS_ECP_RESTARTABLE */
 192:Libs/mbedtls/library/ecdsa.c **** 
 193:Libs/mbedtls/library/ecdsa.c **** #define ECDSA_RS_ECP    NULL
 194:Libs/mbedtls/library/ecdsa.c **** 
 195:Libs/mbedtls/library/ecdsa.c **** #define ECDSA_BUDGET(ops)     /* no-op; for compatibility */
 196:Libs/mbedtls/library/ecdsa.c **** 
 197:Libs/mbedtls/library/ecdsa.c **** #define ECDSA_RS_ENTER(SUB)   (void) rs_ctx
 198:Libs/mbedtls/library/ecdsa.c **** #define ECDSA_RS_LEAVE(SUB)   (void) rs_ctx
 199:Libs/mbedtls/library/ecdsa.c **** 
 200:Libs/mbedtls/library/ecdsa.c **** #endif /* MBEDTLS_ECP_RESTARTABLE */
 201:Libs/mbedtls/library/ecdsa.c **** 
 202:Libs/mbedtls/library/ecdsa.c **** #if defined(MBEDTLS_ECDSA_DETERMINISTIC) || \
ARM GAS  C:\Users\nicx5\AppData\Local\Temp\ccAw78Qr.s 			page 5


 203:Libs/mbedtls/library/ecdsa.c ****     !defined(MBEDTLS_ECDSA_SIGN_ALT)     || \
 204:Libs/mbedtls/library/ecdsa.c ****     !defined(MBEDTLS_ECDSA_VERIFY_ALT)
 205:Libs/mbedtls/library/ecdsa.c **** /*
 206:Libs/mbedtls/library/ecdsa.c ****  * Derive a suitable integer for group grp from a buffer of length len
 207:Libs/mbedtls/library/ecdsa.c ****  * SEC1 4.1.3 step 5 aka SEC1 4.1.4 step 3
 208:Libs/mbedtls/library/ecdsa.c ****  */
 209:Libs/mbedtls/library/ecdsa.c **** static int derive_mpi(const mbedtls_ecp_group *grp, mbedtls_mpi *x,
 210:Libs/mbedtls/library/ecdsa.c ****                       const unsigned char *buf, size_t blen)
 211:Libs/mbedtls/library/ecdsa.c **** {
  28              		.loc 1 211 1 view -0
  29              		.cfi_startproc
  30              		@ args = 0, pretend = 0, frame = 0
  31              		@ frame_needed = 0, uses_anonymous_args = 0
  32              		.loc 1 211 1 is_stmt 0 view .LVU1
  33 0000 F8B5     		push	{r3, r4, r5, r6, r7, lr}
  34              	.LCFI0:
  35              		.cfi_def_cfa_offset 24
  36              		.cfi_offset 3, -24
  37              		.cfi_offset 4, -20
  38              		.cfi_offset 5, -16
  39              		.cfi_offset 6, -12
  40              		.cfi_offset 7, -8
  41              		.cfi_offset 14, -4
  42 0002 0546     		mov	r5, r0
  43 0004 0E46     		mov	r6, r1
  44 0006 1146     		mov	r1, r2
  45              	.LVL1:
 212:Libs/mbedtls/library/ecdsa.c ****     int ret = MBEDTLS_ERR_ERROR_CORRUPTION_DETECTED;
  46              		.loc 1 212 5 is_stmt 1 view .LVU2
 213:Libs/mbedtls/library/ecdsa.c ****     size_t n_size = (grp->nbits + 7) / 8;
  47              		.loc 1 213 5 view .LVU3
  48              		.loc 1 213 25 is_stmt 0 view .LVU4
  49 0008 C46D     		ldr	r4, [r0, #92]
  50              		.loc 1 213 33 view .LVU5
  51 000a 0734     		adds	r4, r4, #7
  52              		.loc 1 213 12 view .LVU6
  53 000c E408     		lsrs	r4, r4, #3
  54              	.LVL2:
 214:Libs/mbedtls/library/ecdsa.c ****     size_t use_size = blen > n_size ? n_size : blen;
  55              		.loc 1 214 5 is_stmt 1 view .LVU7
  56              		.loc 1 214 12 is_stmt 0 view .LVU8
  57 000e 9C42     		cmp	r4, r3
  58 0010 28BF     		it	cs
  59 0012 1C46     		movcs	r4, r3
  60              	.LVL3:
 215:Libs/mbedtls/library/ecdsa.c **** 
 216:Libs/mbedtls/library/ecdsa.c ****     MBEDTLS_MPI_CHK(mbedtls_mpi_read_binary(x, buf, use_size));
  61              		.loc 1 216 5 is_stmt 1 view .LVU9
  62              		.loc 1 216 5 view .LVU10
  63 0014 2246     		mov	r2, r4
  64              	.LVL4:
  65              		.loc 1 216 5 is_stmt 0 view .LVU11
  66 0016 3046     		mov	r0, r6
  67              	.LVL5:
  68              		.loc 1 216 5 view .LVU12
  69 0018 FFF7FEFF 		bl	mbedtls_mpi_read_binary
  70              	.LVL6:
ARM GAS  C:\Users\nicx5\AppData\Local\Temp\ccAw78Qr.s 			page 6


  71              		.loc 1 216 5 discriminator 1 view .LVU13
  72 001c 0746     		mov	r7, r0
  73 001e 88B9     		cbnz	r0, .L1
  74              		.loc 1 216 5 is_stmt 1 discriminator 2 view .LVU14
 217:Libs/mbedtls/library/ecdsa.c ****     if (use_size * 8 > grp->nbits) {
  75              		.loc 1 217 5 view .LVU15
  76              		.loc 1 217 18 is_stmt 0 view .LVU16
  77 0020 E100     		lsls	r1, r4, #3
  78              		.loc 1 217 27 view .LVU17
  79 0022 EB6D     		ldr	r3, [r5, #92]
  80              		.loc 1 217 8 view .LVU18
  81 0024 B3EBC40F 		cmp	r3, r4, lsl #3
  82 0028 05D2     		bcs	.L3
 218:Libs/mbedtls/library/ecdsa.c ****         MBEDTLS_MPI_CHK(mbedtls_mpi_shift_r(x, use_size * 8 - grp->nbits));
  83              		.loc 1 218 9 is_stmt 1 view .LVU19
  84              		.loc 1 218 9 view .LVU20
  85 002a C91A     		subs	r1, r1, r3
  86 002c 3046     		mov	r0, r6
  87              	.LVL7:
  88              		.loc 1 218 9 is_stmt 0 view .LVU21
  89 002e FFF7FEFF 		bl	mbedtls_mpi_shift_r
  90              	.LVL8:
  91              		.loc 1 218 9 discriminator 1 view .LVU22
  92 0032 0746     		mov	r7, r0
  93 0034 30B9     		cbnz	r0, .L1
  94              	.L3:
  95              		.loc 1 218 9 is_stmt 1 discriminator 2 view .LVU23
 219:Libs/mbedtls/library/ecdsa.c ****     }
 220:Libs/mbedtls/library/ecdsa.c **** 
 221:Libs/mbedtls/library/ecdsa.c ****     /* While at it, reduce modulo N */
 222:Libs/mbedtls/library/ecdsa.c ****     if (mbedtls_mpi_cmp_mpi(x, &grp->N) >= 0) {
  96              		.loc 1 222 5 view .LVU24
  97              		.loc 1 222 9 is_stmt 0 view .LVU25
  98 0036 4C35     		adds	r5, r5, #76
  99              	.LVL9:
 100              		.loc 1 222 9 view .LVU26
 101 0038 2946     		mov	r1, r5
 102 003a 3046     		mov	r0, r6
 103              	.LVL10:
 104              		.loc 1 222 9 view .LVU27
 105 003c FFF7FEFF 		bl	mbedtls_mpi_cmp_mpi
 106              	.LVL11:
 107              		.loc 1 222 8 discriminator 1 view .LVU28
 108 0040 0028     		cmp	r0, #0
 109 0042 01DA     		bge	.L5
 110              	.LVL12:
 111              	.L1:
 223:Libs/mbedtls/library/ecdsa.c ****         MBEDTLS_MPI_CHK(mbedtls_mpi_sub_mpi(x, x, &grp->N));
 224:Libs/mbedtls/library/ecdsa.c ****     }
 225:Libs/mbedtls/library/ecdsa.c **** 
 226:Libs/mbedtls/library/ecdsa.c **** cleanup:
 227:Libs/mbedtls/library/ecdsa.c ****     return ret;
 228:Libs/mbedtls/library/ecdsa.c **** }
 112              		.loc 1 228 1 view .LVU29
 113 0044 3846     		mov	r0, r7
 114 0046 F8BD     		pop	{r3, r4, r5, r6, r7, pc}
 115              	.LVL13:
ARM GAS  C:\Users\nicx5\AppData\Local\Temp\ccAw78Qr.s 			page 7


 116              	.L5:
 223:Libs/mbedtls/library/ecdsa.c ****         MBEDTLS_MPI_CHK(mbedtls_mpi_sub_mpi(x, x, &grp->N));
 117              		.loc 1 223 9 is_stmt 1 view .LVU30
 223:Libs/mbedtls/library/ecdsa.c ****         MBEDTLS_MPI_CHK(mbedtls_mpi_sub_mpi(x, x, &grp->N));
 118              		.loc 1 223 9 view .LVU31
 119 0048 2A46     		mov	r2, r5
 120 004a 3146     		mov	r1, r6
 121 004c 3046     		mov	r0, r6
 122 004e FFF7FEFF 		bl	mbedtls_mpi_sub_mpi
 123              	.LVL14:
 124 0052 0746     		mov	r7, r0
 125              	.LVL15:
 223:Libs/mbedtls/library/ecdsa.c ****         MBEDTLS_MPI_CHK(mbedtls_mpi_sub_mpi(x, x, &grp->N));
 126              		.loc 1 223 9 discriminator 1 view .LVU32
 127              	.L2:
 223:Libs/mbedtls/library/ecdsa.c ****         MBEDTLS_MPI_CHK(mbedtls_mpi_sub_mpi(x, x, &grp->N));
 128              		.loc 1 223 9 discriminator 3 view .LVU33
 227:Libs/mbedtls/library/ecdsa.c **** }
 129              		.loc 1 227 5 view .LVU34
 227:Libs/mbedtls/library/ecdsa.c **** }
 130              		.loc 1 227 12 is_stmt 0 view .LVU35
 131 0054 F6E7     		b	.L1
 132              		.cfi_endproc
 133              	.LFE7:
 135              		.section	.text.ecdsa_signature_to_asn1,"ax",%progbits
 136              		.align	1
 137              		.syntax unified
 138              		.thumb
 139              		.thumb_func
 141              	ecdsa_signature_to_asn1:
 142              	.LVL16:
 143              	.LFB13:
 229:Libs/mbedtls/library/ecdsa.c **** #endif /* ECDSA_DETERMINISTIC || !ECDSA_SIGN_ALT || !ECDSA_VERIFY_ALT */
 230:Libs/mbedtls/library/ecdsa.c **** 
 231:Libs/mbedtls/library/ecdsa.c **** int mbedtls_ecdsa_can_do(mbedtls_ecp_group_id gid)
 232:Libs/mbedtls/library/ecdsa.c **** {
 233:Libs/mbedtls/library/ecdsa.c ****     switch (gid) {
 234:Libs/mbedtls/library/ecdsa.c **** #ifdef MBEDTLS_ECP_DP_CURVE25519_ENABLED
 235:Libs/mbedtls/library/ecdsa.c ****         case MBEDTLS_ECP_DP_CURVE25519: return 0;
 236:Libs/mbedtls/library/ecdsa.c **** #endif
 237:Libs/mbedtls/library/ecdsa.c **** #ifdef MBEDTLS_ECP_DP_CURVE448_ENABLED
 238:Libs/mbedtls/library/ecdsa.c ****         case MBEDTLS_ECP_DP_CURVE448: return 0;
 239:Libs/mbedtls/library/ecdsa.c **** #endif
 240:Libs/mbedtls/library/ecdsa.c ****         default: return 1;
 241:Libs/mbedtls/library/ecdsa.c ****     }
 242:Libs/mbedtls/library/ecdsa.c **** }
 243:Libs/mbedtls/library/ecdsa.c **** 
 244:Libs/mbedtls/library/ecdsa.c **** #if !defined(MBEDTLS_ECDSA_SIGN_ALT)
 245:Libs/mbedtls/library/ecdsa.c **** /*
 246:Libs/mbedtls/library/ecdsa.c ****  * Compute ECDSA signature of a hashed message (SEC1 4.1.3)
 247:Libs/mbedtls/library/ecdsa.c ****  * Obviously, compared to SEC1 4.1.3, we skip step 4 (hash message)
 248:Libs/mbedtls/library/ecdsa.c ****  */
 249:Libs/mbedtls/library/ecdsa.c **** static int ecdsa_sign_restartable(mbedtls_ecp_group *grp,
 250:Libs/mbedtls/library/ecdsa.c ****                                   mbedtls_mpi *r, mbedtls_mpi *s,
 251:Libs/mbedtls/library/ecdsa.c ****                                   const mbedtls_mpi *d, const unsigned char *buf, size_t blen,
 252:Libs/mbedtls/library/ecdsa.c ****                                   int (*f_rng)(void *, unsigned char *, size_t), void *p_rng,
 253:Libs/mbedtls/library/ecdsa.c ****                                   int (*f_rng_blind)(void *, unsigned char *, size_t),
ARM GAS  C:\Users\nicx5\AppData\Local\Temp\ccAw78Qr.s 			page 8


 254:Libs/mbedtls/library/ecdsa.c ****                                   void *p_rng_blind,
 255:Libs/mbedtls/library/ecdsa.c ****                                   mbedtls_ecdsa_restart_ctx *rs_ctx)
 256:Libs/mbedtls/library/ecdsa.c **** {
 257:Libs/mbedtls/library/ecdsa.c ****     int ret, key_tries, sign_tries;
 258:Libs/mbedtls/library/ecdsa.c ****     int *p_sign_tries = &sign_tries, *p_key_tries = &key_tries;
 259:Libs/mbedtls/library/ecdsa.c ****     mbedtls_ecp_point R;
 260:Libs/mbedtls/library/ecdsa.c ****     mbedtls_mpi k, e, t;
 261:Libs/mbedtls/library/ecdsa.c ****     mbedtls_mpi *pk = &k, *pr = r;
 262:Libs/mbedtls/library/ecdsa.c **** 
 263:Libs/mbedtls/library/ecdsa.c ****     /* Fail cleanly on curves such as Curve25519 that can't be used for ECDSA */
 264:Libs/mbedtls/library/ecdsa.c ****     if (!mbedtls_ecdsa_can_do(grp->id) || grp->N.p == NULL) {
 265:Libs/mbedtls/library/ecdsa.c ****         return MBEDTLS_ERR_ECP_BAD_INPUT_DATA;
 266:Libs/mbedtls/library/ecdsa.c ****     }
 267:Libs/mbedtls/library/ecdsa.c **** 
 268:Libs/mbedtls/library/ecdsa.c ****     /* Make sure d is in range 1..n-1 */
 269:Libs/mbedtls/library/ecdsa.c ****     if (mbedtls_mpi_cmp_int(d, 1) < 0 || mbedtls_mpi_cmp_mpi(d, &grp->N) >= 0) {
 270:Libs/mbedtls/library/ecdsa.c ****         return MBEDTLS_ERR_ECP_INVALID_KEY;
 271:Libs/mbedtls/library/ecdsa.c ****     }
 272:Libs/mbedtls/library/ecdsa.c **** 
 273:Libs/mbedtls/library/ecdsa.c ****     mbedtls_ecp_point_init(&R);
 274:Libs/mbedtls/library/ecdsa.c ****     mbedtls_mpi_init(&k); mbedtls_mpi_init(&e); mbedtls_mpi_init(&t);
 275:Libs/mbedtls/library/ecdsa.c **** 
 276:Libs/mbedtls/library/ecdsa.c ****     ECDSA_RS_ENTER(sig);
 277:Libs/mbedtls/library/ecdsa.c **** 
 278:Libs/mbedtls/library/ecdsa.c **** #if defined(MBEDTLS_ECP_RESTARTABLE)
 279:Libs/mbedtls/library/ecdsa.c ****     if (rs_ctx != NULL && rs_ctx->sig != NULL) {
 280:Libs/mbedtls/library/ecdsa.c ****         /* redirect to our context */
 281:Libs/mbedtls/library/ecdsa.c ****         p_sign_tries = &rs_ctx->sig->sign_tries;
 282:Libs/mbedtls/library/ecdsa.c ****         p_key_tries = &rs_ctx->sig->key_tries;
 283:Libs/mbedtls/library/ecdsa.c ****         pk = &rs_ctx->sig->k;
 284:Libs/mbedtls/library/ecdsa.c ****         pr = &rs_ctx->sig->r;
 285:Libs/mbedtls/library/ecdsa.c **** 
 286:Libs/mbedtls/library/ecdsa.c ****         /* jump to current step */
 287:Libs/mbedtls/library/ecdsa.c ****         if (rs_ctx->sig->state == ecdsa_sig_mul) {
 288:Libs/mbedtls/library/ecdsa.c ****             goto mul;
 289:Libs/mbedtls/library/ecdsa.c ****         }
 290:Libs/mbedtls/library/ecdsa.c ****         if (rs_ctx->sig->state == ecdsa_sig_modn) {
 291:Libs/mbedtls/library/ecdsa.c ****             goto modn;
 292:Libs/mbedtls/library/ecdsa.c ****         }
 293:Libs/mbedtls/library/ecdsa.c ****     }
 294:Libs/mbedtls/library/ecdsa.c **** #endif /* MBEDTLS_ECP_RESTARTABLE */
 295:Libs/mbedtls/library/ecdsa.c **** 
 296:Libs/mbedtls/library/ecdsa.c ****     *p_sign_tries = 0;
 297:Libs/mbedtls/library/ecdsa.c ****     do {
 298:Libs/mbedtls/library/ecdsa.c ****         if ((*p_sign_tries)++ > 10) {
 299:Libs/mbedtls/library/ecdsa.c ****             ret = MBEDTLS_ERR_ECP_RANDOM_FAILED;
 300:Libs/mbedtls/library/ecdsa.c ****             goto cleanup;
 301:Libs/mbedtls/library/ecdsa.c ****         }
 302:Libs/mbedtls/library/ecdsa.c **** 
 303:Libs/mbedtls/library/ecdsa.c ****         /*
 304:Libs/mbedtls/library/ecdsa.c ****          * Steps 1-3: generate a suitable ephemeral keypair
 305:Libs/mbedtls/library/ecdsa.c ****          * and set r = xR mod n
 306:Libs/mbedtls/library/ecdsa.c ****          */
 307:Libs/mbedtls/library/ecdsa.c ****         *p_key_tries = 0;
 308:Libs/mbedtls/library/ecdsa.c ****         do {
 309:Libs/mbedtls/library/ecdsa.c ****             if ((*p_key_tries)++ > 10) {
 310:Libs/mbedtls/library/ecdsa.c ****                 ret = MBEDTLS_ERR_ECP_RANDOM_FAILED;
ARM GAS  C:\Users\nicx5\AppData\Local\Temp\ccAw78Qr.s 			page 9


 311:Libs/mbedtls/library/ecdsa.c ****                 goto cleanup;
 312:Libs/mbedtls/library/ecdsa.c ****             }
 313:Libs/mbedtls/library/ecdsa.c **** 
 314:Libs/mbedtls/library/ecdsa.c ****             MBEDTLS_MPI_CHK(mbedtls_ecp_gen_privkey(grp, pk, f_rng, p_rng));
 315:Libs/mbedtls/library/ecdsa.c **** 
 316:Libs/mbedtls/library/ecdsa.c **** #if defined(MBEDTLS_ECP_RESTARTABLE)
 317:Libs/mbedtls/library/ecdsa.c ****             if (rs_ctx != NULL && rs_ctx->sig != NULL) {
 318:Libs/mbedtls/library/ecdsa.c ****                 rs_ctx->sig->state = ecdsa_sig_mul;
 319:Libs/mbedtls/library/ecdsa.c ****             }
 320:Libs/mbedtls/library/ecdsa.c **** 
 321:Libs/mbedtls/library/ecdsa.c **** mul:
 322:Libs/mbedtls/library/ecdsa.c **** #endif
 323:Libs/mbedtls/library/ecdsa.c ****             MBEDTLS_MPI_CHK(mbedtls_ecp_mul_restartable(grp, &R, pk, &grp->G,
 324:Libs/mbedtls/library/ecdsa.c ****                                                         f_rng_blind,
 325:Libs/mbedtls/library/ecdsa.c ****                                                         p_rng_blind,
 326:Libs/mbedtls/library/ecdsa.c ****                                                         ECDSA_RS_ECP));
 327:Libs/mbedtls/library/ecdsa.c ****             MBEDTLS_MPI_CHK(mbedtls_mpi_mod_mpi(pr, &R.X, &grp->N));
 328:Libs/mbedtls/library/ecdsa.c ****         } while (mbedtls_mpi_cmp_int(pr, 0) == 0);
 329:Libs/mbedtls/library/ecdsa.c **** 
 330:Libs/mbedtls/library/ecdsa.c **** #if defined(MBEDTLS_ECP_RESTARTABLE)
 331:Libs/mbedtls/library/ecdsa.c ****         if (rs_ctx != NULL && rs_ctx->sig != NULL) {
 332:Libs/mbedtls/library/ecdsa.c ****             rs_ctx->sig->state = ecdsa_sig_modn;
 333:Libs/mbedtls/library/ecdsa.c ****         }
 334:Libs/mbedtls/library/ecdsa.c **** 
 335:Libs/mbedtls/library/ecdsa.c **** modn:
 336:Libs/mbedtls/library/ecdsa.c **** #endif
 337:Libs/mbedtls/library/ecdsa.c ****         /*
 338:Libs/mbedtls/library/ecdsa.c ****          * Accounting for everything up to the end of the loop
 339:Libs/mbedtls/library/ecdsa.c ****          * (step 6, but checking now avoids saving e and t)
 340:Libs/mbedtls/library/ecdsa.c ****          */
 341:Libs/mbedtls/library/ecdsa.c ****         ECDSA_BUDGET(MBEDTLS_ECP_OPS_INV + 4);
 342:Libs/mbedtls/library/ecdsa.c **** 
 343:Libs/mbedtls/library/ecdsa.c ****         /*
 344:Libs/mbedtls/library/ecdsa.c ****          * Step 5: derive MPI from hashed message
 345:Libs/mbedtls/library/ecdsa.c ****          */
 346:Libs/mbedtls/library/ecdsa.c ****         MBEDTLS_MPI_CHK(derive_mpi(grp, &e, buf, blen));
 347:Libs/mbedtls/library/ecdsa.c **** 
 348:Libs/mbedtls/library/ecdsa.c ****         /*
 349:Libs/mbedtls/library/ecdsa.c ****          * Generate a random value to blind inv_mod in next step,
 350:Libs/mbedtls/library/ecdsa.c ****          * avoiding a potential timing leak.
 351:Libs/mbedtls/library/ecdsa.c ****          */
 352:Libs/mbedtls/library/ecdsa.c ****         MBEDTLS_MPI_CHK(mbedtls_ecp_gen_privkey(grp, &t, f_rng_blind,
 353:Libs/mbedtls/library/ecdsa.c ****                                                 p_rng_blind));
 354:Libs/mbedtls/library/ecdsa.c **** 
 355:Libs/mbedtls/library/ecdsa.c ****         /*
 356:Libs/mbedtls/library/ecdsa.c ****          * Step 6: compute s = (e + r * d) / k = t (e + rd) / (kt) mod n
 357:Libs/mbedtls/library/ecdsa.c ****          */
 358:Libs/mbedtls/library/ecdsa.c ****         MBEDTLS_MPI_CHK(mbedtls_mpi_mul_mpi(s, pr, d));
 359:Libs/mbedtls/library/ecdsa.c ****         MBEDTLS_MPI_CHK(mbedtls_mpi_add_mpi(&e, &e, s));
 360:Libs/mbedtls/library/ecdsa.c ****         MBEDTLS_MPI_CHK(mbedtls_mpi_mul_mpi(&e, &e, &t));
 361:Libs/mbedtls/library/ecdsa.c ****         MBEDTLS_MPI_CHK(mbedtls_mpi_mul_mpi(pk, pk, &t));
 362:Libs/mbedtls/library/ecdsa.c ****         MBEDTLS_MPI_CHK(mbedtls_mpi_mod_mpi(pk, pk, &grp->N));
 363:Libs/mbedtls/library/ecdsa.c ****         MBEDTLS_MPI_CHK(mbedtls_mpi_inv_mod(s, pk, &grp->N));
 364:Libs/mbedtls/library/ecdsa.c ****         MBEDTLS_MPI_CHK(mbedtls_mpi_mul_mpi(s, s, &e));
 365:Libs/mbedtls/library/ecdsa.c ****         MBEDTLS_MPI_CHK(mbedtls_mpi_mod_mpi(s, s, &grp->N));
 366:Libs/mbedtls/library/ecdsa.c ****     } while (mbedtls_mpi_cmp_int(s, 0) == 0);
 367:Libs/mbedtls/library/ecdsa.c **** 
ARM GAS  C:\Users\nicx5\AppData\Local\Temp\ccAw78Qr.s 			page 10


 368:Libs/mbedtls/library/ecdsa.c **** #if defined(MBEDTLS_ECP_RESTARTABLE)
 369:Libs/mbedtls/library/ecdsa.c ****     if (rs_ctx != NULL && rs_ctx->sig != NULL) {
 370:Libs/mbedtls/library/ecdsa.c ****         MBEDTLS_MPI_CHK(mbedtls_mpi_copy(r, pr));
 371:Libs/mbedtls/library/ecdsa.c ****     }
 372:Libs/mbedtls/library/ecdsa.c **** #endif
 373:Libs/mbedtls/library/ecdsa.c **** 
 374:Libs/mbedtls/library/ecdsa.c **** cleanup:
 375:Libs/mbedtls/library/ecdsa.c ****     mbedtls_ecp_point_free(&R);
 376:Libs/mbedtls/library/ecdsa.c ****     mbedtls_mpi_free(&k); mbedtls_mpi_free(&e); mbedtls_mpi_free(&t);
 377:Libs/mbedtls/library/ecdsa.c **** 
 378:Libs/mbedtls/library/ecdsa.c ****     ECDSA_RS_LEAVE(sig);
 379:Libs/mbedtls/library/ecdsa.c **** 
 380:Libs/mbedtls/library/ecdsa.c ****     return ret;
 381:Libs/mbedtls/library/ecdsa.c **** }
 382:Libs/mbedtls/library/ecdsa.c **** 
 383:Libs/mbedtls/library/ecdsa.c **** /*
 384:Libs/mbedtls/library/ecdsa.c ****  * Compute ECDSA signature of a hashed message
 385:Libs/mbedtls/library/ecdsa.c ****  */
 386:Libs/mbedtls/library/ecdsa.c **** int mbedtls_ecdsa_sign(mbedtls_ecp_group *grp, mbedtls_mpi *r, mbedtls_mpi *s,
 387:Libs/mbedtls/library/ecdsa.c ****                        const mbedtls_mpi *d, const unsigned char *buf, size_t blen,
 388:Libs/mbedtls/library/ecdsa.c ****                        int (*f_rng)(void *, unsigned char *, size_t), void *p_rng)
 389:Libs/mbedtls/library/ecdsa.c **** {
 390:Libs/mbedtls/library/ecdsa.c ****     ECDSA_VALIDATE_RET(grp   != NULL);
 391:Libs/mbedtls/library/ecdsa.c ****     ECDSA_VALIDATE_RET(r     != NULL);
 392:Libs/mbedtls/library/ecdsa.c ****     ECDSA_VALIDATE_RET(s     != NULL);
 393:Libs/mbedtls/library/ecdsa.c ****     ECDSA_VALIDATE_RET(d     != NULL);
 394:Libs/mbedtls/library/ecdsa.c ****     ECDSA_VALIDATE_RET(f_rng != NULL);
 395:Libs/mbedtls/library/ecdsa.c ****     ECDSA_VALIDATE_RET(buf   != NULL || blen == 0);
 396:Libs/mbedtls/library/ecdsa.c **** 
 397:Libs/mbedtls/library/ecdsa.c ****     /* Use the same RNG for both blinding and ephemeral key generation */
 398:Libs/mbedtls/library/ecdsa.c ****     return ecdsa_sign_restartable(grp, r, s, d, buf, blen,
 399:Libs/mbedtls/library/ecdsa.c ****                                   f_rng, p_rng, f_rng, p_rng, NULL);
 400:Libs/mbedtls/library/ecdsa.c **** }
 401:Libs/mbedtls/library/ecdsa.c **** #endif /* !MBEDTLS_ECDSA_SIGN_ALT */
 402:Libs/mbedtls/library/ecdsa.c **** 
 403:Libs/mbedtls/library/ecdsa.c **** #if defined(MBEDTLS_ECDSA_DETERMINISTIC)
 404:Libs/mbedtls/library/ecdsa.c **** /*
 405:Libs/mbedtls/library/ecdsa.c ****  * Deterministic signature wrapper
 406:Libs/mbedtls/library/ecdsa.c ****  */
 407:Libs/mbedtls/library/ecdsa.c **** static int ecdsa_sign_det_restartable(mbedtls_ecp_group *grp,
 408:Libs/mbedtls/library/ecdsa.c ****                                       mbedtls_mpi *r, mbedtls_mpi *s,
 409:Libs/mbedtls/library/ecdsa.c ****                                       const mbedtls_mpi *d, const unsigned char *buf, size_t blen,
 410:Libs/mbedtls/library/ecdsa.c ****                                       mbedtls_md_type_t md_alg,
 411:Libs/mbedtls/library/ecdsa.c ****                                       int (*f_rng_blind)(void *, unsigned char *, size_t),
 412:Libs/mbedtls/library/ecdsa.c ****                                       void *p_rng_blind,
 413:Libs/mbedtls/library/ecdsa.c ****                                       mbedtls_ecdsa_restart_ctx *rs_ctx)
 414:Libs/mbedtls/library/ecdsa.c **** {
 415:Libs/mbedtls/library/ecdsa.c ****     int ret = MBEDTLS_ERR_ERROR_CORRUPTION_DETECTED;
 416:Libs/mbedtls/library/ecdsa.c ****     mbedtls_hmac_drbg_context rng_ctx;
 417:Libs/mbedtls/library/ecdsa.c ****     mbedtls_hmac_drbg_context *p_rng = &rng_ctx;
 418:Libs/mbedtls/library/ecdsa.c ****     unsigned char data[2 * MBEDTLS_ECP_MAX_BYTES];
 419:Libs/mbedtls/library/ecdsa.c ****     size_t grp_len = (grp->nbits + 7) / 8;
 420:Libs/mbedtls/library/ecdsa.c ****     const mbedtls_md_info_t *md_info;
 421:Libs/mbedtls/library/ecdsa.c ****     mbedtls_mpi h;
 422:Libs/mbedtls/library/ecdsa.c **** 
 423:Libs/mbedtls/library/ecdsa.c ****     if ((md_info = mbedtls_md_info_from_type(md_alg)) == NULL) {
 424:Libs/mbedtls/library/ecdsa.c ****         return MBEDTLS_ERR_ECP_BAD_INPUT_DATA;
ARM GAS  C:\Users\nicx5\AppData\Local\Temp\ccAw78Qr.s 			page 11


 425:Libs/mbedtls/library/ecdsa.c ****     }
 426:Libs/mbedtls/library/ecdsa.c **** 
 427:Libs/mbedtls/library/ecdsa.c ****     mbedtls_mpi_init(&h);
 428:Libs/mbedtls/library/ecdsa.c ****     mbedtls_hmac_drbg_init(&rng_ctx);
 429:Libs/mbedtls/library/ecdsa.c **** 
 430:Libs/mbedtls/library/ecdsa.c ****     ECDSA_RS_ENTER(det);
 431:Libs/mbedtls/library/ecdsa.c **** 
 432:Libs/mbedtls/library/ecdsa.c **** #if defined(MBEDTLS_ECP_RESTARTABLE)
 433:Libs/mbedtls/library/ecdsa.c ****     if (rs_ctx != NULL && rs_ctx->det != NULL) {
 434:Libs/mbedtls/library/ecdsa.c ****         /* redirect to our context */
 435:Libs/mbedtls/library/ecdsa.c ****         p_rng = &rs_ctx->det->rng_ctx;
 436:Libs/mbedtls/library/ecdsa.c **** 
 437:Libs/mbedtls/library/ecdsa.c ****         /* jump to current step */
 438:Libs/mbedtls/library/ecdsa.c ****         if (rs_ctx->det->state == ecdsa_det_sign) {
 439:Libs/mbedtls/library/ecdsa.c ****             goto sign;
 440:Libs/mbedtls/library/ecdsa.c ****         }
 441:Libs/mbedtls/library/ecdsa.c ****     }
 442:Libs/mbedtls/library/ecdsa.c **** #endif /* MBEDTLS_ECP_RESTARTABLE */
 443:Libs/mbedtls/library/ecdsa.c **** 
 444:Libs/mbedtls/library/ecdsa.c ****     /* Use private key and message hash (reduced) to initialize HMAC_DRBG */
 445:Libs/mbedtls/library/ecdsa.c ****     MBEDTLS_MPI_CHK(mbedtls_mpi_write_binary(d, data, grp_len));
 446:Libs/mbedtls/library/ecdsa.c ****     MBEDTLS_MPI_CHK(derive_mpi(grp, &h, buf, blen));
 447:Libs/mbedtls/library/ecdsa.c ****     MBEDTLS_MPI_CHK(mbedtls_mpi_write_binary(&h, data + grp_len, grp_len));
 448:Libs/mbedtls/library/ecdsa.c ****     MBEDTLS_MPI_CHK(mbedtls_hmac_drbg_seed_buf(p_rng, md_info, data, 2 * grp_len));
 449:Libs/mbedtls/library/ecdsa.c **** 
 450:Libs/mbedtls/library/ecdsa.c **** #if defined(MBEDTLS_ECP_RESTARTABLE)
 451:Libs/mbedtls/library/ecdsa.c ****     if (rs_ctx != NULL && rs_ctx->det != NULL) {
 452:Libs/mbedtls/library/ecdsa.c ****         rs_ctx->det->state = ecdsa_det_sign;
 453:Libs/mbedtls/library/ecdsa.c ****     }
 454:Libs/mbedtls/library/ecdsa.c **** 
 455:Libs/mbedtls/library/ecdsa.c **** sign:
 456:Libs/mbedtls/library/ecdsa.c **** #endif
 457:Libs/mbedtls/library/ecdsa.c **** #if defined(MBEDTLS_ECDSA_SIGN_ALT)
 458:Libs/mbedtls/library/ecdsa.c ****     (void) f_rng_blind;
 459:Libs/mbedtls/library/ecdsa.c ****     (void) p_rng_blind;
 460:Libs/mbedtls/library/ecdsa.c ****     ret = mbedtls_ecdsa_sign(grp, r, s, d, buf, blen,
 461:Libs/mbedtls/library/ecdsa.c ****                              mbedtls_hmac_drbg_random, p_rng);
 462:Libs/mbedtls/library/ecdsa.c **** #else
 463:Libs/mbedtls/library/ecdsa.c ****     if (f_rng_blind != NULL) {
 464:Libs/mbedtls/library/ecdsa.c ****         ret = ecdsa_sign_restartable(grp, r, s, d, buf, blen,
 465:Libs/mbedtls/library/ecdsa.c ****                                      mbedtls_hmac_drbg_random, p_rng,
 466:Libs/mbedtls/library/ecdsa.c ****                                      f_rng_blind, p_rng_blind, rs_ctx);
 467:Libs/mbedtls/library/ecdsa.c ****     } else {
 468:Libs/mbedtls/library/ecdsa.c ****         mbedtls_hmac_drbg_context *p_rng_blind_det;
 469:Libs/mbedtls/library/ecdsa.c **** 
 470:Libs/mbedtls/library/ecdsa.c **** #if !defined(MBEDTLS_ECP_RESTARTABLE)
 471:Libs/mbedtls/library/ecdsa.c ****         /*
 472:Libs/mbedtls/library/ecdsa.c ****          * To avoid reusing rng_ctx and risking incorrect behavior we seed a
 473:Libs/mbedtls/library/ecdsa.c ****          * second HMAC-DRBG with the same seed. We also apply a label to avoid
 474:Libs/mbedtls/library/ecdsa.c ****          * reusing the bits of the ephemeral key for blinding and eliminate the
 475:Libs/mbedtls/library/ecdsa.c ****          * risk that they leak this way.
 476:Libs/mbedtls/library/ecdsa.c ****          */
 477:Libs/mbedtls/library/ecdsa.c ****         const char *blind_label = "BLINDING CONTEXT";
 478:Libs/mbedtls/library/ecdsa.c ****         mbedtls_hmac_drbg_context rng_ctx_blind;
 479:Libs/mbedtls/library/ecdsa.c **** 
 480:Libs/mbedtls/library/ecdsa.c ****         mbedtls_hmac_drbg_init(&rng_ctx_blind);
 481:Libs/mbedtls/library/ecdsa.c ****         p_rng_blind_det = &rng_ctx_blind;
ARM GAS  C:\Users\nicx5\AppData\Local\Temp\ccAw78Qr.s 			page 12


 482:Libs/mbedtls/library/ecdsa.c ****         mbedtls_hmac_drbg_seed_buf(p_rng_blind_det, md_info,
 483:Libs/mbedtls/library/ecdsa.c ****                                    data, 2 * grp_len);
 484:Libs/mbedtls/library/ecdsa.c ****         ret = mbedtls_hmac_drbg_update_ret(p_rng_blind_det,
 485:Libs/mbedtls/library/ecdsa.c ****                                            (const unsigned char *) blind_label,
 486:Libs/mbedtls/library/ecdsa.c ****                                            strlen(blind_label));
 487:Libs/mbedtls/library/ecdsa.c ****         if (ret != 0) {
 488:Libs/mbedtls/library/ecdsa.c ****             mbedtls_hmac_drbg_free(&rng_ctx_blind);
 489:Libs/mbedtls/library/ecdsa.c ****             goto cleanup;
 490:Libs/mbedtls/library/ecdsa.c ****         }
 491:Libs/mbedtls/library/ecdsa.c **** #else
 492:Libs/mbedtls/library/ecdsa.c ****         /*
 493:Libs/mbedtls/library/ecdsa.c ****          * In the case of restartable computations we would either need to store
 494:Libs/mbedtls/library/ecdsa.c ****          * the second RNG in the restart context too or set it up at every
 495:Libs/mbedtls/library/ecdsa.c ****          * restart. The first option would penalize the correct application of
 496:Libs/mbedtls/library/ecdsa.c ****          * the function and the second would defeat the purpose of the
 497:Libs/mbedtls/library/ecdsa.c ****          * restartable feature.
 498:Libs/mbedtls/library/ecdsa.c ****          *
 499:Libs/mbedtls/library/ecdsa.c ****          * Therefore in this case we reuse the original RNG. This comes with the
 500:Libs/mbedtls/library/ecdsa.c ****          * price that the resulting signature might not be a valid deterministic
 501:Libs/mbedtls/library/ecdsa.c ****          * ECDSA signature with a very low probability (same magnitude as
 502:Libs/mbedtls/library/ecdsa.c ****          * successfully guessing the private key). However even then it is still
 503:Libs/mbedtls/library/ecdsa.c ****          * a valid ECDSA signature.
 504:Libs/mbedtls/library/ecdsa.c ****          */
 505:Libs/mbedtls/library/ecdsa.c ****         p_rng_blind_det = p_rng;
 506:Libs/mbedtls/library/ecdsa.c **** #endif /* MBEDTLS_ECP_RESTARTABLE */
 507:Libs/mbedtls/library/ecdsa.c **** 
 508:Libs/mbedtls/library/ecdsa.c ****         /*
 509:Libs/mbedtls/library/ecdsa.c ****          * Since the output of the RNGs is always the same for the same key and
 510:Libs/mbedtls/library/ecdsa.c ****          * message, this limits the efficiency of blinding and leaks information
 511:Libs/mbedtls/library/ecdsa.c ****          * through side channels. After mbedtls_ecdsa_sign_det() is removed NULL
 512:Libs/mbedtls/library/ecdsa.c ****          * won't be a valid value for f_rng_blind anymore. Therefore it should
 513:Libs/mbedtls/library/ecdsa.c ****          * be checked by the caller and this branch and check can be removed.
 514:Libs/mbedtls/library/ecdsa.c ****          */
 515:Libs/mbedtls/library/ecdsa.c ****         ret = ecdsa_sign_restartable(grp, r, s, d, buf, blen,
 516:Libs/mbedtls/library/ecdsa.c ****                                      mbedtls_hmac_drbg_random, p_rng,
 517:Libs/mbedtls/library/ecdsa.c ****                                      mbedtls_hmac_drbg_random, p_rng_blind_det,
 518:Libs/mbedtls/library/ecdsa.c ****                                      rs_ctx);
 519:Libs/mbedtls/library/ecdsa.c **** 
 520:Libs/mbedtls/library/ecdsa.c **** #if !defined(MBEDTLS_ECP_RESTARTABLE)
 521:Libs/mbedtls/library/ecdsa.c ****         mbedtls_hmac_drbg_free(&rng_ctx_blind);
 522:Libs/mbedtls/library/ecdsa.c **** #endif
 523:Libs/mbedtls/library/ecdsa.c ****     }
 524:Libs/mbedtls/library/ecdsa.c **** #endif /* MBEDTLS_ECDSA_SIGN_ALT */
 525:Libs/mbedtls/library/ecdsa.c **** 
 526:Libs/mbedtls/library/ecdsa.c **** cleanup:
 527:Libs/mbedtls/library/ecdsa.c ****     mbedtls_hmac_drbg_free(&rng_ctx);
 528:Libs/mbedtls/library/ecdsa.c ****     mbedtls_mpi_free(&h);
 529:Libs/mbedtls/library/ecdsa.c **** 
 530:Libs/mbedtls/library/ecdsa.c ****     ECDSA_RS_LEAVE(det);
 531:Libs/mbedtls/library/ecdsa.c **** 
 532:Libs/mbedtls/library/ecdsa.c ****     return ret;
 533:Libs/mbedtls/library/ecdsa.c **** }
 534:Libs/mbedtls/library/ecdsa.c **** 
 535:Libs/mbedtls/library/ecdsa.c **** /*
 536:Libs/mbedtls/library/ecdsa.c ****  * Deterministic signature wrappers
 537:Libs/mbedtls/library/ecdsa.c ****  */
 538:Libs/mbedtls/library/ecdsa.c **** 
ARM GAS  C:\Users\nicx5\AppData\Local\Temp\ccAw78Qr.s 			page 13


 539:Libs/mbedtls/library/ecdsa.c **** #if !defined(MBEDTLS_DEPRECATED_REMOVED)
 540:Libs/mbedtls/library/ecdsa.c **** int mbedtls_ecdsa_sign_det(mbedtls_ecp_group *grp, mbedtls_mpi *r,
 541:Libs/mbedtls/library/ecdsa.c ****                            mbedtls_mpi *s, const mbedtls_mpi *d,
 542:Libs/mbedtls/library/ecdsa.c ****                            const unsigned char *buf, size_t blen,
 543:Libs/mbedtls/library/ecdsa.c ****                            mbedtls_md_type_t md_alg)
 544:Libs/mbedtls/library/ecdsa.c **** {
 545:Libs/mbedtls/library/ecdsa.c ****     ECDSA_VALIDATE_RET(grp   != NULL);
 546:Libs/mbedtls/library/ecdsa.c ****     ECDSA_VALIDATE_RET(r     != NULL);
 547:Libs/mbedtls/library/ecdsa.c ****     ECDSA_VALIDATE_RET(s     != NULL);
 548:Libs/mbedtls/library/ecdsa.c ****     ECDSA_VALIDATE_RET(d     != NULL);
 549:Libs/mbedtls/library/ecdsa.c ****     ECDSA_VALIDATE_RET(buf   != NULL || blen == 0);
 550:Libs/mbedtls/library/ecdsa.c **** 
 551:Libs/mbedtls/library/ecdsa.c ****     return ecdsa_sign_det_restartable(grp, r, s, d, buf, blen, md_alg,
 552:Libs/mbedtls/library/ecdsa.c ****                                       NULL, NULL, NULL);
 553:Libs/mbedtls/library/ecdsa.c **** }
 554:Libs/mbedtls/library/ecdsa.c **** #endif /* MBEDTLS_DEPRECATED_REMOVED */
 555:Libs/mbedtls/library/ecdsa.c **** 
 556:Libs/mbedtls/library/ecdsa.c **** int mbedtls_ecdsa_sign_det_ext(mbedtls_ecp_group *grp, mbedtls_mpi *r,
 557:Libs/mbedtls/library/ecdsa.c ****                                mbedtls_mpi *s, const mbedtls_mpi *d,
 558:Libs/mbedtls/library/ecdsa.c ****                                const unsigned char *buf, size_t blen,
 559:Libs/mbedtls/library/ecdsa.c ****                                mbedtls_md_type_t md_alg,
 560:Libs/mbedtls/library/ecdsa.c ****                                int (*f_rng_blind)(void *, unsigned char *,
 561:Libs/mbedtls/library/ecdsa.c ****                                                   size_t),
 562:Libs/mbedtls/library/ecdsa.c ****                                void *p_rng_blind)
 563:Libs/mbedtls/library/ecdsa.c **** {
 564:Libs/mbedtls/library/ecdsa.c ****     ECDSA_VALIDATE_RET(grp   != NULL);
 565:Libs/mbedtls/library/ecdsa.c ****     ECDSA_VALIDATE_RET(r     != NULL);
 566:Libs/mbedtls/library/ecdsa.c ****     ECDSA_VALIDATE_RET(s     != NULL);
 567:Libs/mbedtls/library/ecdsa.c ****     ECDSA_VALIDATE_RET(d     != NULL);
 568:Libs/mbedtls/library/ecdsa.c ****     ECDSA_VALIDATE_RET(buf   != NULL || blen == 0);
 569:Libs/mbedtls/library/ecdsa.c ****     ECDSA_VALIDATE_RET(f_rng_blind != NULL);
 570:Libs/mbedtls/library/ecdsa.c **** 
 571:Libs/mbedtls/library/ecdsa.c ****     return ecdsa_sign_det_restartable(grp, r, s, d, buf, blen, md_alg,
 572:Libs/mbedtls/library/ecdsa.c ****                                       f_rng_blind, p_rng_blind, NULL);
 573:Libs/mbedtls/library/ecdsa.c **** }
 574:Libs/mbedtls/library/ecdsa.c **** #endif /* MBEDTLS_ECDSA_DETERMINISTIC */
 575:Libs/mbedtls/library/ecdsa.c **** 
 576:Libs/mbedtls/library/ecdsa.c **** #if !defined(MBEDTLS_ECDSA_VERIFY_ALT)
 577:Libs/mbedtls/library/ecdsa.c **** /*
 578:Libs/mbedtls/library/ecdsa.c ****  * Verify ECDSA signature of hashed message (SEC1 4.1.4)
 579:Libs/mbedtls/library/ecdsa.c ****  * Obviously, compared to SEC1 4.1.3, we skip step 2 (hash message)
 580:Libs/mbedtls/library/ecdsa.c ****  */
 581:Libs/mbedtls/library/ecdsa.c **** static int ecdsa_verify_restartable(mbedtls_ecp_group *grp,
 582:Libs/mbedtls/library/ecdsa.c ****                                     const unsigned char *buf, size_t blen,
 583:Libs/mbedtls/library/ecdsa.c ****                                     const mbedtls_ecp_point *Q,
 584:Libs/mbedtls/library/ecdsa.c ****                                     const mbedtls_mpi *r, const mbedtls_mpi *s,
 585:Libs/mbedtls/library/ecdsa.c ****                                     mbedtls_ecdsa_restart_ctx *rs_ctx)
 586:Libs/mbedtls/library/ecdsa.c **** {
 587:Libs/mbedtls/library/ecdsa.c ****     int ret = MBEDTLS_ERR_ERROR_CORRUPTION_DETECTED;
 588:Libs/mbedtls/library/ecdsa.c ****     mbedtls_mpi e, s_inv, u1, u2;
 589:Libs/mbedtls/library/ecdsa.c ****     mbedtls_ecp_point R;
 590:Libs/mbedtls/library/ecdsa.c ****     mbedtls_mpi *pu1 = &u1, *pu2 = &u2;
 591:Libs/mbedtls/library/ecdsa.c **** 
 592:Libs/mbedtls/library/ecdsa.c ****     mbedtls_ecp_point_init(&R);
 593:Libs/mbedtls/library/ecdsa.c ****     mbedtls_mpi_init(&e); mbedtls_mpi_init(&s_inv);
 594:Libs/mbedtls/library/ecdsa.c ****     mbedtls_mpi_init(&u1); mbedtls_mpi_init(&u2);
 595:Libs/mbedtls/library/ecdsa.c **** 
ARM GAS  C:\Users\nicx5\AppData\Local\Temp\ccAw78Qr.s 			page 14


 596:Libs/mbedtls/library/ecdsa.c ****     /* Fail cleanly on curves such as Curve25519 that can't be used for ECDSA */
 597:Libs/mbedtls/library/ecdsa.c ****     if (!mbedtls_ecdsa_can_do(grp->id) || grp->N.p == NULL) {
 598:Libs/mbedtls/library/ecdsa.c ****         return MBEDTLS_ERR_ECP_BAD_INPUT_DATA;
 599:Libs/mbedtls/library/ecdsa.c ****     }
 600:Libs/mbedtls/library/ecdsa.c **** 
 601:Libs/mbedtls/library/ecdsa.c ****     ECDSA_RS_ENTER(ver);
 602:Libs/mbedtls/library/ecdsa.c **** 
 603:Libs/mbedtls/library/ecdsa.c **** #if defined(MBEDTLS_ECP_RESTARTABLE)
 604:Libs/mbedtls/library/ecdsa.c ****     if (rs_ctx != NULL && rs_ctx->ver != NULL) {
 605:Libs/mbedtls/library/ecdsa.c ****         /* redirect to our context */
 606:Libs/mbedtls/library/ecdsa.c ****         pu1 = &rs_ctx->ver->u1;
 607:Libs/mbedtls/library/ecdsa.c ****         pu2 = &rs_ctx->ver->u2;
 608:Libs/mbedtls/library/ecdsa.c **** 
 609:Libs/mbedtls/library/ecdsa.c ****         /* jump to current step */
 610:Libs/mbedtls/library/ecdsa.c ****         if (rs_ctx->ver->state == ecdsa_ver_muladd) {
 611:Libs/mbedtls/library/ecdsa.c ****             goto muladd;
 612:Libs/mbedtls/library/ecdsa.c ****         }
 613:Libs/mbedtls/library/ecdsa.c ****     }
 614:Libs/mbedtls/library/ecdsa.c **** #endif /* MBEDTLS_ECP_RESTARTABLE */
 615:Libs/mbedtls/library/ecdsa.c **** 
 616:Libs/mbedtls/library/ecdsa.c ****     /*
 617:Libs/mbedtls/library/ecdsa.c ****      * Step 1: make sure r and s are in range 1..n-1
 618:Libs/mbedtls/library/ecdsa.c ****      */
 619:Libs/mbedtls/library/ecdsa.c ****     if (mbedtls_mpi_cmp_int(r, 1) < 0 || mbedtls_mpi_cmp_mpi(r, &grp->N) >= 0 ||
 620:Libs/mbedtls/library/ecdsa.c ****         mbedtls_mpi_cmp_int(s, 1) < 0 || mbedtls_mpi_cmp_mpi(s, &grp->N) >= 0) {
 621:Libs/mbedtls/library/ecdsa.c ****         ret = MBEDTLS_ERR_ECP_VERIFY_FAILED;
 622:Libs/mbedtls/library/ecdsa.c ****         goto cleanup;
 623:Libs/mbedtls/library/ecdsa.c ****     }
 624:Libs/mbedtls/library/ecdsa.c **** 
 625:Libs/mbedtls/library/ecdsa.c ****     /*
 626:Libs/mbedtls/library/ecdsa.c ****      * Step 3: derive MPI from hashed message
 627:Libs/mbedtls/library/ecdsa.c ****      */
 628:Libs/mbedtls/library/ecdsa.c ****     MBEDTLS_MPI_CHK(derive_mpi(grp, &e, buf, blen));
 629:Libs/mbedtls/library/ecdsa.c **** 
 630:Libs/mbedtls/library/ecdsa.c ****     /*
 631:Libs/mbedtls/library/ecdsa.c ****      * Step 4: u1 = e / s mod n, u2 = r / s mod n
 632:Libs/mbedtls/library/ecdsa.c ****      */
 633:Libs/mbedtls/library/ecdsa.c ****     ECDSA_BUDGET(MBEDTLS_ECP_OPS_CHK + MBEDTLS_ECP_OPS_INV + 2);
 634:Libs/mbedtls/library/ecdsa.c **** 
 635:Libs/mbedtls/library/ecdsa.c ****     MBEDTLS_MPI_CHK(mbedtls_mpi_inv_mod(&s_inv, s, &grp->N));
 636:Libs/mbedtls/library/ecdsa.c **** 
 637:Libs/mbedtls/library/ecdsa.c ****     MBEDTLS_MPI_CHK(mbedtls_mpi_mul_mpi(pu1, &e, &s_inv));
 638:Libs/mbedtls/library/ecdsa.c ****     MBEDTLS_MPI_CHK(mbedtls_mpi_mod_mpi(pu1, pu1, &grp->N));
 639:Libs/mbedtls/library/ecdsa.c **** 
 640:Libs/mbedtls/library/ecdsa.c ****     MBEDTLS_MPI_CHK(mbedtls_mpi_mul_mpi(pu2, r, &s_inv));
 641:Libs/mbedtls/library/ecdsa.c ****     MBEDTLS_MPI_CHK(mbedtls_mpi_mod_mpi(pu2, pu2, &grp->N));
 642:Libs/mbedtls/library/ecdsa.c **** 
 643:Libs/mbedtls/library/ecdsa.c **** #if defined(MBEDTLS_ECP_RESTARTABLE)
 644:Libs/mbedtls/library/ecdsa.c ****     if (rs_ctx != NULL && rs_ctx->ver != NULL) {
 645:Libs/mbedtls/library/ecdsa.c ****         rs_ctx->ver->state = ecdsa_ver_muladd;
 646:Libs/mbedtls/library/ecdsa.c ****     }
 647:Libs/mbedtls/library/ecdsa.c **** 
 648:Libs/mbedtls/library/ecdsa.c **** muladd:
 649:Libs/mbedtls/library/ecdsa.c **** #endif
 650:Libs/mbedtls/library/ecdsa.c ****     /*
 651:Libs/mbedtls/library/ecdsa.c ****      * Step 5: R = u1 G + u2 Q
 652:Libs/mbedtls/library/ecdsa.c ****      */
ARM GAS  C:\Users\nicx5\AppData\Local\Temp\ccAw78Qr.s 			page 15


 653:Libs/mbedtls/library/ecdsa.c ****     MBEDTLS_MPI_CHK(mbedtls_ecp_muladd_restartable(grp,
 654:Libs/mbedtls/library/ecdsa.c ****                                                    &R, pu1, &grp->G, pu2, Q, ECDSA_RS_ECP));
 655:Libs/mbedtls/library/ecdsa.c **** 
 656:Libs/mbedtls/library/ecdsa.c ****     if (mbedtls_ecp_is_zero(&R)) {
 657:Libs/mbedtls/library/ecdsa.c ****         ret = MBEDTLS_ERR_ECP_VERIFY_FAILED;
 658:Libs/mbedtls/library/ecdsa.c ****         goto cleanup;
 659:Libs/mbedtls/library/ecdsa.c ****     }
 660:Libs/mbedtls/library/ecdsa.c **** 
 661:Libs/mbedtls/library/ecdsa.c ****     /*
 662:Libs/mbedtls/library/ecdsa.c ****      * Step 6: convert xR to an integer (no-op)
 663:Libs/mbedtls/library/ecdsa.c ****      * Step 7: reduce xR mod n (gives v)
 664:Libs/mbedtls/library/ecdsa.c ****      */
 665:Libs/mbedtls/library/ecdsa.c ****     MBEDTLS_MPI_CHK(mbedtls_mpi_mod_mpi(&R.X, &R.X, &grp->N));
 666:Libs/mbedtls/library/ecdsa.c **** 
 667:Libs/mbedtls/library/ecdsa.c ****     /*
 668:Libs/mbedtls/library/ecdsa.c ****      * Step 8: check if v (that is, R.X) is equal to r
 669:Libs/mbedtls/library/ecdsa.c ****      */
 670:Libs/mbedtls/library/ecdsa.c ****     if (mbedtls_mpi_cmp_mpi(&R.X, r) != 0) {
 671:Libs/mbedtls/library/ecdsa.c ****         ret = MBEDTLS_ERR_ECP_VERIFY_FAILED;
 672:Libs/mbedtls/library/ecdsa.c ****         goto cleanup;
 673:Libs/mbedtls/library/ecdsa.c ****     }
 674:Libs/mbedtls/library/ecdsa.c **** 
 675:Libs/mbedtls/library/ecdsa.c **** cleanup:
 676:Libs/mbedtls/library/ecdsa.c ****     mbedtls_ecp_point_free(&R);
 677:Libs/mbedtls/library/ecdsa.c ****     mbedtls_mpi_free(&e); mbedtls_mpi_free(&s_inv);
 678:Libs/mbedtls/library/ecdsa.c ****     mbedtls_mpi_free(&u1); mbedtls_mpi_free(&u2);
 679:Libs/mbedtls/library/ecdsa.c **** 
 680:Libs/mbedtls/library/ecdsa.c ****     ECDSA_RS_LEAVE(ver);
 681:Libs/mbedtls/library/ecdsa.c **** 
 682:Libs/mbedtls/library/ecdsa.c ****     return ret;
 683:Libs/mbedtls/library/ecdsa.c **** }
 684:Libs/mbedtls/library/ecdsa.c **** 
 685:Libs/mbedtls/library/ecdsa.c **** /*
 686:Libs/mbedtls/library/ecdsa.c ****  * Verify ECDSA signature of hashed message
 687:Libs/mbedtls/library/ecdsa.c ****  */
 688:Libs/mbedtls/library/ecdsa.c **** int mbedtls_ecdsa_verify(mbedtls_ecp_group *grp,
 689:Libs/mbedtls/library/ecdsa.c ****                          const unsigned char *buf, size_t blen,
 690:Libs/mbedtls/library/ecdsa.c ****                          const mbedtls_ecp_point *Q,
 691:Libs/mbedtls/library/ecdsa.c ****                          const mbedtls_mpi *r,
 692:Libs/mbedtls/library/ecdsa.c ****                          const mbedtls_mpi *s)
 693:Libs/mbedtls/library/ecdsa.c **** {
 694:Libs/mbedtls/library/ecdsa.c ****     ECDSA_VALIDATE_RET(grp != NULL);
 695:Libs/mbedtls/library/ecdsa.c ****     ECDSA_VALIDATE_RET(Q   != NULL);
 696:Libs/mbedtls/library/ecdsa.c ****     ECDSA_VALIDATE_RET(r   != NULL);
 697:Libs/mbedtls/library/ecdsa.c ****     ECDSA_VALIDATE_RET(s   != NULL);
 698:Libs/mbedtls/library/ecdsa.c ****     ECDSA_VALIDATE_RET(buf != NULL || blen == 0);
 699:Libs/mbedtls/library/ecdsa.c **** 
 700:Libs/mbedtls/library/ecdsa.c ****     return ecdsa_verify_restartable(grp, buf, blen, Q, r, s, NULL);
 701:Libs/mbedtls/library/ecdsa.c **** }
 702:Libs/mbedtls/library/ecdsa.c **** #endif /* !MBEDTLS_ECDSA_VERIFY_ALT */
 703:Libs/mbedtls/library/ecdsa.c **** 
 704:Libs/mbedtls/library/ecdsa.c **** /*
 705:Libs/mbedtls/library/ecdsa.c ****  * Convert a signature (given by context) to ASN.1
 706:Libs/mbedtls/library/ecdsa.c ****  */
 707:Libs/mbedtls/library/ecdsa.c **** static int ecdsa_signature_to_asn1(const mbedtls_mpi *r, const mbedtls_mpi *s,
 708:Libs/mbedtls/library/ecdsa.c ****                                    unsigned char *sig, size_t *slen)
 709:Libs/mbedtls/library/ecdsa.c **** {
ARM GAS  C:\Users\nicx5\AppData\Local\Temp\ccAw78Qr.s 			page 16


 144              		.loc 1 709 1 is_stmt 1 view -0
 145              		.cfi_startproc
 146              		@ args = 0, pretend = 0, frame = 80
 147              		@ frame_needed = 0, uses_anonymous_args = 0
 148              		.loc 1 709 1 is_stmt 0 view .LVU37
 149 0000 F0B5     		push	{r4, r5, r6, r7, lr}
 150              	.LCFI1:
 151              		.cfi_def_cfa_offset 20
 152              		.cfi_offset 4, -20
 153              		.cfi_offset 5, -16
 154              		.cfi_offset 6, -12
 155              		.cfi_offset 7, -8
 156              		.cfi_offset 14, -4
 157 0002 95B0     		sub	sp, sp, #84
 158              	.LCFI2:
 159              		.cfi_def_cfa_offset 104
 160 0004 0746     		mov	r7, r0
 161 0006 0C46     		mov	r4, r1
 162 0008 1646     		mov	r6, r2
 163 000a 1D46     		mov	r5, r3
 710:Libs/mbedtls/library/ecdsa.c ****     int ret = MBEDTLS_ERR_ERROR_CORRUPTION_DETECTED;
 164              		.loc 1 710 5 is_stmt 1 view .LVU38
 165              	.LVL17:
 711:Libs/mbedtls/library/ecdsa.c ****     unsigned char buf[MBEDTLS_ECDSA_MAX_LEN] = { 0 };
 166              		.loc 1 711 5 view .LVU39
 167              		.loc 1 711 19 is_stmt 0 view .LVU40
 168 000c 4822     		movs	r2, #72
 169              	.LVL18:
 170              		.loc 1 711 19 view .LVU41
 171 000e 0021     		movs	r1, #0
 172              	.LVL19:
 173              		.loc 1 711 19 view .LVU42
 174 0010 02A8     		add	r0, sp, #8
 175              	.LVL20:
 176              		.loc 1 711 19 view .LVU43
 177 0012 FFF7FEFF 		bl	memset
 178              	.LVL21:
 712:Libs/mbedtls/library/ecdsa.c ****     unsigned char *p = buf + sizeof(buf);
 179              		.loc 1 712 5 is_stmt 1 view .LVU44
 180              		.loc 1 712 20 is_stmt 0 view .LVU45
 181 0016 14AB     		add	r3, sp, #80
 182 0018 0193     		str	r3, [sp, #4]
 713:Libs/mbedtls/library/ecdsa.c ****     size_t len = 0;
 183              		.loc 1 713 5 is_stmt 1 view .LVU46
 184              	.LVL22:
 714:Libs/mbedtls/library/ecdsa.c **** 
 715:Libs/mbedtls/library/ecdsa.c ****     MBEDTLS_ASN1_CHK_ADD(len, mbedtls_asn1_write_mpi(&p, buf, s));
 185              		.loc 1 715 5 view .LVU47
 186              		.loc 1 715 5 view .LVU48
 187 001a 2246     		mov	r2, r4
 188 001c 02A9     		add	r1, sp, #8
 189 001e 01A8     		add	r0, sp, #4
 190 0020 FFF7FEFF 		bl	mbedtls_asn1_write_mpi
 191              	.LVL23:
 192              		.loc 1 715 5 is_stmt 0 discriminator 1 view .LVU49
 193 0024 0028     		cmp	r0, #0
 194              		.loc 1 715 5 discriminator 1 view .LVU50
ARM GAS  C:\Users\nicx5\AppData\Local\Temp\ccAw78Qr.s 			page 17


 195 0026 1FDB     		blt	.L6
 196              		.loc 1 715 5 is_stmt 1 discriminator 2 view .LVU51
 197 0028 0446     		mov	r4, r0
 198              	.LVL24:
 199              		.loc 1 715 5 discriminator 2 view .LVU52
 716:Libs/mbedtls/library/ecdsa.c ****     MBEDTLS_ASN1_CHK_ADD(len, mbedtls_asn1_write_mpi(&p, buf, r));
 200              		.loc 1 716 5 view .LVU53
 201              		.loc 1 716 5 view .LVU54
 202 002a 3A46     		mov	r2, r7
 203 002c 02A9     		add	r1, sp, #8
 204 002e 01A8     		add	r0, sp, #4
 205              	.LVL25:
 206              		.loc 1 716 5 is_stmt 0 view .LVU55
 207 0030 FFF7FEFF 		bl	mbedtls_asn1_write_mpi
 208              	.LVL26:
 209              		.loc 1 716 5 discriminator 1 view .LVU56
 210 0034 0028     		cmp	r0, #0
 211              		.loc 1 716 5 discriminator 1 view .LVU57
 212 0036 17DB     		blt	.L6
 213              		.loc 1 716 5 is_stmt 1 discriminator 2 view .LVU58
 214 0038 0444     		add	r4, r4, r0
 215              	.LVL27:
 216              		.loc 1 716 5 discriminator 2 view .LVU59
 717:Libs/mbedtls/library/ecdsa.c **** 
 718:Libs/mbedtls/library/ecdsa.c ****     MBEDTLS_ASN1_CHK_ADD(len, mbedtls_asn1_write_len(&p, buf, len));
 217              		.loc 1 718 5 view .LVU60
 218              		.loc 1 718 5 view .LVU61
 219 003a 2246     		mov	r2, r4
 220 003c 02A9     		add	r1, sp, #8
 221 003e 01A8     		add	r0, sp, #4
 222              	.LVL28:
 223              		.loc 1 718 5 is_stmt 0 view .LVU62
 224 0040 FFF7FEFF 		bl	mbedtls_asn1_write_len
 225              	.LVL29:
 226              		.loc 1 718 5 discriminator 1 view .LVU63
 227 0044 0028     		cmp	r0, #0
 228              		.loc 1 718 5 discriminator 1 view .LVU64
 229 0046 0FDB     		blt	.L6
 230              		.loc 1 718 5 is_stmt 1 discriminator 2 view .LVU65
 231 0048 0444     		add	r4, r4, r0
 232              	.LVL30:
 233              		.loc 1 718 5 discriminator 2 view .LVU66
 719:Libs/mbedtls/library/ecdsa.c ****     MBEDTLS_ASN1_CHK_ADD(len, mbedtls_asn1_write_tag(&p, buf,
 234              		.loc 1 719 5 view .LVU67
 235              		.loc 1 719 5 view .LVU68
 236 004a 3022     		movs	r2, #48
 237 004c 02A9     		add	r1, sp, #8
 238 004e 01A8     		add	r0, sp, #4
 239              	.LVL31:
 240              		.loc 1 719 5 is_stmt 0 view .LVU69
 241 0050 FFF7FEFF 		bl	mbedtls_asn1_write_tag
 242              	.LVL32:
 243              		.loc 1 719 5 discriminator 1 view .LVU70
 244 0054 0028     		cmp	r0, #0
 245              		.loc 1 719 5 discriminator 1 view .LVU71
 246 0056 07DB     		blt	.L6
 247              		.loc 1 719 5 is_stmt 1 discriminator 2 view .LVU72
ARM GAS  C:\Users\nicx5\AppData\Local\Temp\ccAw78Qr.s 			page 18


 248 0058 0444     		add	r4, r4, r0
 249              	.LVL33:
 250              		.loc 1 719 5 discriminator 2 view .LVU73
 720:Libs/mbedtls/library/ecdsa.c ****                                                      MBEDTLS_ASN1_CONSTRUCTED |
 721:Libs/mbedtls/library/ecdsa.c ****                                                      MBEDTLS_ASN1_SEQUENCE));
 722:Libs/mbedtls/library/ecdsa.c **** 
 723:Libs/mbedtls/library/ecdsa.c ****     memcpy(sig, p, len);
 251              		.loc 1 723 5 view .LVU74
 252 005a 2246     		mov	r2, r4
 253 005c 0199     		ldr	r1, [sp, #4]
 254 005e 3046     		mov	r0, r6
 255              	.LVL34:
 256              		.loc 1 723 5 is_stmt 0 view .LVU75
 257 0060 FFF7FEFF 		bl	memcpy
 258              	.LVL35:
 724:Libs/mbedtls/library/ecdsa.c ****     *slen = len;
 259              		.loc 1 724 5 is_stmt 1 view .LVU76
 260              		.loc 1 724 11 is_stmt 0 view .LVU77
 261 0064 2C60     		str	r4, [r5]
 725:Libs/mbedtls/library/ecdsa.c **** 
 726:Libs/mbedtls/library/ecdsa.c ****     return 0;
 262              		.loc 1 726 5 is_stmt 1 view .LVU78
 263              		.loc 1 726 12 is_stmt 0 view .LVU79
 264 0066 0020     		movs	r0, #0
 265              	.LVL36:
 266              	.L6:
 727:Libs/mbedtls/library/ecdsa.c **** }
 267              		.loc 1 727 1 view .LVU80
 268 0068 15B0     		add	sp, sp, #84
 269              	.LCFI3:
 270              		.cfi_def_cfa_offset 20
 271              		@ sp needed
 272 006a F0BD     		pop	{r4, r5, r6, r7, pc}
 273              		.loc 1 727 1 view .LVU81
 274              		.cfi_endproc
 275              	.LFE13:
 277              		.section	.text.mbedtls_ecdsa_can_do,"ax",%progbits
 278              		.align	1
 279              		.global	mbedtls_ecdsa_can_do
 280              		.syntax unified
 281              		.thumb
 282              		.thumb_func
 284              	mbedtls_ecdsa_can_do:
 285              	.LVL37:
 286              	.LFB8:
 232:Libs/mbedtls/library/ecdsa.c ****     switch (gid) {
 287              		.loc 1 232 1 is_stmt 1 view -0
 288              		.cfi_startproc
 289              		@ args = 0, pretend = 0, frame = 0
 290              		@ frame_needed = 0, uses_anonymous_args = 0
 291              		@ link register save eliminated.
 233:Libs/mbedtls/library/ecdsa.c **** #ifdef MBEDTLS_ECP_DP_CURVE25519_ENABLED
 292              		.loc 1 233 5 view .LVU83
 240:Libs/mbedtls/library/ecdsa.c ****     }
 293              		.loc 1 240 18 view .LVU84
 242:Libs/mbedtls/library/ecdsa.c **** 
 294              		.loc 1 242 1 is_stmt 0 view .LVU85
ARM GAS  C:\Users\nicx5\AppData\Local\Temp\ccAw78Qr.s 			page 19


 295 0000 0120     		movs	r0, #1
 296              	.LVL38:
 242:Libs/mbedtls/library/ecdsa.c **** 
 297              		.loc 1 242 1 view .LVU86
 298 0002 7047     		bx	lr
 299              		.cfi_endproc
 300              	.LFE8:
 302              		.section	.text.ecdsa_sign_restartable,"ax",%progbits
 303              		.align	1
 304              		.syntax unified
 305              		.thumb
 306              		.thumb_func
 308              	ecdsa_sign_restartable:
 309              	.LVL39:
 310              	.LFB9:
 256:Libs/mbedtls/library/ecdsa.c ****     int ret, key_tries, sign_tries;
 311              		.loc 1 256 1 is_stmt 1 view -0
 312              		.cfi_startproc
 313              		@ args = 28, pretend = 0, frame = 88
 314              		@ frame_needed = 0, uses_anonymous_args = 0
 256:Libs/mbedtls/library/ecdsa.c ****     int ret, key_tries, sign_tries;
 315              		.loc 1 256 1 is_stmt 0 view .LVU88
 316 0000 2DE9F04F 		push	{r4, r5, r6, r7, r8, r9, r10, fp, lr}
 317              	.LCFI4:
 318              		.cfi_def_cfa_offset 36
 319              		.cfi_offset 4, -36
 320              		.cfi_offset 5, -32
 321              		.cfi_offset 6, -28
 322              		.cfi_offset 7, -24
 323              		.cfi_offset 8, -20
 324              		.cfi_offset 9, -16
 325              		.cfi_offset 10, -12
 326              		.cfi_offset 11, -8
 327              		.cfi_offset 14, -4
 328 0004 9BB0     		sub	sp, sp, #108
 329              	.LCFI5:
 330              		.cfi_def_cfa_offset 144
 331 0006 0446     		mov	r4, r0
 332 0008 0F46     		mov	r7, r1
 333 000a 0692     		str	r2, [sp, #24]
 334 000c 1D46     		mov	r5, r3
 335 000e 0793     		str	r3, [sp, #28]
 336 0010 DDF898B0 		ldr	fp, [sp, #152]
 337 0014 279E     		ldr	r6, [sp, #156]
 338 0016 DDF8A090 		ldr	r9, [sp, #160]
 339 001a DDF8A4A0 		ldr	r10, [sp, #164]
 257:Libs/mbedtls/library/ecdsa.c ****     int *p_sign_tries = &sign_tries, *p_key_tries = &key_tries;
 340              		.loc 1 257 5 is_stmt 1 view .LVU89
 258:Libs/mbedtls/library/ecdsa.c ****     mbedtls_ecp_point R;
 341              		.loc 1 258 5 view .LVU90
 342              	.LVL40:
 259:Libs/mbedtls/library/ecdsa.c ****     mbedtls_mpi k, e, t;
 343              		.loc 1 259 5 view .LVU91
 260:Libs/mbedtls/library/ecdsa.c ****     mbedtls_mpi *pk = &k, *pr = r;
 344              		.loc 1 260 5 view .LVU92
 261:Libs/mbedtls/library/ecdsa.c **** 
 345              		.loc 1 261 5 view .LVU93
ARM GAS  C:\Users\nicx5\AppData\Local\Temp\ccAw78Qr.s 			page 20


 264:Libs/mbedtls/library/ecdsa.c ****         return MBEDTLS_ERR_ECP_BAD_INPUT_DATA;
 346              		.loc 1 264 5 view .LVU94
 264:Libs/mbedtls/library/ecdsa.c ****         return MBEDTLS_ERR_ECP_BAD_INPUT_DATA;
 347              		.loc 1 264 10 is_stmt 0 view .LVU95
 348 001e 0078     		ldrb	r0, [r0]	@ zero_extendqisi2
 349              	.LVL41:
 264:Libs/mbedtls/library/ecdsa.c ****         return MBEDTLS_ERR_ECP_BAD_INPUT_DATA;
 350              		.loc 1 264 10 view .LVU96
 351 0020 FFF7FEFF 		bl	mbedtls_ecdsa_can_do
 352              	.LVL42:
 264:Libs/mbedtls/library/ecdsa.c ****         return MBEDTLS_ERR_ECP_BAD_INPUT_DATA;
 353              		.loc 1 264 8 discriminator 1 view .LVU97
 354 0024 0028     		cmp	r0, #0
 355 0026 00F0C380 		beq	.L17
 264:Libs/mbedtls/library/ecdsa.c ****         return MBEDTLS_ERR_ECP_BAD_INPUT_DATA;
 356              		.loc 1 264 49 discriminator 1 view .LVU98
 357 002a 636D     		ldr	r3, [r4, #84]
 264:Libs/mbedtls/library/ecdsa.c ****         return MBEDTLS_ERR_ECP_BAD_INPUT_DATA;
 358              		.loc 1 264 40 discriminator 1 view .LVU99
 359 002c 002B     		cmp	r3, #0
 360 002e 00F0C280 		beq	.L18
 269:Libs/mbedtls/library/ecdsa.c ****         return MBEDTLS_ERR_ECP_INVALID_KEY;
 361              		.loc 1 269 5 is_stmt 1 view .LVU100
 269:Libs/mbedtls/library/ecdsa.c ****         return MBEDTLS_ERR_ECP_INVALID_KEY;
 362              		.loc 1 269 9 is_stmt 0 view .LVU101
 363 0032 0121     		movs	r1, #1
 364 0034 2846     		mov	r0, r5
 365 0036 FFF7FEFF 		bl	mbedtls_mpi_cmp_int
 366              	.LVL43:
 269:Libs/mbedtls/library/ecdsa.c ****         return MBEDTLS_ERR_ECP_INVALID_KEY;
 367              		.loc 1 269 8 discriminator 1 view .LVU102
 368 003a 0028     		cmp	r0, #0
 369 003c C0F29A80 		blt	.L12
 269:Libs/mbedtls/library/ecdsa.c ****         return MBEDTLS_ERR_ECP_INVALID_KEY;
 370              		.loc 1 269 65 discriminator 1 view .LVU103
 371 0040 04F14C08 		add	r8, r4, #76
 269:Libs/mbedtls/library/ecdsa.c ****         return MBEDTLS_ERR_ECP_INVALID_KEY;
 372              		.loc 1 269 42 discriminator 1 view .LVU104
 373 0044 4146     		mov	r1, r8
 374 0046 2846     		mov	r0, r5
 375 0048 FFF7FEFF 		bl	mbedtls_mpi_cmp_mpi
 376              	.LVL44:
 269:Libs/mbedtls/library/ecdsa.c ****         return MBEDTLS_ERR_ECP_INVALID_KEY;
 377              		.loc 1 269 39 discriminator 1 view .LVU105
 378 004c 0028     		cmp	r0, #0
 379 004e 80F29180 		bge	.L12
 273:Libs/mbedtls/library/ecdsa.c ****     mbedtls_mpi_init(&k); mbedtls_mpi_init(&e); mbedtls_mpi_init(&t);
 380              		.loc 1 273 5 is_stmt 1 view .LVU106
 381 0052 11A8     		add	r0, sp, #68
 382 0054 FFF7FEFF 		bl	mbedtls_ecp_point_init
 383              	.LVL45:
 274:Libs/mbedtls/library/ecdsa.c **** 
 384              		.loc 1 274 5 view .LVU107
 385 0058 0EA8     		add	r0, sp, #56
 386              	.LVL46:
 274:Libs/mbedtls/library/ecdsa.c **** 
 387              		.loc 1 274 5 is_stmt 0 view .LVU108
ARM GAS  C:\Users\nicx5\AppData\Local\Temp\ccAw78Qr.s 			page 21


 388 005a FFF7FEFF 		bl	mbedtls_mpi_init
 389              	.LVL47:
 274:Libs/mbedtls/library/ecdsa.c **** 
 390              		.loc 1 274 27 is_stmt 1 discriminator 1 view .LVU109
 391 005e 0BA8     		add	r0, sp, #44
 392 0060 FFF7FEFF 		bl	mbedtls_mpi_init
 393              	.LVL48:
 274:Libs/mbedtls/library/ecdsa.c **** 
 394              		.loc 1 274 49 discriminator 2 view .LVU110
 395 0064 08A8     		add	r0, sp, #32
 396 0066 FFF7FEFF 		bl	mbedtls_mpi_init
 397              	.LVL49:
 276:Libs/mbedtls/library/ecdsa.c **** 
 398              		.loc 1 276 5 view .LVU111
 296:Libs/mbedtls/library/ecdsa.c ****     do {
 399              		.loc 1 296 5 view .LVU112
 296:Libs/mbedtls/library/ecdsa.c ****     do {
 400              		.loc 1 296 19 is_stmt 0 view .LVU113
 401 006a 0023     		movs	r3, #0
 402              	.LVL50:
 403              	.L16:
 297:Libs/mbedtls/library/ecdsa.c ****         if ((*p_sign_tries)++ > 10) {
 404              		.loc 1 297 5 is_stmt 1 view .LVU114
 298:Libs/mbedtls/library/ecdsa.c ****             ret = MBEDTLS_ERR_ECP_RANDOM_FAILED;
 405              		.loc 1 298 9 view .LVU115
 298:Libs/mbedtls/library/ecdsa.c ****             ret = MBEDTLS_ERR_ECP_RANDOM_FAILED;
 406              		.loc 1 298 28 is_stmt 0 view .LVU116
 407 006c 5A1C     		adds	r2, r3, #1
 408 006e 0592     		str	r2, [sp, #20]
 409              	.LVL51:
 298:Libs/mbedtls/library/ecdsa.c ****             ret = MBEDTLS_ERR_ECP_RANDOM_FAILED;
 410              		.loc 1 298 12 view .LVU117
 411 0070 0A2B     		cmp	r3, #10
 412 0072 00F38280 		bgt	.L19
 307:Libs/mbedtls/library/ecdsa.c ****         do {
 413              		.loc 1 307 22 view .LVU118
 414 0076 0025     		movs	r5, #0
 415              	.LVL52:
 416              	.L15:
 308:Libs/mbedtls/library/ecdsa.c ****             if ((*p_key_tries)++ > 10) {
 417              		.loc 1 308 9 is_stmt 1 view .LVU119
 309:Libs/mbedtls/library/ecdsa.c ****                 ret = MBEDTLS_ERR_ECP_RANDOM_FAILED;
 418              		.loc 1 309 13 view .LVU120
 309:Libs/mbedtls/library/ecdsa.c ****                 ret = MBEDTLS_ERR_ECP_RANDOM_FAILED;
 419              		.loc 1 309 16 is_stmt 0 view .LVU121
 420 0078 0A2D     		cmp	r5, #10
 421 007a 05F10105 		add	r5, r5, #1
 422              	.LVL53:
 309:Libs/mbedtls/library/ecdsa.c ****                 ret = MBEDTLS_ERR_ECP_RANDOM_FAILED;
 423              		.loc 1 309 16 view .LVU122
 424 007e 7FDC     		bgt	.L20
 314:Libs/mbedtls/library/ecdsa.c **** 
 425              		.loc 1 314 13 is_stmt 1 view .LVU123
 314:Libs/mbedtls/library/ecdsa.c **** 
 426              		.loc 1 314 13 view .LVU124
 427 0080 3346     		mov	r3, r6
 428 0082 5A46     		mov	r2, fp
ARM GAS  C:\Users\nicx5\AppData\Local\Temp\ccAw78Qr.s 			page 22


 429 0084 0EA9     		add	r1, sp, #56
 430              	.LVL54:
 314:Libs/mbedtls/library/ecdsa.c **** 
 431              		.loc 1 314 13 is_stmt 0 view .LVU125
 432 0086 2046     		mov	r0, r4
 433 0088 FFF7FEFF 		bl	mbedtls_ecp_gen_privkey
 434              	.LVL55:
 314:Libs/mbedtls/library/ecdsa.c **** 
 435              		.loc 1 314 13 discriminator 1 view .LVU126
 436 008c 0028     		cmp	r0, #0
 437 008e 40F08980 		bne	.L22
 314:Libs/mbedtls/library/ecdsa.c **** 
 438              		.loc 1 314 13 is_stmt 1 discriminator 2 view .LVU127
 323:Libs/mbedtls/library/ecdsa.c ****                                                         f_rng_blind,
 439              		.loc 1 323 13 view .LVU128
 323:Libs/mbedtls/library/ecdsa.c ****                                                         f_rng_blind,
 440              		.loc 1 323 13 view .LVU129
 441 0092 0023     		movs	r3, #0
 442 0094 0293     		str	r3, [sp, #8]
 443 0096 CDF804A0 		str	r10, [sp, #4]
 444 009a CDF80090 		str	r9, [sp]
 445 009e 04F12803 		add	r3, r4, #40
 446 00a2 0EAA     		add	r2, sp, #56
 447              	.LVL56:
 323:Libs/mbedtls/library/ecdsa.c ****                                                         f_rng_blind,
 448              		.loc 1 323 13 is_stmt 0 view .LVU130
 449 00a4 11A9     		add	r1, sp, #68
 450 00a6 2046     		mov	r0, r4
 451              	.LVL57:
 323:Libs/mbedtls/library/ecdsa.c ****                                                         f_rng_blind,
 452              		.loc 1 323 13 view .LVU131
 453 00a8 FFF7FEFF 		bl	mbedtls_ecp_mul_restartable
 454              	.LVL58:
 323:Libs/mbedtls/library/ecdsa.c ****                                                         f_rng_blind,
 455              		.loc 1 323 13 discriminator 1 view .LVU132
 456 00ac 0028     		cmp	r0, #0
 457 00ae 7BD1     		bne	.L23
 323:Libs/mbedtls/library/ecdsa.c ****                                                         f_rng_blind,
 458              		.loc 1 323 13 is_stmt 1 discriminator 2 view .LVU133
 327:Libs/mbedtls/library/ecdsa.c ****         } while (mbedtls_mpi_cmp_int(pr, 0) == 0);
 459              		.loc 1 327 13 view .LVU134
 327:Libs/mbedtls/library/ecdsa.c ****         } while (mbedtls_mpi_cmp_int(pr, 0) == 0);
 460              		.loc 1 327 13 view .LVU135
 461 00b0 4246     		mov	r2, r8
 462 00b2 11A9     		add	r1, sp, #68
 463 00b4 3846     		mov	r0, r7
 464              	.LVL59:
 327:Libs/mbedtls/library/ecdsa.c ****         } while (mbedtls_mpi_cmp_int(pr, 0) == 0);
 465              		.loc 1 327 13 is_stmt 0 view .LVU136
 466 00b6 FFF7FEFF 		bl	mbedtls_mpi_mod_mpi
 467              	.LVL60:
 327:Libs/mbedtls/library/ecdsa.c ****         } while (mbedtls_mpi_cmp_int(pr, 0) == 0);
 468              		.loc 1 327 13 discriminator 1 view .LVU137
 469 00ba 0028     		cmp	r0, #0
 470 00bc 76D1     		bne	.L24
 327:Libs/mbedtls/library/ecdsa.c ****         } while (mbedtls_mpi_cmp_int(pr, 0) == 0);
 471              		.loc 1 327 13 is_stmt 1 discriminator 2 view .LVU138
ARM GAS  C:\Users\nicx5\AppData\Local\Temp\ccAw78Qr.s 			page 23


 328:Libs/mbedtls/library/ecdsa.c **** 
 472              		.loc 1 328 45 view .LVU139
 328:Libs/mbedtls/library/ecdsa.c **** 
 473              		.loc 1 328 18 is_stmt 0 view .LVU140
 474 00be 0021     		movs	r1, #0
 475 00c0 3846     		mov	r0, r7
 476              	.LVL61:
 328:Libs/mbedtls/library/ecdsa.c **** 
 477              		.loc 1 328 18 view .LVU141
 478 00c2 FFF7FEFF 		bl	mbedtls_mpi_cmp_int
 479              	.LVL62:
 328:Libs/mbedtls/library/ecdsa.c **** 
 480              		.loc 1 328 45 discriminator 1 view .LVU142
 481 00c6 0028     		cmp	r0, #0
 482 00c8 D6D0     		beq	.L15
 341:Libs/mbedtls/library/ecdsa.c **** 
 483              		.loc 1 341 46 is_stmt 1 view .LVU143
 346:Libs/mbedtls/library/ecdsa.c **** 
 484              		.loc 1 346 9 view .LVU144
 346:Libs/mbedtls/library/ecdsa.c **** 
 485              		.loc 1 346 9 view .LVU145
 486 00ca 259B     		ldr	r3, [sp, #148]
 487 00cc 249A     		ldr	r2, [sp, #144]
 488 00ce 0BA9     		add	r1, sp, #44
 489 00d0 2046     		mov	r0, r4
 490 00d2 FFF7FEFF 		bl	derive_mpi
 491              	.LVL63:
 346:Libs/mbedtls/library/ecdsa.c **** 
 492              		.loc 1 346 9 is_stmt 0 discriminator 1 view .LVU146
 493 00d6 0490     		str	r0, [sp, #16]
 494 00d8 0028     		cmp	r0, #0
 495 00da 53D1     		bne	.L14
 346:Libs/mbedtls/library/ecdsa.c **** 
 496              		.loc 1 346 9 is_stmt 1 discriminator 2 view .LVU147
 352:Libs/mbedtls/library/ecdsa.c ****                                                 p_rng_blind));
 497              		.loc 1 352 9 view .LVU148
 352:Libs/mbedtls/library/ecdsa.c ****                                                 p_rng_blind));
 498              		.loc 1 352 9 view .LVU149
 499 00dc 5346     		mov	r3, r10
 500 00de 4A46     		mov	r2, r9
 501 00e0 08A9     		add	r1, sp, #32
 502 00e2 2046     		mov	r0, r4
 503              	.LVL64:
 352:Libs/mbedtls/library/ecdsa.c ****                                                 p_rng_blind));
 504              		.loc 1 352 9 is_stmt 0 view .LVU150
 505 00e4 FFF7FEFF 		bl	mbedtls_ecp_gen_privkey
 506              	.LVL65:
 352:Libs/mbedtls/library/ecdsa.c ****                                                 p_rng_blind));
 507              		.loc 1 352 9 discriminator 1 view .LVU151
 508 00e8 0490     		str	r0, [sp, #16]
 509 00ea 0028     		cmp	r0, #0
 510 00ec 4AD1     		bne	.L14
 352:Libs/mbedtls/library/ecdsa.c ****                                                 p_rng_blind));
 511              		.loc 1 352 9 is_stmt 1 discriminator 2 view .LVU152
 358:Libs/mbedtls/library/ecdsa.c ****         MBEDTLS_MPI_CHK(mbedtls_mpi_add_mpi(&e, &e, s));
 512              		.loc 1 358 9 view .LVU153
 358:Libs/mbedtls/library/ecdsa.c ****         MBEDTLS_MPI_CHK(mbedtls_mpi_add_mpi(&e, &e, s));
ARM GAS  C:\Users\nicx5\AppData\Local\Temp\ccAw78Qr.s 			page 24


 513              		.loc 1 358 9 view .LVU154
 514 00ee 079A     		ldr	r2, [sp, #28]
 515 00f0 3946     		mov	r1, r7
 516 00f2 069D     		ldr	r5, [sp, #24]
 517              	.LVL66:
 358:Libs/mbedtls/library/ecdsa.c ****         MBEDTLS_MPI_CHK(mbedtls_mpi_add_mpi(&e, &e, s));
 518              		.loc 1 358 9 is_stmt 0 view .LVU155
 519 00f4 2846     		mov	r0, r5
 520              	.LVL67:
 358:Libs/mbedtls/library/ecdsa.c ****         MBEDTLS_MPI_CHK(mbedtls_mpi_add_mpi(&e, &e, s));
 521              		.loc 1 358 9 view .LVU156
 522 00f6 FFF7FEFF 		bl	mbedtls_mpi_mul_mpi
 523              	.LVL68:
 358:Libs/mbedtls/library/ecdsa.c ****         MBEDTLS_MPI_CHK(mbedtls_mpi_add_mpi(&e, &e, s));
 524              		.loc 1 358 9 discriminator 1 view .LVU157
 525 00fa 0490     		str	r0, [sp, #16]
 526 00fc 0028     		cmp	r0, #0
 527 00fe 41D1     		bne	.L14
 358:Libs/mbedtls/library/ecdsa.c ****         MBEDTLS_MPI_CHK(mbedtls_mpi_add_mpi(&e, &e, s));
 528              		.loc 1 358 9 is_stmt 1 discriminator 2 view .LVU158
 359:Libs/mbedtls/library/ecdsa.c ****         MBEDTLS_MPI_CHK(mbedtls_mpi_mul_mpi(&e, &e, &t));
 529              		.loc 1 359 9 view .LVU159
 359:Libs/mbedtls/library/ecdsa.c ****         MBEDTLS_MPI_CHK(mbedtls_mpi_mul_mpi(&e, &e, &t));
 530              		.loc 1 359 9 view .LVU160
 531 0100 2A46     		mov	r2, r5
 532 0102 0BA9     		add	r1, sp, #44
 533 0104 0846     		mov	r0, r1
 534              	.LVL69:
 359:Libs/mbedtls/library/ecdsa.c ****         MBEDTLS_MPI_CHK(mbedtls_mpi_mul_mpi(&e, &e, &t));
 535              		.loc 1 359 9 is_stmt 0 view .LVU161
 536 0106 FFF7FEFF 		bl	mbedtls_mpi_add_mpi
 537              	.LVL70:
 359:Libs/mbedtls/library/ecdsa.c ****         MBEDTLS_MPI_CHK(mbedtls_mpi_mul_mpi(&e, &e, &t));
 538              		.loc 1 359 9 discriminator 1 view .LVU162
 539 010a 0490     		str	r0, [sp, #16]
 540 010c 0028     		cmp	r0, #0
 541 010e 39D1     		bne	.L14
 359:Libs/mbedtls/library/ecdsa.c ****         MBEDTLS_MPI_CHK(mbedtls_mpi_mul_mpi(&e, &e, &t));
 542              		.loc 1 359 9 is_stmt 1 discriminator 2 view .LVU163
 360:Libs/mbedtls/library/ecdsa.c ****         MBEDTLS_MPI_CHK(mbedtls_mpi_mul_mpi(pk, pk, &t));
 543              		.loc 1 360 9 view .LVU164
 360:Libs/mbedtls/library/ecdsa.c ****         MBEDTLS_MPI_CHK(mbedtls_mpi_mul_mpi(pk, pk, &t));
 544              		.loc 1 360 9 view .LVU165
 545 0110 08AA     		add	r2, sp, #32
 546 0112 0BA9     		add	r1, sp, #44
 547 0114 0846     		mov	r0, r1
 548              	.LVL71:
 360:Libs/mbedtls/library/ecdsa.c ****         MBEDTLS_MPI_CHK(mbedtls_mpi_mul_mpi(pk, pk, &t));
 549              		.loc 1 360 9 is_stmt 0 view .LVU166
 550 0116 FFF7FEFF 		bl	mbedtls_mpi_mul_mpi
 551              	.LVL72:
 360:Libs/mbedtls/library/ecdsa.c ****         MBEDTLS_MPI_CHK(mbedtls_mpi_mul_mpi(pk, pk, &t));
 552              		.loc 1 360 9 discriminator 1 view .LVU167
 553 011a 0490     		str	r0, [sp, #16]
 554 011c 0028     		cmp	r0, #0
 555 011e 31D1     		bne	.L14
 360:Libs/mbedtls/library/ecdsa.c ****         MBEDTLS_MPI_CHK(mbedtls_mpi_mul_mpi(pk, pk, &t));
ARM GAS  C:\Users\nicx5\AppData\Local\Temp\ccAw78Qr.s 			page 25


 556              		.loc 1 360 9 is_stmt 1 discriminator 2 view .LVU168
 361:Libs/mbedtls/library/ecdsa.c ****         MBEDTLS_MPI_CHK(mbedtls_mpi_mod_mpi(pk, pk, &grp->N));
 557              		.loc 1 361 9 view .LVU169
 361:Libs/mbedtls/library/ecdsa.c ****         MBEDTLS_MPI_CHK(mbedtls_mpi_mod_mpi(pk, pk, &grp->N));
 558              		.loc 1 361 9 view .LVU170
 559 0120 08AA     		add	r2, sp, #32
 560 0122 0EA9     		add	r1, sp, #56
 561              	.LVL73:
 361:Libs/mbedtls/library/ecdsa.c ****         MBEDTLS_MPI_CHK(mbedtls_mpi_mod_mpi(pk, pk, &grp->N));
 562              		.loc 1 361 9 is_stmt 0 view .LVU171
 563 0124 0846     		mov	r0, r1
 564              	.LVL74:
 361:Libs/mbedtls/library/ecdsa.c ****         MBEDTLS_MPI_CHK(mbedtls_mpi_mod_mpi(pk, pk, &grp->N));
 565              		.loc 1 361 9 view .LVU172
 566 0126 FFF7FEFF 		bl	mbedtls_mpi_mul_mpi
 567              	.LVL75:
 361:Libs/mbedtls/library/ecdsa.c ****         MBEDTLS_MPI_CHK(mbedtls_mpi_mod_mpi(pk, pk, &grp->N));
 568              		.loc 1 361 9 discriminator 1 view .LVU173
 569 012a 0490     		str	r0, [sp, #16]
 570 012c 50BB     		cbnz	r0, .L14
 361:Libs/mbedtls/library/ecdsa.c ****         MBEDTLS_MPI_CHK(mbedtls_mpi_mod_mpi(pk, pk, &grp->N));
 571              		.loc 1 361 9 is_stmt 1 discriminator 2 view .LVU174
 362:Libs/mbedtls/library/ecdsa.c ****         MBEDTLS_MPI_CHK(mbedtls_mpi_inv_mod(s, pk, &grp->N));
 572              		.loc 1 362 9 view .LVU175
 362:Libs/mbedtls/library/ecdsa.c ****         MBEDTLS_MPI_CHK(mbedtls_mpi_inv_mod(s, pk, &grp->N));
 573              		.loc 1 362 9 view .LVU176
 574 012e 4246     		mov	r2, r8
 575 0130 0EA9     		add	r1, sp, #56
 576              	.LVL76:
 362:Libs/mbedtls/library/ecdsa.c ****         MBEDTLS_MPI_CHK(mbedtls_mpi_inv_mod(s, pk, &grp->N));
 577              		.loc 1 362 9 is_stmt 0 view .LVU177
 578 0132 0846     		mov	r0, r1
 579              	.LVL77:
 362:Libs/mbedtls/library/ecdsa.c ****         MBEDTLS_MPI_CHK(mbedtls_mpi_inv_mod(s, pk, &grp->N));
 580              		.loc 1 362 9 view .LVU178
 581 0134 FFF7FEFF 		bl	mbedtls_mpi_mod_mpi
 582              	.LVL78:
 362:Libs/mbedtls/library/ecdsa.c ****         MBEDTLS_MPI_CHK(mbedtls_mpi_inv_mod(s, pk, &grp->N));
 583              		.loc 1 362 9 discriminator 1 view .LVU179
 584 0138 0490     		str	r0, [sp, #16]
 585 013a 18BB     		cbnz	r0, .L14
 362:Libs/mbedtls/library/ecdsa.c ****         MBEDTLS_MPI_CHK(mbedtls_mpi_inv_mod(s, pk, &grp->N));
 586              		.loc 1 362 9 is_stmt 1 discriminator 2 view .LVU180
 363:Libs/mbedtls/library/ecdsa.c ****         MBEDTLS_MPI_CHK(mbedtls_mpi_mul_mpi(s, s, &e));
 587              		.loc 1 363 9 view .LVU181
 363:Libs/mbedtls/library/ecdsa.c ****         MBEDTLS_MPI_CHK(mbedtls_mpi_mul_mpi(s, s, &e));
 588              		.loc 1 363 9 view .LVU182
 589 013c 4246     		mov	r2, r8
 590 013e 0EA9     		add	r1, sp, #56
 591              	.LVL79:
 363:Libs/mbedtls/library/ecdsa.c ****         MBEDTLS_MPI_CHK(mbedtls_mpi_mul_mpi(s, s, &e));
 592              		.loc 1 363 9 is_stmt 0 view .LVU183
 593 0140 2846     		mov	r0, r5
 594              	.LVL80:
 363:Libs/mbedtls/library/ecdsa.c ****         MBEDTLS_MPI_CHK(mbedtls_mpi_mul_mpi(s, s, &e));
 595              		.loc 1 363 9 view .LVU184
 596 0142 FFF7FEFF 		bl	mbedtls_mpi_inv_mod
ARM GAS  C:\Users\nicx5\AppData\Local\Temp\ccAw78Qr.s 			page 26


 597              	.LVL81:
 363:Libs/mbedtls/library/ecdsa.c ****         MBEDTLS_MPI_CHK(mbedtls_mpi_mul_mpi(s, s, &e));
 598              		.loc 1 363 9 discriminator 1 view .LVU185
 599 0146 0490     		str	r0, [sp, #16]
 600 0148 E0B9     		cbnz	r0, .L14
 363:Libs/mbedtls/library/ecdsa.c ****         MBEDTLS_MPI_CHK(mbedtls_mpi_mul_mpi(s, s, &e));
 601              		.loc 1 363 9 is_stmt 1 discriminator 2 view .LVU186
 364:Libs/mbedtls/library/ecdsa.c ****         MBEDTLS_MPI_CHK(mbedtls_mpi_mod_mpi(s, s, &grp->N));
 602              		.loc 1 364 9 view .LVU187
 364:Libs/mbedtls/library/ecdsa.c ****         MBEDTLS_MPI_CHK(mbedtls_mpi_mod_mpi(s, s, &grp->N));
 603              		.loc 1 364 9 view .LVU188
 604 014a 0BAA     		add	r2, sp, #44
 605 014c 2946     		mov	r1, r5
 606 014e 2846     		mov	r0, r5
 607              	.LVL82:
 364:Libs/mbedtls/library/ecdsa.c ****         MBEDTLS_MPI_CHK(mbedtls_mpi_mod_mpi(s, s, &grp->N));
 608              		.loc 1 364 9 is_stmt 0 view .LVU189
 609 0150 FFF7FEFF 		bl	mbedtls_mpi_mul_mpi
 610              	.LVL83:
 364:Libs/mbedtls/library/ecdsa.c ****         MBEDTLS_MPI_CHK(mbedtls_mpi_mod_mpi(s, s, &grp->N));
 611              		.loc 1 364 9 discriminator 1 view .LVU190
 612 0154 0490     		str	r0, [sp, #16]
 613 0156 A8B9     		cbnz	r0, .L14
 364:Libs/mbedtls/library/ecdsa.c ****         MBEDTLS_MPI_CHK(mbedtls_mpi_mod_mpi(s, s, &grp->N));
 614              		.loc 1 364 9 is_stmt 1 discriminator 2 view .LVU191
 365:Libs/mbedtls/library/ecdsa.c ****     } while (mbedtls_mpi_cmp_int(s, 0) == 0);
 615              		.loc 1 365 9 view .LVU192
 365:Libs/mbedtls/library/ecdsa.c ****     } while (mbedtls_mpi_cmp_int(s, 0) == 0);
 616              		.loc 1 365 9 view .LVU193
 617 0158 4246     		mov	r2, r8
 618 015a 2946     		mov	r1, r5
 619 015c 2846     		mov	r0, r5
 620              	.LVL84:
 365:Libs/mbedtls/library/ecdsa.c ****     } while (mbedtls_mpi_cmp_int(s, 0) == 0);
 621              		.loc 1 365 9 is_stmt 0 view .LVU194
 622 015e FFF7FEFF 		bl	mbedtls_mpi_mod_mpi
 623              	.LVL85:
 365:Libs/mbedtls/library/ecdsa.c ****     } while (mbedtls_mpi_cmp_int(s, 0) == 0);
 624              		.loc 1 365 9 discriminator 1 view .LVU195
 625 0162 0490     		str	r0, [sp, #16]
 626 0164 70B9     		cbnz	r0, .L14
 365:Libs/mbedtls/library/ecdsa.c ****     } while (mbedtls_mpi_cmp_int(s, 0) == 0);
 627              		.loc 1 365 9 is_stmt 1 discriminator 2 view .LVU196
 366:Libs/mbedtls/library/ecdsa.c **** 
 628              		.loc 1 366 40 view .LVU197
 366:Libs/mbedtls/library/ecdsa.c **** 
 629              		.loc 1 366 14 is_stmt 0 view .LVU198
 630 0166 0021     		movs	r1, #0
 631 0168 2846     		mov	r0, r5
 632              	.LVL86:
 366:Libs/mbedtls/library/ecdsa.c **** 
 633              		.loc 1 366 14 view .LVU199
 634 016a FFF7FEFF 		bl	mbedtls_mpi_cmp_int
 635              	.LVL87:
 366:Libs/mbedtls/library/ecdsa.c **** 
 636              		.loc 1 366 40 discriminator 1 view .LVU200
 637 016e 48B9     		cbnz	r0, .L14
ARM GAS  C:\Users\nicx5\AppData\Local\Temp\ccAw78Qr.s 			page 27


 298:Libs/mbedtls/library/ecdsa.c ****             ret = MBEDTLS_ERR_ECP_RANDOM_FAILED;
 638              		.loc 1 298 28 view .LVU201
 639 0170 059B     		ldr	r3, [sp, #20]
 640 0172 7BE7     		b	.L16
 641              	.LVL88:
 642              	.L12:
 270:Libs/mbedtls/library/ecdsa.c ****     }
 643              		.loc 1 270 9 is_stmt 1 view .LVU202
 270:Libs/mbedtls/library/ecdsa.c ****     }
 644              		.loc 1 270 16 is_stmt 0 view .LVU203
 645 0174 114B     		ldr	r3, .L26
 646 0176 0493     		str	r3, [sp, #16]
 647 0178 10E0     		b	.L10
 648              	.LVL89:
 649              	.L19:
 299:Libs/mbedtls/library/ecdsa.c ****             goto cleanup;
 650              		.loc 1 299 17 view .LVU204
 651 017a 114B     		ldr	r3, .L26+4
 652 017c 0493     		str	r3, [sp, #16]
 653 017e 01E0     		b	.L14
 654              	.LVL90:
 655              	.L20:
 310:Libs/mbedtls/library/ecdsa.c ****                 goto cleanup;
 656              		.loc 1 310 21 view .LVU205
 657 0180 0F4B     		ldr	r3, .L26+4
 658 0182 0493     		str	r3, [sp, #16]
 659              	.LVL91:
 660              	.L14:
 375:Libs/mbedtls/library/ecdsa.c ****     mbedtls_mpi_free(&k); mbedtls_mpi_free(&e); mbedtls_mpi_free(&t);
 661              		.loc 1 375 5 is_stmt 1 view .LVU206
 662 0184 11A8     		add	r0, sp, #68
 663 0186 FFF7FEFF 		bl	mbedtls_ecp_point_free
 664              	.LVL92:
 376:Libs/mbedtls/library/ecdsa.c **** 
 665              		.loc 1 376 5 view .LVU207
 666 018a 0EA8     		add	r0, sp, #56
 667              	.LVL93:
 376:Libs/mbedtls/library/ecdsa.c **** 
 668              		.loc 1 376 5 is_stmt 0 view .LVU208
 669 018c FFF7FEFF 		bl	mbedtls_mpi_free
 670              	.LVL94:
 376:Libs/mbedtls/library/ecdsa.c **** 
 671              		.loc 1 376 27 is_stmt 1 discriminator 1 view .LVU209
 672 0190 0BA8     		add	r0, sp, #44
 673 0192 FFF7FEFF 		bl	mbedtls_mpi_free
 674              	.LVL95:
 376:Libs/mbedtls/library/ecdsa.c **** 
 675              		.loc 1 376 49 discriminator 2 view .LVU210
 676 0196 08A8     		add	r0, sp, #32
 677 0198 FFF7FEFF 		bl	mbedtls_mpi_free
 678              	.LVL96:
 378:Libs/mbedtls/library/ecdsa.c **** 
 679              		.loc 1 378 5 view .LVU211
 380:Libs/mbedtls/library/ecdsa.c **** }
 680              		.loc 1 380 5 view .LVU212
 681              	.L10:
 381:Libs/mbedtls/library/ecdsa.c **** 
ARM GAS  C:\Users\nicx5\AppData\Local\Temp\ccAw78Qr.s 			page 28


 682              		.loc 1 381 1 is_stmt 0 view .LVU213
 683 019c 0498     		ldr	r0, [sp, #16]
 684 019e 1BB0     		add	sp, sp, #108
 685              	.LCFI6:
 686              		.cfi_remember_state
 687              		.cfi_def_cfa_offset 36
 688              		@ sp needed
 689 01a0 BDE8F08F 		pop	{r4, r5, r6, r7, r8, r9, r10, fp, pc}
 690              	.LVL97:
 691              	.L22:
 692              	.LCFI7:
 693              		.cfi_restore_state
 381:Libs/mbedtls/library/ecdsa.c **** 
 694              		.loc 1 381 1 view .LVU214
 695 01a4 0490     		str	r0, [sp, #16]
 696 01a6 EDE7     		b	.L14
 697              	.L23:
 381:Libs/mbedtls/library/ecdsa.c **** 
 698              		.loc 1 381 1 view .LVU215
 699 01a8 0490     		str	r0, [sp, #16]
 700 01aa EBE7     		b	.L14
 701              	.L24:
 381:Libs/mbedtls/library/ecdsa.c **** 
 702              		.loc 1 381 1 view .LVU216
 703 01ac 0490     		str	r0, [sp, #16]
 704 01ae E9E7     		b	.L14
 705              	.LVL98:
 706              	.L17:
 265:Libs/mbedtls/library/ecdsa.c ****     }
 707              		.loc 1 265 16 view .LVU217
 708 01b0 044B     		ldr	r3, .L26+8
 709 01b2 0493     		str	r3, [sp, #16]
 710 01b4 F2E7     		b	.L10
 711              	.L18:
 712 01b6 034B     		ldr	r3, .L26+8
 713 01b8 0493     		str	r3, [sp, #16]
 714 01ba EFE7     		b	.L10
 715              	.L27:
 716              		.align	2
 717              	.L26:
 718 01bc 80B3FFFF 		.word	-19584
 719 01c0 00B3FFFF 		.word	-19712
 720 01c4 80B0FFFF 		.word	-20352
 721              		.cfi_endproc
 722              	.LFE9:
 724              		.section	.text.ecdsa_verify_restartable,"ax",%progbits
 725              		.align	1
 726              		.syntax unified
 727              		.thumb
 728              		.thumb_func
 730              	ecdsa_verify_restartable:
 731              	.LVL99:
 732              	.LFB11:
 586:Libs/mbedtls/library/ecdsa.c ****     int ret = MBEDTLS_ERR_ERROR_CORRUPTION_DETECTED;
 733              		.loc 1 586 1 is_stmt 1 view -0
 734              		.cfi_startproc
 735              		@ args = 12, pretend = 0, frame = 88
ARM GAS  C:\Users\nicx5\AppData\Local\Temp\ccAw78Qr.s 			page 29


 736              		@ frame_needed = 0, uses_anonymous_args = 0
 586:Libs/mbedtls/library/ecdsa.c ****     int ret = MBEDTLS_ERR_ERROR_CORRUPTION_DETECTED;
 737              		.loc 1 586 1 is_stmt 0 view .LVU219
 738 0000 2DE9F043 		push	{r4, r5, r6, r7, r8, r9, lr}
 739              	.LCFI8:
 740              		.cfi_def_cfa_offset 28
 741              		.cfi_offset 4, -28
 742              		.cfi_offset 5, -24
 743              		.cfi_offset 6, -20
 744              		.cfi_offset 7, -16
 745              		.cfi_offset 8, -12
 746              		.cfi_offset 9, -8
 747              		.cfi_offset 14, -4
 748 0004 9BB0     		sub	sp, sp, #108
 749              	.LCFI9:
 750              		.cfi_def_cfa_offset 136
 751 0006 0446     		mov	r4, r0
 752 0008 8846     		mov	r8, r1
 753 000a 1646     		mov	r6, r2
 754 000c 1F46     		mov	r7, r3
 755 000e 229D     		ldr	r5, [sp, #136]
 587:Libs/mbedtls/library/ecdsa.c ****     mbedtls_mpi e, s_inv, u1, u2;
 756              		.loc 1 587 5 is_stmt 1 view .LVU220
 757              	.LVL100:
 588:Libs/mbedtls/library/ecdsa.c ****     mbedtls_ecp_point R;
 758              		.loc 1 588 5 view .LVU221
 589:Libs/mbedtls/library/ecdsa.c ****     mbedtls_mpi *pu1 = &u1, *pu2 = &u2;
 759              		.loc 1 589 5 view .LVU222
 590:Libs/mbedtls/library/ecdsa.c **** 
 760              		.loc 1 590 5 view .LVU223
 592:Libs/mbedtls/library/ecdsa.c ****     mbedtls_mpi_init(&e); mbedtls_mpi_init(&s_inv);
 761              		.loc 1 592 5 view .LVU224
 762 0010 05A8     		add	r0, sp, #20
 763              	.LVL101:
 592:Libs/mbedtls/library/ecdsa.c ****     mbedtls_mpi_init(&e); mbedtls_mpi_init(&s_inv);
 764              		.loc 1 592 5 is_stmt 0 view .LVU225
 765 0012 FFF7FEFF 		bl	mbedtls_ecp_point_init
 766              	.LVL102:
 593:Libs/mbedtls/library/ecdsa.c ****     mbedtls_mpi_init(&u1); mbedtls_mpi_init(&u2);
 767              		.loc 1 593 5 is_stmt 1 view .LVU226
 768 0016 17A8     		add	r0, sp, #92
 769 0018 FFF7FEFF 		bl	mbedtls_mpi_init
 770              	.LVL103:
 593:Libs/mbedtls/library/ecdsa.c ****     mbedtls_mpi_init(&u1); mbedtls_mpi_init(&u2);
 771              		.loc 1 593 27 discriminator 1 view .LVU227
 772 001c 14A8     		add	r0, sp, #80
 773 001e FFF7FEFF 		bl	mbedtls_mpi_init
 774              	.LVL104:
 594:Libs/mbedtls/library/ecdsa.c **** 
 775              		.loc 1 594 5 view .LVU228
 776 0022 11A8     		add	r0, sp, #68
 777              	.LVL105:
 594:Libs/mbedtls/library/ecdsa.c **** 
 778              		.loc 1 594 5 is_stmt 0 view .LVU229
 779 0024 FFF7FEFF 		bl	mbedtls_mpi_init
 780              	.LVL106:
 594:Libs/mbedtls/library/ecdsa.c **** 
ARM GAS  C:\Users\nicx5\AppData\Local\Temp\ccAw78Qr.s 			page 30


 781              		.loc 1 594 28 is_stmt 1 discriminator 1 view .LVU230
 782 0028 0EA8     		add	r0, sp, #56
 783              	.LVL107:
 594:Libs/mbedtls/library/ecdsa.c **** 
 784              		.loc 1 594 28 is_stmt 0 discriminator 1 view .LVU231
 785 002a FFF7FEFF 		bl	mbedtls_mpi_init
 786              	.LVL108:
 597:Libs/mbedtls/library/ecdsa.c ****         return MBEDTLS_ERR_ECP_BAD_INPUT_DATA;
 787              		.loc 1 597 5 is_stmt 1 view .LVU232
 597:Libs/mbedtls/library/ecdsa.c ****         return MBEDTLS_ERR_ECP_BAD_INPUT_DATA;
 788              		.loc 1 597 10 is_stmt 0 view .LVU233
 789 002e 2078     		ldrb	r0, [r4]	@ zero_extendqisi2
 790 0030 FFF7FEFF 		bl	mbedtls_ecdsa_can_do
 791              	.LVL109:
 597:Libs/mbedtls/library/ecdsa.c ****         return MBEDTLS_ERR_ECP_BAD_INPUT_DATA;
 792              		.loc 1 597 8 discriminator 1 view .LVU234
 793 0034 0028     		cmp	r0, #0
 794 0036 00F08880 		beq	.L33
 597:Libs/mbedtls/library/ecdsa.c ****         return MBEDTLS_ERR_ECP_BAD_INPUT_DATA;
 795              		.loc 1 597 49 discriminator 1 view .LVU235
 796 003a 636D     		ldr	r3, [r4, #84]
 597:Libs/mbedtls/library/ecdsa.c ****         return MBEDTLS_ERR_ECP_BAD_INPUT_DATA;
 797              		.loc 1 597 40 discriminator 1 view .LVU236
 798 003c 002B     		cmp	r3, #0
 799 003e 00F08680 		beq	.L34
 601:Libs/mbedtls/library/ecdsa.c **** 
 800              		.loc 1 601 5 is_stmt 1 view .LVU237
 619:Libs/mbedtls/library/ecdsa.c ****         mbedtls_mpi_cmp_int(s, 1) < 0 || mbedtls_mpi_cmp_mpi(s, &grp->N) >= 0) {
 801              		.loc 1 619 5 view .LVU238
 619:Libs/mbedtls/library/ecdsa.c ****         mbedtls_mpi_cmp_int(s, 1) < 0 || mbedtls_mpi_cmp_mpi(s, &grp->N) >= 0) {
 802              		.loc 1 619 9 is_stmt 0 view .LVU239
 803 0042 0121     		movs	r1, #1
 804 0044 2846     		mov	r0, r5
 805 0046 FFF7FEFF 		bl	mbedtls_mpi_cmp_int
 806              	.LVL110:
 619:Libs/mbedtls/library/ecdsa.c ****         mbedtls_mpi_cmp_int(s, 1) < 0 || mbedtls_mpi_cmp_mpi(s, &grp->N) >= 0) {
 807              		.loc 1 619 8 discriminator 1 view .LVU240
 808 004a 0028     		cmp	r0, #0
 809 004c 07DB     		blt	.L30
 619:Libs/mbedtls/library/ecdsa.c ****         mbedtls_mpi_cmp_int(s, 1) < 0 || mbedtls_mpi_cmp_mpi(s, &grp->N) >= 0) {
 810              		.loc 1 619 65 discriminator 1 view .LVU241
 811 004e 04F14C09 		add	r9, r4, #76
 619:Libs/mbedtls/library/ecdsa.c ****         mbedtls_mpi_cmp_int(s, 1) < 0 || mbedtls_mpi_cmp_mpi(s, &grp->N) >= 0) {
 812              		.loc 1 619 42 discriminator 1 view .LVU242
 813 0052 4946     		mov	r1, r9
 814 0054 2846     		mov	r0, r5
 815 0056 FFF7FEFF 		bl	mbedtls_mpi_cmp_mpi
 816              	.LVL111:
 619:Libs/mbedtls/library/ecdsa.c ****         mbedtls_mpi_cmp_int(s, 1) < 0 || mbedtls_mpi_cmp_mpi(s, &grp->N) >= 0) {
 817              		.loc 1 619 39 discriminator 1 view .LVU243
 818 005a 0028     		cmp	r0, #0
 819 005c 13DB     		blt	.L38
 820              	.L30:
 621:Libs/mbedtls/library/ecdsa.c ****         goto cleanup;
 821              		.loc 1 621 9 is_stmt 1 view .LVU244
 822              	.LVL112:
 622:Libs/mbedtls/library/ecdsa.c ****     }
ARM GAS  C:\Users\nicx5\AppData\Local\Temp\ccAw78Qr.s 			page 31


 823              		.loc 1 622 9 view .LVU245
 621:Libs/mbedtls/library/ecdsa.c ****         goto cleanup;
 824              		.loc 1 621 13 is_stmt 0 view .LVU246
 825 005e 3D4E     		ldr	r6, .L40
 826              	.LVL113:
 827              	.L32:
 676:Libs/mbedtls/library/ecdsa.c ****     mbedtls_mpi_free(&e); mbedtls_mpi_free(&s_inv);
 828              		.loc 1 676 5 is_stmt 1 view .LVU247
 829 0060 05A8     		add	r0, sp, #20
 830 0062 FFF7FEFF 		bl	mbedtls_ecp_point_free
 831              	.LVL114:
 677:Libs/mbedtls/library/ecdsa.c ****     mbedtls_mpi_free(&u1); mbedtls_mpi_free(&u2);
 832              		.loc 1 677 5 view .LVU248
 833 0066 17A8     		add	r0, sp, #92
 834 0068 FFF7FEFF 		bl	mbedtls_mpi_free
 835              	.LVL115:
 677:Libs/mbedtls/library/ecdsa.c ****     mbedtls_mpi_free(&u1); mbedtls_mpi_free(&u2);
 836              		.loc 1 677 27 discriminator 1 view .LVU249
 837 006c 14A8     		add	r0, sp, #80
 838 006e FFF7FEFF 		bl	mbedtls_mpi_free
 839              	.LVL116:
 678:Libs/mbedtls/library/ecdsa.c **** 
 840              		.loc 1 678 5 view .LVU250
 841 0072 11A8     		add	r0, sp, #68
 842              	.LVL117:
 678:Libs/mbedtls/library/ecdsa.c **** 
 843              		.loc 1 678 5 is_stmt 0 view .LVU251
 844 0074 FFF7FEFF 		bl	mbedtls_mpi_free
 845              	.LVL118:
 678:Libs/mbedtls/library/ecdsa.c **** 
 846              		.loc 1 678 28 is_stmt 1 discriminator 1 view .LVU252
 847 0078 0EA8     		add	r0, sp, #56
 848              	.LVL119:
 678:Libs/mbedtls/library/ecdsa.c **** 
 849              		.loc 1 678 28 is_stmt 0 discriminator 1 view .LVU253
 850 007a FFF7FEFF 		bl	mbedtls_mpi_free
 851              	.LVL120:
 680:Libs/mbedtls/library/ecdsa.c **** 
 852              		.loc 1 680 5 is_stmt 1 view .LVU254
 682:Libs/mbedtls/library/ecdsa.c **** }
 853              		.loc 1 682 5 view .LVU255
 854              	.L28:
 683:Libs/mbedtls/library/ecdsa.c **** 
 855              		.loc 1 683 1 is_stmt 0 view .LVU256
 856 007e 3046     		mov	r0, r6
 857 0080 1BB0     		add	sp, sp, #108
 858              	.LCFI10:
 859              		.cfi_remember_state
 860              		.cfi_def_cfa_offset 28
 861              		@ sp needed
 862 0082 BDE8F083 		pop	{r4, r5, r6, r7, r8, r9, pc}
 863              	.LVL121:
 864              	.L38:
 865              	.LCFI11:
 866              		.cfi_restore_state
 620:Libs/mbedtls/library/ecdsa.c ****         ret = MBEDTLS_ERR_ECP_VERIFY_FAILED;
 867              		.loc 1 620 9 view .LVU257
ARM GAS  C:\Users\nicx5\AppData\Local\Temp\ccAw78Qr.s 			page 32


 868 0086 0121     		movs	r1, #1
 869 0088 2398     		ldr	r0, [sp, #140]
 870 008a FFF7FEFF 		bl	mbedtls_mpi_cmp_int
 871              	.LVL122:
 619:Libs/mbedtls/library/ecdsa.c ****         mbedtls_mpi_cmp_int(s, 1) < 0 || mbedtls_mpi_cmp_mpi(s, &grp->N) >= 0) {
 872              		.loc 1 619 79 discriminator 2 view .LVU258
 873 008e 0028     		cmp	r0, #0
 874 0090 E5DB     		blt	.L30
 620:Libs/mbedtls/library/ecdsa.c ****         ret = MBEDTLS_ERR_ECP_VERIFY_FAILED;
 875              		.loc 1 620 42 view .LVU259
 876 0092 4946     		mov	r1, r9
 877 0094 2398     		ldr	r0, [sp, #140]
 878 0096 FFF7FEFF 		bl	mbedtls_mpi_cmp_mpi
 879              	.LVL123:
 620:Libs/mbedtls/library/ecdsa.c ****         ret = MBEDTLS_ERR_ECP_VERIFY_FAILED;
 880              		.loc 1 620 39 discriminator 1 view .LVU260
 881 009a 0028     		cmp	r0, #0
 882 009c DFDA     		bge	.L30
 628:Libs/mbedtls/library/ecdsa.c **** 
 883              		.loc 1 628 5 is_stmt 1 view .LVU261
 628:Libs/mbedtls/library/ecdsa.c **** 
 884              		.loc 1 628 5 view .LVU262
 885 009e 3346     		mov	r3, r6
 886 00a0 4246     		mov	r2, r8
 887 00a2 17A9     		add	r1, sp, #92
 888 00a4 2046     		mov	r0, r4
 889 00a6 FFF7FEFF 		bl	derive_mpi
 890              	.LVL124:
 628:Libs/mbedtls/library/ecdsa.c **** 
 891              		.loc 1 628 5 is_stmt 0 discriminator 1 view .LVU263
 892 00aa 0646     		mov	r6, r0
 893              	.LVL125:
 628:Libs/mbedtls/library/ecdsa.c **** 
 894              		.loc 1 628 5 discriminator 1 view .LVU264
 895 00ac 0028     		cmp	r0, #0
 896 00ae D7D1     		bne	.L32
 628:Libs/mbedtls/library/ecdsa.c **** 
 897              		.loc 1 628 5 is_stmt 1 discriminator 2 view .LVU265
 633:Libs/mbedtls/library/ecdsa.c **** 
 898              		.loc 1 633 64 view .LVU266
 635:Libs/mbedtls/library/ecdsa.c **** 
 899              		.loc 1 635 5 view .LVU267
 635:Libs/mbedtls/library/ecdsa.c **** 
 900              		.loc 1 635 5 view .LVU268
 901 00b0 4A46     		mov	r2, r9
 902 00b2 2399     		ldr	r1, [sp, #140]
 903 00b4 14A8     		add	r0, sp, #80
 904              	.LVL126:
 635:Libs/mbedtls/library/ecdsa.c **** 
 905              		.loc 1 635 5 is_stmt 0 view .LVU269
 906 00b6 FFF7FEFF 		bl	mbedtls_mpi_inv_mod
 907              	.LVL127:
 635:Libs/mbedtls/library/ecdsa.c **** 
 908              		.loc 1 635 5 discriminator 1 view .LVU270
 909 00ba 0646     		mov	r6, r0
 910 00bc 0028     		cmp	r0, #0
 911 00be CFD1     		bne	.L32
ARM GAS  C:\Users\nicx5\AppData\Local\Temp\ccAw78Qr.s 			page 33


 635:Libs/mbedtls/library/ecdsa.c **** 
 912              		.loc 1 635 5 is_stmt 1 discriminator 2 view .LVU271
 637:Libs/mbedtls/library/ecdsa.c ****     MBEDTLS_MPI_CHK(mbedtls_mpi_mod_mpi(pu1, pu1, &grp->N));
 913              		.loc 1 637 5 view .LVU272
 637:Libs/mbedtls/library/ecdsa.c ****     MBEDTLS_MPI_CHK(mbedtls_mpi_mod_mpi(pu1, pu1, &grp->N));
 914              		.loc 1 637 5 view .LVU273
 915 00c0 14AA     		add	r2, sp, #80
 916 00c2 17A9     		add	r1, sp, #92
 917 00c4 11A8     		add	r0, sp, #68
 918              	.LVL128:
 637:Libs/mbedtls/library/ecdsa.c ****     MBEDTLS_MPI_CHK(mbedtls_mpi_mod_mpi(pu1, pu1, &grp->N));
 919              		.loc 1 637 5 is_stmt 0 view .LVU274
 920 00c6 FFF7FEFF 		bl	mbedtls_mpi_mul_mpi
 921              	.LVL129:
 637:Libs/mbedtls/library/ecdsa.c ****     MBEDTLS_MPI_CHK(mbedtls_mpi_mod_mpi(pu1, pu1, &grp->N));
 922              		.loc 1 637 5 discriminator 1 view .LVU275
 923 00ca 0646     		mov	r6, r0
 924 00cc 0028     		cmp	r0, #0
 925 00ce C7D1     		bne	.L32
 637:Libs/mbedtls/library/ecdsa.c ****     MBEDTLS_MPI_CHK(mbedtls_mpi_mod_mpi(pu1, pu1, &grp->N));
 926              		.loc 1 637 5 is_stmt 1 discriminator 2 view .LVU276
 638:Libs/mbedtls/library/ecdsa.c **** 
 927              		.loc 1 638 5 view .LVU277
 638:Libs/mbedtls/library/ecdsa.c **** 
 928              		.loc 1 638 5 view .LVU278
 929 00d0 4A46     		mov	r2, r9
 930 00d2 11A9     		add	r1, sp, #68
 931              	.LVL130:
 638:Libs/mbedtls/library/ecdsa.c **** 
 932              		.loc 1 638 5 is_stmt 0 view .LVU279
 933 00d4 0846     		mov	r0, r1
 934              	.LVL131:
 638:Libs/mbedtls/library/ecdsa.c **** 
 935              		.loc 1 638 5 view .LVU280
 936 00d6 FFF7FEFF 		bl	mbedtls_mpi_mod_mpi
 937              	.LVL132:
 638:Libs/mbedtls/library/ecdsa.c **** 
 938              		.loc 1 638 5 discriminator 1 view .LVU281
 939 00da 0646     		mov	r6, r0
 940 00dc 0028     		cmp	r0, #0
 941 00de BFD1     		bne	.L32
 638:Libs/mbedtls/library/ecdsa.c **** 
 942              		.loc 1 638 5 is_stmt 1 discriminator 2 view .LVU282
 640:Libs/mbedtls/library/ecdsa.c ****     MBEDTLS_MPI_CHK(mbedtls_mpi_mod_mpi(pu2, pu2, &grp->N));
 943              		.loc 1 640 5 view .LVU283
 640:Libs/mbedtls/library/ecdsa.c ****     MBEDTLS_MPI_CHK(mbedtls_mpi_mod_mpi(pu2, pu2, &grp->N));
 944              		.loc 1 640 5 view .LVU284
 945 00e0 14AA     		add	r2, sp, #80
 946 00e2 2946     		mov	r1, r5
 947 00e4 0EA8     		add	r0, sp, #56
 948              	.LVL133:
 640:Libs/mbedtls/library/ecdsa.c ****     MBEDTLS_MPI_CHK(mbedtls_mpi_mod_mpi(pu2, pu2, &grp->N));
 949              		.loc 1 640 5 is_stmt 0 view .LVU285
 950 00e6 FFF7FEFF 		bl	mbedtls_mpi_mul_mpi
 951              	.LVL134:
 640:Libs/mbedtls/library/ecdsa.c ****     MBEDTLS_MPI_CHK(mbedtls_mpi_mod_mpi(pu2, pu2, &grp->N));
 952              		.loc 1 640 5 discriminator 1 view .LVU286
ARM GAS  C:\Users\nicx5\AppData\Local\Temp\ccAw78Qr.s 			page 34


 953 00ea 0646     		mov	r6, r0
 954 00ec 0028     		cmp	r0, #0
 955 00ee B7D1     		bne	.L32
 640:Libs/mbedtls/library/ecdsa.c ****     MBEDTLS_MPI_CHK(mbedtls_mpi_mod_mpi(pu2, pu2, &grp->N));
 956              		.loc 1 640 5 is_stmt 1 discriminator 2 view .LVU287
 641:Libs/mbedtls/library/ecdsa.c **** 
 957              		.loc 1 641 5 view .LVU288
 641:Libs/mbedtls/library/ecdsa.c **** 
 958              		.loc 1 641 5 view .LVU289
 959 00f0 4A46     		mov	r2, r9
 960 00f2 0EA9     		add	r1, sp, #56
 961              	.LVL135:
 641:Libs/mbedtls/library/ecdsa.c **** 
 962              		.loc 1 641 5 is_stmt 0 view .LVU290
 963 00f4 0846     		mov	r0, r1
 964              	.LVL136:
 641:Libs/mbedtls/library/ecdsa.c **** 
 965              		.loc 1 641 5 view .LVU291
 966 00f6 FFF7FEFF 		bl	mbedtls_mpi_mod_mpi
 967              	.LVL137:
 641:Libs/mbedtls/library/ecdsa.c **** 
 968              		.loc 1 641 5 discriminator 1 view .LVU292
 969 00fa 0646     		mov	r6, r0
 970 00fc 0028     		cmp	r0, #0
 971 00fe AFD1     		bne	.L32
 641:Libs/mbedtls/library/ecdsa.c **** 
 972              		.loc 1 641 5 is_stmt 1 discriminator 2 view .LVU293
 653:Libs/mbedtls/library/ecdsa.c ****                                                    &R, pu1, &grp->G, pu2, Q, ECDSA_RS_ECP));
 973              		.loc 1 653 5 view .LVU294
 653:Libs/mbedtls/library/ecdsa.c ****                                                    &R, pu1, &grp->G, pu2, Q, ECDSA_RS_ECP));
 974              		.loc 1 653 5 view .LVU295
 975 0100 0023     		movs	r3, #0
 976 0102 0293     		str	r3, [sp, #8]
 977 0104 0197     		str	r7, [sp, #4]
 978 0106 0EAB     		add	r3, sp, #56
 979              	.LVL138:
 653:Libs/mbedtls/library/ecdsa.c ****                                                    &R, pu1, &grp->G, pu2, Q, ECDSA_RS_ECP));
 980              		.loc 1 653 5 is_stmt 0 view .LVU296
 981 0108 0093     		str	r3, [sp]
 982 010a 04F12803 		add	r3, r4, #40
 983              	.LVL139:
 653:Libs/mbedtls/library/ecdsa.c ****                                                    &R, pu1, &grp->G, pu2, Q, ECDSA_RS_ECP));
 984              		.loc 1 653 5 view .LVU297
 985 010e 11AA     		add	r2, sp, #68
 986              	.LVL140:
 653:Libs/mbedtls/library/ecdsa.c ****                                                    &R, pu1, &grp->G, pu2, Q, ECDSA_RS_ECP));
 987              		.loc 1 653 5 view .LVU298
 988 0110 05A9     		add	r1, sp, #20
 989 0112 2046     		mov	r0, r4
 990              	.LVL141:
 653:Libs/mbedtls/library/ecdsa.c ****                                                    &R, pu1, &grp->G, pu2, Q, ECDSA_RS_ECP));
 991              		.loc 1 653 5 view .LVU299
 992 0114 FFF7FEFF 		bl	mbedtls_ecp_muladd_restartable
 993              	.LVL142:
 653:Libs/mbedtls/library/ecdsa.c ****                                                    &R, pu1, &grp->G, pu2, Q, ECDSA_RS_ECP));
 994              		.loc 1 653 5 discriminator 1 view .LVU300
 995 0118 0646     		mov	r6, r0
ARM GAS  C:\Users\nicx5\AppData\Local\Temp\ccAw78Qr.s 			page 35


 996 011a 0028     		cmp	r0, #0
 997 011c A0D1     		bne	.L32
 653:Libs/mbedtls/library/ecdsa.c ****                                                    &R, pu1, &grp->G, pu2, Q, ECDSA_RS_ECP));
 998              		.loc 1 653 5 is_stmt 1 discriminator 2 view .LVU301
 656:Libs/mbedtls/library/ecdsa.c ****         ret = MBEDTLS_ERR_ECP_VERIFY_FAILED;
 999              		.loc 1 656 5 view .LVU302
 656:Libs/mbedtls/library/ecdsa.c ****         ret = MBEDTLS_ERR_ECP_VERIFY_FAILED;
 1000              		.loc 1 656 9 is_stmt 0 view .LVU303
 1001 011e 05A8     		add	r0, sp, #20
 1002              	.LVL143:
 656:Libs/mbedtls/library/ecdsa.c ****         ret = MBEDTLS_ERR_ECP_VERIFY_FAILED;
 1003              		.loc 1 656 9 view .LVU304
 1004 0120 FFF7FEFF 		bl	mbedtls_ecp_is_zero
 1005              	.LVL144:
 656:Libs/mbedtls/library/ecdsa.c ****         ret = MBEDTLS_ERR_ECP_VERIFY_FAILED;
 1006              		.loc 1 656 8 discriminator 1 view .LVU305
 1007 0124 08B1     		cbz	r0, .L39
 657:Libs/mbedtls/library/ecdsa.c ****         goto cleanup;
 1008              		.loc 1 657 13 view .LVU306
 1009 0126 0B4E     		ldr	r6, .L40
 1010              	.LVL145:
 657:Libs/mbedtls/library/ecdsa.c ****         goto cleanup;
 1011              		.loc 1 657 13 view .LVU307
 1012 0128 9AE7     		b	.L32
 1013              	.LVL146:
 1014              	.L39:
 665:Libs/mbedtls/library/ecdsa.c **** 
 1015              		.loc 1 665 5 is_stmt 1 view .LVU308
 665:Libs/mbedtls/library/ecdsa.c **** 
 1016              		.loc 1 665 5 view .LVU309
 1017 012a 4A46     		mov	r2, r9
 1018 012c 05A9     		add	r1, sp, #20
 1019 012e 0846     		mov	r0, r1
 1020 0130 FFF7FEFF 		bl	mbedtls_mpi_mod_mpi
 1021              	.LVL147:
 665:Libs/mbedtls/library/ecdsa.c **** 
 1022              		.loc 1 665 5 is_stmt 0 discriminator 1 view .LVU310
 1023 0134 0646     		mov	r6, r0
 1024 0136 0028     		cmp	r0, #0
 1025 0138 92D1     		bne	.L32
 665:Libs/mbedtls/library/ecdsa.c **** 
 1026              		.loc 1 665 5 is_stmt 1 discriminator 2 view .LVU311
 670:Libs/mbedtls/library/ecdsa.c ****         ret = MBEDTLS_ERR_ECP_VERIFY_FAILED;
 1027              		.loc 1 670 5 view .LVU312
 670:Libs/mbedtls/library/ecdsa.c ****         ret = MBEDTLS_ERR_ECP_VERIFY_FAILED;
 1028              		.loc 1 670 9 is_stmt 0 view .LVU313
 1029 013a 2946     		mov	r1, r5
 1030 013c 05A8     		add	r0, sp, #20
 1031              	.LVL148:
 670:Libs/mbedtls/library/ecdsa.c ****         ret = MBEDTLS_ERR_ECP_VERIFY_FAILED;
 1032              		.loc 1 670 9 view .LVU314
 1033 013e FFF7FEFF 		bl	mbedtls_mpi_cmp_mpi
 1034              	.LVL149:
 670:Libs/mbedtls/library/ecdsa.c ****         ret = MBEDTLS_ERR_ECP_VERIFY_FAILED;
 1035              		.loc 1 670 8 discriminator 1 view .LVU315
 1036 0142 0028     		cmp	r0, #0
 1037 0144 8CD0     		beq	.L32
ARM GAS  C:\Users\nicx5\AppData\Local\Temp\ccAw78Qr.s 			page 36


 671:Libs/mbedtls/library/ecdsa.c ****         goto cleanup;
 1038              		.loc 1 671 13 view .LVU316
 1039 0146 034E     		ldr	r6, .L40
 1040              	.LVL150:
 671:Libs/mbedtls/library/ecdsa.c ****         goto cleanup;
 1041              		.loc 1 671 13 view .LVU317
 1042 0148 8AE7     		b	.L32
 1043              	.LVL151:
 1044              	.L33:
 598:Libs/mbedtls/library/ecdsa.c ****     }
 1045              		.loc 1 598 16 view .LVU318
 1046 014a 034E     		ldr	r6, .L40+4
 1047              	.LVL152:
 598:Libs/mbedtls/library/ecdsa.c ****     }
 1048              		.loc 1 598 16 view .LVU319
 1049 014c 97E7     		b	.L28
 1050              	.LVL153:
 1051              	.L34:
 598:Libs/mbedtls/library/ecdsa.c ****     }
 1052              		.loc 1 598 16 view .LVU320
 1053 014e 024E     		ldr	r6, .L40+4
 1054              	.LVL154:
 598:Libs/mbedtls/library/ecdsa.c ****     }
 1055              		.loc 1 598 16 view .LVU321
 1056 0150 95E7     		b	.L28
 1057              	.L41:
 1058 0152 00BF     		.align	2
 1059              	.L40:
 1060 0154 00B2FFFF 		.word	-19968
 1061 0158 80B0FFFF 		.word	-20352
 1062              		.cfi_endproc
 1063              	.LFE11:
 1065              		.section	.text.mbedtls_ecdsa_sign,"ax",%progbits
 1066              		.align	1
 1067              		.global	mbedtls_ecdsa_sign
 1068              		.syntax unified
 1069              		.thumb
 1070              		.thumb_func
 1072              	mbedtls_ecdsa_sign:
 1073              	.LVL155:
 1074              	.LFB10:
 389:Libs/mbedtls/library/ecdsa.c ****     ECDSA_VALIDATE_RET(grp   != NULL);
 1075              		.loc 1 389 1 is_stmt 1 view -0
 1076              		.cfi_startproc
 1077              		@ args = 16, pretend = 0, frame = 0
 1078              		@ frame_needed = 0, uses_anonymous_args = 0
 389:Libs/mbedtls/library/ecdsa.c ****     ECDSA_VALIDATE_RET(grp   != NULL);
 1079              		.loc 1 389 1 is_stmt 0 view .LVU323
 1080 0000 70B5     		push	{r4, r5, r6, lr}
 1081              	.LCFI12:
 1082              		.cfi_def_cfa_offset 16
 1083              		.cfi_offset 4, -16
 1084              		.cfi_offset 5, -12
 1085              		.cfi_offset 6, -8
 1086              		.cfi_offset 14, -4
 1087 0002 88B0     		sub	sp, sp, #32
 1088              	.LCFI13:
ARM GAS  C:\Users\nicx5\AppData\Local\Temp\ccAw78Qr.s 			page 37


 1089              		.cfi_def_cfa_offset 48
 1090 0004 0E9C     		ldr	r4, [sp, #56]
 1091 0006 0F9D     		ldr	r5, [sp, #60]
 390:Libs/mbedtls/library/ecdsa.c ****     ECDSA_VALIDATE_RET(r     != NULL);
 1092              		.loc 1 390 5 is_stmt 1 view .LVU324
 390:Libs/mbedtls/library/ecdsa.c ****     ECDSA_VALIDATE_RET(r     != NULL);
 1093              		.loc 1 390 5 view .LVU325
 390:Libs/mbedtls/library/ecdsa.c ****     ECDSA_VALIDATE_RET(r     != NULL);
 1094              		.loc 1 390 5 view .LVU326
 391:Libs/mbedtls/library/ecdsa.c ****     ECDSA_VALIDATE_RET(s     != NULL);
 1095              		.loc 1 391 5 view .LVU327
 391:Libs/mbedtls/library/ecdsa.c ****     ECDSA_VALIDATE_RET(s     != NULL);
 1096              		.loc 1 391 5 view .LVU328
 391:Libs/mbedtls/library/ecdsa.c ****     ECDSA_VALIDATE_RET(s     != NULL);
 1097              		.loc 1 391 5 view .LVU329
 392:Libs/mbedtls/library/ecdsa.c ****     ECDSA_VALIDATE_RET(d     != NULL);
 1098              		.loc 1 392 5 view .LVU330
 392:Libs/mbedtls/library/ecdsa.c ****     ECDSA_VALIDATE_RET(d     != NULL);
 1099              		.loc 1 392 5 view .LVU331
 392:Libs/mbedtls/library/ecdsa.c ****     ECDSA_VALIDATE_RET(d     != NULL);
 1100              		.loc 1 392 5 view .LVU332
 393:Libs/mbedtls/library/ecdsa.c ****     ECDSA_VALIDATE_RET(f_rng != NULL);
 1101              		.loc 1 393 5 view .LVU333
 393:Libs/mbedtls/library/ecdsa.c ****     ECDSA_VALIDATE_RET(f_rng != NULL);
 1102              		.loc 1 393 5 view .LVU334
 393:Libs/mbedtls/library/ecdsa.c ****     ECDSA_VALIDATE_RET(f_rng != NULL);
 1103              		.loc 1 393 5 view .LVU335
 394:Libs/mbedtls/library/ecdsa.c ****     ECDSA_VALIDATE_RET(buf   != NULL || blen == 0);
 1104              		.loc 1 394 5 view .LVU336
 394:Libs/mbedtls/library/ecdsa.c ****     ECDSA_VALIDATE_RET(buf   != NULL || blen == 0);
 1105              		.loc 1 394 5 view .LVU337
 394:Libs/mbedtls/library/ecdsa.c ****     ECDSA_VALIDATE_RET(buf   != NULL || blen == 0);
 1106              		.loc 1 394 5 view .LVU338
 395:Libs/mbedtls/library/ecdsa.c **** 
 1107              		.loc 1 395 5 view .LVU339
 395:Libs/mbedtls/library/ecdsa.c **** 
 1108              		.loc 1 395 5 view .LVU340
 395:Libs/mbedtls/library/ecdsa.c **** 
 1109              		.loc 1 395 5 view .LVU341
 398:Libs/mbedtls/library/ecdsa.c ****                                   f_rng, p_rng, f_rng, p_rng, NULL);
 1110              		.loc 1 398 5 view .LVU342
 398:Libs/mbedtls/library/ecdsa.c ****                                   f_rng, p_rng, f_rng, p_rng, NULL);
 1111              		.loc 1 398 12 is_stmt 0 view .LVU343
 1112 0008 0026     		movs	r6, #0
 1113 000a 0696     		str	r6, [sp, #24]
 1114 000c 0595     		str	r5, [sp, #20]
 1115 000e 0494     		str	r4, [sp, #16]
 1116 0010 0395     		str	r5, [sp, #12]
 1117 0012 0294     		str	r4, [sp, #8]
 1118 0014 0D9C     		ldr	r4, [sp, #52]
 1119 0016 0194     		str	r4, [sp, #4]
 1120 0018 0C9C     		ldr	r4, [sp, #48]
 1121 001a 0094     		str	r4, [sp]
 1122 001c FFF7FEFF 		bl	ecdsa_sign_restartable
 1123              	.LVL156:
 400:Libs/mbedtls/library/ecdsa.c **** #endif /* !MBEDTLS_ECDSA_SIGN_ALT */
 1124              		.loc 1 400 1 view .LVU344
ARM GAS  C:\Users\nicx5\AppData\Local\Temp\ccAw78Qr.s 			page 38


 1125 0020 08B0     		add	sp, sp, #32
 1126              	.LCFI14:
 1127              		.cfi_def_cfa_offset 16
 1128              		@ sp needed
 1129 0022 70BD     		pop	{r4, r5, r6, pc}
 400:Libs/mbedtls/library/ecdsa.c **** #endif /* !MBEDTLS_ECDSA_SIGN_ALT */
 1130              		.loc 1 400 1 view .LVU345
 1131              		.cfi_endproc
 1132              	.LFE10:
 1134              		.section	.text.mbedtls_ecdsa_verify,"ax",%progbits
 1135              		.align	1
 1136              		.global	mbedtls_ecdsa_verify
 1137              		.syntax unified
 1138              		.thumb
 1139              		.thumb_func
 1141              	mbedtls_ecdsa_verify:
 1142              	.LVL157:
 1143              	.LFB12:
 693:Libs/mbedtls/library/ecdsa.c ****     ECDSA_VALIDATE_RET(grp != NULL);
 1144              		.loc 1 693 1 is_stmt 1 view -0
 1145              		.cfi_startproc
 1146              		@ args = 8, pretend = 0, frame = 0
 1147              		@ frame_needed = 0, uses_anonymous_args = 0
 693:Libs/mbedtls/library/ecdsa.c ****     ECDSA_VALIDATE_RET(grp != NULL);
 1148              		.loc 1 693 1 is_stmt 0 view .LVU347
 1149 0000 10B5     		push	{r4, lr}
 1150              	.LCFI15:
 1151              		.cfi_def_cfa_offset 8
 1152              		.cfi_offset 4, -8
 1153              		.cfi_offset 14, -4
 1154 0002 84B0     		sub	sp, sp, #16
 1155              	.LCFI16:
 1156              		.cfi_def_cfa_offset 24
 694:Libs/mbedtls/library/ecdsa.c ****     ECDSA_VALIDATE_RET(Q   != NULL);
 1157              		.loc 1 694 5 is_stmt 1 view .LVU348
 694:Libs/mbedtls/library/ecdsa.c ****     ECDSA_VALIDATE_RET(Q   != NULL);
 1158              		.loc 1 694 5 view .LVU349
 694:Libs/mbedtls/library/ecdsa.c ****     ECDSA_VALIDATE_RET(Q   != NULL);
 1159              		.loc 1 694 5 view .LVU350
 695:Libs/mbedtls/library/ecdsa.c ****     ECDSA_VALIDATE_RET(r   != NULL);
 1160              		.loc 1 695 5 view .LVU351
 695:Libs/mbedtls/library/ecdsa.c ****     ECDSA_VALIDATE_RET(r   != NULL);
 1161              		.loc 1 695 5 view .LVU352
 695:Libs/mbedtls/library/ecdsa.c ****     ECDSA_VALIDATE_RET(r   != NULL);
 1162              		.loc 1 695 5 view .LVU353
 696:Libs/mbedtls/library/ecdsa.c ****     ECDSA_VALIDATE_RET(s   != NULL);
 1163              		.loc 1 696 5 view .LVU354
 696:Libs/mbedtls/library/ecdsa.c ****     ECDSA_VALIDATE_RET(s   != NULL);
 1164              		.loc 1 696 5 view .LVU355
 696:Libs/mbedtls/library/ecdsa.c ****     ECDSA_VALIDATE_RET(s   != NULL);
 1165              		.loc 1 696 5 view .LVU356
 697:Libs/mbedtls/library/ecdsa.c ****     ECDSA_VALIDATE_RET(buf != NULL || blen == 0);
 1166              		.loc 1 697 5 view .LVU357
 697:Libs/mbedtls/library/ecdsa.c ****     ECDSA_VALIDATE_RET(buf != NULL || blen == 0);
 1167              		.loc 1 697 5 view .LVU358
 697:Libs/mbedtls/library/ecdsa.c ****     ECDSA_VALIDATE_RET(buf != NULL || blen == 0);
 1168              		.loc 1 697 5 view .LVU359
ARM GAS  C:\Users\nicx5\AppData\Local\Temp\ccAw78Qr.s 			page 39


 698:Libs/mbedtls/library/ecdsa.c **** 
 1169              		.loc 1 698 5 view .LVU360
 698:Libs/mbedtls/library/ecdsa.c **** 
 1170              		.loc 1 698 5 view .LVU361
 698:Libs/mbedtls/library/ecdsa.c **** 
 1171              		.loc 1 698 5 view .LVU362
 700:Libs/mbedtls/library/ecdsa.c **** }
 1172              		.loc 1 700 5 view .LVU363
 700:Libs/mbedtls/library/ecdsa.c **** }
 1173              		.loc 1 700 12 is_stmt 0 view .LVU364
 1174 0004 0024     		movs	r4, #0
 1175 0006 0294     		str	r4, [sp, #8]
 1176 0008 079C     		ldr	r4, [sp, #28]
 1177 000a 0194     		str	r4, [sp, #4]
 1178 000c 069C     		ldr	r4, [sp, #24]
 1179 000e 0094     		str	r4, [sp]
 1180 0010 FFF7FEFF 		bl	ecdsa_verify_restartable
 1181              	.LVL158:
 701:Libs/mbedtls/library/ecdsa.c **** #endif /* !MBEDTLS_ECDSA_VERIFY_ALT */
 1182              		.loc 1 701 1 view .LVU365
 1183 0014 04B0     		add	sp, sp, #16
 1184              	.LCFI17:
 1185              		.cfi_def_cfa_offset 8
 1186              		@ sp needed
 1187 0016 10BD     		pop	{r4, pc}
 701:Libs/mbedtls/library/ecdsa.c **** #endif /* !MBEDTLS_ECDSA_VERIFY_ALT */
 1188              		.loc 1 701 1 view .LVU366
 1189              		.cfi_endproc
 1190              	.LFE12:
 1192              		.section	.text.mbedtls_ecdsa_write_signature_restartable,"ax",%progbits
 1193              		.align	1
 1194              		.global	mbedtls_ecdsa_write_signature_restartable
 1195              		.syntax unified
 1196              		.thumb
 1197              		.thumb_func
 1199              	mbedtls_ecdsa_write_signature_restartable:
 1200              	.LVL159:
 1201              	.LFB14:
 728:Libs/mbedtls/library/ecdsa.c **** 
 729:Libs/mbedtls/library/ecdsa.c **** /*
 730:Libs/mbedtls/library/ecdsa.c ****  * Compute and write signature
 731:Libs/mbedtls/library/ecdsa.c ****  */
 732:Libs/mbedtls/library/ecdsa.c **** int mbedtls_ecdsa_write_signature_restartable(mbedtls_ecdsa_context *ctx,
 733:Libs/mbedtls/library/ecdsa.c ****                                               mbedtls_md_type_t md_alg,
 734:Libs/mbedtls/library/ecdsa.c ****                                               const unsigned char *hash, size_t hlen,
 735:Libs/mbedtls/library/ecdsa.c ****                                               unsigned char *sig, size_t *slen,
 736:Libs/mbedtls/library/ecdsa.c ****                                               int (*f_rng)(void *, unsigned char *, size_t),
 737:Libs/mbedtls/library/ecdsa.c ****                                               void *p_rng,
 738:Libs/mbedtls/library/ecdsa.c ****                                               mbedtls_ecdsa_restart_ctx *rs_ctx)
 739:Libs/mbedtls/library/ecdsa.c **** {
 1202              		.loc 1 739 1 is_stmt 1 view -0
 1203              		.cfi_startproc
 1204              		@ args = 20, pretend = 0, frame = 24
 1205              		@ frame_needed = 0, uses_anonymous_args = 0
 1206              		.loc 1 739 1 is_stmt 0 view .LVU368
 1207 0000 2DE9F041 		push	{r4, r5, r6, r7, r8, lr}
 1208              	.LCFI18:
ARM GAS  C:\Users\nicx5\AppData\Local\Temp\ccAw78Qr.s 			page 40


 1209              		.cfi_def_cfa_offset 24
 1210              		.cfi_offset 4, -24
 1211              		.cfi_offset 5, -20
 1212              		.cfi_offset 6, -16
 1213              		.cfi_offset 7, -12
 1214              		.cfi_offset 8, -8
 1215              		.cfi_offset 14, -4
 1216 0004 8EB0     		sub	sp, sp, #56
 1217              	.LCFI19:
 1218              		.cfi_def_cfa_offset 80
 1219 0006 0446     		mov	r4, r0
 1220 0008 1546     		mov	r5, r2
 1221 000a 1E46     		mov	r6, r3
 1222 000c 169F     		ldr	r7, [sp, #88]
 1223 000e DDF85C80 		ldr	r8, [sp, #92]
 740:Libs/mbedtls/library/ecdsa.c ****     int ret = MBEDTLS_ERR_ERROR_CORRUPTION_DETECTED;
 1224              		.loc 1 740 5 is_stmt 1 view .LVU369
 1225              	.LVL160:
 741:Libs/mbedtls/library/ecdsa.c ****     mbedtls_mpi r, s;
 1226              		.loc 1 741 5 view .LVU370
 742:Libs/mbedtls/library/ecdsa.c ****     ECDSA_VALIDATE_RET(ctx  != NULL);
 1227              		.loc 1 742 5 view .LVU371
 1228              		.loc 1 742 5 view .LVU372
 1229              		.loc 1 742 5 view .LVU373
 743:Libs/mbedtls/library/ecdsa.c ****     ECDSA_VALIDATE_RET(hash != NULL);
 1230              		.loc 1 743 5 view .LVU374
 1231              		.loc 1 743 5 view .LVU375
 1232              		.loc 1 743 5 view .LVU376
 744:Libs/mbedtls/library/ecdsa.c ****     ECDSA_VALIDATE_RET(sig  != NULL);
 1233              		.loc 1 744 5 view .LVU377
 1234              		.loc 1 744 5 view .LVU378
 1235              		.loc 1 744 5 view .LVU379
 745:Libs/mbedtls/library/ecdsa.c ****     ECDSA_VALIDATE_RET(slen != NULL);
 1236              		.loc 1 745 5 view .LVU380
 1237              		.loc 1 745 5 view .LVU381
 1238              		.loc 1 745 5 view .LVU382
 746:Libs/mbedtls/library/ecdsa.c **** 
 747:Libs/mbedtls/library/ecdsa.c ****     mbedtls_mpi_init(&r);
 1239              		.loc 1 747 5 view .LVU383
 1240 0012 0BA8     		add	r0, sp, #44
 1241              	.LVL161:
 1242              		.loc 1 747 5 is_stmt 0 view .LVU384
 1243 0014 FFF7FEFF 		bl	mbedtls_mpi_init
 1244              	.LVL162:
 748:Libs/mbedtls/library/ecdsa.c ****     mbedtls_mpi_init(&s);
 1245              		.loc 1 748 5 is_stmt 1 view .LVU385
 1246 0018 08A8     		add	r0, sp, #32
 1247 001a FFF7FEFF 		bl	mbedtls_mpi_init
 1248              	.LVL163:
 749:Libs/mbedtls/library/ecdsa.c **** 
 750:Libs/mbedtls/library/ecdsa.c **** #if defined(MBEDTLS_ECDSA_DETERMINISTIC)
 751:Libs/mbedtls/library/ecdsa.c ****     MBEDTLS_MPI_CHK(ecdsa_sign_det_restartable(&ctx->grp, &r, &s, &ctx->d,
 752:Libs/mbedtls/library/ecdsa.c ****                                                hash, hlen, md_alg, f_rng,
 753:Libs/mbedtls/library/ecdsa.c ****                                                p_rng, rs_ctx));
 754:Libs/mbedtls/library/ecdsa.c **** #else
 755:Libs/mbedtls/library/ecdsa.c ****     (void) md_alg;
 1249              		.loc 1 755 5 view .LVU386
ARM GAS  C:\Users\nicx5\AppData\Local\Temp\ccAw78Qr.s 			page 41


 756:Libs/mbedtls/library/ecdsa.c **** 
 757:Libs/mbedtls/library/ecdsa.c **** #if defined(MBEDTLS_ECDSA_SIGN_ALT)
 758:Libs/mbedtls/library/ecdsa.c ****     (void) rs_ctx;
 759:Libs/mbedtls/library/ecdsa.c **** 
 760:Libs/mbedtls/library/ecdsa.c ****     MBEDTLS_MPI_CHK(mbedtls_ecdsa_sign(&ctx->grp, &r, &s, &ctx->d,
 761:Libs/mbedtls/library/ecdsa.c ****                                        hash, hlen, f_rng, p_rng));
 762:Libs/mbedtls/library/ecdsa.c **** #else
 763:Libs/mbedtls/library/ecdsa.c ****     /* Use the same RNG for both blinding and ephemeral key generation */
 764:Libs/mbedtls/library/ecdsa.c ****     MBEDTLS_MPI_CHK(ecdsa_sign_restartable(&ctx->grp, &r, &s, &ctx->d,
 1250              		.loc 1 764 5 view .LVU387
 1251              		.loc 1 764 5 view .LVU388
 1252 001e 189B     		ldr	r3, [sp, #96]
 1253 0020 0693     		str	r3, [sp, #24]
 1254 0022 CDF81480 		str	r8, [sp, #20]
 1255 0026 0497     		str	r7, [sp, #16]
 1256 0028 CDF80C80 		str	r8, [sp, #12]
 1257 002c 0297     		str	r7, [sp, #8]
 1258 002e 0196     		str	r6, [sp, #4]
 1259 0030 0095     		str	r5, [sp]
 1260 0032 04F17C03 		add	r3, r4, #124
 1261 0036 08AA     		add	r2, sp, #32
 1262 0038 0BA9     		add	r1, sp, #44
 1263 003a 2046     		mov	r0, r4
 1264 003c FFF7FEFF 		bl	ecdsa_sign_restartable
 1265              	.LVL164:
 1266              		.loc 1 764 5 is_stmt 0 discriminator 1 view .LVU389
 1267 0040 0446     		mov	r4, r0
 1268              	.LVL165:
 1269              		.loc 1 764 5 discriminator 1 view .LVU390
 1270 0042 48B1     		cbz	r0, .L49
 1271              	.L47:
 765:Libs/mbedtls/library/ecdsa.c ****                                            hash, hlen, f_rng, p_rng, f_rng,
 766:Libs/mbedtls/library/ecdsa.c ****                                            p_rng, rs_ctx));
 767:Libs/mbedtls/library/ecdsa.c **** #endif /* MBEDTLS_ECDSA_SIGN_ALT */
 768:Libs/mbedtls/library/ecdsa.c **** #endif /* MBEDTLS_ECDSA_DETERMINISTIC */
 769:Libs/mbedtls/library/ecdsa.c **** 
 770:Libs/mbedtls/library/ecdsa.c ****     MBEDTLS_MPI_CHK(ecdsa_signature_to_asn1(&r, &s, sig, slen));
 1272              		.loc 1 770 5 is_stmt 1 discriminator 3 view .LVU391
 771:Libs/mbedtls/library/ecdsa.c **** 
 772:Libs/mbedtls/library/ecdsa.c **** cleanup:
 773:Libs/mbedtls/library/ecdsa.c ****     mbedtls_mpi_free(&r);
 1273              		.loc 1 773 5 view .LVU392
 1274 0044 0BA8     		add	r0, sp, #44
 1275              	.LVL166:
 1276              		.loc 1 773 5 is_stmt 0 view .LVU393
 1277 0046 FFF7FEFF 		bl	mbedtls_mpi_free
 1278              	.LVL167:
 774:Libs/mbedtls/library/ecdsa.c ****     mbedtls_mpi_free(&s);
 1279              		.loc 1 774 5 is_stmt 1 view .LVU394
 1280 004a 08A8     		add	r0, sp, #32
 1281 004c FFF7FEFF 		bl	mbedtls_mpi_free
 1282              	.LVL168:
 775:Libs/mbedtls/library/ecdsa.c **** 
 776:Libs/mbedtls/library/ecdsa.c ****     return ret;
 1283              		.loc 1 776 5 view .LVU395
 777:Libs/mbedtls/library/ecdsa.c **** }
 1284              		.loc 1 777 1 is_stmt 0 view .LVU396
ARM GAS  C:\Users\nicx5\AppData\Local\Temp\ccAw78Qr.s 			page 42


 1285 0050 2046     		mov	r0, r4
 1286 0052 0EB0     		add	sp, sp, #56
 1287              	.LCFI20:
 1288              		.cfi_remember_state
 1289              		.cfi_def_cfa_offset 24
 1290              		@ sp needed
 1291 0054 BDE8F081 		pop	{r4, r5, r6, r7, r8, pc}
 1292              	.LVL169:
 1293              	.L49:
 1294              	.LCFI21:
 1295              		.cfi_restore_state
 764:Libs/mbedtls/library/ecdsa.c ****                                            hash, hlen, f_rng, p_rng, f_rng,
 1296              		.loc 1 764 5 is_stmt 1 discriminator 2 view .LVU397
 770:Libs/mbedtls/library/ecdsa.c **** 
 1297              		.loc 1 770 5 view .LVU398
 770:Libs/mbedtls/library/ecdsa.c **** 
 1298              		.loc 1 770 5 view .LVU399
 1299 0058 159B     		ldr	r3, [sp, #84]
 1300 005a 149A     		ldr	r2, [sp, #80]
 1301 005c 08A9     		add	r1, sp, #32
 1302 005e 0BA8     		add	r0, sp, #44
 1303              	.LVL170:
 770:Libs/mbedtls/library/ecdsa.c **** 
 1304              		.loc 1 770 5 is_stmt 0 view .LVU400
 1305 0060 FFF7FEFF 		bl	ecdsa_signature_to_asn1
 1306              	.LVL171:
 1307 0064 0446     		mov	r4, r0
 1308              	.LVL172:
 770:Libs/mbedtls/library/ecdsa.c **** 
 1309              		.loc 1 770 5 is_stmt 1 discriminator 1 view .LVU401
 772:Libs/mbedtls/library/ecdsa.c ****     mbedtls_mpi_free(&r);
 1310              		.loc 1 772 1 is_stmt 0 view .LVU402
 1311 0066 EDE7     		b	.L47
 1312              		.cfi_endproc
 1313              	.LFE14:
 1315              		.section	.text.mbedtls_ecdsa_write_signature,"ax",%progbits
 1316              		.align	1
 1317              		.global	mbedtls_ecdsa_write_signature
 1318              		.syntax unified
 1319              		.thumb
 1320              		.thumb_func
 1322              	mbedtls_ecdsa_write_signature:
 1323              	.LVL173:
 1324              	.LFB15:
 778:Libs/mbedtls/library/ecdsa.c **** 
 779:Libs/mbedtls/library/ecdsa.c **** /*
 780:Libs/mbedtls/library/ecdsa.c ****  * Compute and write signature
 781:Libs/mbedtls/library/ecdsa.c ****  */
 782:Libs/mbedtls/library/ecdsa.c **** int mbedtls_ecdsa_write_signature(mbedtls_ecdsa_context *ctx,
 783:Libs/mbedtls/library/ecdsa.c ****                                   mbedtls_md_type_t md_alg,
 784:Libs/mbedtls/library/ecdsa.c ****                                   const unsigned char *hash, size_t hlen,
 785:Libs/mbedtls/library/ecdsa.c ****                                   unsigned char *sig, size_t *slen,
 786:Libs/mbedtls/library/ecdsa.c ****                                   int (*f_rng)(void *, unsigned char *, size_t),
 787:Libs/mbedtls/library/ecdsa.c ****                                   void *p_rng)
 788:Libs/mbedtls/library/ecdsa.c **** {
 1325              		.loc 1 788 1 is_stmt 1 view -0
 1326              		.cfi_startproc
ARM GAS  C:\Users\nicx5\AppData\Local\Temp\ccAw78Qr.s 			page 43


 1327              		@ args = 16, pretend = 0, frame = 0
 1328              		@ frame_needed = 0, uses_anonymous_args = 0
 1329              		.loc 1 788 1 is_stmt 0 view .LVU404
 1330 0000 10B5     		push	{r4, lr}
 1331              	.LCFI22:
 1332              		.cfi_def_cfa_offset 8
 1333              		.cfi_offset 4, -8
 1334              		.cfi_offset 14, -4
 1335 0002 86B0     		sub	sp, sp, #24
 1336              	.LCFI23:
 1337              		.cfi_def_cfa_offset 32
 789:Libs/mbedtls/library/ecdsa.c ****     ECDSA_VALIDATE_RET(ctx  != NULL);
 1338              		.loc 1 789 5 is_stmt 1 view .LVU405
 1339              		.loc 1 789 5 view .LVU406
 1340              		.loc 1 789 5 view .LVU407
 790:Libs/mbedtls/library/ecdsa.c ****     ECDSA_VALIDATE_RET(hash != NULL);
 1341              		.loc 1 790 5 view .LVU408
 1342              		.loc 1 790 5 view .LVU409
 1343              		.loc 1 790 5 view .LVU410
 791:Libs/mbedtls/library/ecdsa.c ****     ECDSA_VALIDATE_RET(sig  != NULL);
 1344              		.loc 1 791 5 view .LVU411
 1345              		.loc 1 791 5 view .LVU412
 1346              		.loc 1 791 5 view .LVU413
 792:Libs/mbedtls/library/ecdsa.c ****     ECDSA_VALIDATE_RET(slen != NULL);
 1347              		.loc 1 792 5 view .LVU414
 1348              		.loc 1 792 5 view .LVU415
 1349              		.loc 1 792 5 view .LVU416
 793:Libs/mbedtls/library/ecdsa.c ****     return mbedtls_ecdsa_write_signature_restartable(
 1350              		.loc 1 793 5 view .LVU417
 1351              		.loc 1 793 12 is_stmt 0 view .LVU418
 1352 0004 0024     		movs	r4, #0
 1353 0006 0494     		str	r4, [sp, #16]
 1354 0008 0B9C     		ldr	r4, [sp, #44]
 1355 000a 0394     		str	r4, [sp, #12]
 1356 000c 0A9C     		ldr	r4, [sp, #40]
 1357 000e 0294     		str	r4, [sp, #8]
 1358 0010 099C     		ldr	r4, [sp, #36]
 1359 0012 0194     		str	r4, [sp, #4]
 1360 0014 089C     		ldr	r4, [sp, #32]
 1361 0016 0094     		str	r4, [sp]
 1362 0018 FFF7FEFF 		bl	mbedtls_ecdsa_write_signature_restartable
 1363              	.LVL174:
 794:Libs/mbedtls/library/ecdsa.c ****         ctx, md_alg, hash, hlen, sig, slen, f_rng, p_rng, NULL);
 795:Libs/mbedtls/library/ecdsa.c **** }
 1364              		.loc 1 795 1 view .LVU419
 1365 001c 06B0     		add	sp, sp, #24
 1366              	.LCFI24:
 1367              		.cfi_def_cfa_offset 8
 1368              		@ sp needed
 1369 001e 10BD     		pop	{r4, pc}
 1370              		.loc 1 795 1 view .LVU420
 1371              		.cfi_endproc
 1372              	.LFE15:
 1374              		.section	.text.mbedtls_ecdsa_read_signature_restartable,"ax",%progbits
 1375              		.align	1
 1376              		.global	mbedtls_ecdsa_read_signature_restartable
 1377              		.syntax unified
ARM GAS  C:\Users\nicx5\AppData\Local\Temp\ccAw78Qr.s 			page 44


 1378              		.thumb
 1379              		.thumb_func
 1381              	mbedtls_ecdsa_read_signature_restartable:
 1382              	.LVL175:
 1383              	.LFB17:
 796:Libs/mbedtls/library/ecdsa.c **** 
 797:Libs/mbedtls/library/ecdsa.c **** #if !defined(MBEDTLS_DEPRECATED_REMOVED) && \
 798:Libs/mbedtls/library/ecdsa.c ****     defined(MBEDTLS_ECDSA_DETERMINISTIC)
 799:Libs/mbedtls/library/ecdsa.c **** int mbedtls_ecdsa_write_signature_det(mbedtls_ecdsa_context *ctx,
 800:Libs/mbedtls/library/ecdsa.c ****                                       const unsigned char *hash, size_t hlen,
 801:Libs/mbedtls/library/ecdsa.c ****                                       unsigned char *sig, size_t *slen,
 802:Libs/mbedtls/library/ecdsa.c ****                                       mbedtls_md_type_t md_alg)
 803:Libs/mbedtls/library/ecdsa.c **** {
 804:Libs/mbedtls/library/ecdsa.c ****     ECDSA_VALIDATE_RET(ctx  != NULL);
 805:Libs/mbedtls/library/ecdsa.c ****     ECDSA_VALIDATE_RET(hash != NULL);
 806:Libs/mbedtls/library/ecdsa.c ****     ECDSA_VALIDATE_RET(sig  != NULL);
 807:Libs/mbedtls/library/ecdsa.c ****     ECDSA_VALIDATE_RET(slen != NULL);
 808:Libs/mbedtls/library/ecdsa.c ****     return mbedtls_ecdsa_write_signature(ctx, md_alg, hash, hlen, sig, slen,
 809:Libs/mbedtls/library/ecdsa.c ****                                          NULL, NULL);
 810:Libs/mbedtls/library/ecdsa.c **** }
 811:Libs/mbedtls/library/ecdsa.c **** #endif
 812:Libs/mbedtls/library/ecdsa.c **** 
 813:Libs/mbedtls/library/ecdsa.c **** /*
 814:Libs/mbedtls/library/ecdsa.c ****  * Read and check signature
 815:Libs/mbedtls/library/ecdsa.c ****  */
 816:Libs/mbedtls/library/ecdsa.c **** int mbedtls_ecdsa_read_signature(mbedtls_ecdsa_context *ctx,
 817:Libs/mbedtls/library/ecdsa.c ****                                  const unsigned char *hash, size_t hlen,
 818:Libs/mbedtls/library/ecdsa.c ****                                  const unsigned char *sig, size_t slen)
 819:Libs/mbedtls/library/ecdsa.c **** {
 820:Libs/mbedtls/library/ecdsa.c ****     ECDSA_VALIDATE_RET(ctx  != NULL);
 821:Libs/mbedtls/library/ecdsa.c ****     ECDSA_VALIDATE_RET(hash != NULL);
 822:Libs/mbedtls/library/ecdsa.c ****     ECDSA_VALIDATE_RET(sig  != NULL);
 823:Libs/mbedtls/library/ecdsa.c ****     return mbedtls_ecdsa_read_signature_restartable(
 824:Libs/mbedtls/library/ecdsa.c ****         ctx, hash, hlen, sig, slen, NULL);
 825:Libs/mbedtls/library/ecdsa.c **** }
 826:Libs/mbedtls/library/ecdsa.c **** 
 827:Libs/mbedtls/library/ecdsa.c **** /*
 828:Libs/mbedtls/library/ecdsa.c ****  * Restartable read and check signature
 829:Libs/mbedtls/library/ecdsa.c ****  */
 830:Libs/mbedtls/library/ecdsa.c **** int mbedtls_ecdsa_read_signature_restartable(mbedtls_ecdsa_context *ctx,
 831:Libs/mbedtls/library/ecdsa.c ****                                              const unsigned char *hash, size_t hlen,
 832:Libs/mbedtls/library/ecdsa.c ****                                              const unsigned char *sig, size_t slen,
 833:Libs/mbedtls/library/ecdsa.c ****                                              mbedtls_ecdsa_restart_ctx *rs_ctx)
 834:Libs/mbedtls/library/ecdsa.c **** {
 1384              		.loc 1 834 1 is_stmt 1 view -0
 1385              		.cfi_startproc
 1386              		@ args = 8, pretend = 0, frame = 32
 1387              		@ frame_needed = 0, uses_anonymous_args = 0
 1388              		.loc 1 834 1 is_stmt 0 view .LVU422
 1389 0000 2DE9F041 		push	{r4, r5, r6, r7, r8, lr}
 1390              	.LCFI25:
 1391              		.cfi_def_cfa_offset 24
 1392              		.cfi_offset 4, -24
 1393              		.cfi_offset 5, -20
 1394              		.cfi_offset 6, -16
 1395              		.cfi_offset 7, -12
 1396              		.cfi_offset 8, -8
ARM GAS  C:\Users\nicx5\AppData\Local\Temp\ccAw78Qr.s 			page 45


 1397              		.cfi_offset 14, -4
 1398 0004 8CB0     		sub	sp, sp, #48
 1399              	.LCFI26:
 1400              		.cfi_def_cfa_offset 72
 1401 0006 0646     		mov	r6, r0
 1402 0008 0F46     		mov	r7, r1
 1403 000a 9046     		mov	r8, r2
 835:Libs/mbedtls/library/ecdsa.c ****     int ret = MBEDTLS_ERR_ERROR_CORRUPTION_DETECTED;
 1404              		.loc 1 835 5 is_stmt 1 view .LVU423
 1405              	.LVL176:
 836:Libs/mbedtls/library/ecdsa.c ****     unsigned char *p = (unsigned char *) sig;
 1406              		.loc 1 836 5 view .LVU424
 1407              		.loc 1 836 20 is_stmt 0 view .LVU425
 1408 000c 0B93     		str	r3, [sp, #44]
 837:Libs/mbedtls/library/ecdsa.c ****     const unsigned char *end = sig + slen;
 1409              		.loc 1 837 5 is_stmt 1 view .LVU426
 1410              		.loc 1 837 26 is_stmt 0 view .LVU427
 1411 000e 129A     		ldr	r2, [sp, #72]
 1412              	.LVL177:
 1413              		.loc 1 837 26 view .LVU428
 1414 0010 9C18     		adds	r4, r3, r2
 1415              	.LVL178:
 838:Libs/mbedtls/library/ecdsa.c ****     size_t len;
 1416              		.loc 1 838 5 is_stmt 1 view .LVU429
 839:Libs/mbedtls/library/ecdsa.c ****     mbedtls_mpi r, s;
 1417              		.loc 1 839 5 view .LVU430
 840:Libs/mbedtls/library/ecdsa.c ****     ECDSA_VALIDATE_RET(ctx  != NULL);
 1418              		.loc 1 840 5 view .LVU431
 1419              		.loc 1 840 5 view .LVU432
 1420              		.loc 1 840 5 view .LVU433
 841:Libs/mbedtls/library/ecdsa.c ****     ECDSA_VALIDATE_RET(hash != NULL);
 1421              		.loc 1 841 5 view .LVU434
 1422              		.loc 1 841 5 view .LVU435
 1423              		.loc 1 841 5 view .LVU436
 842:Libs/mbedtls/library/ecdsa.c ****     ECDSA_VALIDATE_RET(sig  != NULL);
 1424              		.loc 1 842 5 view .LVU437
 1425              		.loc 1 842 5 view .LVU438
 1426              		.loc 1 842 5 view .LVU439
 843:Libs/mbedtls/library/ecdsa.c **** 
 844:Libs/mbedtls/library/ecdsa.c ****     mbedtls_mpi_init(&r);
 1427              		.loc 1 844 5 view .LVU440
 1428 0012 07A8     		add	r0, sp, #28
 1429              	.LVL179:
 1430              		.loc 1 844 5 is_stmt 0 view .LVU441
 1431 0014 FFF7FEFF 		bl	mbedtls_mpi_init
 1432              	.LVL180:
 845:Libs/mbedtls/library/ecdsa.c ****     mbedtls_mpi_init(&s);
 1433              		.loc 1 845 5 is_stmt 1 view .LVU442
 1434 0018 04A8     		add	r0, sp, #16
 1435 001a FFF7FEFF 		bl	mbedtls_mpi_init
 1436              	.LVL181:
 846:Libs/mbedtls/library/ecdsa.c **** 
 847:Libs/mbedtls/library/ecdsa.c ****     if ((ret = mbedtls_asn1_get_tag(&p, end, &len,
 1437              		.loc 1 847 5 view .LVU443
 1438              		.loc 1 847 16 is_stmt 0 view .LVU444
 1439 001e 3023     		movs	r3, #48
 1440 0020 0AAA     		add	r2, sp, #40
ARM GAS  C:\Users\nicx5\AppData\Local\Temp\ccAw78Qr.s 			page 46


 1441 0022 2146     		mov	r1, r4
 1442 0024 0BA8     		add	r0, sp, #44
 1443 0026 FFF7FEFF 		bl	mbedtls_asn1_get_tag
 1444              	.LVL182:
 1445              		.loc 1 847 8 discriminator 1 view .LVU445
 1446 002a B8B9     		cbnz	r0, .L60
 848:Libs/mbedtls/library/ecdsa.c ****                                     MBEDTLS_ASN1_CONSTRUCTED | MBEDTLS_ASN1_SEQUENCE)) != 0) {
 849:Libs/mbedtls/library/ecdsa.c ****         ret += MBEDTLS_ERR_ECP_BAD_INPUT_DATA;
 850:Libs/mbedtls/library/ecdsa.c ****         goto cleanup;
 851:Libs/mbedtls/library/ecdsa.c ****     }
 852:Libs/mbedtls/library/ecdsa.c **** 
 853:Libs/mbedtls/library/ecdsa.c ****     if (p + len != end) {
 1447              		.loc 1 853 5 is_stmt 1 view .LVU446
 1448              		.loc 1 853 11 is_stmt 0 view .LVU447
 1449 002c 0B9B     		ldr	r3, [sp, #44]
 1450 002e 0A9A     		ldr	r2, [sp, #40]
 1451 0030 1344     		add	r3, r3, r2
 1452              		.loc 1 853 8 view .LVU448
 1453 0032 A342     		cmp	r3, r4
 1454 0034 32D1     		bne	.L57
 854:Libs/mbedtls/library/ecdsa.c ****         ret = MBEDTLS_ERROR_ADD(MBEDTLS_ERR_ECP_BAD_INPUT_DATA,
 855:Libs/mbedtls/library/ecdsa.c ****                                 MBEDTLS_ERR_ASN1_LENGTH_MISMATCH);
 856:Libs/mbedtls/library/ecdsa.c ****         goto cleanup;
 857:Libs/mbedtls/library/ecdsa.c ****     }
 858:Libs/mbedtls/library/ecdsa.c **** 
 859:Libs/mbedtls/library/ecdsa.c ****     if ((ret = mbedtls_asn1_get_mpi(&p, end, &r)) != 0 ||
 1455              		.loc 1 859 5 is_stmt 1 view .LVU449
 1456              		.loc 1 859 16 is_stmt 0 view .LVU450
 1457 0036 07AA     		add	r2, sp, #28
 1458 0038 2146     		mov	r1, r4
 1459 003a 0BA8     		add	r0, sp, #44
 1460              	.LVL183:
 1461              		.loc 1 859 16 view .LVU451
 1462 003c FFF7FEFF 		bl	mbedtls_asn1_get_mpi
 1463              	.LVL184:
 1464              		.loc 1 859 8 discriminator 1 view .LVU452
 1465 0040 0546     		mov	r5, r0
 1466 0042 70B1     		cbz	r0, .L61
 1467              	.L55:
 860:Libs/mbedtls/library/ecdsa.c ****         (ret = mbedtls_asn1_get_mpi(&p, end, &s)) != 0) {
 861:Libs/mbedtls/library/ecdsa.c ****         ret += MBEDTLS_ERR_ECP_BAD_INPUT_DATA;
 1468              		.loc 1 861 9 is_stmt 1 view .LVU453
 1469              		.loc 1 861 13 is_stmt 0 view .LVU454
 1470 0044 A5F59F45 		sub	r5, r5, #20352
 1471              	.LVL185:
 862:Libs/mbedtls/library/ecdsa.c ****         goto cleanup;
 1472              		.loc 1 862 9 is_stmt 1 view .LVU455
 1473              	.L54:
 863:Libs/mbedtls/library/ecdsa.c ****     }
 864:Libs/mbedtls/library/ecdsa.c **** #if defined(MBEDTLS_ECDSA_VERIFY_ALT)
 865:Libs/mbedtls/library/ecdsa.c ****     (void) rs_ctx;
 866:Libs/mbedtls/library/ecdsa.c **** 
 867:Libs/mbedtls/library/ecdsa.c ****     if ((ret = mbedtls_ecdsa_verify(&ctx->grp, hash, hlen,
 868:Libs/mbedtls/library/ecdsa.c ****                                     &ctx->Q, &r, &s)) != 0) {
 869:Libs/mbedtls/library/ecdsa.c ****         goto cleanup;
 870:Libs/mbedtls/library/ecdsa.c ****     }
 871:Libs/mbedtls/library/ecdsa.c **** #else
ARM GAS  C:\Users\nicx5\AppData\Local\Temp\ccAw78Qr.s 			page 47


 872:Libs/mbedtls/library/ecdsa.c ****     if ((ret = ecdsa_verify_restartable(&ctx->grp, hash, hlen,
 873:Libs/mbedtls/library/ecdsa.c ****                                         &ctx->Q, &r, &s, rs_ctx)) != 0) {
 874:Libs/mbedtls/library/ecdsa.c ****         goto cleanup;
 875:Libs/mbedtls/library/ecdsa.c ****     }
 876:Libs/mbedtls/library/ecdsa.c **** #endif /* MBEDTLS_ECDSA_VERIFY_ALT */
 877:Libs/mbedtls/library/ecdsa.c **** 
 878:Libs/mbedtls/library/ecdsa.c ****     /* At this point we know that the buffer starts with a valid signature.
 879:Libs/mbedtls/library/ecdsa.c ****      * Return 0 if the buffer just contains the signature, and a specific
 880:Libs/mbedtls/library/ecdsa.c ****      * error code if the valid signature is followed by more data. */
 881:Libs/mbedtls/library/ecdsa.c ****     if (p != end) {
 882:Libs/mbedtls/library/ecdsa.c ****         ret = MBEDTLS_ERR_ECP_SIG_LEN_MISMATCH;
 883:Libs/mbedtls/library/ecdsa.c ****     }
 884:Libs/mbedtls/library/ecdsa.c **** 
 885:Libs/mbedtls/library/ecdsa.c **** cleanup:
 886:Libs/mbedtls/library/ecdsa.c ****     mbedtls_mpi_free(&r);
 1474              		.loc 1 886 5 view .LVU456
 1475 0048 07A8     		add	r0, sp, #28
 1476 004a FFF7FEFF 		bl	mbedtls_mpi_free
 1477              	.LVL186:
 887:Libs/mbedtls/library/ecdsa.c ****     mbedtls_mpi_free(&s);
 1478              		.loc 1 887 5 view .LVU457
 1479 004e 04A8     		add	r0, sp, #16
 1480 0050 FFF7FEFF 		bl	mbedtls_mpi_free
 1481              	.LVL187:
 888:Libs/mbedtls/library/ecdsa.c **** 
 889:Libs/mbedtls/library/ecdsa.c ****     return ret;
 1482              		.loc 1 889 5 view .LVU458
 890:Libs/mbedtls/library/ecdsa.c **** }
 1483              		.loc 1 890 1 is_stmt 0 view .LVU459
 1484 0054 2846     		mov	r0, r5
 1485 0056 0CB0     		add	sp, sp, #48
 1486              	.LCFI27:
 1487              		.cfi_remember_state
 1488              		.cfi_def_cfa_offset 24
 1489              		@ sp needed
 1490 0058 BDE8F081 		pop	{r4, r5, r6, r7, r8, pc}
 1491              	.LVL188:
 1492              	.L60:
 1493              	.LCFI28:
 1494              		.cfi_restore_state
 849:Libs/mbedtls/library/ecdsa.c ****         goto cleanup;
 1495              		.loc 1 849 9 is_stmt 1 view .LVU460
 849:Libs/mbedtls/library/ecdsa.c ****         goto cleanup;
 1496              		.loc 1 849 13 is_stmt 0 view .LVU461
 1497 005c A0F59F45 		sub	r5, r0, #20352
 1498              	.LVL189:
 850:Libs/mbedtls/library/ecdsa.c ****     }
 1499              		.loc 1 850 9 is_stmt 1 view .LVU462
 1500 0060 F2E7     		b	.L54
 1501              	.LVL190:
 1502              	.L61:
 860:Libs/mbedtls/library/ecdsa.c ****         ret += MBEDTLS_ERR_ECP_BAD_INPUT_DATA;
 1503              		.loc 1 860 16 is_stmt 0 view .LVU463
 1504 0062 04AA     		add	r2, sp, #16
 1505 0064 2146     		mov	r1, r4
 1506 0066 0BA8     		add	r0, sp, #44
 1507              	.LVL191:
ARM GAS  C:\Users\nicx5\AppData\Local\Temp\ccAw78Qr.s 			page 48


 860:Libs/mbedtls/library/ecdsa.c ****         ret += MBEDTLS_ERR_ECP_BAD_INPUT_DATA;
 1508              		.loc 1 860 16 view .LVU464
 1509 0068 FFF7FEFF 		bl	mbedtls_asn1_get_mpi
 1510              	.LVL192:
 859:Libs/mbedtls/library/ecdsa.c ****         (ret = mbedtls_asn1_get_mpi(&p, end, &s)) != 0) {
 1511              		.loc 1 859 56 discriminator 1 view .LVU465
 1512 006c 0546     		mov	r5, r0
 1513 006e 0028     		cmp	r0, #0
 1514 0070 E8D1     		bne	.L55
 872:Libs/mbedtls/library/ecdsa.c ****                                         &ctx->Q, &r, &s, rs_ctx)) != 0) {
 1515              		.loc 1 872 5 is_stmt 1 view .LVU466
 872:Libs/mbedtls/library/ecdsa.c ****                                         &ctx->Q, &r, &s, rs_ctx)) != 0) {
 1516              		.loc 1 872 16 is_stmt 0 view .LVU467
 1517 0072 139B     		ldr	r3, [sp, #76]
 1518 0074 0293     		str	r3, [sp, #8]
 1519 0076 04AB     		add	r3, sp, #16
 1520 0078 0193     		str	r3, [sp, #4]
 1521 007a 07AB     		add	r3, sp, #28
 1522 007c 0093     		str	r3, [sp]
 1523 007e 06F18803 		add	r3, r6, #136
 1524 0082 4246     		mov	r2, r8
 1525 0084 3946     		mov	r1, r7
 1526 0086 3046     		mov	r0, r6
 1527              	.LVL193:
 872:Libs/mbedtls/library/ecdsa.c ****                                         &ctx->Q, &r, &s, rs_ctx)) != 0) {
 1528              		.loc 1 872 16 view .LVU468
 1529 0088 FFF7FEFF 		bl	ecdsa_verify_restartable
 1530              	.LVL194:
 872:Libs/mbedtls/library/ecdsa.c ****                                         &ctx->Q, &r, &s, rs_ctx)) != 0) {
 1531              		.loc 1 872 8 discriminator 1 view .LVU469
 1532 008c 0546     		mov	r5, r0
 1533 008e 0028     		cmp	r0, #0
 1534 0090 DAD1     		bne	.L54
 881:Libs/mbedtls/library/ecdsa.c ****         ret = MBEDTLS_ERR_ECP_SIG_LEN_MISMATCH;
 1535              		.loc 1 881 5 is_stmt 1 view .LVU470
 881:Libs/mbedtls/library/ecdsa.c ****         ret = MBEDTLS_ERR_ECP_SIG_LEN_MISMATCH;
 1536              		.loc 1 881 11 is_stmt 0 view .LVU471
 1537 0092 0B9B     		ldr	r3, [sp, #44]
 881:Libs/mbedtls/library/ecdsa.c ****         ret = MBEDTLS_ERR_ECP_SIG_LEN_MISMATCH;
 1538              		.loc 1 881 8 view .LVU472
 1539 0094 A342     		cmp	r3, r4
 1540 0096 D7D0     		beq	.L54
 882:Libs/mbedtls/library/ecdsa.c ****     }
 1541              		.loc 1 882 13 view .LVU473
 1542 0098 014D     		ldr	r5, .L62
 1543 009a D5E7     		b	.L54
 1544              	.L57:
 854:Libs/mbedtls/library/ecdsa.c ****                                 MBEDTLS_ERR_ASN1_LENGTH_MISMATCH);
 1545              		.loc 1 854 15 view .LVU474
 1546 009c 014D     		ldr	r5, .L62+4
 1547 009e D3E7     		b	.L54
 1548              	.L63:
 1549              		.align	2
 1550              	.L62:
 1551 00a0 00B4FFFF 		.word	-19456
 1552 00a4 1AB0FFFF 		.word	-20454
 1553              		.cfi_endproc
ARM GAS  C:\Users\nicx5\AppData\Local\Temp\ccAw78Qr.s 			page 49


 1554              	.LFE17:
 1556              		.section	.text.mbedtls_ecdsa_read_signature,"ax",%progbits
 1557              		.align	1
 1558              		.global	mbedtls_ecdsa_read_signature
 1559              		.syntax unified
 1560              		.thumb
 1561              		.thumb_func
 1563              	mbedtls_ecdsa_read_signature:
 1564              	.LVL195:
 1565              	.LFB16:
 819:Libs/mbedtls/library/ecdsa.c ****     ECDSA_VALIDATE_RET(ctx  != NULL);
 1566              		.loc 1 819 1 is_stmt 1 view -0
 1567              		.cfi_startproc
 1568              		@ args = 4, pretend = 0, frame = 0
 1569              		@ frame_needed = 0, uses_anonymous_args = 0
 819:Libs/mbedtls/library/ecdsa.c ****     ECDSA_VALIDATE_RET(ctx  != NULL);
 1570              		.loc 1 819 1 is_stmt 0 view .LVU476
 1571 0000 10B5     		push	{r4, lr}
 1572              	.LCFI29:
 1573              		.cfi_def_cfa_offset 8
 1574              		.cfi_offset 4, -8
 1575              		.cfi_offset 14, -4
 1576 0002 82B0     		sub	sp, sp, #8
 1577              	.LCFI30:
 1578              		.cfi_def_cfa_offset 16
 820:Libs/mbedtls/library/ecdsa.c ****     ECDSA_VALIDATE_RET(hash != NULL);
 1579              		.loc 1 820 5 is_stmt 1 view .LVU477
 820:Libs/mbedtls/library/ecdsa.c ****     ECDSA_VALIDATE_RET(hash != NULL);
 1580              		.loc 1 820 5 view .LVU478
 820:Libs/mbedtls/library/ecdsa.c ****     ECDSA_VALIDATE_RET(hash != NULL);
 1581              		.loc 1 820 5 view .LVU479
 821:Libs/mbedtls/library/ecdsa.c ****     ECDSA_VALIDATE_RET(sig  != NULL);
 1582              		.loc 1 821 5 view .LVU480
 821:Libs/mbedtls/library/ecdsa.c ****     ECDSA_VALIDATE_RET(sig  != NULL);
 1583              		.loc 1 821 5 view .LVU481
 821:Libs/mbedtls/library/ecdsa.c ****     ECDSA_VALIDATE_RET(sig  != NULL);
 1584              		.loc 1 821 5 view .LVU482
 822:Libs/mbedtls/library/ecdsa.c ****     return mbedtls_ecdsa_read_signature_restartable(
 1585              		.loc 1 822 5 view .LVU483
 822:Libs/mbedtls/library/ecdsa.c ****     return mbedtls_ecdsa_read_signature_restartable(
 1586              		.loc 1 822 5 view .LVU484
 822:Libs/mbedtls/library/ecdsa.c ****     return mbedtls_ecdsa_read_signature_restartable(
 1587              		.loc 1 822 5 view .LVU485
 823:Libs/mbedtls/library/ecdsa.c ****         ctx, hash, hlen, sig, slen, NULL);
 1588              		.loc 1 823 5 view .LVU486
 823:Libs/mbedtls/library/ecdsa.c ****         ctx, hash, hlen, sig, slen, NULL);
 1589              		.loc 1 823 12 is_stmt 0 view .LVU487
 1590 0004 0024     		movs	r4, #0
 1591 0006 0194     		str	r4, [sp, #4]
 1592 0008 049C     		ldr	r4, [sp, #16]
 1593 000a 0094     		str	r4, [sp]
 1594 000c FFF7FEFF 		bl	mbedtls_ecdsa_read_signature_restartable
 1595              	.LVL196:
 825:Libs/mbedtls/library/ecdsa.c **** 
 1596              		.loc 1 825 1 view .LVU488
 1597 0010 02B0     		add	sp, sp, #8
 1598              	.LCFI31:
ARM GAS  C:\Users\nicx5\AppData\Local\Temp\ccAw78Qr.s 			page 50


 1599              		.cfi_def_cfa_offset 8
 1600              		@ sp needed
 1601 0012 10BD     		pop	{r4, pc}
 825:Libs/mbedtls/library/ecdsa.c **** 
 1602              		.loc 1 825 1 view .LVU489
 1603              		.cfi_endproc
 1604              	.LFE16:
 1606              		.section	.text.mbedtls_ecdsa_genkey,"ax",%progbits
 1607              		.align	1
 1608              		.global	mbedtls_ecdsa_genkey
 1609              		.syntax unified
 1610              		.thumb
 1611              		.thumb_func
 1613              	mbedtls_ecdsa_genkey:
 1614              	.LVL197:
 1615              	.LFB18:
 891:Libs/mbedtls/library/ecdsa.c **** 
 892:Libs/mbedtls/library/ecdsa.c **** #if !defined(MBEDTLS_ECDSA_GENKEY_ALT)
 893:Libs/mbedtls/library/ecdsa.c **** /*
 894:Libs/mbedtls/library/ecdsa.c ****  * Generate key pair
 895:Libs/mbedtls/library/ecdsa.c ****  */
 896:Libs/mbedtls/library/ecdsa.c **** int mbedtls_ecdsa_genkey(mbedtls_ecdsa_context *ctx, mbedtls_ecp_group_id gid,
 897:Libs/mbedtls/library/ecdsa.c ****                          int (*f_rng)(void *, unsigned char *, size_t), void *p_rng)
 898:Libs/mbedtls/library/ecdsa.c **** {
 1616              		.loc 1 898 1 is_stmt 1 view -0
 1617              		.cfi_startproc
 1618              		@ args = 0, pretend = 0, frame = 0
 1619              		@ frame_needed = 0, uses_anonymous_args = 0
 1620              		.loc 1 898 1 is_stmt 0 view .LVU491
 1621 0000 70B5     		push	{r4, r5, r6, lr}
 1622              	.LCFI32:
 1623              		.cfi_def_cfa_offset 16
 1624              		.cfi_offset 4, -16
 1625              		.cfi_offset 5, -12
 1626              		.cfi_offset 6, -8
 1627              		.cfi_offset 14, -4
 1628 0002 82B0     		sub	sp, sp, #8
 1629              	.LCFI33:
 1630              		.cfi_def_cfa_offset 24
 1631 0004 0446     		mov	r4, r0
 1632 0006 1546     		mov	r5, r2
 1633 0008 1E46     		mov	r6, r3
 899:Libs/mbedtls/library/ecdsa.c ****     int ret = 0;
 1634              		.loc 1 899 5 is_stmt 1 view .LVU492
 1635              	.LVL198:
 900:Libs/mbedtls/library/ecdsa.c ****     ECDSA_VALIDATE_RET(ctx   != NULL);
 1636              		.loc 1 900 5 view .LVU493
 1637              		.loc 1 900 5 view .LVU494
 1638              		.loc 1 900 5 view .LVU495
 901:Libs/mbedtls/library/ecdsa.c ****     ECDSA_VALIDATE_RET(f_rng != NULL);
 1639              		.loc 1 901 5 view .LVU496
 1640              		.loc 1 901 5 view .LVU497
 1641              		.loc 1 901 5 view .LVU498
 902:Libs/mbedtls/library/ecdsa.c **** 
 903:Libs/mbedtls/library/ecdsa.c ****     ret = mbedtls_ecp_group_load(&ctx->grp, gid);
 1642              		.loc 1 903 5 view .LVU499
 1643              		.loc 1 903 11 is_stmt 0 view .LVU500
ARM GAS  C:\Users\nicx5\AppData\Local\Temp\ccAw78Qr.s 			page 51


 1644 000a FFF7FEFF 		bl	mbedtls_ecp_group_load
 1645              	.LVL199:
 904:Libs/mbedtls/library/ecdsa.c ****     if (ret != 0) {
 1646              		.loc 1 904 5 is_stmt 1 view .LVU501
 1647              		.loc 1 904 8 is_stmt 0 view .LVU502
 1648 000e 08B1     		cbz	r0, .L69
 1649              	.L66:
 905:Libs/mbedtls/library/ecdsa.c ****         return ret;
 906:Libs/mbedtls/library/ecdsa.c ****     }
 907:Libs/mbedtls/library/ecdsa.c **** 
 908:Libs/mbedtls/library/ecdsa.c ****     return mbedtls_ecp_gen_keypair(&ctx->grp, &ctx->d,
 909:Libs/mbedtls/library/ecdsa.c ****                                    &ctx->Q, f_rng, p_rng);
 910:Libs/mbedtls/library/ecdsa.c **** }
 1650              		.loc 1 910 1 view .LVU503
 1651 0010 02B0     		add	sp, sp, #8
 1652              	.LCFI34:
 1653              		.cfi_remember_state
 1654              		.cfi_def_cfa_offset 16
 1655              		@ sp needed
 1656 0012 70BD     		pop	{r4, r5, r6, pc}
 1657              	.LVL200:
 1658              	.L69:
 1659              	.LCFI35:
 1660              		.cfi_restore_state
 908:Libs/mbedtls/library/ecdsa.c ****                                    &ctx->Q, f_rng, p_rng);
 1661              		.loc 1 908 5 is_stmt 1 view .LVU504
 908:Libs/mbedtls/library/ecdsa.c ****                                    &ctx->Q, f_rng, p_rng);
 1662              		.loc 1 908 12 is_stmt 0 view .LVU505
 1663 0014 0096     		str	r6, [sp]
 1664 0016 2B46     		mov	r3, r5
 1665 0018 04F18802 		add	r2, r4, #136
 1666 001c 04F17C01 		add	r1, r4, #124
 1667 0020 2046     		mov	r0, r4
 1668 0022 FFF7FEFF 		bl	mbedtls_ecp_gen_keypair
 1669              	.LVL201:
 1670 0026 F3E7     		b	.L66
 1671              		.cfi_endproc
 1672              	.LFE18:
 1674              		.section	.text.mbedtls_ecdsa_init,"ax",%progbits
 1675              		.align	1
 1676              		.global	mbedtls_ecdsa_init
 1677              		.syntax unified
 1678              		.thumb
 1679              		.thumb_func
 1681              	mbedtls_ecdsa_init:
 1682              	.LVL202:
 1683              	.LFB20:
 911:Libs/mbedtls/library/ecdsa.c **** #endif /* !MBEDTLS_ECDSA_GENKEY_ALT */
 912:Libs/mbedtls/library/ecdsa.c **** 
 913:Libs/mbedtls/library/ecdsa.c **** /*
 914:Libs/mbedtls/library/ecdsa.c ****  * Set context from an mbedtls_ecp_keypair
 915:Libs/mbedtls/library/ecdsa.c ****  */
 916:Libs/mbedtls/library/ecdsa.c **** int mbedtls_ecdsa_from_keypair(mbedtls_ecdsa_context *ctx, const mbedtls_ecp_keypair *key)
 917:Libs/mbedtls/library/ecdsa.c **** {
 918:Libs/mbedtls/library/ecdsa.c ****     int ret = MBEDTLS_ERR_ERROR_CORRUPTION_DETECTED;
 919:Libs/mbedtls/library/ecdsa.c ****     ECDSA_VALIDATE_RET(ctx != NULL);
 920:Libs/mbedtls/library/ecdsa.c ****     ECDSA_VALIDATE_RET(key != NULL);
ARM GAS  C:\Users\nicx5\AppData\Local\Temp\ccAw78Qr.s 			page 52


 921:Libs/mbedtls/library/ecdsa.c **** 
 922:Libs/mbedtls/library/ecdsa.c ****     if ((ret = mbedtls_ecp_group_copy(&ctx->grp, &key->grp)) != 0 ||
 923:Libs/mbedtls/library/ecdsa.c ****         (ret = mbedtls_mpi_copy(&ctx->d, &key->d)) != 0 ||
 924:Libs/mbedtls/library/ecdsa.c ****         (ret = mbedtls_ecp_copy(&ctx->Q, &key->Q)) != 0) {
 925:Libs/mbedtls/library/ecdsa.c ****         mbedtls_ecdsa_free(ctx);
 926:Libs/mbedtls/library/ecdsa.c ****     }
 927:Libs/mbedtls/library/ecdsa.c **** 
 928:Libs/mbedtls/library/ecdsa.c ****     return ret;
 929:Libs/mbedtls/library/ecdsa.c **** }
 930:Libs/mbedtls/library/ecdsa.c **** 
 931:Libs/mbedtls/library/ecdsa.c **** /*
 932:Libs/mbedtls/library/ecdsa.c ****  * Initialize context
 933:Libs/mbedtls/library/ecdsa.c ****  */
 934:Libs/mbedtls/library/ecdsa.c **** void mbedtls_ecdsa_init(mbedtls_ecdsa_context *ctx)
 935:Libs/mbedtls/library/ecdsa.c **** {
 1684              		.loc 1 935 1 is_stmt 1 view -0
 1685              		.cfi_startproc
 1686              		@ args = 0, pretend = 0, frame = 0
 1687              		@ frame_needed = 0, uses_anonymous_args = 0
 1688              		.loc 1 935 1 is_stmt 0 view .LVU507
 1689 0000 08B5     		push	{r3, lr}
 1690              	.LCFI36:
 1691              		.cfi_def_cfa_offset 8
 1692              		.cfi_offset 3, -8
 1693              		.cfi_offset 14, -4
 936:Libs/mbedtls/library/ecdsa.c ****     ECDSA_VALIDATE(ctx != NULL);
 1694              		.loc 1 936 5 is_stmt 1 view .LVU508
 1695              		.loc 1 936 5 view .LVU509
 1696              		.loc 1 936 5 view .LVU510
 937:Libs/mbedtls/library/ecdsa.c **** 
 938:Libs/mbedtls/library/ecdsa.c ****     mbedtls_ecp_keypair_init(ctx);
 1697              		.loc 1 938 5 view .LVU511
 1698 0002 FFF7FEFF 		bl	mbedtls_ecp_keypair_init
 1699              	.LVL203:
 939:Libs/mbedtls/library/ecdsa.c **** }
 1700              		.loc 1 939 1 is_stmt 0 view .LVU512
 1701 0006 08BD     		pop	{r3, pc}
 1702              		.cfi_endproc
 1703              	.LFE20:
 1705              		.section	.text.mbedtls_ecdsa_free,"ax",%progbits
 1706              		.align	1
 1707              		.global	mbedtls_ecdsa_free
 1708              		.syntax unified
 1709              		.thumb
 1710              		.thumb_func
 1712              	mbedtls_ecdsa_free:
 1713              	.LVL204:
 1714              	.LFB21:
 940:Libs/mbedtls/library/ecdsa.c **** 
 941:Libs/mbedtls/library/ecdsa.c **** /*
 942:Libs/mbedtls/library/ecdsa.c ****  * Free context
 943:Libs/mbedtls/library/ecdsa.c ****  */
 944:Libs/mbedtls/library/ecdsa.c **** void mbedtls_ecdsa_free(mbedtls_ecdsa_context *ctx)
 945:Libs/mbedtls/library/ecdsa.c **** {
 1715              		.loc 1 945 1 is_stmt 1 view -0
 1716              		.cfi_startproc
 1717              		@ args = 0, pretend = 0, frame = 0
ARM GAS  C:\Users\nicx5\AppData\Local\Temp\ccAw78Qr.s 			page 53


 1718              		@ frame_needed = 0, uses_anonymous_args = 0
 946:Libs/mbedtls/library/ecdsa.c ****     if (ctx == NULL) {
 1719              		.loc 1 946 5 view .LVU514
 1720              		.loc 1 946 8 is_stmt 0 view .LVU515
 1721 0000 18B1     		cbz	r0, .L75
 945:Libs/mbedtls/library/ecdsa.c ****     if (ctx == NULL) {
 1722              		.loc 1 945 1 view .LVU516
 1723 0002 08B5     		push	{r3, lr}
 1724              	.LCFI37:
 1725              		.cfi_def_cfa_offset 8
 1726              		.cfi_offset 3, -8
 1727              		.cfi_offset 14, -4
 947:Libs/mbedtls/library/ecdsa.c ****         return;
 948:Libs/mbedtls/library/ecdsa.c ****     }
 949:Libs/mbedtls/library/ecdsa.c **** 
 950:Libs/mbedtls/library/ecdsa.c ****     mbedtls_ecp_keypair_free(ctx);
 1728              		.loc 1 950 5 is_stmt 1 view .LVU517
 1729 0004 FFF7FEFF 		bl	mbedtls_ecp_keypair_free
 1730              	.LVL205:
 951:Libs/mbedtls/library/ecdsa.c **** }
 1731              		.loc 1 951 1 is_stmt 0 view .LVU518
 1732 0008 08BD     		pop	{r3, pc}
 1733              	.LVL206:
 1734              	.L75:
 1735              	.LCFI38:
 1736              		.cfi_def_cfa_offset 0
 1737              		.cfi_restore 3
 1738              		.cfi_restore 14
 1739              		.loc 1 951 1 view .LVU519
 1740 000a 7047     		bx	lr
 1741              		.cfi_endproc
 1742              	.LFE21:
 1744              		.section	.text.mbedtls_ecdsa_from_keypair,"ax",%progbits
 1745              		.align	1
 1746              		.global	mbedtls_ecdsa_from_keypair
 1747              		.syntax unified
 1748              		.thumb
 1749              		.thumb_func
 1751              	mbedtls_ecdsa_from_keypair:
 1752              	.LVL207:
 1753              	.LFB19:
 917:Libs/mbedtls/library/ecdsa.c ****     int ret = MBEDTLS_ERR_ERROR_CORRUPTION_DETECTED;
 1754              		.loc 1 917 1 is_stmt 1 view -0
 1755              		.cfi_startproc
 1756              		@ args = 0, pretend = 0, frame = 0
 1757              		@ frame_needed = 0, uses_anonymous_args = 0
 917:Libs/mbedtls/library/ecdsa.c ****     int ret = MBEDTLS_ERR_ERROR_CORRUPTION_DETECTED;
 1758              		.loc 1 917 1 is_stmt 0 view .LVU521
 1759 0000 70B5     		push	{r4, r5, r6, lr}
 1760              	.LCFI39:
 1761              		.cfi_def_cfa_offset 16
 1762              		.cfi_offset 4, -16
 1763              		.cfi_offset 5, -12
 1764              		.cfi_offset 6, -8
 1765              		.cfi_offset 14, -4
 1766 0002 0446     		mov	r4, r0
 1767 0004 0D46     		mov	r5, r1
ARM GAS  C:\Users\nicx5\AppData\Local\Temp\ccAw78Qr.s 			page 54


 918:Libs/mbedtls/library/ecdsa.c ****     ECDSA_VALIDATE_RET(ctx != NULL);
 1768              		.loc 1 918 5 is_stmt 1 view .LVU522
 1769              	.LVL208:
 919:Libs/mbedtls/library/ecdsa.c ****     ECDSA_VALIDATE_RET(key != NULL);
 1770              		.loc 1 919 5 view .LVU523
 919:Libs/mbedtls/library/ecdsa.c ****     ECDSA_VALIDATE_RET(key != NULL);
 1771              		.loc 1 919 5 view .LVU524
 919:Libs/mbedtls/library/ecdsa.c ****     ECDSA_VALIDATE_RET(key != NULL);
 1772              		.loc 1 919 5 view .LVU525
 920:Libs/mbedtls/library/ecdsa.c **** 
 1773              		.loc 1 920 5 view .LVU526
 920:Libs/mbedtls/library/ecdsa.c **** 
 1774              		.loc 1 920 5 view .LVU527
 920:Libs/mbedtls/library/ecdsa.c **** 
 1775              		.loc 1 920 5 view .LVU528
 922:Libs/mbedtls/library/ecdsa.c ****         (ret = mbedtls_mpi_copy(&ctx->d, &key->d)) != 0 ||
 1776              		.loc 1 922 5 view .LVU529
 922:Libs/mbedtls/library/ecdsa.c ****         (ret = mbedtls_mpi_copy(&ctx->d, &key->d)) != 0 ||
 1777              		.loc 1 922 16 is_stmt 0 view .LVU530
 1778 0006 FFF7FEFF 		bl	mbedtls_ecp_group_copy
 1779              	.LVL209:
 922:Libs/mbedtls/library/ecdsa.c ****         (ret = mbedtls_mpi_copy(&ctx->d, &key->d)) != 0 ||
 1780              		.loc 1 922 8 discriminator 1 view .LVU531
 1781 000a 0646     		mov	r6, r0
 1782 000c 38B9     		cbnz	r0, .L79
 923:Libs/mbedtls/library/ecdsa.c ****         (ret = mbedtls_ecp_copy(&ctx->Q, &key->Q)) != 0) {
 1783              		.loc 1 923 16 view .LVU532
 1784 000e 05F17C01 		add	r1, r5, #124
 1785 0012 04F17C00 		add	r0, r4, #124
 1786              	.LVL210:
 923:Libs/mbedtls/library/ecdsa.c ****         (ret = mbedtls_ecp_copy(&ctx->Q, &key->Q)) != 0) {
 1787              		.loc 1 923 16 view .LVU533
 1788 0016 FFF7FEFF 		bl	mbedtls_mpi_copy
 1789              	.LVL211:
 922:Libs/mbedtls/library/ecdsa.c ****         (ret = mbedtls_mpi_copy(&ctx->d, &key->d)) != 0 ||
 1790              		.loc 1 922 67 discriminator 1 view .LVU534
 1791 001a 0646     		mov	r6, r0
 1792 001c 20B1     		cbz	r0, .L82
 1793              	.L79:
 925:Libs/mbedtls/library/ecdsa.c ****     }
 1794              		.loc 1 925 9 is_stmt 1 view .LVU535
 1795 001e 2046     		mov	r0, r4
 1796              	.LVL212:
 925:Libs/mbedtls/library/ecdsa.c ****     }
 1797              		.loc 1 925 9 is_stmt 0 view .LVU536
 1798 0020 FFF7FEFF 		bl	mbedtls_ecdsa_free
 1799              	.LVL213:
 928:Libs/mbedtls/library/ecdsa.c **** }
 1800              		.loc 1 928 5 is_stmt 1 view .LVU537
 1801              	.L78:
 929:Libs/mbedtls/library/ecdsa.c **** 
 1802              		.loc 1 929 1 is_stmt 0 view .LVU538
 1803 0024 3046     		mov	r0, r6
 1804 0026 70BD     		pop	{r4, r5, r6, pc}
 1805              	.LVL214:
 1806              	.L82:
 924:Libs/mbedtls/library/ecdsa.c ****         mbedtls_ecdsa_free(ctx);
ARM GAS  C:\Users\nicx5\AppData\Local\Temp\ccAw78Qr.s 			page 55


 1807              		.loc 1 924 16 view .LVU539
 1808 0028 05F18801 		add	r1, r5, #136
 1809 002c 04F18800 		add	r0, r4, #136
 1810              	.LVL215:
 924:Libs/mbedtls/library/ecdsa.c ****         mbedtls_ecdsa_free(ctx);
 1811              		.loc 1 924 16 view .LVU540
 1812 0030 FFF7FEFF 		bl	mbedtls_ecp_copy
 1813              	.LVL216:
 923:Libs/mbedtls/library/ecdsa.c ****         (ret = mbedtls_ecp_copy(&ctx->Q, &key->Q)) != 0) {
 1814              		.loc 1 923 57 view .LVU541
 1815 0034 0646     		mov	r6, r0
 1816 0036 0028     		cmp	r0, #0
 1817 0038 F4D0     		beq	.L78
 1818 003a F0E7     		b	.L79
 1819              		.cfi_endproc
 1820              	.LFE19:
 1822              		.text
 1823              	.Letext0:
 1824              		.file 2 "D:/Program Files/msys64/mingw64/lib/gcc/arm-none-eabi/13.3.0/include/stddef.h"
 1825              		.file 3 "D:/Program Files/msys64/mingw64/arm-none-eabi/include/machine/_default_types.h"
 1826              		.file 4 "D:/Program Files/msys64/mingw64/arm-none-eabi/include/sys/_stdint.h"
 1827              		.file 5 "Libs/mbedtls/include/mbedtls/bignum.h"
 1828              		.file 6 "Libs/mbedtls/include/mbedtls/ecp.h"
 1829              		.file 7 "Libs/mbedtls/include/mbedtls/md.h"
 1830              		.file 8 "Libs/mbedtls/include/mbedtls/ecdsa.h"
 1831              		.file 9 "Libs/mbedtls/include/mbedtls/asn1.h"
 1832              		.file 10 "D:/Program Files/msys64/mingw64/arm-none-eabi/include/string.h"
 1833              		.file 11 "Libs/mbedtls/include/mbedtls/asn1write.h"
 1834              		.file 12 "Libs/mbedtls/include/mbedtls/error.h"
 1835              		.file 13 "<built-in>"
ARM GAS  C:\Users\nicx5\AppData\Local\Temp\ccAw78Qr.s 			page 56


DEFINED SYMBOLS
                            *ABS*:00000000 ecdsa.c
C:\Users\nicx5\AppData\Local\Temp\ccAw78Qr.s:20     .text.derive_mpi:00000000 $t
C:\Users\nicx5\AppData\Local\Temp\ccAw78Qr.s:25     .text.derive_mpi:00000000 derive_mpi
C:\Users\nicx5\AppData\Local\Temp\ccAw78Qr.s:136    .text.ecdsa_signature_to_asn1:00000000 $t
C:\Users\nicx5\AppData\Local\Temp\ccAw78Qr.s:141    .text.ecdsa_signature_to_asn1:00000000 ecdsa_signature_to_asn1
C:\Users\nicx5\AppData\Local\Temp\ccAw78Qr.s:278    .text.mbedtls_ecdsa_can_do:00000000 $t
C:\Users\nicx5\AppData\Local\Temp\ccAw78Qr.s:284    .text.mbedtls_ecdsa_can_do:00000000 mbedtls_ecdsa_can_do
C:\Users\nicx5\AppData\Local\Temp\ccAw78Qr.s:303    .text.ecdsa_sign_restartable:00000000 $t
C:\Users\nicx5\AppData\Local\Temp\ccAw78Qr.s:308    .text.ecdsa_sign_restartable:00000000 ecdsa_sign_restartable
C:\Users\nicx5\AppData\Local\Temp\ccAw78Qr.s:718    .text.ecdsa_sign_restartable:000001bc $d
C:\Users\nicx5\AppData\Local\Temp\ccAw78Qr.s:725    .text.ecdsa_verify_restartable:00000000 $t
C:\Users\nicx5\AppData\Local\Temp\ccAw78Qr.s:730    .text.ecdsa_verify_restartable:00000000 ecdsa_verify_restartable
C:\Users\nicx5\AppData\Local\Temp\ccAw78Qr.s:1060   .text.ecdsa_verify_restartable:00000154 $d
C:\Users\nicx5\AppData\Local\Temp\ccAw78Qr.s:1066   .text.mbedtls_ecdsa_sign:00000000 $t
C:\Users\nicx5\AppData\Local\Temp\ccAw78Qr.s:1072   .text.mbedtls_ecdsa_sign:00000000 mbedtls_ecdsa_sign
C:\Users\nicx5\AppData\Local\Temp\ccAw78Qr.s:1135   .text.mbedtls_ecdsa_verify:00000000 $t
C:\Users\nicx5\AppData\Local\Temp\ccAw78Qr.s:1141   .text.mbedtls_ecdsa_verify:00000000 mbedtls_ecdsa_verify
C:\Users\nicx5\AppData\Local\Temp\ccAw78Qr.s:1193   .text.mbedtls_ecdsa_write_signature_restartable:00000000 $t
C:\Users\nicx5\AppData\Local\Temp\ccAw78Qr.s:1199   .text.mbedtls_ecdsa_write_signature_restartable:00000000 mbedtls_ecdsa_write_signature_restartable
C:\Users\nicx5\AppData\Local\Temp\ccAw78Qr.s:1316   .text.mbedtls_ecdsa_write_signature:00000000 $t
C:\Users\nicx5\AppData\Local\Temp\ccAw78Qr.s:1322   .text.mbedtls_ecdsa_write_signature:00000000 mbedtls_ecdsa_write_signature
C:\Users\nicx5\AppData\Local\Temp\ccAw78Qr.s:1375   .text.mbedtls_ecdsa_read_signature_restartable:00000000 $t
C:\Users\nicx5\AppData\Local\Temp\ccAw78Qr.s:1381   .text.mbedtls_ecdsa_read_signature_restartable:00000000 mbedtls_ecdsa_read_signature_restartable
C:\Users\nicx5\AppData\Local\Temp\ccAw78Qr.s:1551   .text.mbedtls_ecdsa_read_signature_restartable:000000a0 $d
C:\Users\nicx5\AppData\Local\Temp\ccAw78Qr.s:1557   .text.mbedtls_ecdsa_read_signature:00000000 $t
C:\Users\nicx5\AppData\Local\Temp\ccAw78Qr.s:1563   .text.mbedtls_ecdsa_read_signature:00000000 mbedtls_ecdsa_read_signature
C:\Users\nicx5\AppData\Local\Temp\ccAw78Qr.s:1607   .text.mbedtls_ecdsa_genkey:00000000 $t
C:\Users\nicx5\AppData\Local\Temp\ccAw78Qr.s:1613   .text.mbedtls_ecdsa_genkey:00000000 mbedtls_ecdsa_genkey
C:\Users\nicx5\AppData\Local\Temp\ccAw78Qr.s:1675   .text.mbedtls_ecdsa_init:00000000 $t
C:\Users\nicx5\AppData\Local\Temp\ccAw78Qr.s:1681   .text.mbedtls_ecdsa_init:00000000 mbedtls_ecdsa_init
C:\Users\nicx5\AppData\Local\Temp\ccAw78Qr.s:1706   .text.mbedtls_ecdsa_free:00000000 $t
C:\Users\nicx5\AppData\Local\Temp\ccAw78Qr.s:1712   .text.mbedtls_ecdsa_free:00000000 mbedtls_ecdsa_free
C:\Users\nicx5\AppData\Local\Temp\ccAw78Qr.s:1745   .text.mbedtls_ecdsa_from_keypair:00000000 $t
C:\Users\nicx5\AppData\Local\Temp\ccAw78Qr.s:1751   .text.mbedtls_ecdsa_from_keypair:00000000 mbedtls_ecdsa_from_keypair

UNDEFINED SYMBOLS
mbedtls_mpi_read_binary
mbedtls_mpi_shift_r
mbedtls_mpi_cmp_mpi
mbedtls_mpi_sub_mpi
memset
mbedtls_asn1_write_mpi
mbedtls_asn1_write_len
mbedtls_asn1_write_tag
memcpy
mbedtls_mpi_cmp_int
mbedtls_ecp_point_init
mbedtls_mpi_init
mbedtls_ecp_gen_privkey
mbedtls_ecp_mul_restartable
mbedtls_mpi_mod_mpi
mbedtls_mpi_mul_mpi
mbedtls_mpi_add_mpi
mbedtls_mpi_inv_mod
mbedtls_ecp_point_free
mbedtls_mpi_free
ARM GAS  C:\Users\nicx5\AppData\Local\Temp\ccAw78Qr.s 			page 57


mbedtls_ecp_muladd_restartable
mbedtls_ecp_is_zero
mbedtls_asn1_get_tag
mbedtls_asn1_get_mpi
mbedtls_ecp_group_load
mbedtls_ecp_gen_keypair
mbedtls_ecp_keypair_init
mbedtls_ecp_keypair_free
mbedtls_ecp_group_copy
mbedtls_mpi_copy
mbedtls_ecp_copy
