{
  "version": 1,
  "num": 3,
  "default_id": "dbd1c",
  "mappings": [
    {
      "id": "f04a8db6",
      "name": "xingci-mini",
      "length": 29,
      "step": 0.10000000149011612,
      "sampling_noise": 15,
      "sampling_frequency": 2565,
      "original_values": [
        51825,
        50850,
        49283,
        47926,
        46612,
        45531,
        44508,
        43503,
        42676,
        41945,
        41304,
        40662,
        40141,
        39639,
        39169,
        38746,
        38366,
        38011,
        37682,
        37377,
        37110,
        36819,
        36589,
        36363,
        36179,
        35987,
        35782,
        35617,
        35467,
        0,
        0,
        0,
        0,
        0,
        0,
        0,
        0,
        0,
        0,
        0
      ],
      "auto_calibration_values": [],
      "manual_calibration_values": []
    },
    {
      "id": "7c9dbd1c",
      "name": "none",
      "length": 31,
      "step": 0.10000000149011612,
      "sampling_noise": 16,
      "sampling_frequency": 2566,
      "original_values": [
        43082,
        42511,
        41798,
        41181,
        40744,
        40160,
        39692,
        39201,
        38660,
        38289,
        37935,
        37613,
        37306,
        37051,
        36863,
        36694,
        36471,
        36273,
        36077,
        35905,
        35722,
        35579,
        35437,
        35304,
        35176,
        35056,
        34952,
        34831,
        34627,
        34531,
        34476,
        0,
        0,
        0,
        0,
        0,
        0,
        0,
        0,
        0
      ],
      "auto_calibration_values": [],
      "manual_calibration_values": []
    },
    {
      "id": "100645e4",
      "name": "none2",
      "length": 31,
      "step": 0.10000000149011612,
      "sampling_noise": 0,
      "sampling_frequency": 0,
      "original_values": [
        0,
        0,
        0,
        0,
        0,
        0,
        0,
        0,
        0,
        0,
        0,
        0,
        0,
        0,
        0,
        0,
        0,
        0,
        0,
        0,
        0,
        0,
        0,
        0,
        0,
        0,
        0,
        0,
        0,
        0,
        0,
        0,
        0,
        0,
        0,
        0,
        0,
        0,
        0,
        0
      ],
      "auto_calibration_values": [],
      "manual_calibration_values": []
    }
  ]
}