ARM GAS  C:\Users\nicx5\AppData\Local\Temp\ccosdxRQ.s 			page 1


   1              		.cpu cortex-m7
   2              		.arch armv7e-m
   3              		.fpu fpv5-d16
   4              		.eabi_attribute 28, 1
   5              		.eabi_attribute 20, 1
   6              		.eabi_attribute 21, 1
   7              		.eabi_attribute 23, 3
   8              		.eabi_attribute 24, 1
   9              		.eabi_attribute 25, 1
  10              		.eabi_attribute 26, 1
  11              		.eabi_attribute 30, 1
  12              		.eabi_attribute 34, 1
  13              		.eabi_attribute 18, 4
  14              		.file	"ecp.c"
  15              		.text
  16              	.Ltext0:
  17              		.cfi_sections	.debug_frame
  18              		.file 1 "Libs/mbedtls/library/ecp.c"
  19              		.section	.text.ecp_pick_window_size,"ax",%progbits
  20              		.align	1
  21              		.syntax unified
  22              		.thumb
  23              		.thumb_func
  25              	ecp_pick_window_size:
  26              	.LVL0:
  27              	.LFB49:
   1:Libs/mbedtls/library/ecp.c **** /*
   2:Libs/mbedtls/library/ecp.c ****  *  Elliptic curves over GF(p): generic functions
   3:Libs/mbedtls/library/ecp.c ****  *
   4:Libs/mbedtls/library/ecp.c ****  *  Copyright The Mbed TLS Contributors
   5:Libs/mbedtls/library/ecp.c ****  *  SPDX-License-Identifier: Apache-2.0 OR GPL-2.0-or-later
   6:Libs/mbedtls/library/ecp.c ****  */
   7:Libs/mbedtls/library/ecp.c **** 
   8:Libs/mbedtls/library/ecp.c **** /*
   9:Libs/mbedtls/library/ecp.c ****  * References:
  10:Libs/mbedtls/library/ecp.c ****  *
  11:Libs/mbedtls/library/ecp.c ****  * SEC1 https://www.secg.org/sec1-v2.pdf
  12:Libs/mbedtls/library/ecp.c ****  * GECC = Guide to Elliptic Curve Cryptography - Hankerson, Menezes, Vanstone
  13:Libs/mbedtls/library/ecp.c ****  * FIPS 186-3 http://csrc.nist.gov/publications/fips/fips186-3/fips_186-3.pdf
  14:Libs/mbedtls/library/ecp.c ****  * RFC 4492 for the related TLS structures and constants
  15:Libs/mbedtls/library/ecp.c ****  * - https://www.rfc-editor.org/rfc/rfc4492
  16:Libs/mbedtls/library/ecp.c ****  * RFC 7748 for the Curve448 and Curve25519 curve definitions
  17:Libs/mbedtls/library/ecp.c ****  * - https://www.rfc-editor.org/rfc/rfc7748
  18:Libs/mbedtls/library/ecp.c ****  *
  19:Libs/mbedtls/library/ecp.c ****  * [Curve25519] https://cr.yp.to/ecdh/curve25519-20060209.pdf
  20:Libs/mbedtls/library/ecp.c ****  *
  21:Libs/mbedtls/library/ecp.c ****  * [2] CORON, Jean-S'ebastien. Resistance against differential power analysis
  22:Libs/mbedtls/library/ecp.c ****  *     for elliptic curve cryptosystems. In : Cryptographic Hardware and
  23:Libs/mbedtls/library/ecp.c ****  *     Embedded Systems. Springer Berlin Heidelberg, 1999. p. 292-302.
  24:Libs/mbedtls/library/ecp.c ****  *     <http://link.springer.com/chapter/10.1007/3-540-48059-5_25>
  25:Libs/mbedtls/library/ecp.c ****  *
  26:Libs/mbedtls/library/ecp.c ****  * [3] HEDABOU, Mustapha, PINEL, Pierre, et B'EN'ETEAU, Lucien. A comb method to
  27:Libs/mbedtls/library/ecp.c ****  *     render ECC resistant against Side Channel Attacks. IACR Cryptology
  28:Libs/mbedtls/library/ecp.c ****  *     ePrint Archive, 2004, vol. 2004, p. 342.
  29:Libs/mbedtls/library/ecp.c ****  *     <http://eprint.iacr.org/2004/342.pdf>
  30:Libs/mbedtls/library/ecp.c ****  */
  31:Libs/mbedtls/library/ecp.c **** 
ARM GAS  C:\Users\nicx5\AppData\Local\Temp\ccosdxRQ.s 			page 2


  32:Libs/mbedtls/library/ecp.c **** #include "common.h"
  33:Libs/mbedtls/library/ecp.c **** 
  34:Libs/mbedtls/library/ecp.c **** /**
  35:Libs/mbedtls/library/ecp.c ****  * \brief Function level alternative implementation.
  36:Libs/mbedtls/library/ecp.c ****  *
  37:Libs/mbedtls/library/ecp.c ****  * The MBEDTLS_ECP_INTERNAL_ALT macro enables alternative implementations to
  38:Libs/mbedtls/library/ecp.c ****  * replace certain functions in this module. The alternative implementations are
  39:Libs/mbedtls/library/ecp.c ****  * typically hardware accelerators and need to activate the hardware before the
  40:Libs/mbedtls/library/ecp.c ****  * computation starts and deactivate it after it finishes. The
  41:Libs/mbedtls/library/ecp.c ****  * mbedtls_internal_ecp_init() and mbedtls_internal_ecp_free() functions serve
  42:Libs/mbedtls/library/ecp.c ****  * this purpose.
  43:Libs/mbedtls/library/ecp.c ****  *
  44:Libs/mbedtls/library/ecp.c ****  * To preserve the correct functionality the following conditions must hold:
  45:Libs/mbedtls/library/ecp.c ****  *
  46:Libs/mbedtls/library/ecp.c ****  * - The alternative implementation must be activated by
  47:Libs/mbedtls/library/ecp.c ****  *   mbedtls_internal_ecp_init() before any of the replaceable functions is
  48:Libs/mbedtls/library/ecp.c ****  *   called.
  49:Libs/mbedtls/library/ecp.c ****  * - mbedtls_internal_ecp_free() must \b only be called when the alternative
  50:Libs/mbedtls/library/ecp.c ****  *   implementation is activated.
  51:Libs/mbedtls/library/ecp.c ****  * - mbedtls_internal_ecp_init() must \b not be called when the alternative
  52:Libs/mbedtls/library/ecp.c ****  *   implementation is activated.
  53:Libs/mbedtls/library/ecp.c ****  * - Public functions must not return while the alternative implementation is
  54:Libs/mbedtls/library/ecp.c ****  *   activated.
  55:Libs/mbedtls/library/ecp.c ****  * - Replaceable functions are guarded by \c MBEDTLS_ECP_XXX_ALT macros and
  56:Libs/mbedtls/library/ecp.c ****  *   before calling them an \code if( mbedtls_internal_ecp_grp_capable( grp ) )
  57:Libs/mbedtls/library/ecp.c ****  *   \endcode ensures that the alternative implementation supports the current
  58:Libs/mbedtls/library/ecp.c ****  *   group.
  59:Libs/mbedtls/library/ecp.c ****  */
  60:Libs/mbedtls/library/ecp.c **** #if defined(MBEDTLS_ECP_INTERNAL_ALT)
  61:Libs/mbedtls/library/ecp.c **** #endif
  62:Libs/mbedtls/library/ecp.c **** 
  63:Libs/mbedtls/library/ecp.c **** #if defined(MBEDTLS_ECP_C)
  64:Libs/mbedtls/library/ecp.c **** 
  65:Libs/mbedtls/library/ecp.c **** #include "mbedtls/ecp.h"
  66:Libs/mbedtls/library/ecp.c **** #include "mbedtls/threading.h"
  67:Libs/mbedtls/library/ecp.c **** #include "mbedtls/platform_util.h"
  68:Libs/mbedtls/library/ecp.c **** #include "mbedtls/error.h"
  69:Libs/mbedtls/library/ecp.c **** #include "mbedtls/bn_mul.h"
  70:Libs/mbedtls/library/ecp.c **** 
  71:Libs/mbedtls/library/ecp.c **** #include "ecp_invasive.h"
  72:Libs/mbedtls/library/ecp.c **** 
  73:Libs/mbedtls/library/ecp.c **** #include <string.h>
  74:Libs/mbedtls/library/ecp.c **** 
  75:Libs/mbedtls/library/ecp.c **** #if !defined(MBEDTLS_ECP_ALT)
  76:Libs/mbedtls/library/ecp.c **** 
  77:Libs/mbedtls/library/ecp.c **** /* Parameter validation macros based on platform_util.h */
  78:Libs/mbedtls/library/ecp.c **** #define ECP_VALIDATE_RET(cond)    \
  79:Libs/mbedtls/library/ecp.c ****     MBEDTLS_INTERNAL_VALIDATE_RET(cond, MBEDTLS_ERR_ECP_BAD_INPUT_DATA)
  80:Libs/mbedtls/library/ecp.c **** #define ECP_VALIDATE(cond)        \
  81:Libs/mbedtls/library/ecp.c ****     MBEDTLS_INTERNAL_VALIDATE(cond)
  82:Libs/mbedtls/library/ecp.c **** 
  83:Libs/mbedtls/library/ecp.c **** #include "mbedtls/platform.h"
  84:Libs/mbedtls/library/ecp.c **** 
  85:Libs/mbedtls/library/ecp.c **** #include "mbedtls/ecp_internal.h"
  86:Libs/mbedtls/library/ecp.c **** 
  87:Libs/mbedtls/library/ecp.c **** #if !defined(MBEDTLS_ECP_NO_INTERNAL_RNG)
  88:Libs/mbedtls/library/ecp.c **** #if defined(MBEDTLS_HMAC_DRBG_C)
ARM GAS  C:\Users\nicx5\AppData\Local\Temp\ccosdxRQ.s 			page 3


  89:Libs/mbedtls/library/ecp.c **** #include "mbedtls/hmac_drbg.h"
  90:Libs/mbedtls/library/ecp.c **** #elif defined(MBEDTLS_CTR_DRBG_C)
  91:Libs/mbedtls/library/ecp.c **** #include "mbedtls/ctr_drbg.h"
  92:Libs/mbedtls/library/ecp.c **** #else
  93:Libs/mbedtls/library/ecp.c **** #error \
  94:Libs/mbedtls/library/ecp.c ****     "Invalid configuration detected. Include check_config.h to ensure that the configuration is val
  95:Libs/mbedtls/library/ecp.c **** #endif
  96:Libs/mbedtls/library/ecp.c **** #endif /* MBEDTLS_ECP_NO_INTERNAL_RNG */
  97:Libs/mbedtls/library/ecp.c **** 
  98:Libs/mbedtls/library/ecp.c **** #if defined(MBEDTLS_SELF_TEST)
  99:Libs/mbedtls/library/ecp.c **** /*
 100:Libs/mbedtls/library/ecp.c ****  * Counts of point addition and doubling, and field multiplications.
 101:Libs/mbedtls/library/ecp.c ****  * Used to test resistance of point multiplication to simple timing attacks.
 102:Libs/mbedtls/library/ecp.c ****  */
 103:Libs/mbedtls/library/ecp.c **** static unsigned long add_count, dbl_count, mul_count;
 104:Libs/mbedtls/library/ecp.c **** #endif
 105:Libs/mbedtls/library/ecp.c **** 
 106:Libs/mbedtls/library/ecp.c **** #if !defined(MBEDTLS_ECP_NO_INTERNAL_RNG)
 107:Libs/mbedtls/library/ecp.c **** /*
 108:Libs/mbedtls/library/ecp.c ****  * Currently ecp_mul() takes a RNG function as an argument, used for
 109:Libs/mbedtls/library/ecp.c ****  * side-channel protection, but it can be NULL. The initial reasoning was
 110:Libs/mbedtls/library/ecp.c ****  * that people will pass non-NULL RNG when they care about side-channels, but
 111:Libs/mbedtls/library/ecp.c ****  * unfortunately we have some APIs that call ecp_mul() with a NULL RNG, with
 112:Libs/mbedtls/library/ecp.c ****  * no opportunity for the user to do anything about it.
 113:Libs/mbedtls/library/ecp.c ****  *
 114:Libs/mbedtls/library/ecp.c ****  * The obvious strategies for addressing that include:
 115:Libs/mbedtls/library/ecp.c ****  * - change those APIs so that they take RNG arguments;
 116:Libs/mbedtls/library/ecp.c ****  * - require a global RNG to be available to all crypto modules.
 117:Libs/mbedtls/library/ecp.c ****  *
 118:Libs/mbedtls/library/ecp.c ****  * Unfortunately those would break compatibility. So what we do instead is
 119:Libs/mbedtls/library/ecp.c ****  * have our own internal DRBG instance, seeded from the secret scalar.
 120:Libs/mbedtls/library/ecp.c ****  *
 121:Libs/mbedtls/library/ecp.c ****  * The following is a light-weight abstraction layer for doing that with
 122:Libs/mbedtls/library/ecp.c ****  * HMAC_DRBG (first choice) or CTR_DRBG.
 123:Libs/mbedtls/library/ecp.c ****  */
 124:Libs/mbedtls/library/ecp.c **** 
 125:Libs/mbedtls/library/ecp.c **** #if defined(MBEDTLS_HMAC_DRBG_C)
 126:Libs/mbedtls/library/ecp.c **** 
 127:Libs/mbedtls/library/ecp.c **** /* DRBG context type */
 128:Libs/mbedtls/library/ecp.c **** typedef mbedtls_hmac_drbg_context ecp_drbg_context;
 129:Libs/mbedtls/library/ecp.c **** 
 130:Libs/mbedtls/library/ecp.c **** /* DRBG context init */
 131:Libs/mbedtls/library/ecp.c **** static inline void ecp_drbg_init(ecp_drbg_context *ctx)
 132:Libs/mbedtls/library/ecp.c **** {
 133:Libs/mbedtls/library/ecp.c ****     mbedtls_hmac_drbg_init(ctx);
 134:Libs/mbedtls/library/ecp.c **** }
 135:Libs/mbedtls/library/ecp.c **** 
 136:Libs/mbedtls/library/ecp.c **** /* DRBG context free */
 137:Libs/mbedtls/library/ecp.c **** static inline void ecp_drbg_free(ecp_drbg_context *ctx)
 138:Libs/mbedtls/library/ecp.c **** {
 139:Libs/mbedtls/library/ecp.c ****     mbedtls_hmac_drbg_free(ctx);
 140:Libs/mbedtls/library/ecp.c **** }
 141:Libs/mbedtls/library/ecp.c **** 
 142:Libs/mbedtls/library/ecp.c **** /* DRBG function */
 143:Libs/mbedtls/library/ecp.c **** static inline int ecp_drbg_random(void *p_rng,
 144:Libs/mbedtls/library/ecp.c ****                                   unsigned char *output, size_t output_len)
 145:Libs/mbedtls/library/ecp.c **** {
ARM GAS  C:\Users\nicx5\AppData\Local\Temp\ccosdxRQ.s 			page 4


 146:Libs/mbedtls/library/ecp.c ****     return mbedtls_hmac_drbg_random(p_rng, output, output_len);
 147:Libs/mbedtls/library/ecp.c **** }
 148:Libs/mbedtls/library/ecp.c **** 
 149:Libs/mbedtls/library/ecp.c **** /* DRBG context seeding */
 150:Libs/mbedtls/library/ecp.c **** static int ecp_drbg_seed(ecp_drbg_context *ctx,
 151:Libs/mbedtls/library/ecp.c ****                          const mbedtls_mpi *secret, size_t secret_len)
 152:Libs/mbedtls/library/ecp.c **** {
 153:Libs/mbedtls/library/ecp.c ****     int ret;
 154:Libs/mbedtls/library/ecp.c ****     unsigned char secret_bytes[MBEDTLS_ECP_MAX_BYTES];
 155:Libs/mbedtls/library/ecp.c ****     /* The list starts with strong hashes */
 156:Libs/mbedtls/library/ecp.c ****     const mbedtls_md_type_t md_type =
 157:Libs/mbedtls/library/ecp.c ****         (mbedtls_md_type_t) (mbedtls_md_list()[0]);
 158:Libs/mbedtls/library/ecp.c ****     const mbedtls_md_info_t *md_info = mbedtls_md_info_from_type(md_type);
 159:Libs/mbedtls/library/ecp.c **** 
 160:Libs/mbedtls/library/ecp.c ****     if (secret_len > MBEDTLS_ECP_MAX_BYTES) {
 161:Libs/mbedtls/library/ecp.c ****         ret = MBEDTLS_ERR_ECP_RANDOM_FAILED;
 162:Libs/mbedtls/library/ecp.c ****         goto cleanup;
 163:Libs/mbedtls/library/ecp.c ****     }
 164:Libs/mbedtls/library/ecp.c **** 
 165:Libs/mbedtls/library/ecp.c ****     MBEDTLS_MPI_CHK(mbedtls_mpi_write_binary(secret,
 166:Libs/mbedtls/library/ecp.c ****                                              secret_bytes, secret_len));
 167:Libs/mbedtls/library/ecp.c **** 
 168:Libs/mbedtls/library/ecp.c ****     ret = mbedtls_hmac_drbg_seed_buf(ctx, md_info, secret_bytes, secret_len);
 169:Libs/mbedtls/library/ecp.c **** 
 170:Libs/mbedtls/library/ecp.c **** cleanup:
 171:Libs/mbedtls/library/ecp.c ****     mbedtls_platform_zeroize(secret_bytes, secret_len);
 172:Libs/mbedtls/library/ecp.c **** 
 173:Libs/mbedtls/library/ecp.c ****     return ret;
 174:Libs/mbedtls/library/ecp.c **** }
 175:Libs/mbedtls/library/ecp.c **** 
 176:Libs/mbedtls/library/ecp.c **** #elif defined(MBEDTLS_CTR_DRBG_C)
 177:Libs/mbedtls/library/ecp.c **** 
 178:Libs/mbedtls/library/ecp.c **** /* DRBG context type */
 179:Libs/mbedtls/library/ecp.c **** typedef mbedtls_ctr_drbg_context ecp_drbg_context;
 180:Libs/mbedtls/library/ecp.c **** 
 181:Libs/mbedtls/library/ecp.c **** /* DRBG context init */
 182:Libs/mbedtls/library/ecp.c **** static inline void ecp_drbg_init(ecp_drbg_context *ctx)
 183:Libs/mbedtls/library/ecp.c **** {
 184:Libs/mbedtls/library/ecp.c ****     mbedtls_ctr_drbg_init(ctx);
 185:Libs/mbedtls/library/ecp.c **** }
 186:Libs/mbedtls/library/ecp.c **** 
 187:Libs/mbedtls/library/ecp.c **** /* DRBG context free */
 188:Libs/mbedtls/library/ecp.c **** static inline void ecp_drbg_free(ecp_drbg_context *ctx)
 189:Libs/mbedtls/library/ecp.c **** {
 190:Libs/mbedtls/library/ecp.c ****     mbedtls_ctr_drbg_free(ctx);
 191:Libs/mbedtls/library/ecp.c **** }
 192:Libs/mbedtls/library/ecp.c **** 
 193:Libs/mbedtls/library/ecp.c **** /* DRBG function */
 194:Libs/mbedtls/library/ecp.c **** static inline int ecp_drbg_random(void *p_rng,
 195:Libs/mbedtls/library/ecp.c ****                                   unsigned char *output, size_t output_len)
 196:Libs/mbedtls/library/ecp.c **** {
 197:Libs/mbedtls/library/ecp.c ****     return mbedtls_ctr_drbg_random(p_rng, output, output_len);
 198:Libs/mbedtls/library/ecp.c **** }
 199:Libs/mbedtls/library/ecp.c **** 
 200:Libs/mbedtls/library/ecp.c **** /*
 201:Libs/mbedtls/library/ecp.c ****  * Since CTR_DRBG doesn't have a seed_buf() function the way HMAC_DRBG does,
 202:Libs/mbedtls/library/ecp.c ****  * we need to pass an entropy function when seeding. So we use a dummy
ARM GAS  C:\Users\nicx5\AppData\Local\Temp\ccosdxRQ.s 			page 5


 203:Libs/mbedtls/library/ecp.c ****  * function for that, and pass the actual entropy as customisation string.
 204:Libs/mbedtls/library/ecp.c ****  * (During seeding of CTR_DRBG the entropy input and customisation string are
 205:Libs/mbedtls/library/ecp.c ****  * concatenated before being used to update the secret state.)
 206:Libs/mbedtls/library/ecp.c ****  */
 207:Libs/mbedtls/library/ecp.c **** static int ecp_ctr_drbg_null_entropy(void *ctx, unsigned char *out, size_t len)
 208:Libs/mbedtls/library/ecp.c **** {
 209:Libs/mbedtls/library/ecp.c ****     (void) ctx;
 210:Libs/mbedtls/library/ecp.c ****     memset(out, 0, len);
 211:Libs/mbedtls/library/ecp.c ****     return 0;
 212:Libs/mbedtls/library/ecp.c **** }
 213:Libs/mbedtls/library/ecp.c **** 
 214:Libs/mbedtls/library/ecp.c **** /* DRBG context seeding */
 215:Libs/mbedtls/library/ecp.c **** static int ecp_drbg_seed(ecp_drbg_context *ctx,
 216:Libs/mbedtls/library/ecp.c ****                          const mbedtls_mpi *secret, size_t secret_len)
 217:Libs/mbedtls/library/ecp.c **** {
 218:Libs/mbedtls/library/ecp.c ****     int ret;
 219:Libs/mbedtls/library/ecp.c ****     unsigned char secret_bytes[MBEDTLS_ECP_MAX_BYTES];
 220:Libs/mbedtls/library/ecp.c **** 
 221:Libs/mbedtls/library/ecp.c ****     if (secret_len > MBEDTLS_ECP_MAX_BYTES) {
 222:Libs/mbedtls/library/ecp.c ****         ret = MBEDTLS_ERR_ECP_RANDOM_FAILED;
 223:Libs/mbedtls/library/ecp.c ****         goto cleanup;
 224:Libs/mbedtls/library/ecp.c ****     }
 225:Libs/mbedtls/library/ecp.c **** 
 226:Libs/mbedtls/library/ecp.c ****     MBEDTLS_MPI_CHK(mbedtls_mpi_write_binary(secret,
 227:Libs/mbedtls/library/ecp.c ****                                              secret_bytes, secret_len));
 228:Libs/mbedtls/library/ecp.c **** 
 229:Libs/mbedtls/library/ecp.c ****     ret = mbedtls_ctr_drbg_seed(ctx, ecp_ctr_drbg_null_entropy, NULL,
 230:Libs/mbedtls/library/ecp.c ****                                 secret_bytes, secret_len);
 231:Libs/mbedtls/library/ecp.c **** 
 232:Libs/mbedtls/library/ecp.c **** cleanup:
 233:Libs/mbedtls/library/ecp.c ****     mbedtls_platform_zeroize(secret_bytes, secret_len);
 234:Libs/mbedtls/library/ecp.c **** 
 235:Libs/mbedtls/library/ecp.c ****     return ret;
 236:Libs/mbedtls/library/ecp.c **** }
 237:Libs/mbedtls/library/ecp.c **** 
 238:Libs/mbedtls/library/ecp.c **** #else
 239:Libs/mbedtls/library/ecp.c **** #error \
 240:Libs/mbedtls/library/ecp.c ****     "Invalid configuration detected. Include check_config.h to ensure that the configuration is val
 241:Libs/mbedtls/library/ecp.c **** #endif /* DRBG modules */
 242:Libs/mbedtls/library/ecp.c **** #endif /* MBEDTLS_ECP_NO_INTERNAL_RNG */
 243:Libs/mbedtls/library/ecp.c **** 
 244:Libs/mbedtls/library/ecp.c **** #if defined(MBEDTLS_ECP_RESTARTABLE)
 245:Libs/mbedtls/library/ecp.c **** /*
 246:Libs/mbedtls/library/ecp.c ****  * Maximum number of "basic operations" to be done in a row.
 247:Libs/mbedtls/library/ecp.c ****  *
 248:Libs/mbedtls/library/ecp.c ****  * Default value 0 means that ECC operations will not yield.
 249:Libs/mbedtls/library/ecp.c ****  * Note that regardless of the value of ecp_max_ops, always at
 250:Libs/mbedtls/library/ecp.c ****  * least one step is performed before yielding.
 251:Libs/mbedtls/library/ecp.c ****  *
 252:Libs/mbedtls/library/ecp.c ****  * Setting ecp_max_ops=1 can be suitable for testing purposes
 253:Libs/mbedtls/library/ecp.c ****  * as it will interrupt computation at all possible points.
 254:Libs/mbedtls/library/ecp.c ****  */
 255:Libs/mbedtls/library/ecp.c **** static unsigned ecp_max_ops = 0;
 256:Libs/mbedtls/library/ecp.c **** 
 257:Libs/mbedtls/library/ecp.c **** /*
 258:Libs/mbedtls/library/ecp.c ****  * Set ecp_max_ops
 259:Libs/mbedtls/library/ecp.c ****  */
ARM GAS  C:\Users\nicx5\AppData\Local\Temp\ccosdxRQ.s 			page 6


 260:Libs/mbedtls/library/ecp.c **** void mbedtls_ecp_set_max_ops(unsigned max_ops)
 261:Libs/mbedtls/library/ecp.c **** {
 262:Libs/mbedtls/library/ecp.c ****     ecp_max_ops = max_ops;
 263:Libs/mbedtls/library/ecp.c **** }
 264:Libs/mbedtls/library/ecp.c **** 
 265:Libs/mbedtls/library/ecp.c **** /*
 266:Libs/mbedtls/library/ecp.c ****  * Check if restart is enabled
 267:Libs/mbedtls/library/ecp.c ****  */
 268:Libs/mbedtls/library/ecp.c **** int mbedtls_ecp_restart_is_enabled(void)
 269:Libs/mbedtls/library/ecp.c **** {
 270:Libs/mbedtls/library/ecp.c ****     return ecp_max_ops != 0;
 271:Libs/mbedtls/library/ecp.c **** }
 272:Libs/mbedtls/library/ecp.c **** 
 273:Libs/mbedtls/library/ecp.c **** /*
 274:Libs/mbedtls/library/ecp.c ****  * Restart sub-context for ecp_mul_comb()
 275:Libs/mbedtls/library/ecp.c ****  */
 276:Libs/mbedtls/library/ecp.c **** struct mbedtls_ecp_restart_mul {
 277:Libs/mbedtls/library/ecp.c ****     mbedtls_ecp_point R;    /* current intermediate result                  */
 278:Libs/mbedtls/library/ecp.c ****     size_t i;               /* current index in various loops, 0 outside    */
 279:Libs/mbedtls/library/ecp.c ****     mbedtls_ecp_point *T;   /* table for precomputed points                 */
 280:Libs/mbedtls/library/ecp.c ****     unsigned char T_size;   /* number of points in table T                  */
 281:Libs/mbedtls/library/ecp.c ****     enum {                  /* what were we doing last time we returned?    */
 282:Libs/mbedtls/library/ecp.c ****         ecp_rsm_init = 0,       /* nothing so far, dummy initial state      */
 283:Libs/mbedtls/library/ecp.c ****         ecp_rsm_pre_dbl,        /* precompute 2^n multiples                 */
 284:Libs/mbedtls/library/ecp.c ****         ecp_rsm_pre_norm_dbl,   /* normalize precomputed 2^n multiples      */
 285:Libs/mbedtls/library/ecp.c ****         ecp_rsm_pre_add,        /* precompute remaining points by adding    */
 286:Libs/mbedtls/library/ecp.c ****         ecp_rsm_pre_norm_add,   /* normalize all precomputed points         */
 287:Libs/mbedtls/library/ecp.c ****         ecp_rsm_comb_core,      /* ecp_mul_comb_core()                      */
 288:Libs/mbedtls/library/ecp.c ****         ecp_rsm_final_norm,     /* do the final normalization               */
 289:Libs/mbedtls/library/ecp.c ****     } state;
 290:Libs/mbedtls/library/ecp.c **** #if !defined(MBEDTLS_ECP_NO_INTERNAL_RNG)
 291:Libs/mbedtls/library/ecp.c ****     ecp_drbg_context drbg_ctx;
 292:Libs/mbedtls/library/ecp.c ****     unsigned char drbg_seeded;
 293:Libs/mbedtls/library/ecp.c **** #endif
 294:Libs/mbedtls/library/ecp.c **** };
 295:Libs/mbedtls/library/ecp.c **** 
 296:Libs/mbedtls/library/ecp.c **** /*
 297:Libs/mbedtls/library/ecp.c ****  * Init restart_mul sub-context
 298:Libs/mbedtls/library/ecp.c ****  */
 299:Libs/mbedtls/library/ecp.c **** static void ecp_restart_rsm_init(mbedtls_ecp_restart_mul_ctx *ctx)
 300:Libs/mbedtls/library/ecp.c **** {
 301:Libs/mbedtls/library/ecp.c ****     mbedtls_ecp_point_init(&ctx->R);
 302:Libs/mbedtls/library/ecp.c ****     ctx->i = 0;
 303:Libs/mbedtls/library/ecp.c ****     ctx->T = NULL;
 304:Libs/mbedtls/library/ecp.c ****     ctx->T_size = 0;
 305:Libs/mbedtls/library/ecp.c ****     ctx->state = ecp_rsm_init;
 306:Libs/mbedtls/library/ecp.c **** #if !defined(MBEDTLS_ECP_NO_INTERNAL_RNG)
 307:Libs/mbedtls/library/ecp.c ****     ecp_drbg_init(&ctx->drbg_ctx);
 308:Libs/mbedtls/library/ecp.c ****     ctx->drbg_seeded = 0;
 309:Libs/mbedtls/library/ecp.c **** #endif
 310:Libs/mbedtls/library/ecp.c **** }
 311:Libs/mbedtls/library/ecp.c **** 
 312:Libs/mbedtls/library/ecp.c **** /*
 313:Libs/mbedtls/library/ecp.c ****  * Free the components of a restart_mul sub-context
 314:Libs/mbedtls/library/ecp.c ****  */
 315:Libs/mbedtls/library/ecp.c **** static void ecp_restart_rsm_free(mbedtls_ecp_restart_mul_ctx *ctx)
 316:Libs/mbedtls/library/ecp.c **** {
ARM GAS  C:\Users\nicx5\AppData\Local\Temp\ccosdxRQ.s 			page 7


 317:Libs/mbedtls/library/ecp.c ****     unsigned char i;
 318:Libs/mbedtls/library/ecp.c **** 
 319:Libs/mbedtls/library/ecp.c ****     if (ctx == NULL) {
 320:Libs/mbedtls/library/ecp.c ****         return;
 321:Libs/mbedtls/library/ecp.c ****     }
 322:Libs/mbedtls/library/ecp.c **** 
 323:Libs/mbedtls/library/ecp.c ****     mbedtls_ecp_point_free(&ctx->R);
 324:Libs/mbedtls/library/ecp.c **** 
 325:Libs/mbedtls/library/ecp.c ****     if (ctx->T != NULL) {
 326:Libs/mbedtls/library/ecp.c ****         for (i = 0; i < ctx->T_size; i++) {
 327:Libs/mbedtls/library/ecp.c ****             mbedtls_ecp_point_free(ctx->T + i);
 328:Libs/mbedtls/library/ecp.c ****         }
 329:Libs/mbedtls/library/ecp.c ****         mbedtls_free(ctx->T);
 330:Libs/mbedtls/library/ecp.c ****     }
 331:Libs/mbedtls/library/ecp.c **** 
 332:Libs/mbedtls/library/ecp.c **** #if !defined(MBEDTLS_ECP_NO_INTERNAL_RNG)
 333:Libs/mbedtls/library/ecp.c ****     ecp_drbg_free(&ctx->drbg_ctx);
 334:Libs/mbedtls/library/ecp.c **** #endif
 335:Libs/mbedtls/library/ecp.c **** 
 336:Libs/mbedtls/library/ecp.c ****     ecp_restart_rsm_init(ctx);
 337:Libs/mbedtls/library/ecp.c **** }
 338:Libs/mbedtls/library/ecp.c **** 
 339:Libs/mbedtls/library/ecp.c **** /*
 340:Libs/mbedtls/library/ecp.c ****  * Restart context for ecp_muladd()
 341:Libs/mbedtls/library/ecp.c ****  */
 342:Libs/mbedtls/library/ecp.c **** struct mbedtls_ecp_restart_muladd {
 343:Libs/mbedtls/library/ecp.c ****     mbedtls_ecp_point mP;       /* mP value                             */
 344:Libs/mbedtls/library/ecp.c ****     mbedtls_ecp_point R;        /* R intermediate result                */
 345:Libs/mbedtls/library/ecp.c ****     enum {                      /* what should we do next?              */
 346:Libs/mbedtls/library/ecp.c ****         ecp_rsma_mul1 = 0,      /* first multiplication                 */
 347:Libs/mbedtls/library/ecp.c ****         ecp_rsma_mul2,          /* second multiplication                */
 348:Libs/mbedtls/library/ecp.c ****         ecp_rsma_add,           /* addition                             */
 349:Libs/mbedtls/library/ecp.c ****         ecp_rsma_norm,          /* normalization                        */
 350:Libs/mbedtls/library/ecp.c ****     } state;
 351:Libs/mbedtls/library/ecp.c **** };
 352:Libs/mbedtls/library/ecp.c **** 
 353:Libs/mbedtls/library/ecp.c **** /*
 354:Libs/mbedtls/library/ecp.c ****  * Init restart_muladd sub-context
 355:Libs/mbedtls/library/ecp.c ****  */
 356:Libs/mbedtls/library/ecp.c **** static void ecp_restart_ma_init(mbedtls_ecp_restart_muladd_ctx *ctx)
 357:Libs/mbedtls/library/ecp.c **** {
 358:Libs/mbedtls/library/ecp.c ****     mbedtls_ecp_point_init(&ctx->mP);
 359:Libs/mbedtls/library/ecp.c ****     mbedtls_ecp_point_init(&ctx->R);
 360:Libs/mbedtls/library/ecp.c ****     ctx->state = ecp_rsma_mul1;
 361:Libs/mbedtls/library/ecp.c **** }
 362:Libs/mbedtls/library/ecp.c **** 
 363:Libs/mbedtls/library/ecp.c **** /*
 364:Libs/mbedtls/library/ecp.c ****  * Free the components of a restart_muladd sub-context
 365:Libs/mbedtls/library/ecp.c ****  */
 366:Libs/mbedtls/library/ecp.c **** static void ecp_restart_ma_free(mbedtls_ecp_restart_muladd_ctx *ctx)
 367:Libs/mbedtls/library/ecp.c **** {
 368:Libs/mbedtls/library/ecp.c ****     if (ctx == NULL) {
 369:Libs/mbedtls/library/ecp.c ****         return;
 370:Libs/mbedtls/library/ecp.c ****     }
 371:Libs/mbedtls/library/ecp.c **** 
 372:Libs/mbedtls/library/ecp.c ****     mbedtls_ecp_point_free(&ctx->mP);
 373:Libs/mbedtls/library/ecp.c ****     mbedtls_ecp_point_free(&ctx->R);
ARM GAS  C:\Users\nicx5\AppData\Local\Temp\ccosdxRQ.s 			page 8


 374:Libs/mbedtls/library/ecp.c **** 
 375:Libs/mbedtls/library/ecp.c ****     ecp_restart_ma_init(ctx);
 376:Libs/mbedtls/library/ecp.c **** }
 377:Libs/mbedtls/library/ecp.c **** 
 378:Libs/mbedtls/library/ecp.c **** /*
 379:Libs/mbedtls/library/ecp.c ****  * Initialize a restart context
 380:Libs/mbedtls/library/ecp.c ****  */
 381:Libs/mbedtls/library/ecp.c **** void mbedtls_ecp_restart_init(mbedtls_ecp_restart_ctx *ctx)
 382:Libs/mbedtls/library/ecp.c **** {
 383:Libs/mbedtls/library/ecp.c ****     ECP_VALIDATE(ctx != NULL);
 384:Libs/mbedtls/library/ecp.c ****     ctx->ops_done = 0;
 385:Libs/mbedtls/library/ecp.c ****     ctx->depth = 0;
 386:Libs/mbedtls/library/ecp.c ****     ctx->rsm = NULL;
 387:Libs/mbedtls/library/ecp.c ****     ctx->ma = NULL;
 388:Libs/mbedtls/library/ecp.c **** }
 389:Libs/mbedtls/library/ecp.c **** 
 390:Libs/mbedtls/library/ecp.c **** /*
 391:Libs/mbedtls/library/ecp.c ****  * Free the components of a restart context
 392:Libs/mbedtls/library/ecp.c ****  */
 393:Libs/mbedtls/library/ecp.c **** void mbedtls_ecp_restart_free(mbedtls_ecp_restart_ctx *ctx)
 394:Libs/mbedtls/library/ecp.c **** {
 395:Libs/mbedtls/library/ecp.c ****     if (ctx == NULL) {
 396:Libs/mbedtls/library/ecp.c ****         return;
 397:Libs/mbedtls/library/ecp.c ****     }
 398:Libs/mbedtls/library/ecp.c **** 
 399:Libs/mbedtls/library/ecp.c ****     ecp_restart_rsm_free(ctx->rsm);
 400:Libs/mbedtls/library/ecp.c ****     mbedtls_free(ctx->rsm);
 401:Libs/mbedtls/library/ecp.c **** 
 402:Libs/mbedtls/library/ecp.c ****     ecp_restart_ma_free(ctx->ma);
 403:Libs/mbedtls/library/ecp.c ****     mbedtls_free(ctx->ma);
 404:Libs/mbedtls/library/ecp.c **** 
 405:Libs/mbedtls/library/ecp.c ****     mbedtls_ecp_restart_init(ctx);
 406:Libs/mbedtls/library/ecp.c **** }
 407:Libs/mbedtls/library/ecp.c **** 
 408:Libs/mbedtls/library/ecp.c **** /*
 409:Libs/mbedtls/library/ecp.c ****  * Check if we can do the next step
 410:Libs/mbedtls/library/ecp.c ****  */
 411:Libs/mbedtls/library/ecp.c **** int mbedtls_ecp_check_budget(const mbedtls_ecp_group *grp,
 412:Libs/mbedtls/library/ecp.c ****                              mbedtls_ecp_restart_ctx *rs_ctx,
 413:Libs/mbedtls/library/ecp.c ****                              unsigned ops)
 414:Libs/mbedtls/library/ecp.c **** {
 415:Libs/mbedtls/library/ecp.c ****     ECP_VALIDATE_RET(grp != NULL);
 416:Libs/mbedtls/library/ecp.c **** 
 417:Libs/mbedtls/library/ecp.c ****     if (rs_ctx != NULL && ecp_max_ops != 0) {
 418:Libs/mbedtls/library/ecp.c ****         /* scale depending on curve size: the chosen reference is 256-bit,
 419:Libs/mbedtls/library/ecp.c ****          * and multiplication is quadratic. Round to the closest integer. */
 420:Libs/mbedtls/library/ecp.c ****         if (grp->pbits >= 512) {
 421:Libs/mbedtls/library/ecp.c ****             ops *= 4;
 422:Libs/mbedtls/library/ecp.c ****         } else if (grp->pbits >= 384) {
 423:Libs/mbedtls/library/ecp.c ****             ops *= 2;
 424:Libs/mbedtls/library/ecp.c ****         }
 425:Libs/mbedtls/library/ecp.c **** 
 426:Libs/mbedtls/library/ecp.c ****         /* Avoid infinite loops: always allow first step.
 427:Libs/mbedtls/library/ecp.c ****          * Because of that, however, it's not generally true
 428:Libs/mbedtls/library/ecp.c ****          * that ops_done <= ecp_max_ops, so the check
 429:Libs/mbedtls/library/ecp.c ****          * ops_done > ecp_max_ops below is mandatory. */
 430:Libs/mbedtls/library/ecp.c ****         if ((rs_ctx->ops_done != 0) &&
ARM GAS  C:\Users\nicx5\AppData\Local\Temp\ccosdxRQ.s 			page 9


 431:Libs/mbedtls/library/ecp.c ****             (rs_ctx->ops_done > ecp_max_ops ||
 432:Libs/mbedtls/library/ecp.c ****              ops > ecp_max_ops - rs_ctx->ops_done)) {
 433:Libs/mbedtls/library/ecp.c ****             return MBEDTLS_ERR_ECP_IN_PROGRESS;
 434:Libs/mbedtls/library/ecp.c ****         }
 435:Libs/mbedtls/library/ecp.c **** 
 436:Libs/mbedtls/library/ecp.c ****         /* update running count */
 437:Libs/mbedtls/library/ecp.c ****         rs_ctx->ops_done += ops;
 438:Libs/mbedtls/library/ecp.c ****     }
 439:Libs/mbedtls/library/ecp.c **** 
 440:Libs/mbedtls/library/ecp.c ****     return 0;
 441:Libs/mbedtls/library/ecp.c **** }
 442:Libs/mbedtls/library/ecp.c **** 
 443:Libs/mbedtls/library/ecp.c **** /* Call this when entering a function that needs its own sub-context */
 444:Libs/mbedtls/library/ecp.c **** #define ECP_RS_ENTER(SUB)   do {                                      \
 445:Libs/mbedtls/library/ecp.c ****         /* reset ops count for this call if top-level */                    \
 446:Libs/mbedtls/library/ecp.c ****         if (rs_ctx != NULL && rs_ctx->depth++ == 0)                        \
 447:Libs/mbedtls/library/ecp.c ****         rs_ctx->ops_done = 0;                                           \
 448:Libs/mbedtls/library/ecp.c ****                                                                         \
 449:Libs/mbedtls/library/ecp.c ****         /* set up our own sub-context if needed */                          \
 450:Libs/mbedtls/library/ecp.c ****         if (mbedtls_ecp_restart_is_enabled() &&                             \
 451:Libs/mbedtls/library/ecp.c ****             rs_ctx != NULL && rs_ctx->SUB == NULL)                         \
 452:Libs/mbedtls/library/ecp.c ****         {                                                                   \
 453:Libs/mbedtls/library/ecp.c ****             rs_ctx->SUB = mbedtls_calloc(1, sizeof(*rs_ctx->SUB));      \
 454:Libs/mbedtls/library/ecp.c ****             if (rs_ctx->SUB == NULL)                                       \
 455:Libs/mbedtls/library/ecp.c ****             return MBEDTLS_ERR_ECP_ALLOC_FAILED;                     \
 456:Libs/mbedtls/library/ecp.c ****                                                                       \
 457:Libs/mbedtls/library/ecp.c ****             ecp_restart_## SUB ##_init(rs_ctx->SUB);                      \
 458:Libs/mbedtls/library/ecp.c ****         }                                                                   \
 459:Libs/mbedtls/library/ecp.c **** } while (0)
 460:Libs/mbedtls/library/ecp.c **** 
 461:Libs/mbedtls/library/ecp.c **** /* Call this when leaving a function that needs its own sub-context */
 462:Libs/mbedtls/library/ecp.c **** #define ECP_RS_LEAVE(SUB)   do {                                      \
 463:Libs/mbedtls/library/ecp.c ****         /* clear our sub-context when not in progress (done or error) */    \
 464:Libs/mbedtls/library/ecp.c ****         if (rs_ctx != NULL && rs_ctx->SUB != NULL &&                        \
 465:Libs/mbedtls/library/ecp.c ****             ret != MBEDTLS_ERR_ECP_IN_PROGRESS)                            \
 466:Libs/mbedtls/library/ecp.c ****         {                                                                   \
 467:Libs/mbedtls/library/ecp.c ****             ecp_restart_## SUB ##_free(rs_ctx->SUB);                      \
 468:Libs/mbedtls/library/ecp.c ****             mbedtls_free(rs_ctx->SUB);                                    \
 469:Libs/mbedtls/library/ecp.c ****             rs_ctx->SUB = NULL;                                             \
 470:Libs/mbedtls/library/ecp.c ****         }                                                                   \
 471:Libs/mbedtls/library/ecp.c ****                                                                         \
 472:Libs/mbedtls/library/ecp.c ****         if (rs_ctx != NULL)                                                \
 473:Libs/mbedtls/library/ecp.c ****         rs_ctx->depth--;                                                \
 474:Libs/mbedtls/library/ecp.c **** } while (0)
 475:Libs/mbedtls/library/ecp.c **** 
 476:Libs/mbedtls/library/ecp.c **** #else /* MBEDTLS_ECP_RESTARTABLE */
 477:Libs/mbedtls/library/ecp.c **** 
 478:Libs/mbedtls/library/ecp.c **** #define ECP_RS_ENTER(sub)     (void) rs_ctx;
 479:Libs/mbedtls/library/ecp.c **** #define ECP_RS_LEAVE(sub)     (void) rs_ctx;
 480:Libs/mbedtls/library/ecp.c **** 
 481:Libs/mbedtls/library/ecp.c **** #endif /* MBEDTLS_ECP_RESTARTABLE */
 482:Libs/mbedtls/library/ecp.c **** 
 483:Libs/mbedtls/library/ecp.c **** /*
 484:Libs/mbedtls/library/ecp.c ****  * List of supported curves:
 485:Libs/mbedtls/library/ecp.c ****  *  - internal ID
 486:Libs/mbedtls/library/ecp.c ****  *  - TLS NamedCurve ID (RFC 4492 sec. 5.1.1, RFC 7071 sec. 2, RFC 8446 sec. 4.2.7)
 487:Libs/mbedtls/library/ecp.c ****  *  - size in bits
ARM GAS  C:\Users\nicx5\AppData\Local\Temp\ccosdxRQ.s 			page 10


 488:Libs/mbedtls/library/ecp.c ****  *  - readable name
 489:Libs/mbedtls/library/ecp.c ****  *
 490:Libs/mbedtls/library/ecp.c ****  * Curves are listed in order: largest curves first, and for a given size,
 491:Libs/mbedtls/library/ecp.c ****  * fastest curves first. This provides the default order for the SSL module.
 492:Libs/mbedtls/library/ecp.c ****  *
 493:Libs/mbedtls/library/ecp.c ****  * Reminder: update profiles in x509_crt.c when adding a new curves!
 494:Libs/mbedtls/library/ecp.c ****  */
 495:Libs/mbedtls/library/ecp.c **** static const mbedtls_ecp_curve_info ecp_supported_curves[] =
 496:Libs/mbedtls/library/ecp.c **** {
 497:Libs/mbedtls/library/ecp.c **** #if defined(MBEDTLS_ECP_DP_SECP521R1_ENABLED)
 498:Libs/mbedtls/library/ecp.c ****     { MBEDTLS_ECP_DP_SECP521R1,    25,     521,    "secp521r1"         },
 499:Libs/mbedtls/library/ecp.c **** #endif
 500:Libs/mbedtls/library/ecp.c **** #if defined(MBEDTLS_ECP_DP_BP512R1_ENABLED)
 501:Libs/mbedtls/library/ecp.c ****     { MBEDTLS_ECP_DP_BP512R1,      28,     512,    "brainpoolP512r1"   },
 502:Libs/mbedtls/library/ecp.c **** #endif
 503:Libs/mbedtls/library/ecp.c **** #if defined(MBEDTLS_ECP_DP_SECP384R1_ENABLED)
 504:Libs/mbedtls/library/ecp.c ****     { MBEDTLS_ECP_DP_SECP384R1,    24,     384,    "secp384r1"         },
 505:Libs/mbedtls/library/ecp.c **** #endif
 506:Libs/mbedtls/library/ecp.c **** #if defined(MBEDTLS_ECP_DP_BP384R1_ENABLED)
 507:Libs/mbedtls/library/ecp.c ****     { MBEDTLS_ECP_DP_BP384R1,      27,     384,    "brainpoolP384r1"   },
 508:Libs/mbedtls/library/ecp.c **** #endif
 509:Libs/mbedtls/library/ecp.c **** #if defined(MBEDTLS_ECP_DP_SECP256R1_ENABLED)
 510:Libs/mbedtls/library/ecp.c ****     { MBEDTLS_ECP_DP_SECP256R1,    23,     256,    "secp256r1"         },
 511:Libs/mbedtls/library/ecp.c **** #endif
 512:Libs/mbedtls/library/ecp.c **** #if defined(MBEDTLS_ECP_DP_SECP256K1_ENABLED)
 513:Libs/mbedtls/library/ecp.c ****     { MBEDTLS_ECP_DP_SECP256K1,    22,     256,    "secp256k1"         },
 514:Libs/mbedtls/library/ecp.c **** #endif
 515:Libs/mbedtls/library/ecp.c **** #if defined(MBEDTLS_ECP_DP_BP256R1_ENABLED)
 516:Libs/mbedtls/library/ecp.c ****     { MBEDTLS_ECP_DP_BP256R1,      26,     256,    "brainpoolP256r1"   },
 517:Libs/mbedtls/library/ecp.c **** #endif
 518:Libs/mbedtls/library/ecp.c **** #if defined(MBEDTLS_ECP_DP_SECP224R1_ENABLED)
 519:Libs/mbedtls/library/ecp.c ****     { MBEDTLS_ECP_DP_SECP224R1,    21,     224,    "secp224r1"         },
 520:Libs/mbedtls/library/ecp.c **** #endif
 521:Libs/mbedtls/library/ecp.c **** #if defined(MBEDTLS_ECP_DP_SECP224K1_ENABLED)
 522:Libs/mbedtls/library/ecp.c ****     { MBEDTLS_ECP_DP_SECP224K1,    20,     224,    "secp224k1"         },
 523:Libs/mbedtls/library/ecp.c **** #endif
 524:Libs/mbedtls/library/ecp.c **** #if defined(MBEDTLS_ECP_DP_SECP192R1_ENABLED)
 525:Libs/mbedtls/library/ecp.c ****     { MBEDTLS_ECP_DP_SECP192R1,    19,     192,    "secp192r1"         },
 526:Libs/mbedtls/library/ecp.c **** #endif
 527:Libs/mbedtls/library/ecp.c **** #if defined(MBEDTLS_ECP_DP_SECP192K1_ENABLED)
 528:Libs/mbedtls/library/ecp.c ****     { MBEDTLS_ECP_DP_SECP192K1,    18,     192,    "secp192k1"         },
 529:Libs/mbedtls/library/ecp.c **** #endif
 530:Libs/mbedtls/library/ecp.c **** #if defined(MBEDTLS_ECP_DP_CURVE25519_ENABLED)
 531:Libs/mbedtls/library/ecp.c ****     { MBEDTLS_ECP_DP_CURVE25519,   29,     256,    "x25519"            },
 532:Libs/mbedtls/library/ecp.c **** #endif
 533:Libs/mbedtls/library/ecp.c **** #if defined(MBEDTLS_ECP_DP_CURVE448_ENABLED)
 534:Libs/mbedtls/library/ecp.c ****     { MBEDTLS_ECP_DP_CURVE448,     30,     448,    "x448"              },
 535:Libs/mbedtls/library/ecp.c **** #endif
 536:Libs/mbedtls/library/ecp.c ****     { MBEDTLS_ECP_DP_NONE,          0,     0,      NULL                },
 537:Libs/mbedtls/library/ecp.c **** };
 538:Libs/mbedtls/library/ecp.c **** 
 539:Libs/mbedtls/library/ecp.c **** #define ECP_NB_CURVES   sizeof(ecp_supported_curves) /    \
 540:Libs/mbedtls/library/ecp.c ****     sizeof(ecp_supported_curves[0])
 541:Libs/mbedtls/library/ecp.c **** 
 542:Libs/mbedtls/library/ecp.c **** static mbedtls_ecp_group_id ecp_supported_grp_id[ECP_NB_CURVES];
 543:Libs/mbedtls/library/ecp.c **** 
 544:Libs/mbedtls/library/ecp.c **** /*
ARM GAS  C:\Users\nicx5\AppData\Local\Temp\ccosdxRQ.s 			page 11


 545:Libs/mbedtls/library/ecp.c ****  * List of supported curves and associated info
 546:Libs/mbedtls/library/ecp.c ****  */
 547:Libs/mbedtls/library/ecp.c **** const mbedtls_ecp_curve_info *mbedtls_ecp_curve_list(void)
 548:Libs/mbedtls/library/ecp.c **** {
 549:Libs/mbedtls/library/ecp.c ****     return ecp_supported_curves;
 550:Libs/mbedtls/library/ecp.c **** }
 551:Libs/mbedtls/library/ecp.c **** 
 552:Libs/mbedtls/library/ecp.c **** /*
 553:Libs/mbedtls/library/ecp.c ****  * List of supported curves, group ID only
 554:Libs/mbedtls/library/ecp.c ****  */
 555:Libs/mbedtls/library/ecp.c **** const mbedtls_ecp_group_id *mbedtls_ecp_grp_id_list(void)
 556:Libs/mbedtls/library/ecp.c **** {
 557:Libs/mbedtls/library/ecp.c ****     static int init_done = 0;
 558:Libs/mbedtls/library/ecp.c **** 
 559:Libs/mbedtls/library/ecp.c ****     if (!init_done) {
 560:Libs/mbedtls/library/ecp.c ****         size_t i = 0;
 561:Libs/mbedtls/library/ecp.c ****         const mbedtls_ecp_curve_info *curve_info;
 562:Libs/mbedtls/library/ecp.c **** 
 563:Libs/mbedtls/library/ecp.c ****         for (curve_info = mbedtls_ecp_curve_list();
 564:Libs/mbedtls/library/ecp.c ****              curve_info->grp_id != MBEDTLS_ECP_DP_NONE;
 565:Libs/mbedtls/library/ecp.c ****              curve_info++) {
 566:Libs/mbedtls/library/ecp.c ****             ecp_supported_grp_id[i++] = curve_info->grp_id;
 567:Libs/mbedtls/library/ecp.c ****         }
 568:Libs/mbedtls/library/ecp.c ****         ecp_supported_grp_id[i] = MBEDTLS_ECP_DP_NONE;
 569:Libs/mbedtls/library/ecp.c **** 
 570:Libs/mbedtls/library/ecp.c ****         init_done = 1;
 571:Libs/mbedtls/library/ecp.c ****     }
 572:Libs/mbedtls/library/ecp.c **** 
 573:Libs/mbedtls/library/ecp.c ****     return ecp_supported_grp_id;
 574:Libs/mbedtls/library/ecp.c **** }
 575:Libs/mbedtls/library/ecp.c **** 
 576:Libs/mbedtls/library/ecp.c **** /*
 577:Libs/mbedtls/library/ecp.c ****  * Get the curve info for the internal identifier
 578:Libs/mbedtls/library/ecp.c ****  */
 579:Libs/mbedtls/library/ecp.c **** const mbedtls_ecp_curve_info *mbedtls_ecp_curve_info_from_grp_id(mbedtls_ecp_group_id grp_id)
 580:Libs/mbedtls/library/ecp.c **** {
 581:Libs/mbedtls/library/ecp.c ****     const mbedtls_ecp_curve_info *curve_info;
 582:Libs/mbedtls/library/ecp.c **** 
 583:Libs/mbedtls/library/ecp.c ****     for (curve_info = mbedtls_ecp_curve_list();
 584:Libs/mbedtls/library/ecp.c ****          curve_info->grp_id != MBEDTLS_ECP_DP_NONE;
 585:Libs/mbedtls/library/ecp.c ****          curve_info++) {
 586:Libs/mbedtls/library/ecp.c ****         if (curve_info->grp_id == grp_id) {
 587:Libs/mbedtls/library/ecp.c ****             return curve_info;
 588:Libs/mbedtls/library/ecp.c ****         }
 589:Libs/mbedtls/library/ecp.c ****     }
 590:Libs/mbedtls/library/ecp.c **** 
 591:Libs/mbedtls/library/ecp.c ****     return NULL;
 592:Libs/mbedtls/library/ecp.c **** }
 593:Libs/mbedtls/library/ecp.c **** 
 594:Libs/mbedtls/library/ecp.c **** /*
 595:Libs/mbedtls/library/ecp.c ****  * Get the curve info from the TLS identifier
 596:Libs/mbedtls/library/ecp.c ****  */
 597:Libs/mbedtls/library/ecp.c **** const mbedtls_ecp_curve_info *mbedtls_ecp_curve_info_from_tls_id(uint16_t tls_id)
 598:Libs/mbedtls/library/ecp.c **** {
 599:Libs/mbedtls/library/ecp.c ****     const mbedtls_ecp_curve_info *curve_info;
 600:Libs/mbedtls/library/ecp.c **** 
 601:Libs/mbedtls/library/ecp.c ****     for (curve_info = mbedtls_ecp_curve_list();
ARM GAS  C:\Users\nicx5\AppData\Local\Temp\ccosdxRQ.s 			page 12


 602:Libs/mbedtls/library/ecp.c ****          curve_info->grp_id != MBEDTLS_ECP_DP_NONE;
 603:Libs/mbedtls/library/ecp.c ****          curve_info++) {
 604:Libs/mbedtls/library/ecp.c ****         if (curve_info->tls_id == tls_id) {
 605:Libs/mbedtls/library/ecp.c ****             return curve_info;
 606:Libs/mbedtls/library/ecp.c ****         }
 607:Libs/mbedtls/library/ecp.c ****     }
 608:Libs/mbedtls/library/ecp.c **** 
 609:Libs/mbedtls/library/ecp.c ****     return NULL;
 610:Libs/mbedtls/library/ecp.c **** }
 611:Libs/mbedtls/library/ecp.c **** 
 612:Libs/mbedtls/library/ecp.c **** /*
 613:Libs/mbedtls/library/ecp.c ****  * Get the curve info from the name
 614:Libs/mbedtls/library/ecp.c ****  */
 615:Libs/mbedtls/library/ecp.c **** const mbedtls_ecp_curve_info *mbedtls_ecp_curve_info_from_name(const char *name)
 616:Libs/mbedtls/library/ecp.c **** {
 617:Libs/mbedtls/library/ecp.c ****     const mbedtls_ecp_curve_info *curve_info;
 618:Libs/mbedtls/library/ecp.c **** 
 619:Libs/mbedtls/library/ecp.c ****     if (name == NULL) {
 620:Libs/mbedtls/library/ecp.c ****         return NULL;
 621:Libs/mbedtls/library/ecp.c ****     }
 622:Libs/mbedtls/library/ecp.c **** 
 623:Libs/mbedtls/library/ecp.c ****     for (curve_info = mbedtls_ecp_curve_list();
 624:Libs/mbedtls/library/ecp.c ****          curve_info->grp_id != MBEDTLS_ECP_DP_NONE;
 625:Libs/mbedtls/library/ecp.c ****          curve_info++) {
 626:Libs/mbedtls/library/ecp.c ****         if (strcmp(curve_info->name, name) == 0) {
 627:Libs/mbedtls/library/ecp.c ****             return curve_info;
 628:Libs/mbedtls/library/ecp.c ****         }
 629:Libs/mbedtls/library/ecp.c ****     }
 630:Libs/mbedtls/library/ecp.c **** 
 631:Libs/mbedtls/library/ecp.c ****     return NULL;
 632:Libs/mbedtls/library/ecp.c **** }
 633:Libs/mbedtls/library/ecp.c **** 
 634:Libs/mbedtls/library/ecp.c **** /*
 635:Libs/mbedtls/library/ecp.c ****  * Get the type of a curve
 636:Libs/mbedtls/library/ecp.c ****  */
 637:Libs/mbedtls/library/ecp.c **** mbedtls_ecp_curve_type mbedtls_ecp_get_type(const mbedtls_ecp_group *grp)
 638:Libs/mbedtls/library/ecp.c **** {
 639:Libs/mbedtls/library/ecp.c ****     if (grp->G.X.p == NULL) {
 640:Libs/mbedtls/library/ecp.c ****         return MBEDTLS_ECP_TYPE_NONE;
 641:Libs/mbedtls/library/ecp.c ****     }
 642:Libs/mbedtls/library/ecp.c **** 
 643:Libs/mbedtls/library/ecp.c ****     if (grp->G.Y.p == NULL) {
 644:Libs/mbedtls/library/ecp.c ****         return MBEDTLS_ECP_TYPE_MONTGOMERY;
 645:Libs/mbedtls/library/ecp.c ****     } else {
 646:Libs/mbedtls/library/ecp.c ****         return MBEDTLS_ECP_TYPE_SHORT_WEIERSTRASS;
 647:Libs/mbedtls/library/ecp.c ****     }
 648:Libs/mbedtls/library/ecp.c **** }
 649:Libs/mbedtls/library/ecp.c **** 
 650:Libs/mbedtls/library/ecp.c **** /*
 651:Libs/mbedtls/library/ecp.c ****  * Initialize (the components of) a point
 652:Libs/mbedtls/library/ecp.c ****  */
 653:Libs/mbedtls/library/ecp.c **** void mbedtls_ecp_point_init(mbedtls_ecp_point *pt)
 654:Libs/mbedtls/library/ecp.c **** {
 655:Libs/mbedtls/library/ecp.c ****     ECP_VALIDATE(pt != NULL);
 656:Libs/mbedtls/library/ecp.c **** 
 657:Libs/mbedtls/library/ecp.c ****     mbedtls_mpi_init(&pt->X);
 658:Libs/mbedtls/library/ecp.c ****     mbedtls_mpi_init(&pt->Y);
ARM GAS  C:\Users\nicx5\AppData\Local\Temp\ccosdxRQ.s 			page 13


 659:Libs/mbedtls/library/ecp.c ****     mbedtls_mpi_init(&pt->Z);
 660:Libs/mbedtls/library/ecp.c **** }
 661:Libs/mbedtls/library/ecp.c **** 
 662:Libs/mbedtls/library/ecp.c **** /*
 663:Libs/mbedtls/library/ecp.c ****  * Initialize (the components of) a group
 664:Libs/mbedtls/library/ecp.c ****  */
 665:Libs/mbedtls/library/ecp.c **** void mbedtls_ecp_group_init(mbedtls_ecp_group *grp)
 666:Libs/mbedtls/library/ecp.c **** {
 667:Libs/mbedtls/library/ecp.c ****     ECP_VALIDATE(grp != NULL);
 668:Libs/mbedtls/library/ecp.c **** 
 669:Libs/mbedtls/library/ecp.c ****     grp->id = MBEDTLS_ECP_DP_NONE;
 670:Libs/mbedtls/library/ecp.c ****     mbedtls_mpi_init(&grp->P);
 671:Libs/mbedtls/library/ecp.c ****     mbedtls_mpi_init(&grp->A);
 672:Libs/mbedtls/library/ecp.c ****     mbedtls_mpi_init(&grp->B);
 673:Libs/mbedtls/library/ecp.c ****     mbedtls_ecp_point_init(&grp->G);
 674:Libs/mbedtls/library/ecp.c ****     mbedtls_mpi_init(&grp->N);
 675:Libs/mbedtls/library/ecp.c ****     grp->pbits = 0;
 676:Libs/mbedtls/library/ecp.c ****     grp->nbits = 0;
 677:Libs/mbedtls/library/ecp.c ****     grp->h = 0;
 678:Libs/mbedtls/library/ecp.c ****     grp->modp = NULL;
 679:Libs/mbedtls/library/ecp.c ****     grp->t_pre = NULL;
 680:Libs/mbedtls/library/ecp.c ****     grp->t_post = NULL;
 681:Libs/mbedtls/library/ecp.c ****     grp->t_data = NULL;
 682:Libs/mbedtls/library/ecp.c ****     grp->T = NULL;
 683:Libs/mbedtls/library/ecp.c ****     grp->T_size = 0;
 684:Libs/mbedtls/library/ecp.c **** }
 685:Libs/mbedtls/library/ecp.c **** 
 686:Libs/mbedtls/library/ecp.c **** /*
 687:Libs/mbedtls/library/ecp.c ****  * Initialize (the components of) a key pair
 688:Libs/mbedtls/library/ecp.c ****  */
 689:Libs/mbedtls/library/ecp.c **** void mbedtls_ecp_keypair_init(mbedtls_ecp_keypair *key)
 690:Libs/mbedtls/library/ecp.c **** {
 691:Libs/mbedtls/library/ecp.c ****     ECP_VALIDATE(key != NULL);
 692:Libs/mbedtls/library/ecp.c **** 
 693:Libs/mbedtls/library/ecp.c ****     mbedtls_ecp_group_init(&key->grp);
 694:Libs/mbedtls/library/ecp.c ****     mbedtls_mpi_init(&key->d);
 695:Libs/mbedtls/library/ecp.c ****     mbedtls_ecp_point_init(&key->Q);
 696:Libs/mbedtls/library/ecp.c **** }
 697:Libs/mbedtls/library/ecp.c **** 
 698:Libs/mbedtls/library/ecp.c **** /*
 699:Libs/mbedtls/library/ecp.c ****  * Unallocate (the components of) a point
 700:Libs/mbedtls/library/ecp.c ****  */
 701:Libs/mbedtls/library/ecp.c **** void mbedtls_ecp_point_free(mbedtls_ecp_point *pt)
 702:Libs/mbedtls/library/ecp.c **** {
 703:Libs/mbedtls/library/ecp.c ****     if (pt == NULL) {
 704:Libs/mbedtls/library/ecp.c ****         return;
 705:Libs/mbedtls/library/ecp.c ****     }
 706:Libs/mbedtls/library/ecp.c **** 
 707:Libs/mbedtls/library/ecp.c ****     mbedtls_mpi_free(&(pt->X));
 708:Libs/mbedtls/library/ecp.c ****     mbedtls_mpi_free(&(pt->Y));
 709:Libs/mbedtls/library/ecp.c ****     mbedtls_mpi_free(&(pt->Z));
 710:Libs/mbedtls/library/ecp.c **** }
 711:Libs/mbedtls/library/ecp.c **** 
 712:Libs/mbedtls/library/ecp.c **** /*
 713:Libs/mbedtls/library/ecp.c ****  * Unallocate (the components of) a group
 714:Libs/mbedtls/library/ecp.c ****  */
 715:Libs/mbedtls/library/ecp.c **** void mbedtls_ecp_group_free(mbedtls_ecp_group *grp)
ARM GAS  C:\Users\nicx5\AppData\Local\Temp\ccosdxRQ.s 			page 14


 716:Libs/mbedtls/library/ecp.c **** {
 717:Libs/mbedtls/library/ecp.c ****     size_t i;
 718:Libs/mbedtls/library/ecp.c **** 
 719:Libs/mbedtls/library/ecp.c ****     if (grp == NULL) {
 720:Libs/mbedtls/library/ecp.c ****         return;
 721:Libs/mbedtls/library/ecp.c ****     }
 722:Libs/mbedtls/library/ecp.c **** 
 723:Libs/mbedtls/library/ecp.c ****     if (grp->h != 1) {
 724:Libs/mbedtls/library/ecp.c ****         mbedtls_mpi_free(&grp->P);
 725:Libs/mbedtls/library/ecp.c ****         mbedtls_mpi_free(&grp->A);
 726:Libs/mbedtls/library/ecp.c ****         mbedtls_mpi_free(&grp->B);
 727:Libs/mbedtls/library/ecp.c ****         mbedtls_ecp_point_free(&grp->G);
 728:Libs/mbedtls/library/ecp.c ****         mbedtls_mpi_free(&grp->N);
 729:Libs/mbedtls/library/ecp.c ****     }
 730:Libs/mbedtls/library/ecp.c **** 
 731:Libs/mbedtls/library/ecp.c ****     if (grp->T != NULL) {
 732:Libs/mbedtls/library/ecp.c ****         for (i = 0; i < grp->T_size; i++) {
 733:Libs/mbedtls/library/ecp.c ****             mbedtls_ecp_point_free(&grp->T[i]);
 734:Libs/mbedtls/library/ecp.c ****         }
 735:Libs/mbedtls/library/ecp.c ****         mbedtls_free(grp->T);
 736:Libs/mbedtls/library/ecp.c ****     }
 737:Libs/mbedtls/library/ecp.c **** 
 738:Libs/mbedtls/library/ecp.c ****     mbedtls_platform_zeroize(grp, sizeof(mbedtls_ecp_group));
 739:Libs/mbedtls/library/ecp.c **** }
 740:Libs/mbedtls/library/ecp.c **** 
 741:Libs/mbedtls/library/ecp.c **** /*
 742:Libs/mbedtls/library/ecp.c ****  * Unallocate (the components of) a key pair
 743:Libs/mbedtls/library/ecp.c ****  */
 744:Libs/mbedtls/library/ecp.c **** void mbedtls_ecp_keypair_free(mbedtls_ecp_keypair *key)
 745:Libs/mbedtls/library/ecp.c **** {
 746:Libs/mbedtls/library/ecp.c ****     if (key == NULL) {
 747:Libs/mbedtls/library/ecp.c ****         return;
 748:Libs/mbedtls/library/ecp.c ****     }
 749:Libs/mbedtls/library/ecp.c **** 
 750:Libs/mbedtls/library/ecp.c ****     mbedtls_ecp_group_free(&key->grp);
 751:Libs/mbedtls/library/ecp.c ****     mbedtls_mpi_free(&key->d);
 752:Libs/mbedtls/library/ecp.c ****     mbedtls_ecp_point_free(&key->Q);
 753:Libs/mbedtls/library/ecp.c **** }
 754:Libs/mbedtls/library/ecp.c **** 
 755:Libs/mbedtls/library/ecp.c **** /*
 756:Libs/mbedtls/library/ecp.c ****  * Copy the contents of a point
 757:Libs/mbedtls/library/ecp.c ****  */
 758:Libs/mbedtls/library/ecp.c **** int mbedtls_ecp_copy(mbedtls_ecp_point *P, const mbedtls_ecp_point *Q)
 759:Libs/mbedtls/library/ecp.c **** {
 760:Libs/mbedtls/library/ecp.c ****     int ret = MBEDTLS_ERR_ERROR_CORRUPTION_DETECTED;
 761:Libs/mbedtls/library/ecp.c ****     ECP_VALIDATE_RET(P != NULL);
 762:Libs/mbedtls/library/ecp.c ****     ECP_VALIDATE_RET(Q != NULL);
 763:Libs/mbedtls/library/ecp.c **** 
 764:Libs/mbedtls/library/ecp.c ****     MBEDTLS_MPI_CHK(mbedtls_mpi_copy(&P->X, &Q->X));
 765:Libs/mbedtls/library/ecp.c ****     MBEDTLS_MPI_CHK(mbedtls_mpi_copy(&P->Y, &Q->Y));
 766:Libs/mbedtls/library/ecp.c ****     MBEDTLS_MPI_CHK(mbedtls_mpi_copy(&P->Z, &Q->Z));
 767:Libs/mbedtls/library/ecp.c **** 
 768:Libs/mbedtls/library/ecp.c **** cleanup:
 769:Libs/mbedtls/library/ecp.c ****     return ret;
 770:Libs/mbedtls/library/ecp.c **** }
 771:Libs/mbedtls/library/ecp.c **** 
 772:Libs/mbedtls/library/ecp.c **** /*
ARM GAS  C:\Users\nicx5\AppData\Local\Temp\ccosdxRQ.s 			page 15


 773:Libs/mbedtls/library/ecp.c ****  * Copy the contents of a group object
 774:Libs/mbedtls/library/ecp.c ****  */
 775:Libs/mbedtls/library/ecp.c **** int mbedtls_ecp_group_copy(mbedtls_ecp_group *dst, const mbedtls_ecp_group *src)
 776:Libs/mbedtls/library/ecp.c **** {
 777:Libs/mbedtls/library/ecp.c ****     ECP_VALIDATE_RET(dst != NULL);
 778:Libs/mbedtls/library/ecp.c ****     ECP_VALIDATE_RET(src != NULL);
 779:Libs/mbedtls/library/ecp.c **** 
 780:Libs/mbedtls/library/ecp.c ****     return mbedtls_ecp_group_load(dst, src->id);
 781:Libs/mbedtls/library/ecp.c **** }
 782:Libs/mbedtls/library/ecp.c **** 
 783:Libs/mbedtls/library/ecp.c **** /*
 784:Libs/mbedtls/library/ecp.c ****  * Set point to zero
 785:Libs/mbedtls/library/ecp.c ****  */
 786:Libs/mbedtls/library/ecp.c **** int mbedtls_ecp_set_zero(mbedtls_ecp_point *pt)
 787:Libs/mbedtls/library/ecp.c **** {
 788:Libs/mbedtls/library/ecp.c ****     int ret = MBEDTLS_ERR_ERROR_CORRUPTION_DETECTED;
 789:Libs/mbedtls/library/ecp.c ****     ECP_VALIDATE_RET(pt != NULL);
 790:Libs/mbedtls/library/ecp.c **** 
 791:Libs/mbedtls/library/ecp.c ****     MBEDTLS_MPI_CHK(mbedtls_mpi_lset(&pt->X, 1));
 792:Libs/mbedtls/library/ecp.c ****     MBEDTLS_MPI_CHK(mbedtls_mpi_lset(&pt->Y, 1));
 793:Libs/mbedtls/library/ecp.c ****     MBEDTLS_MPI_CHK(mbedtls_mpi_lset(&pt->Z, 0));
 794:Libs/mbedtls/library/ecp.c **** 
 795:Libs/mbedtls/library/ecp.c **** cleanup:
 796:Libs/mbedtls/library/ecp.c ****     return ret;
 797:Libs/mbedtls/library/ecp.c **** }
 798:Libs/mbedtls/library/ecp.c **** 
 799:Libs/mbedtls/library/ecp.c **** /*
 800:Libs/mbedtls/library/ecp.c ****  * Tell if a point is zero
 801:Libs/mbedtls/library/ecp.c ****  */
 802:Libs/mbedtls/library/ecp.c **** int mbedtls_ecp_is_zero(mbedtls_ecp_point *pt)
 803:Libs/mbedtls/library/ecp.c **** {
 804:Libs/mbedtls/library/ecp.c ****     ECP_VALIDATE_RET(pt != NULL);
 805:Libs/mbedtls/library/ecp.c **** 
 806:Libs/mbedtls/library/ecp.c ****     return mbedtls_mpi_cmp_int(&pt->Z, 0) == 0;
 807:Libs/mbedtls/library/ecp.c **** }
 808:Libs/mbedtls/library/ecp.c **** 
 809:Libs/mbedtls/library/ecp.c **** /*
 810:Libs/mbedtls/library/ecp.c ****  * Compare two points lazily
 811:Libs/mbedtls/library/ecp.c ****  */
 812:Libs/mbedtls/library/ecp.c **** int mbedtls_ecp_point_cmp(const mbedtls_ecp_point *P,
 813:Libs/mbedtls/library/ecp.c ****                           const mbedtls_ecp_point *Q)
 814:Libs/mbedtls/library/ecp.c **** {
 815:Libs/mbedtls/library/ecp.c ****     ECP_VALIDATE_RET(P != NULL);
 816:Libs/mbedtls/library/ecp.c ****     ECP_VALIDATE_RET(Q != NULL);
 817:Libs/mbedtls/library/ecp.c **** 
 818:Libs/mbedtls/library/ecp.c ****     if (mbedtls_mpi_cmp_mpi(&P->X, &Q->X) == 0 &&
 819:Libs/mbedtls/library/ecp.c ****         mbedtls_mpi_cmp_mpi(&P->Y, &Q->Y) == 0 &&
 820:Libs/mbedtls/library/ecp.c ****         mbedtls_mpi_cmp_mpi(&P->Z, &Q->Z) == 0) {
 821:Libs/mbedtls/library/ecp.c ****         return 0;
 822:Libs/mbedtls/library/ecp.c ****     }
 823:Libs/mbedtls/library/ecp.c **** 
 824:Libs/mbedtls/library/ecp.c ****     return MBEDTLS_ERR_ECP_BAD_INPUT_DATA;
 825:Libs/mbedtls/library/ecp.c **** }
 826:Libs/mbedtls/library/ecp.c **** 
 827:Libs/mbedtls/library/ecp.c **** /*
 828:Libs/mbedtls/library/ecp.c ****  * Import a non-zero point from ASCII strings
 829:Libs/mbedtls/library/ecp.c ****  */
ARM GAS  C:\Users\nicx5\AppData\Local\Temp\ccosdxRQ.s 			page 16


 830:Libs/mbedtls/library/ecp.c **** int mbedtls_ecp_point_read_string(mbedtls_ecp_point *P, int radix,
 831:Libs/mbedtls/library/ecp.c ****                                   const char *x, const char *y)
 832:Libs/mbedtls/library/ecp.c **** {
 833:Libs/mbedtls/library/ecp.c ****     int ret = MBEDTLS_ERR_ERROR_CORRUPTION_DETECTED;
 834:Libs/mbedtls/library/ecp.c ****     ECP_VALIDATE_RET(P != NULL);
 835:Libs/mbedtls/library/ecp.c ****     ECP_VALIDATE_RET(x != NULL);
 836:Libs/mbedtls/library/ecp.c ****     ECP_VALIDATE_RET(y != NULL);
 837:Libs/mbedtls/library/ecp.c **** 
 838:Libs/mbedtls/library/ecp.c ****     MBEDTLS_MPI_CHK(mbedtls_mpi_read_string(&P->X, radix, x));
 839:Libs/mbedtls/library/ecp.c ****     MBEDTLS_MPI_CHK(mbedtls_mpi_read_string(&P->Y, radix, y));
 840:Libs/mbedtls/library/ecp.c ****     MBEDTLS_MPI_CHK(mbedtls_mpi_lset(&P->Z, 1));
 841:Libs/mbedtls/library/ecp.c **** 
 842:Libs/mbedtls/library/ecp.c **** cleanup:
 843:Libs/mbedtls/library/ecp.c ****     return ret;
 844:Libs/mbedtls/library/ecp.c **** }
 845:Libs/mbedtls/library/ecp.c **** 
 846:Libs/mbedtls/library/ecp.c **** /*
 847:Libs/mbedtls/library/ecp.c ****  * Export a point into unsigned binary data (SEC1 2.3.3 and RFC7748)
 848:Libs/mbedtls/library/ecp.c ****  */
 849:Libs/mbedtls/library/ecp.c **** int mbedtls_ecp_point_write_binary(const mbedtls_ecp_group *grp,
 850:Libs/mbedtls/library/ecp.c ****                                    const mbedtls_ecp_point *P,
 851:Libs/mbedtls/library/ecp.c ****                                    int format, size_t *olen,
 852:Libs/mbedtls/library/ecp.c ****                                    unsigned char *buf, size_t buflen)
 853:Libs/mbedtls/library/ecp.c **** {
 854:Libs/mbedtls/library/ecp.c ****     int ret = MBEDTLS_ERR_ECP_FEATURE_UNAVAILABLE;
 855:Libs/mbedtls/library/ecp.c ****     size_t plen;
 856:Libs/mbedtls/library/ecp.c ****     ECP_VALIDATE_RET(grp  != NULL);
 857:Libs/mbedtls/library/ecp.c ****     ECP_VALIDATE_RET(P    != NULL);
 858:Libs/mbedtls/library/ecp.c ****     ECP_VALIDATE_RET(olen != NULL);
 859:Libs/mbedtls/library/ecp.c ****     ECP_VALIDATE_RET(buf  != NULL);
 860:Libs/mbedtls/library/ecp.c ****     ECP_VALIDATE_RET(format == MBEDTLS_ECP_PF_UNCOMPRESSED ||
 861:Libs/mbedtls/library/ecp.c ****                      format == MBEDTLS_ECP_PF_COMPRESSED);
 862:Libs/mbedtls/library/ecp.c **** 
 863:Libs/mbedtls/library/ecp.c ****     plen = mbedtls_mpi_size(&grp->P);
 864:Libs/mbedtls/library/ecp.c **** 
 865:Libs/mbedtls/library/ecp.c **** #if defined(MBEDTLS_ECP_MONTGOMERY_ENABLED)
 866:Libs/mbedtls/library/ecp.c ****     (void) format; /* Montgomery curves always use the same point format */
 867:Libs/mbedtls/library/ecp.c ****     if (mbedtls_ecp_get_type(grp) == MBEDTLS_ECP_TYPE_MONTGOMERY) {
 868:Libs/mbedtls/library/ecp.c ****         *olen = plen;
 869:Libs/mbedtls/library/ecp.c ****         if (buflen < *olen) {
 870:Libs/mbedtls/library/ecp.c ****             return MBEDTLS_ERR_ECP_BUFFER_TOO_SMALL;
 871:Libs/mbedtls/library/ecp.c ****         }
 872:Libs/mbedtls/library/ecp.c **** 
 873:Libs/mbedtls/library/ecp.c ****         MBEDTLS_MPI_CHK(mbedtls_mpi_write_binary_le(&P->X, buf, plen));
 874:Libs/mbedtls/library/ecp.c ****     }
 875:Libs/mbedtls/library/ecp.c **** #endif
 876:Libs/mbedtls/library/ecp.c **** #if defined(MBEDTLS_ECP_SHORT_WEIERSTRASS_ENABLED)
 877:Libs/mbedtls/library/ecp.c ****     if (mbedtls_ecp_get_type(grp) == MBEDTLS_ECP_TYPE_SHORT_WEIERSTRASS) {
 878:Libs/mbedtls/library/ecp.c ****         /*
 879:Libs/mbedtls/library/ecp.c ****          * Common case: P == 0
 880:Libs/mbedtls/library/ecp.c ****          */
 881:Libs/mbedtls/library/ecp.c ****         if (mbedtls_mpi_cmp_int(&P->Z, 0) == 0) {
 882:Libs/mbedtls/library/ecp.c ****             if (buflen < 1) {
 883:Libs/mbedtls/library/ecp.c ****                 return MBEDTLS_ERR_ECP_BUFFER_TOO_SMALL;
 884:Libs/mbedtls/library/ecp.c ****             }
 885:Libs/mbedtls/library/ecp.c **** 
 886:Libs/mbedtls/library/ecp.c ****             buf[0] = 0x00;
ARM GAS  C:\Users\nicx5\AppData\Local\Temp\ccosdxRQ.s 			page 17


 887:Libs/mbedtls/library/ecp.c ****             *olen = 1;
 888:Libs/mbedtls/library/ecp.c **** 
 889:Libs/mbedtls/library/ecp.c ****             return 0;
 890:Libs/mbedtls/library/ecp.c ****         }
 891:Libs/mbedtls/library/ecp.c **** 
 892:Libs/mbedtls/library/ecp.c ****         if (format == MBEDTLS_ECP_PF_UNCOMPRESSED) {
 893:Libs/mbedtls/library/ecp.c ****             *olen = 2 * plen + 1;
 894:Libs/mbedtls/library/ecp.c **** 
 895:Libs/mbedtls/library/ecp.c ****             if (buflen < *olen) {
 896:Libs/mbedtls/library/ecp.c ****                 return MBEDTLS_ERR_ECP_BUFFER_TOO_SMALL;
 897:Libs/mbedtls/library/ecp.c ****             }
 898:Libs/mbedtls/library/ecp.c **** 
 899:Libs/mbedtls/library/ecp.c ****             buf[0] = 0x04;
 900:Libs/mbedtls/library/ecp.c ****             MBEDTLS_MPI_CHK(mbedtls_mpi_write_binary(&P->X, buf + 1, plen));
 901:Libs/mbedtls/library/ecp.c ****             MBEDTLS_MPI_CHK(mbedtls_mpi_write_binary(&P->Y, buf + 1 + plen, plen));
 902:Libs/mbedtls/library/ecp.c ****         } else if (format == MBEDTLS_ECP_PF_COMPRESSED) {
 903:Libs/mbedtls/library/ecp.c ****             *olen = plen + 1;
 904:Libs/mbedtls/library/ecp.c **** 
 905:Libs/mbedtls/library/ecp.c ****             if (buflen < *olen) {
 906:Libs/mbedtls/library/ecp.c ****                 return MBEDTLS_ERR_ECP_BUFFER_TOO_SMALL;
 907:Libs/mbedtls/library/ecp.c ****             }
 908:Libs/mbedtls/library/ecp.c **** 
 909:Libs/mbedtls/library/ecp.c ****             buf[0] = 0x02 + mbedtls_mpi_get_bit(&P->Y, 0);
 910:Libs/mbedtls/library/ecp.c ****             MBEDTLS_MPI_CHK(mbedtls_mpi_write_binary(&P->X, buf + 1, plen));
 911:Libs/mbedtls/library/ecp.c ****         }
 912:Libs/mbedtls/library/ecp.c ****     }
 913:Libs/mbedtls/library/ecp.c **** #endif
 914:Libs/mbedtls/library/ecp.c **** 
 915:Libs/mbedtls/library/ecp.c **** cleanup:
 916:Libs/mbedtls/library/ecp.c ****     return ret;
 917:Libs/mbedtls/library/ecp.c **** }
 918:Libs/mbedtls/library/ecp.c **** 
 919:Libs/mbedtls/library/ecp.c **** /*
 920:Libs/mbedtls/library/ecp.c ****  * Import a point from unsigned binary data (SEC1 2.3.4 and RFC7748)
 921:Libs/mbedtls/library/ecp.c ****  */
 922:Libs/mbedtls/library/ecp.c **** int mbedtls_ecp_point_read_binary(const mbedtls_ecp_group *grp,
 923:Libs/mbedtls/library/ecp.c ****                                   mbedtls_ecp_point *pt,
 924:Libs/mbedtls/library/ecp.c ****                                   const unsigned char *buf, size_t ilen)
 925:Libs/mbedtls/library/ecp.c **** {
 926:Libs/mbedtls/library/ecp.c ****     int ret = MBEDTLS_ERR_ECP_FEATURE_UNAVAILABLE;
 927:Libs/mbedtls/library/ecp.c ****     size_t plen;
 928:Libs/mbedtls/library/ecp.c ****     ECP_VALIDATE_RET(grp != NULL);
 929:Libs/mbedtls/library/ecp.c ****     ECP_VALIDATE_RET(pt  != NULL);
 930:Libs/mbedtls/library/ecp.c ****     ECP_VALIDATE_RET(ilen == 0 || buf != NULL);
 931:Libs/mbedtls/library/ecp.c **** 
 932:Libs/mbedtls/library/ecp.c ****     if (ilen < 1) {
 933:Libs/mbedtls/library/ecp.c ****         return MBEDTLS_ERR_ECP_BAD_INPUT_DATA;
 934:Libs/mbedtls/library/ecp.c ****     }
 935:Libs/mbedtls/library/ecp.c **** 
 936:Libs/mbedtls/library/ecp.c ****     plen = mbedtls_mpi_size(&grp->P);
 937:Libs/mbedtls/library/ecp.c **** 
 938:Libs/mbedtls/library/ecp.c **** #if defined(MBEDTLS_ECP_MONTGOMERY_ENABLED)
 939:Libs/mbedtls/library/ecp.c ****     if (mbedtls_ecp_get_type(grp) == MBEDTLS_ECP_TYPE_MONTGOMERY) {
 940:Libs/mbedtls/library/ecp.c ****         if (plen != ilen) {
 941:Libs/mbedtls/library/ecp.c ****             return MBEDTLS_ERR_ECP_BAD_INPUT_DATA;
 942:Libs/mbedtls/library/ecp.c ****         }
 943:Libs/mbedtls/library/ecp.c **** 
ARM GAS  C:\Users\nicx5\AppData\Local\Temp\ccosdxRQ.s 			page 18


 944:Libs/mbedtls/library/ecp.c ****         MBEDTLS_MPI_CHK(mbedtls_mpi_read_binary_le(&pt->X, buf, plen));
 945:Libs/mbedtls/library/ecp.c ****         mbedtls_mpi_free(&pt->Y);
 946:Libs/mbedtls/library/ecp.c **** 
 947:Libs/mbedtls/library/ecp.c ****         if (grp->id == MBEDTLS_ECP_DP_CURVE25519) {
 948:Libs/mbedtls/library/ecp.c ****             /* Set most significant bit to 0 as prescribed in RFC7748 §5 */
 949:Libs/mbedtls/library/ecp.c ****             MBEDTLS_MPI_CHK(mbedtls_mpi_set_bit(&pt->X, plen * 8 - 1, 0));
 950:Libs/mbedtls/library/ecp.c ****         }
 951:Libs/mbedtls/library/ecp.c **** 
 952:Libs/mbedtls/library/ecp.c ****         MBEDTLS_MPI_CHK(mbedtls_mpi_lset(&pt->Z, 1));
 953:Libs/mbedtls/library/ecp.c ****     }
 954:Libs/mbedtls/library/ecp.c **** #endif
 955:Libs/mbedtls/library/ecp.c **** #if defined(MBEDTLS_ECP_SHORT_WEIERSTRASS_ENABLED)
 956:Libs/mbedtls/library/ecp.c ****     if (mbedtls_ecp_get_type(grp) == MBEDTLS_ECP_TYPE_SHORT_WEIERSTRASS) {
 957:Libs/mbedtls/library/ecp.c ****         if (buf[0] == 0x00) {
 958:Libs/mbedtls/library/ecp.c ****             if (ilen == 1) {
 959:Libs/mbedtls/library/ecp.c ****                 return mbedtls_ecp_set_zero(pt);
 960:Libs/mbedtls/library/ecp.c ****             } else {
 961:Libs/mbedtls/library/ecp.c ****                 return MBEDTLS_ERR_ECP_BAD_INPUT_DATA;
 962:Libs/mbedtls/library/ecp.c ****             }
 963:Libs/mbedtls/library/ecp.c ****         }
 964:Libs/mbedtls/library/ecp.c **** 
 965:Libs/mbedtls/library/ecp.c ****         if (buf[0] != 0x04) {
 966:Libs/mbedtls/library/ecp.c ****             return MBEDTLS_ERR_ECP_FEATURE_UNAVAILABLE;
 967:Libs/mbedtls/library/ecp.c ****         }
 968:Libs/mbedtls/library/ecp.c **** 
 969:Libs/mbedtls/library/ecp.c ****         if (ilen != 2 * plen + 1) {
 970:Libs/mbedtls/library/ecp.c ****             return MBEDTLS_ERR_ECP_BAD_INPUT_DATA;
 971:Libs/mbedtls/library/ecp.c ****         }
 972:Libs/mbedtls/library/ecp.c **** 
 973:Libs/mbedtls/library/ecp.c ****         MBEDTLS_MPI_CHK(mbedtls_mpi_read_binary(&pt->X, buf + 1, plen));
 974:Libs/mbedtls/library/ecp.c ****         MBEDTLS_MPI_CHK(mbedtls_mpi_read_binary(&pt->Y,
 975:Libs/mbedtls/library/ecp.c ****                                                 buf + 1 + plen, plen));
 976:Libs/mbedtls/library/ecp.c ****         MBEDTLS_MPI_CHK(mbedtls_mpi_lset(&pt->Z, 1));
 977:Libs/mbedtls/library/ecp.c ****     }
 978:Libs/mbedtls/library/ecp.c **** #endif
 979:Libs/mbedtls/library/ecp.c **** 
 980:Libs/mbedtls/library/ecp.c **** cleanup:
 981:Libs/mbedtls/library/ecp.c ****     return ret;
 982:Libs/mbedtls/library/ecp.c **** }
 983:Libs/mbedtls/library/ecp.c **** 
 984:Libs/mbedtls/library/ecp.c **** /*
 985:Libs/mbedtls/library/ecp.c ****  * Import a point from a TLS ECPoint record (RFC 4492)
 986:Libs/mbedtls/library/ecp.c ****  *      struct {
 987:Libs/mbedtls/library/ecp.c ****  *          opaque point <1..2^8-1>;
 988:Libs/mbedtls/library/ecp.c ****  *      } ECPoint;
 989:Libs/mbedtls/library/ecp.c ****  */
 990:Libs/mbedtls/library/ecp.c **** int mbedtls_ecp_tls_read_point(const mbedtls_ecp_group *grp,
 991:Libs/mbedtls/library/ecp.c ****                                mbedtls_ecp_point *pt,
 992:Libs/mbedtls/library/ecp.c ****                                const unsigned char **buf, size_t buf_len)
 993:Libs/mbedtls/library/ecp.c **** {
 994:Libs/mbedtls/library/ecp.c ****     unsigned char data_len;
 995:Libs/mbedtls/library/ecp.c ****     const unsigned char *buf_start;
 996:Libs/mbedtls/library/ecp.c ****     ECP_VALIDATE_RET(grp != NULL);
 997:Libs/mbedtls/library/ecp.c ****     ECP_VALIDATE_RET(pt  != NULL);
 998:Libs/mbedtls/library/ecp.c ****     ECP_VALIDATE_RET(buf != NULL);
 999:Libs/mbedtls/library/ecp.c ****     ECP_VALIDATE_RET(buf_len == 0 || *buf != NULL);
1000:Libs/mbedtls/library/ecp.c **** 
ARM GAS  C:\Users\nicx5\AppData\Local\Temp\ccosdxRQ.s 			page 19


1001:Libs/mbedtls/library/ecp.c ****     /*
1002:Libs/mbedtls/library/ecp.c ****      * We must have at least two bytes (1 for length, at least one for data)
1003:Libs/mbedtls/library/ecp.c ****      */
1004:Libs/mbedtls/library/ecp.c ****     if (buf_len < 2) {
1005:Libs/mbedtls/library/ecp.c ****         return MBEDTLS_ERR_ECP_BAD_INPUT_DATA;
1006:Libs/mbedtls/library/ecp.c ****     }
1007:Libs/mbedtls/library/ecp.c **** 
1008:Libs/mbedtls/library/ecp.c ****     data_len = *(*buf)++;
1009:Libs/mbedtls/library/ecp.c ****     if (data_len < 1 || data_len > buf_len - 1) {
1010:Libs/mbedtls/library/ecp.c ****         return MBEDTLS_ERR_ECP_BAD_INPUT_DATA;
1011:Libs/mbedtls/library/ecp.c ****     }
1012:Libs/mbedtls/library/ecp.c **** 
1013:Libs/mbedtls/library/ecp.c ****     /*
1014:Libs/mbedtls/library/ecp.c ****      * Save buffer start for read_binary and update buf
1015:Libs/mbedtls/library/ecp.c ****      */
1016:Libs/mbedtls/library/ecp.c ****     buf_start = *buf;
1017:Libs/mbedtls/library/ecp.c ****     *buf += data_len;
1018:Libs/mbedtls/library/ecp.c **** 
1019:Libs/mbedtls/library/ecp.c ****     return mbedtls_ecp_point_read_binary(grp, pt, buf_start, data_len);
1020:Libs/mbedtls/library/ecp.c **** }
1021:Libs/mbedtls/library/ecp.c **** 
1022:Libs/mbedtls/library/ecp.c **** /*
1023:Libs/mbedtls/library/ecp.c ****  * Export a point as a TLS ECPoint record (RFC 4492)
1024:Libs/mbedtls/library/ecp.c ****  *      struct {
1025:Libs/mbedtls/library/ecp.c ****  *          opaque point <1..2^8-1>;
1026:Libs/mbedtls/library/ecp.c ****  *      } ECPoint;
1027:Libs/mbedtls/library/ecp.c ****  */
1028:Libs/mbedtls/library/ecp.c **** int mbedtls_ecp_tls_write_point(const mbedtls_ecp_group *grp, const mbedtls_ecp_point *pt,
1029:Libs/mbedtls/library/ecp.c ****                                 int format, size_t *olen,
1030:Libs/mbedtls/library/ecp.c ****                                 unsigned char *buf, size_t blen)
1031:Libs/mbedtls/library/ecp.c **** {
1032:Libs/mbedtls/library/ecp.c ****     int ret = MBEDTLS_ERR_ERROR_CORRUPTION_DETECTED;
1033:Libs/mbedtls/library/ecp.c ****     ECP_VALIDATE_RET(grp  != NULL);
1034:Libs/mbedtls/library/ecp.c ****     ECP_VALIDATE_RET(pt   != NULL);
1035:Libs/mbedtls/library/ecp.c ****     ECP_VALIDATE_RET(olen != NULL);
1036:Libs/mbedtls/library/ecp.c ****     ECP_VALIDATE_RET(buf  != NULL);
1037:Libs/mbedtls/library/ecp.c ****     ECP_VALIDATE_RET(format == MBEDTLS_ECP_PF_UNCOMPRESSED ||
1038:Libs/mbedtls/library/ecp.c ****                      format == MBEDTLS_ECP_PF_COMPRESSED);
1039:Libs/mbedtls/library/ecp.c **** 
1040:Libs/mbedtls/library/ecp.c ****     /*
1041:Libs/mbedtls/library/ecp.c ****      * buffer length must be at least one, for our length byte
1042:Libs/mbedtls/library/ecp.c ****      */
1043:Libs/mbedtls/library/ecp.c ****     if (blen < 1) {
1044:Libs/mbedtls/library/ecp.c ****         return MBEDTLS_ERR_ECP_BAD_INPUT_DATA;
1045:Libs/mbedtls/library/ecp.c ****     }
1046:Libs/mbedtls/library/ecp.c **** 
1047:Libs/mbedtls/library/ecp.c ****     if ((ret = mbedtls_ecp_point_write_binary(grp, pt, format,
1048:Libs/mbedtls/library/ecp.c ****                                               olen, buf + 1, blen - 1)) != 0) {
1049:Libs/mbedtls/library/ecp.c ****         return ret;
1050:Libs/mbedtls/library/ecp.c ****     }
1051:Libs/mbedtls/library/ecp.c **** 
1052:Libs/mbedtls/library/ecp.c ****     /*
1053:Libs/mbedtls/library/ecp.c ****      * write length to the first byte and update total length
1054:Libs/mbedtls/library/ecp.c ****      */
1055:Libs/mbedtls/library/ecp.c ****     buf[0] = (unsigned char) *olen;
1056:Libs/mbedtls/library/ecp.c ****     ++*olen;
1057:Libs/mbedtls/library/ecp.c **** 
ARM GAS  C:\Users\nicx5\AppData\Local\Temp\ccosdxRQ.s 			page 20


1058:Libs/mbedtls/library/ecp.c ****     return 0;
1059:Libs/mbedtls/library/ecp.c **** }
1060:Libs/mbedtls/library/ecp.c **** 
1061:Libs/mbedtls/library/ecp.c **** /*
1062:Libs/mbedtls/library/ecp.c ****  * Set a group from an ECParameters record (RFC 4492)
1063:Libs/mbedtls/library/ecp.c ****  */
1064:Libs/mbedtls/library/ecp.c **** int mbedtls_ecp_tls_read_group(mbedtls_ecp_group *grp,
1065:Libs/mbedtls/library/ecp.c ****                                const unsigned char **buf, size_t len)
1066:Libs/mbedtls/library/ecp.c **** {
1067:Libs/mbedtls/library/ecp.c ****     int ret = MBEDTLS_ERR_ERROR_CORRUPTION_DETECTED;
1068:Libs/mbedtls/library/ecp.c ****     mbedtls_ecp_group_id grp_id;
1069:Libs/mbedtls/library/ecp.c ****     ECP_VALIDATE_RET(grp  != NULL);
1070:Libs/mbedtls/library/ecp.c ****     ECP_VALIDATE_RET(buf  != NULL);
1071:Libs/mbedtls/library/ecp.c ****     ECP_VALIDATE_RET(len == 0 || *buf != NULL);
1072:Libs/mbedtls/library/ecp.c **** 
1073:Libs/mbedtls/library/ecp.c ****     if ((ret = mbedtls_ecp_tls_read_group_id(&grp_id, buf, len)) != 0) {
1074:Libs/mbedtls/library/ecp.c ****         return ret;
1075:Libs/mbedtls/library/ecp.c ****     }
1076:Libs/mbedtls/library/ecp.c **** 
1077:Libs/mbedtls/library/ecp.c ****     return mbedtls_ecp_group_load(grp, grp_id);
1078:Libs/mbedtls/library/ecp.c **** }
1079:Libs/mbedtls/library/ecp.c **** 
1080:Libs/mbedtls/library/ecp.c **** /*
1081:Libs/mbedtls/library/ecp.c ****  * Read a group id from an ECParameters record (RFC 4492) and convert it to
1082:Libs/mbedtls/library/ecp.c ****  * mbedtls_ecp_group_id.
1083:Libs/mbedtls/library/ecp.c ****  */
1084:Libs/mbedtls/library/ecp.c **** int mbedtls_ecp_tls_read_group_id(mbedtls_ecp_group_id *grp,
1085:Libs/mbedtls/library/ecp.c ****                                   const unsigned char **buf, size_t len)
1086:Libs/mbedtls/library/ecp.c **** {
1087:Libs/mbedtls/library/ecp.c ****     uint16_t tls_id;
1088:Libs/mbedtls/library/ecp.c ****     const mbedtls_ecp_curve_info *curve_info;
1089:Libs/mbedtls/library/ecp.c ****     ECP_VALIDATE_RET(grp  != NULL);
1090:Libs/mbedtls/library/ecp.c ****     ECP_VALIDATE_RET(buf  != NULL);
1091:Libs/mbedtls/library/ecp.c ****     ECP_VALIDATE_RET(len == 0 || *buf != NULL);
1092:Libs/mbedtls/library/ecp.c **** 
1093:Libs/mbedtls/library/ecp.c ****     /*
1094:Libs/mbedtls/library/ecp.c ****      * We expect at least three bytes (see below)
1095:Libs/mbedtls/library/ecp.c ****      */
1096:Libs/mbedtls/library/ecp.c ****     if (len < 3) {
1097:Libs/mbedtls/library/ecp.c ****         return MBEDTLS_ERR_ECP_BAD_INPUT_DATA;
1098:Libs/mbedtls/library/ecp.c ****     }
1099:Libs/mbedtls/library/ecp.c **** 
1100:Libs/mbedtls/library/ecp.c ****     /*
1101:Libs/mbedtls/library/ecp.c ****      * First byte is curve_type; only named_curve is handled
1102:Libs/mbedtls/library/ecp.c ****      */
1103:Libs/mbedtls/library/ecp.c ****     if (*(*buf)++ != MBEDTLS_ECP_TLS_NAMED_CURVE) {
1104:Libs/mbedtls/library/ecp.c ****         return MBEDTLS_ERR_ECP_BAD_INPUT_DATA;
1105:Libs/mbedtls/library/ecp.c ****     }
1106:Libs/mbedtls/library/ecp.c **** 
1107:Libs/mbedtls/library/ecp.c ****     /*
1108:Libs/mbedtls/library/ecp.c ****      * Next two bytes are the namedcurve value
1109:Libs/mbedtls/library/ecp.c ****      */
1110:Libs/mbedtls/library/ecp.c ****     tls_id = *(*buf)++;
1111:Libs/mbedtls/library/ecp.c ****     tls_id <<= 8;
1112:Libs/mbedtls/library/ecp.c ****     tls_id |= *(*buf)++;
1113:Libs/mbedtls/library/ecp.c **** 
1114:Libs/mbedtls/library/ecp.c ****     if ((curve_info = mbedtls_ecp_curve_info_from_tls_id(tls_id)) == NULL) {
ARM GAS  C:\Users\nicx5\AppData\Local\Temp\ccosdxRQ.s 			page 21


1115:Libs/mbedtls/library/ecp.c ****         return MBEDTLS_ERR_ECP_FEATURE_UNAVAILABLE;
1116:Libs/mbedtls/library/ecp.c ****     }
1117:Libs/mbedtls/library/ecp.c **** 
1118:Libs/mbedtls/library/ecp.c ****     *grp = curve_info->grp_id;
1119:Libs/mbedtls/library/ecp.c **** 
1120:Libs/mbedtls/library/ecp.c ****     return 0;
1121:Libs/mbedtls/library/ecp.c **** }
1122:Libs/mbedtls/library/ecp.c **** 
1123:Libs/mbedtls/library/ecp.c **** /*
1124:Libs/mbedtls/library/ecp.c ****  * Write the ECParameters record corresponding to a group (RFC 4492)
1125:Libs/mbedtls/library/ecp.c ****  */
1126:Libs/mbedtls/library/ecp.c **** int mbedtls_ecp_tls_write_group(const mbedtls_ecp_group *grp, size_t *olen,
1127:Libs/mbedtls/library/ecp.c ****                                 unsigned char *buf, size_t blen)
1128:Libs/mbedtls/library/ecp.c **** {
1129:Libs/mbedtls/library/ecp.c ****     const mbedtls_ecp_curve_info *curve_info;
1130:Libs/mbedtls/library/ecp.c ****     ECP_VALIDATE_RET(grp  != NULL);
1131:Libs/mbedtls/library/ecp.c ****     ECP_VALIDATE_RET(buf  != NULL);
1132:Libs/mbedtls/library/ecp.c ****     ECP_VALIDATE_RET(olen != NULL);
1133:Libs/mbedtls/library/ecp.c **** 
1134:Libs/mbedtls/library/ecp.c ****     if ((curve_info = mbedtls_ecp_curve_info_from_grp_id(grp->id)) == NULL) {
1135:Libs/mbedtls/library/ecp.c ****         return MBEDTLS_ERR_ECP_BAD_INPUT_DATA;
1136:Libs/mbedtls/library/ecp.c ****     }
1137:Libs/mbedtls/library/ecp.c **** 
1138:Libs/mbedtls/library/ecp.c ****     /*
1139:Libs/mbedtls/library/ecp.c ****      * We are going to write 3 bytes (see below)
1140:Libs/mbedtls/library/ecp.c ****      */
1141:Libs/mbedtls/library/ecp.c ****     *olen = 3;
1142:Libs/mbedtls/library/ecp.c ****     if (blen < *olen) {
1143:Libs/mbedtls/library/ecp.c ****         return MBEDTLS_ERR_ECP_BUFFER_TOO_SMALL;
1144:Libs/mbedtls/library/ecp.c ****     }
1145:Libs/mbedtls/library/ecp.c **** 
1146:Libs/mbedtls/library/ecp.c ****     /*
1147:Libs/mbedtls/library/ecp.c ****      * First byte is curve_type, always named_curve
1148:Libs/mbedtls/library/ecp.c ****      */
1149:Libs/mbedtls/library/ecp.c ****     *buf++ = MBEDTLS_ECP_TLS_NAMED_CURVE;
1150:Libs/mbedtls/library/ecp.c **** 
1151:Libs/mbedtls/library/ecp.c ****     /*
1152:Libs/mbedtls/library/ecp.c ****      * Next two bytes are the namedcurve value
1153:Libs/mbedtls/library/ecp.c ****      */
1154:Libs/mbedtls/library/ecp.c ****     MBEDTLS_PUT_UINT16_BE(curve_info->tls_id, buf, 0);
1155:Libs/mbedtls/library/ecp.c **** 
1156:Libs/mbedtls/library/ecp.c ****     return 0;
1157:Libs/mbedtls/library/ecp.c **** }
1158:Libs/mbedtls/library/ecp.c **** 
1159:Libs/mbedtls/library/ecp.c **** /*
1160:Libs/mbedtls/library/ecp.c ****  * Wrapper around fast quasi-modp functions, with fall-back to mbedtls_mpi_mod_mpi.
1161:Libs/mbedtls/library/ecp.c ****  * See the documentation of struct mbedtls_ecp_group.
1162:Libs/mbedtls/library/ecp.c ****  *
1163:Libs/mbedtls/library/ecp.c ****  * This function is in the critial loop for mbedtls_ecp_mul, so pay attention to perf.
1164:Libs/mbedtls/library/ecp.c ****  */
1165:Libs/mbedtls/library/ecp.c **** static int ecp_modp(mbedtls_mpi *N, const mbedtls_ecp_group *grp)
1166:Libs/mbedtls/library/ecp.c **** {
1167:Libs/mbedtls/library/ecp.c ****     int ret = MBEDTLS_ERR_ERROR_CORRUPTION_DETECTED;
1168:Libs/mbedtls/library/ecp.c **** 
1169:Libs/mbedtls/library/ecp.c ****     if (grp->modp == NULL) {
1170:Libs/mbedtls/library/ecp.c ****         return mbedtls_mpi_mod_mpi(N, N, &grp->P);
1171:Libs/mbedtls/library/ecp.c ****     }
ARM GAS  C:\Users\nicx5\AppData\Local\Temp\ccosdxRQ.s 			page 22


1172:Libs/mbedtls/library/ecp.c **** 
1173:Libs/mbedtls/library/ecp.c ****     /* N->s < 0 is a much faster test, which fails only if N is 0 */
1174:Libs/mbedtls/library/ecp.c ****     if ((N->s < 0 && mbedtls_mpi_cmp_int(N, 0) != 0) ||
1175:Libs/mbedtls/library/ecp.c ****         mbedtls_mpi_bitlen(N) > 2 * grp->pbits) {
1176:Libs/mbedtls/library/ecp.c ****         return MBEDTLS_ERR_ECP_BAD_INPUT_DATA;
1177:Libs/mbedtls/library/ecp.c ****     }
1178:Libs/mbedtls/library/ecp.c **** 
1179:Libs/mbedtls/library/ecp.c ****     MBEDTLS_MPI_CHK(grp->modp(N));
1180:Libs/mbedtls/library/ecp.c **** 
1181:Libs/mbedtls/library/ecp.c ****     /* N->s < 0 is a much faster test, which fails only if N is 0 */
1182:Libs/mbedtls/library/ecp.c ****     while (N->s < 0 && mbedtls_mpi_cmp_int(N, 0) != 0) {
1183:Libs/mbedtls/library/ecp.c ****         MBEDTLS_MPI_CHK(mbedtls_mpi_add_mpi(N, N, &grp->P));
1184:Libs/mbedtls/library/ecp.c ****     }
1185:Libs/mbedtls/library/ecp.c **** 
1186:Libs/mbedtls/library/ecp.c ****     while (mbedtls_mpi_cmp_mpi(N, &grp->P) >= 0) {
1187:Libs/mbedtls/library/ecp.c ****         /* we known P, N and the result are positive */
1188:Libs/mbedtls/library/ecp.c ****         MBEDTLS_MPI_CHK(mbedtls_mpi_sub_abs(N, N, &grp->P));
1189:Libs/mbedtls/library/ecp.c ****     }
1190:Libs/mbedtls/library/ecp.c **** 
1191:Libs/mbedtls/library/ecp.c **** cleanup:
1192:Libs/mbedtls/library/ecp.c ****     return ret;
1193:Libs/mbedtls/library/ecp.c **** }
1194:Libs/mbedtls/library/ecp.c **** 
1195:Libs/mbedtls/library/ecp.c **** /*
1196:Libs/mbedtls/library/ecp.c ****  * Fast mod-p functions expect their argument to be in the 0..p^2 range.
1197:Libs/mbedtls/library/ecp.c ****  *
1198:Libs/mbedtls/library/ecp.c ****  * In order to guarantee that, we need to ensure that operands of
1199:Libs/mbedtls/library/ecp.c ****  * mbedtls_mpi_mul_mpi are in the 0..p range. So, after each operation we will
1200:Libs/mbedtls/library/ecp.c ****  * bring the result back to this range.
1201:Libs/mbedtls/library/ecp.c ****  *
1202:Libs/mbedtls/library/ecp.c ****  * The following macros are shortcuts for doing that.
1203:Libs/mbedtls/library/ecp.c ****  */
1204:Libs/mbedtls/library/ecp.c **** 
1205:Libs/mbedtls/library/ecp.c **** /*
1206:Libs/mbedtls/library/ecp.c ****  * Reduce a mbedtls_mpi mod p in-place, general case, to use after mbedtls_mpi_mul_mpi
1207:Libs/mbedtls/library/ecp.c ****  */
1208:Libs/mbedtls/library/ecp.c **** #if defined(MBEDTLS_SELF_TEST)
1209:Libs/mbedtls/library/ecp.c **** #define INC_MUL_COUNT   mul_count++;
1210:Libs/mbedtls/library/ecp.c **** #else
1211:Libs/mbedtls/library/ecp.c **** #define INC_MUL_COUNT
1212:Libs/mbedtls/library/ecp.c **** #endif
1213:Libs/mbedtls/library/ecp.c **** 
1214:Libs/mbedtls/library/ecp.c **** #define MOD_MUL(N)                                                    \
1215:Libs/mbedtls/library/ecp.c ****     do                                                                  \
1216:Libs/mbedtls/library/ecp.c ****     {                                                                   \
1217:Libs/mbedtls/library/ecp.c ****         MBEDTLS_MPI_CHK(ecp_modp(&(N), grp));                       \
1218:Libs/mbedtls/library/ecp.c ****         INC_MUL_COUNT                                                   \
1219:Libs/mbedtls/library/ecp.c ****     } while (0)
1220:Libs/mbedtls/library/ecp.c **** 
1221:Libs/mbedtls/library/ecp.c **** static inline int mbedtls_mpi_mul_mod(const mbedtls_ecp_group *grp,
1222:Libs/mbedtls/library/ecp.c ****                                       mbedtls_mpi *X,
1223:Libs/mbedtls/library/ecp.c ****                                       const mbedtls_mpi *A,
1224:Libs/mbedtls/library/ecp.c ****                                       const mbedtls_mpi *B)
1225:Libs/mbedtls/library/ecp.c **** {
1226:Libs/mbedtls/library/ecp.c ****     int ret = MBEDTLS_ERR_ERROR_CORRUPTION_DETECTED;
1227:Libs/mbedtls/library/ecp.c ****     MBEDTLS_MPI_CHK(mbedtls_mpi_mul_mpi(X, A, B));
1228:Libs/mbedtls/library/ecp.c ****     MOD_MUL(*X);
ARM GAS  C:\Users\nicx5\AppData\Local\Temp\ccosdxRQ.s 			page 23


1229:Libs/mbedtls/library/ecp.c **** cleanup:
1230:Libs/mbedtls/library/ecp.c ****     return ret;
1231:Libs/mbedtls/library/ecp.c **** }
1232:Libs/mbedtls/library/ecp.c **** 
1233:Libs/mbedtls/library/ecp.c **** /*
1234:Libs/mbedtls/library/ecp.c ****  * Reduce a mbedtls_mpi mod p in-place, to use after mbedtls_mpi_sub_mpi
1235:Libs/mbedtls/library/ecp.c ****  * N->s < 0 is a very fast test, which fails only if N is 0
1236:Libs/mbedtls/library/ecp.c ****  */
1237:Libs/mbedtls/library/ecp.c **** #define MOD_SUB(N)                                                    \
1238:Libs/mbedtls/library/ecp.c ****     while ((N).s < 0 && mbedtls_mpi_cmp_int(&(N), 0) != 0)           \
1239:Libs/mbedtls/library/ecp.c ****     MBEDTLS_MPI_CHK(mbedtls_mpi_add_mpi(&(N), &(N), &grp->P))
1240:Libs/mbedtls/library/ecp.c **** 
1241:Libs/mbedtls/library/ecp.c **** #if (defined(MBEDTLS_ECP_SHORT_WEIERSTRASS_ENABLED) && \
1242:Libs/mbedtls/library/ecp.c ****     !(defined(MBEDTLS_ECP_NO_FALLBACK) && \
1243:Libs/mbedtls/library/ecp.c ****     defined(MBEDTLS_ECP_DOUBLE_JAC_ALT) && \
1244:Libs/mbedtls/library/ecp.c ****     defined(MBEDTLS_ECP_ADD_MIXED_ALT))) || \
1245:Libs/mbedtls/library/ecp.c ****     (defined(MBEDTLS_ECP_MONTGOMERY_ENABLED) && \
1246:Libs/mbedtls/library/ecp.c ****     !(defined(MBEDTLS_ECP_NO_FALLBACK) && \
1247:Libs/mbedtls/library/ecp.c ****     defined(MBEDTLS_ECP_DOUBLE_ADD_MXZ_ALT)))
1248:Libs/mbedtls/library/ecp.c **** static inline int mbedtls_mpi_sub_mod(const mbedtls_ecp_group *grp,
1249:Libs/mbedtls/library/ecp.c ****                                       mbedtls_mpi *X,
1250:Libs/mbedtls/library/ecp.c ****                                       const mbedtls_mpi *A,
1251:Libs/mbedtls/library/ecp.c ****                                       const mbedtls_mpi *B)
1252:Libs/mbedtls/library/ecp.c **** {
1253:Libs/mbedtls/library/ecp.c ****     int ret = MBEDTLS_ERR_ERROR_CORRUPTION_DETECTED;
1254:Libs/mbedtls/library/ecp.c ****     MBEDTLS_MPI_CHK(mbedtls_mpi_sub_mpi(X, A, B));
1255:Libs/mbedtls/library/ecp.c ****     MOD_SUB(*X);
1256:Libs/mbedtls/library/ecp.c **** cleanup:
1257:Libs/mbedtls/library/ecp.c ****     return ret;
1258:Libs/mbedtls/library/ecp.c **** }
1259:Libs/mbedtls/library/ecp.c **** #endif /* All functions referencing mbedtls_mpi_sub_mod() are alt-implemented without fallback */
1260:Libs/mbedtls/library/ecp.c **** 
1261:Libs/mbedtls/library/ecp.c **** /*
1262:Libs/mbedtls/library/ecp.c ****  * Reduce a mbedtls_mpi mod p in-place, to use after mbedtls_mpi_add_mpi and mbedtls_mpi_mul_int.
1263:Libs/mbedtls/library/ecp.c ****  * We known P, N and the result are positive, so sub_abs is correct, and
1264:Libs/mbedtls/library/ecp.c ****  * a bit faster.
1265:Libs/mbedtls/library/ecp.c ****  */
1266:Libs/mbedtls/library/ecp.c **** #define MOD_ADD(N)                                                    \
1267:Libs/mbedtls/library/ecp.c ****     while (mbedtls_mpi_cmp_mpi(&(N), &grp->P) >= 0)                  \
1268:Libs/mbedtls/library/ecp.c ****     MBEDTLS_MPI_CHK(mbedtls_mpi_sub_abs(&(N), &(N), &grp->P))
1269:Libs/mbedtls/library/ecp.c **** 
1270:Libs/mbedtls/library/ecp.c **** static inline int mbedtls_mpi_add_mod(const mbedtls_ecp_group *grp,
1271:Libs/mbedtls/library/ecp.c ****                                       mbedtls_mpi *X,
1272:Libs/mbedtls/library/ecp.c ****                                       const mbedtls_mpi *A,
1273:Libs/mbedtls/library/ecp.c ****                                       const mbedtls_mpi *B)
1274:Libs/mbedtls/library/ecp.c **** {
1275:Libs/mbedtls/library/ecp.c ****     int ret = MBEDTLS_ERR_ERROR_CORRUPTION_DETECTED;
1276:Libs/mbedtls/library/ecp.c ****     MBEDTLS_MPI_CHK(mbedtls_mpi_add_mpi(X, A, B));
1277:Libs/mbedtls/library/ecp.c ****     MOD_ADD(*X);
1278:Libs/mbedtls/library/ecp.c **** cleanup:
1279:Libs/mbedtls/library/ecp.c ****     return ret;
1280:Libs/mbedtls/library/ecp.c **** }
1281:Libs/mbedtls/library/ecp.c **** 
1282:Libs/mbedtls/library/ecp.c **** #if defined(MBEDTLS_ECP_SHORT_WEIERSTRASS_ENABLED) && \
1283:Libs/mbedtls/library/ecp.c ****     !(defined(MBEDTLS_ECP_NO_FALLBACK) && \
1284:Libs/mbedtls/library/ecp.c ****     defined(MBEDTLS_ECP_DOUBLE_JAC_ALT) && \
1285:Libs/mbedtls/library/ecp.c ****     defined(MBEDTLS_ECP_ADD_MIXED_ALT))
ARM GAS  C:\Users\nicx5\AppData\Local\Temp\ccosdxRQ.s 			page 24


1286:Libs/mbedtls/library/ecp.c **** static inline int mbedtls_mpi_shift_l_mod(const mbedtls_ecp_group *grp,
1287:Libs/mbedtls/library/ecp.c ****                                           mbedtls_mpi *X,
1288:Libs/mbedtls/library/ecp.c ****                                           size_t count)
1289:Libs/mbedtls/library/ecp.c **** {
1290:Libs/mbedtls/library/ecp.c ****     int ret = MBEDTLS_ERR_ERROR_CORRUPTION_DETECTED;
1291:Libs/mbedtls/library/ecp.c ****     MBEDTLS_MPI_CHK(mbedtls_mpi_shift_l(X, count));
1292:Libs/mbedtls/library/ecp.c ****     MOD_ADD(*X);
1293:Libs/mbedtls/library/ecp.c **** cleanup:
1294:Libs/mbedtls/library/ecp.c ****     return ret;
1295:Libs/mbedtls/library/ecp.c **** }
1296:Libs/mbedtls/library/ecp.c **** #endif \
1297:Libs/mbedtls/library/ecp.c ****     /* All functions referencing mbedtls_mpi_shift_l_mod() are alt-implemented without fallback */
1298:Libs/mbedtls/library/ecp.c **** 
1299:Libs/mbedtls/library/ecp.c **** #if defined(MBEDTLS_ECP_SHORT_WEIERSTRASS_ENABLED)
1300:Libs/mbedtls/library/ecp.c **** /*
1301:Libs/mbedtls/library/ecp.c ****  * For curves in short Weierstrass form, we do all the internal operations in
1302:Libs/mbedtls/library/ecp.c ****  * Jacobian coordinates.
1303:Libs/mbedtls/library/ecp.c ****  *
1304:Libs/mbedtls/library/ecp.c ****  * For multiplication, we'll use a comb method with countermeasures against
1305:Libs/mbedtls/library/ecp.c ****  * SPA, hence timing attacks.
1306:Libs/mbedtls/library/ecp.c ****  */
1307:Libs/mbedtls/library/ecp.c **** 
1308:Libs/mbedtls/library/ecp.c **** /*
1309:Libs/mbedtls/library/ecp.c ****  * Normalize jacobian coordinates so that Z == 0 || Z == 1  (GECC 3.2.1)
1310:Libs/mbedtls/library/ecp.c ****  * Cost: 1N := 1I + 3M + 1S
1311:Libs/mbedtls/library/ecp.c ****  */
1312:Libs/mbedtls/library/ecp.c **** static int ecp_normalize_jac(const mbedtls_ecp_group *grp, mbedtls_ecp_point *pt)
1313:Libs/mbedtls/library/ecp.c **** {
1314:Libs/mbedtls/library/ecp.c ****     if (mbedtls_mpi_cmp_int(&pt->Z, 0) == 0) {
1315:Libs/mbedtls/library/ecp.c ****         return 0;
1316:Libs/mbedtls/library/ecp.c ****     }
1317:Libs/mbedtls/library/ecp.c **** 
1318:Libs/mbedtls/library/ecp.c **** #if defined(MBEDTLS_ECP_NORMALIZE_JAC_ALT)
1319:Libs/mbedtls/library/ecp.c ****     if (mbedtls_internal_ecp_grp_capable(grp)) {
1320:Libs/mbedtls/library/ecp.c ****         return mbedtls_internal_ecp_normalize_jac(grp, pt);
1321:Libs/mbedtls/library/ecp.c ****     }
1322:Libs/mbedtls/library/ecp.c **** #endif /* MBEDTLS_ECP_NORMALIZE_JAC_ALT */
1323:Libs/mbedtls/library/ecp.c **** 
1324:Libs/mbedtls/library/ecp.c **** #if defined(MBEDTLS_ECP_NO_FALLBACK) && defined(MBEDTLS_ECP_NORMALIZE_JAC_ALT)
1325:Libs/mbedtls/library/ecp.c ****     return MBEDTLS_ERR_ECP_FEATURE_UNAVAILABLE;
1326:Libs/mbedtls/library/ecp.c **** #else
1327:Libs/mbedtls/library/ecp.c ****     int ret = MBEDTLS_ERR_ERROR_CORRUPTION_DETECTED;
1328:Libs/mbedtls/library/ecp.c ****     mbedtls_mpi Zi, ZZi;
1329:Libs/mbedtls/library/ecp.c ****     mbedtls_mpi_init(&Zi); mbedtls_mpi_init(&ZZi);
1330:Libs/mbedtls/library/ecp.c **** 
1331:Libs/mbedtls/library/ecp.c ****     /*
1332:Libs/mbedtls/library/ecp.c ****      * X = X / Z^2  mod p
1333:Libs/mbedtls/library/ecp.c ****      */
1334:Libs/mbedtls/library/ecp.c ****     MBEDTLS_MPI_CHK(mbedtls_mpi_inv_mod(&Zi,      &pt->Z,     &grp->P));
1335:Libs/mbedtls/library/ecp.c ****     MBEDTLS_MPI_CHK(mbedtls_mpi_mul_mod(grp, &ZZi,     &Zi,        &Zi));
1336:Libs/mbedtls/library/ecp.c ****     MBEDTLS_MPI_CHK(mbedtls_mpi_mul_mod(grp, &pt->X,   &pt->X,     &ZZi));
1337:Libs/mbedtls/library/ecp.c **** 
1338:Libs/mbedtls/library/ecp.c ****     /*
1339:Libs/mbedtls/library/ecp.c ****      * Y = Y / Z^3  mod p
1340:Libs/mbedtls/library/ecp.c ****      */
1341:Libs/mbedtls/library/ecp.c ****     MBEDTLS_MPI_CHK(mbedtls_mpi_mul_mod(grp, &pt->Y,   &pt->Y,     &ZZi));
1342:Libs/mbedtls/library/ecp.c ****     MBEDTLS_MPI_CHK(mbedtls_mpi_mul_mod(grp, &pt->Y,   &pt->Y,     &Zi));
ARM GAS  C:\Users\nicx5\AppData\Local\Temp\ccosdxRQ.s 			page 25


1343:Libs/mbedtls/library/ecp.c **** 
1344:Libs/mbedtls/library/ecp.c ****     /*
1345:Libs/mbedtls/library/ecp.c ****      * Z = 1
1346:Libs/mbedtls/library/ecp.c ****      */
1347:Libs/mbedtls/library/ecp.c ****     MBEDTLS_MPI_CHK(mbedtls_mpi_lset(&pt->Z, 1));
1348:Libs/mbedtls/library/ecp.c **** 
1349:Libs/mbedtls/library/ecp.c **** cleanup:
1350:Libs/mbedtls/library/ecp.c **** 
1351:Libs/mbedtls/library/ecp.c ****     mbedtls_mpi_free(&Zi); mbedtls_mpi_free(&ZZi);
1352:Libs/mbedtls/library/ecp.c **** 
1353:Libs/mbedtls/library/ecp.c ****     return ret;
1354:Libs/mbedtls/library/ecp.c **** #endif /* !defined(MBEDTLS_ECP_NO_FALLBACK) || !defined(MBEDTLS_ECP_NORMALIZE_JAC_ALT) */
1355:Libs/mbedtls/library/ecp.c **** }
1356:Libs/mbedtls/library/ecp.c **** 
1357:Libs/mbedtls/library/ecp.c **** /*
1358:Libs/mbedtls/library/ecp.c ****  * Normalize jacobian coordinates of an array of (pointers to) points,
1359:Libs/mbedtls/library/ecp.c ****  * using Montgomery's trick to perform only one inversion mod P.
1360:Libs/mbedtls/library/ecp.c ****  * (See for example Cohen's "A Course in Computational Algebraic Number
1361:Libs/mbedtls/library/ecp.c ****  * Theory", Algorithm 10.3.4.)
1362:Libs/mbedtls/library/ecp.c ****  *
1363:Libs/mbedtls/library/ecp.c ****  * Warning: fails (returning an error) if one of the points is zero!
1364:Libs/mbedtls/library/ecp.c ****  * This should never happen, see choice of w in ecp_mul_comb().
1365:Libs/mbedtls/library/ecp.c ****  *
1366:Libs/mbedtls/library/ecp.c ****  * Cost: 1N(t) := 1I + (6t - 3)M + 1S
1367:Libs/mbedtls/library/ecp.c ****  */
1368:Libs/mbedtls/library/ecp.c **** static int ecp_normalize_jac_many(const mbedtls_ecp_group *grp,
1369:Libs/mbedtls/library/ecp.c ****                                   mbedtls_ecp_point *T[], size_t T_size)
1370:Libs/mbedtls/library/ecp.c **** {
1371:Libs/mbedtls/library/ecp.c ****     if (T_size < 2) {
1372:Libs/mbedtls/library/ecp.c ****         return ecp_normalize_jac(grp, *T);
1373:Libs/mbedtls/library/ecp.c ****     }
1374:Libs/mbedtls/library/ecp.c **** 
1375:Libs/mbedtls/library/ecp.c **** #if defined(MBEDTLS_ECP_NORMALIZE_JAC_MANY_ALT)
1376:Libs/mbedtls/library/ecp.c ****     if (mbedtls_internal_ecp_grp_capable(grp)) {
1377:Libs/mbedtls/library/ecp.c ****         return mbedtls_internal_ecp_normalize_jac_many(grp, T, T_size);
1378:Libs/mbedtls/library/ecp.c ****     }
1379:Libs/mbedtls/library/ecp.c **** #endif
1380:Libs/mbedtls/library/ecp.c **** 
1381:Libs/mbedtls/library/ecp.c **** #if defined(MBEDTLS_ECP_NO_FALLBACK) && defined(MBEDTLS_ECP_NORMALIZE_JAC_MANY_ALT)
1382:Libs/mbedtls/library/ecp.c ****     return MBEDTLS_ERR_ECP_FEATURE_UNAVAILABLE;
1383:Libs/mbedtls/library/ecp.c **** #else
1384:Libs/mbedtls/library/ecp.c ****     int ret = MBEDTLS_ERR_ERROR_CORRUPTION_DETECTED;
1385:Libs/mbedtls/library/ecp.c ****     size_t i;
1386:Libs/mbedtls/library/ecp.c ****     mbedtls_mpi *c, u, Zi, ZZi;
1387:Libs/mbedtls/library/ecp.c **** 
1388:Libs/mbedtls/library/ecp.c ****     if ((c = mbedtls_calloc(T_size, sizeof(mbedtls_mpi))) == NULL) {
1389:Libs/mbedtls/library/ecp.c ****         return MBEDTLS_ERR_ECP_ALLOC_FAILED;
1390:Libs/mbedtls/library/ecp.c ****     }
1391:Libs/mbedtls/library/ecp.c **** 
1392:Libs/mbedtls/library/ecp.c ****     for (i = 0; i < T_size; i++) {
1393:Libs/mbedtls/library/ecp.c ****         mbedtls_mpi_init(&c[i]);
1394:Libs/mbedtls/library/ecp.c ****     }
1395:Libs/mbedtls/library/ecp.c **** 
1396:Libs/mbedtls/library/ecp.c ****     mbedtls_mpi_init(&u); mbedtls_mpi_init(&Zi); mbedtls_mpi_init(&ZZi);
1397:Libs/mbedtls/library/ecp.c **** 
1398:Libs/mbedtls/library/ecp.c ****     /*
1399:Libs/mbedtls/library/ecp.c ****      * c[i] = Z_0 * ... * Z_i
ARM GAS  C:\Users\nicx5\AppData\Local\Temp\ccosdxRQ.s 			page 26


1400:Libs/mbedtls/library/ecp.c ****      */
1401:Libs/mbedtls/library/ecp.c ****     MBEDTLS_MPI_CHK(mbedtls_mpi_copy(&c[0], &T[0]->Z));
1402:Libs/mbedtls/library/ecp.c ****     for (i = 1; i < T_size; i++) {
1403:Libs/mbedtls/library/ecp.c ****         MBEDTLS_MPI_CHK(mbedtls_mpi_mul_mod(grp, &c[i], &c[i-1], &T[i]->Z));
1404:Libs/mbedtls/library/ecp.c ****     }
1405:Libs/mbedtls/library/ecp.c **** 
1406:Libs/mbedtls/library/ecp.c ****     /*
1407:Libs/mbedtls/library/ecp.c ****      * u = 1 / (Z_0 * ... * Z_n) mod P
1408:Libs/mbedtls/library/ecp.c ****      */
1409:Libs/mbedtls/library/ecp.c ****     MBEDTLS_MPI_CHK(mbedtls_mpi_inv_mod(&u, &c[T_size-1], &grp->P));
1410:Libs/mbedtls/library/ecp.c **** 
1411:Libs/mbedtls/library/ecp.c ****     for (i = T_size - 1;; i--) {
1412:Libs/mbedtls/library/ecp.c ****         /*
1413:Libs/mbedtls/library/ecp.c ****          * Zi = 1 / Z_i mod p
1414:Libs/mbedtls/library/ecp.c ****          * u = 1 / (Z_0 * ... * Z_i) mod P
1415:Libs/mbedtls/library/ecp.c ****          */
1416:Libs/mbedtls/library/ecp.c ****         if (i == 0) {
1417:Libs/mbedtls/library/ecp.c ****             MBEDTLS_MPI_CHK(mbedtls_mpi_copy(&Zi, &u));
1418:Libs/mbedtls/library/ecp.c ****         } else {
1419:Libs/mbedtls/library/ecp.c ****             MBEDTLS_MPI_CHK(mbedtls_mpi_mul_mod(grp, &Zi, &u, &c[i-1]));
1420:Libs/mbedtls/library/ecp.c ****             MBEDTLS_MPI_CHK(mbedtls_mpi_mul_mod(grp, &u,  &u, &T[i]->Z));
1421:Libs/mbedtls/library/ecp.c ****         }
1422:Libs/mbedtls/library/ecp.c **** 
1423:Libs/mbedtls/library/ecp.c ****         /*
1424:Libs/mbedtls/library/ecp.c ****          * proceed as in normalize()
1425:Libs/mbedtls/library/ecp.c ****          */
1426:Libs/mbedtls/library/ecp.c ****         MBEDTLS_MPI_CHK(mbedtls_mpi_mul_mod(grp, &ZZi,     &Zi,      &Zi));
1427:Libs/mbedtls/library/ecp.c ****         MBEDTLS_MPI_CHK(mbedtls_mpi_mul_mod(grp, &T[i]->X, &T[i]->X, &ZZi));
1428:Libs/mbedtls/library/ecp.c ****         MBEDTLS_MPI_CHK(mbedtls_mpi_mul_mod(grp, &T[i]->Y, &T[i]->Y, &ZZi));
1429:Libs/mbedtls/library/ecp.c ****         MBEDTLS_MPI_CHK(mbedtls_mpi_mul_mod(grp, &T[i]->Y, &T[i]->Y, &Zi));
1430:Libs/mbedtls/library/ecp.c **** 
1431:Libs/mbedtls/library/ecp.c ****         /*
1432:Libs/mbedtls/library/ecp.c ****          * Post-precessing: reclaim some memory by shrinking coordinates
1433:Libs/mbedtls/library/ecp.c ****          * - not storing Z (always 1)
1434:Libs/mbedtls/library/ecp.c ****          * - shrinking other coordinates, but still keeping the same number of
1435:Libs/mbedtls/library/ecp.c ****          *   limbs as P, as otherwise it will too likely be regrown too fast.
1436:Libs/mbedtls/library/ecp.c ****          */
1437:Libs/mbedtls/library/ecp.c ****         MBEDTLS_MPI_CHK(mbedtls_mpi_shrink(&T[i]->X, grp->P.n));
1438:Libs/mbedtls/library/ecp.c ****         MBEDTLS_MPI_CHK(mbedtls_mpi_shrink(&T[i]->Y, grp->P.n));
1439:Libs/mbedtls/library/ecp.c ****         mbedtls_mpi_free(&T[i]->Z);
1440:Libs/mbedtls/library/ecp.c **** 
1441:Libs/mbedtls/library/ecp.c ****         if (i == 0) {
1442:Libs/mbedtls/library/ecp.c ****             break;
1443:Libs/mbedtls/library/ecp.c ****         }
1444:Libs/mbedtls/library/ecp.c ****     }
1445:Libs/mbedtls/library/ecp.c **** 
1446:Libs/mbedtls/library/ecp.c **** cleanup:
1447:Libs/mbedtls/library/ecp.c **** 
1448:Libs/mbedtls/library/ecp.c ****     mbedtls_mpi_free(&u); mbedtls_mpi_free(&Zi); mbedtls_mpi_free(&ZZi);
1449:Libs/mbedtls/library/ecp.c ****     for (i = 0; i < T_size; i++) {
1450:Libs/mbedtls/library/ecp.c ****         mbedtls_mpi_free(&c[i]);
1451:Libs/mbedtls/library/ecp.c ****     }
1452:Libs/mbedtls/library/ecp.c ****     mbedtls_free(c);
1453:Libs/mbedtls/library/ecp.c **** 
1454:Libs/mbedtls/library/ecp.c ****     return ret;
1455:Libs/mbedtls/library/ecp.c **** #endif /* !defined(MBEDTLS_ECP_NO_FALLBACK) || !defined(MBEDTLS_ECP_NORMALIZE_JAC_MANY_ALT) */
1456:Libs/mbedtls/library/ecp.c **** }
ARM GAS  C:\Users\nicx5\AppData\Local\Temp\ccosdxRQ.s 			page 27


1457:Libs/mbedtls/library/ecp.c **** 
1458:Libs/mbedtls/library/ecp.c **** /*
1459:Libs/mbedtls/library/ecp.c ****  * Conditional point inversion: Q -> -Q = (Q.X, -Q.Y, Q.Z) without leak.
1460:Libs/mbedtls/library/ecp.c ****  * "inv" must be 0 (don't invert) or 1 (invert) or the result will be invalid
1461:Libs/mbedtls/library/ecp.c ****  */
1462:Libs/mbedtls/library/ecp.c **** static int ecp_safe_invert_jac(const mbedtls_ecp_group *grp,
1463:Libs/mbedtls/library/ecp.c ****                                mbedtls_ecp_point *Q,
1464:Libs/mbedtls/library/ecp.c ****                                unsigned char inv)
1465:Libs/mbedtls/library/ecp.c **** {
1466:Libs/mbedtls/library/ecp.c ****     int ret = MBEDTLS_ERR_ERROR_CORRUPTION_DETECTED;
1467:Libs/mbedtls/library/ecp.c ****     unsigned char nonzero;
1468:Libs/mbedtls/library/ecp.c ****     mbedtls_mpi mQY;
1469:Libs/mbedtls/library/ecp.c **** 
1470:Libs/mbedtls/library/ecp.c ****     mbedtls_mpi_init(&mQY);
1471:Libs/mbedtls/library/ecp.c **** 
1472:Libs/mbedtls/library/ecp.c ****     /* Use the fact that -Q.Y mod P = P - Q.Y unless Q.Y == 0 */
1473:Libs/mbedtls/library/ecp.c ****     MBEDTLS_MPI_CHK(mbedtls_mpi_sub_mpi(&mQY, &grp->P, &Q->Y));
1474:Libs/mbedtls/library/ecp.c ****     nonzero = mbedtls_mpi_cmp_int(&Q->Y, 0) != 0;
1475:Libs/mbedtls/library/ecp.c ****     MBEDTLS_MPI_CHK(mbedtls_mpi_safe_cond_assign(&Q->Y, &mQY, inv & nonzero));
1476:Libs/mbedtls/library/ecp.c **** 
1477:Libs/mbedtls/library/ecp.c **** cleanup:
1478:Libs/mbedtls/library/ecp.c ****     mbedtls_mpi_free(&mQY);
1479:Libs/mbedtls/library/ecp.c **** 
1480:Libs/mbedtls/library/ecp.c ****     return ret;
1481:Libs/mbedtls/library/ecp.c **** }
1482:Libs/mbedtls/library/ecp.c **** 
1483:Libs/mbedtls/library/ecp.c **** /*
1484:Libs/mbedtls/library/ecp.c ****  * Point doubling R = 2 P, Jacobian coordinates
1485:Libs/mbedtls/library/ecp.c ****  *
1486:Libs/mbedtls/library/ecp.c ****  * Based on http://www.hyperelliptic.org/EFD/g1p/auto-shortw-jacobian.html#doubling-dbl-1998-cmo-2 
1487:Libs/mbedtls/library/ecp.c ****  *
1488:Libs/mbedtls/library/ecp.c ****  * We follow the variable naming fairly closely. The formula variations that trade a MUL for a SQR
1489:Libs/mbedtls/library/ecp.c ****  * (plus a few ADDs) aren't useful as our bignum implementation doesn't distinguish squaring.
1490:Libs/mbedtls/library/ecp.c ****  *
1491:Libs/mbedtls/library/ecp.c ****  * Standard optimizations are applied when curve parameter A is one of { 0, -3 }.
1492:Libs/mbedtls/library/ecp.c ****  *
1493:Libs/mbedtls/library/ecp.c ****  * Cost: 1D := 3M + 4S          (A ==  0)
1494:Libs/mbedtls/library/ecp.c ****  *             4M + 4S          (A == -3)
1495:Libs/mbedtls/library/ecp.c ****  *             3M + 6S + 1a     otherwise
1496:Libs/mbedtls/library/ecp.c ****  */
1497:Libs/mbedtls/library/ecp.c **** static int ecp_double_jac(const mbedtls_ecp_group *grp, mbedtls_ecp_point *R,
1498:Libs/mbedtls/library/ecp.c ****                           const mbedtls_ecp_point *P)
1499:Libs/mbedtls/library/ecp.c **** {
1500:Libs/mbedtls/library/ecp.c **** #if defined(MBEDTLS_SELF_TEST)
1501:Libs/mbedtls/library/ecp.c ****     dbl_count++;
1502:Libs/mbedtls/library/ecp.c **** #endif
1503:Libs/mbedtls/library/ecp.c **** 
1504:Libs/mbedtls/library/ecp.c **** #if defined(MBEDTLS_ECP_DOUBLE_JAC_ALT)
1505:Libs/mbedtls/library/ecp.c ****     if (mbedtls_internal_ecp_grp_capable(grp)) {
1506:Libs/mbedtls/library/ecp.c ****         return mbedtls_internal_ecp_double_jac(grp, R, P);
1507:Libs/mbedtls/library/ecp.c ****     }
1508:Libs/mbedtls/library/ecp.c **** #endif /* MBEDTLS_ECP_DOUBLE_JAC_ALT */
1509:Libs/mbedtls/library/ecp.c **** 
1510:Libs/mbedtls/library/ecp.c **** #if defined(MBEDTLS_ECP_NO_FALLBACK) && defined(MBEDTLS_ECP_DOUBLE_JAC_ALT)
1511:Libs/mbedtls/library/ecp.c ****     return MBEDTLS_ERR_ECP_FEATURE_UNAVAILABLE;
1512:Libs/mbedtls/library/ecp.c **** #else
1513:Libs/mbedtls/library/ecp.c ****     int ret = MBEDTLS_ERR_ERROR_CORRUPTION_DETECTED;
ARM GAS  C:\Users\nicx5\AppData\Local\Temp\ccosdxRQ.s 			page 28


1514:Libs/mbedtls/library/ecp.c ****     mbedtls_mpi M, S, T, U;
1515:Libs/mbedtls/library/ecp.c **** 
1516:Libs/mbedtls/library/ecp.c ****     mbedtls_mpi_init(&M); mbedtls_mpi_init(&S); mbedtls_mpi_init(&T); mbedtls_mpi_init(&U);
1517:Libs/mbedtls/library/ecp.c **** 
1518:Libs/mbedtls/library/ecp.c ****     /* Special case for A = -3 */
1519:Libs/mbedtls/library/ecp.c ****     if (grp->A.p == NULL) {
1520:Libs/mbedtls/library/ecp.c ****         /* M = 3(X + Z^2)(X - Z^2) */
1521:Libs/mbedtls/library/ecp.c ****         MBEDTLS_MPI_CHK(mbedtls_mpi_mul_mod(grp, &S,  &P->Z,  &P->Z));
1522:Libs/mbedtls/library/ecp.c ****         MBEDTLS_MPI_CHK(mbedtls_mpi_add_mod(grp, &T,  &P->X,  &S));
1523:Libs/mbedtls/library/ecp.c ****         MBEDTLS_MPI_CHK(mbedtls_mpi_sub_mod(grp, &U,  &P->X,  &S));
1524:Libs/mbedtls/library/ecp.c ****         MBEDTLS_MPI_CHK(mbedtls_mpi_mul_mod(grp, &S,  &T,     &U));
1525:Libs/mbedtls/library/ecp.c ****         MBEDTLS_MPI_CHK(mbedtls_mpi_mul_int(&M,  &S,     3)); MOD_ADD(M);
1526:Libs/mbedtls/library/ecp.c ****     } else {
1527:Libs/mbedtls/library/ecp.c ****         /* M = 3.X^2 */
1528:Libs/mbedtls/library/ecp.c ****         MBEDTLS_MPI_CHK(mbedtls_mpi_mul_mod(grp, &S,  &P->X,  &P->X));
1529:Libs/mbedtls/library/ecp.c ****         MBEDTLS_MPI_CHK(mbedtls_mpi_mul_int(&M,  &S,     3)); MOD_ADD(M);
1530:Libs/mbedtls/library/ecp.c **** 
1531:Libs/mbedtls/library/ecp.c ****         /* Optimize away for "koblitz" curves with A = 0 */
1532:Libs/mbedtls/library/ecp.c ****         if (mbedtls_mpi_cmp_int(&grp->A, 0) != 0) {
1533:Libs/mbedtls/library/ecp.c ****             /* M += A.Z^4 */
1534:Libs/mbedtls/library/ecp.c ****             MBEDTLS_MPI_CHK(mbedtls_mpi_mul_mod(grp, &S,  &P->Z,  &P->Z));
1535:Libs/mbedtls/library/ecp.c ****             MBEDTLS_MPI_CHK(mbedtls_mpi_mul_mod(grp, &T,  &S,     &S));
1536:Libs/mbedtls/library/ecp.c ****             MBEDTLS_MPI_CHK(mbedtls_mpi_mul_mod(grp, &S,  &T,     &grp->A));
1537:Libs/mbedtls/library/ecp.c ****             MBEDTLS_MPI_CHK(mbedtls_mpi_add_mod(grp, &M,  &M,     &S));
1538:Libs/mbedtls/library/ecp.c ****         }
1539:Libs/mbedtls/library/ecp.c ****     }
1540:Libs/mbedtls/library/ecp.c **** 
1541:Libs/mbedtls/library/ecp.c ****     /* S = 4.X.Y^2 */
1542:Libs/mbedtls/library/ecp.c ****     MBEDTLS_MPI_CHK(mbedtls_mpi_mul_mod(grp, &T,  &P->Y,  &P->Y));
1543:Libs/mbedtls/library/ecp.c ****     MBEDTLS_MPI_CHK(mbedtls_mpi_shift_l_mod(grp, &T,  1));
1544:Libs/mbedtls/library/ecp.c ****     MBEDTLS_MPI_CHK(mbedtls_mpi_mul_mod(grp, &S,  &P->X,  &T));
1545:Libs/mbedtls/library/ecp.c ****     MBEDTLS_MPI_CHK(mbedtls_mpi_shift_l_mod(grp, &S,  1));
1546:Libs/mbedtls/library/ecp.c **** 
1547:Libs/mbedtls/library/ecp.c ****     /* U = 8.Y^4 */
1548:Libs/mbedtls/library/ecp.c ****     MBEDTLS_MPI_CHK(mbedtls_mpi_mul_mod(grp, &U,  &T,     &T));
1549:Libs/mbedtls/library/ecp.c ****     MBEDTLS_MPI_CHK(mbedtls_mpi_shift_l_mod(grp, &U,  1));
1550:Libs/mbedtls/library/ecp.c **** 
1551:Libs/mbedtls/library/ecp.c ****     /* T = M^2 - 2.S */
1552:Libs/mbedtls/library/ecp.c ****     MBEDTLS_MPI_CHK(mbedtls_mpi_mul_mod(grp, &T,  &M,     &M));
1553:Libs/mbedtls/library/ecp.c ****     MBEDTLS_MPI_CHK(mbedtls_mpi_sub_mod(grp, &T,  &T,     &S));
1554:Libs/mbedtls/library/ecp.c ****     MBEDTLS_MPI_CHK(mbedtls_mpi_sub_mod(grp, &T,  &T,     &S));
1555:Libs/mbedtls/library/ecp.c **** 
1556:Libs/mbedtls/library/ecp.c ****     /* S = M(S - T) - U */
1557:Libs/mbedtls/library/ecp.c ****     MBEDTLS_MPI_CHK(mbedtls_mpi_sub_mod(grp, &S,  &S,     &T));
1558:Libs/mbedtls/library/ecp.c ****     MBEDTLS_MPI_CHK(mbedtls_mpi_mul_mod(grp, &S,  &S,     &M));
1559:Libs/mbedtls/library/ecp.c ****     MBEDTLS_MPI_CHK(mbedtls_mpi_sub_mod(grp, &S,  &S,     &U));
1560:Libs/mbedtls/library/ecp.c **** 
1561:Libs/mbedtls/library/ecp.c ****     /* U = 2.Y.Z */
1562:Libs/mbedtls/library/ecp.c ****     MBEDTLS_MPI_CHK(mbedtls_mpi_mul_mod(grp, &U,  &P->Y,  &P->Z));
1563:Libs/mbedtls/library/ecp.c ****     MBEDTLS_MPI_CHK(mbedtls_mpi_shift_l_mod(grp, &U,  1));
1564:Libs/mbedtls/library/ecp.c **** 
1565:Libs/mbedtls/library/ecp.c ****     MBEDTLS_MPI_CHK(mbedtls_mpi_copy(&R->X, &T));
1566:Libs/mbedtls/library/ecp.c ****     MBEDTLS_MPI_CHK(mbedtls_mpi_copy(&R->Y, &S));
1567:Libs/mbedtls/library/ecp.c ****     MBEDTLS_MPI_CHK(mbedtls_mpi_copy(&R->Z, &U));
1568:Libs/mbedtls/library/ecp.c **** 
1569:Libs/mbedtls/library/ecp.c **** cleanup:
1570:Libs/mbedtls/library/ecp.c ****     mbedtls_mpi_free(&M); mbedtls_mpi_free(&S); mbedtls_mpi_free(&T); mbedtls_mpi_free(&U);
ARM GAS  C:\Users\nicx5\AppData\Local\Temp\ccosdxRQ.s 			page 29


1571:Libs/mbedtls/library/ecp.c **** 
1572:Libs/mbedtls/library/ecp.c ****     return ret;
1573:Libs/mbedtls/library/ecp.c **** #endif /* !defined(MBEDTLS_ECP_NO_FALLBACK) || !defined(MBEDTLS_ECP_DOUBLE_JAC_ALT) */
1574:Libs/mbedtls/library/ecp.c **** }
1575:Libs/mbedtls/library/ecp.c **** 
1576:Libs/mbedtls/library/ecp.c **** /*
1577:Libs/mbedtls/library/ecp.c ****  * Addition: R = P + Q, mixed affine-Jacobian coordinates (GECC 3.22)
1578:Libs/mbedtls/library/ecp.c ****  *
1579:Libs/mbedtls/library/ecp.c ****  * The coordinates of Q must be normalized (= affine),
1580:Libs/mbedtls/library/ecp.c ****  * but those of P don't need to. R is not normalized.
1581:Libs/mbedtls/library/ecp.c ****  *
1582:Libs/mbedtls/library/ecp.c ****  * Special cases: (1) P or Q is zero, (2) R is zero, (3) P == Q.
1583:Libs/mbedtls/library/ecp.c ****  * None of these cases can happen as intermediate step in ecp_mul_comb():
1584:Libs/mbedtls/library/ecp.c ****  * - at each step, P, Q and R are multiples of the base point, the factor
1585:Libs/mbedtls/library/ecp.c ****  *   being less than its order, so none of them is zero;
1586:Libs/mbedtls/library/ecp.c ****  * - Q is an odd multiple of the base point, P an even multiple,
1587:Libs/mbedtls/library/ecp.c ****  *   due to the choice of precomputed points in the modified comb method.
1588:Libs/mbedtls/library/ecp.c ****  * So branches for these cases do not leak secret information.
1589:Libs/mbedtls/library/ecp.c ****  *
1590:Libs/mbedtls/library/ecp.c ****  * We accept Q->Z being unset (saving memory in tables) as meaning 1.
1591:Libs/mbedtls/library/ecp.c ****  *
1592:Libs/mbedtls/library/ecp.c ****  * Cost: 1A := 8M + 3S
1593:Libs/mbedtls/library/ecp.c ****  */
1594:Libs/mbedtls/library/ecp.c **** static int ecp_add_mixed(const mbedtls_ecp_group *grp, mbedtls_ecp_point *R,
1595:Libs/mbedtls/library/ecp.c ****                          const mbedtls_ecp_point *P, const mbedtls_ecp_point *Q)
1596:Libs/mbedtls/library/ecp.c **** {
1597:Libs/mbedtls/library/ecp.c **** #if defined(MBEDTLS_SELF_TEST)
1598:Libs/mbedtls/library/ecp.c ****     add_count++;
1599:Libs/mbedtls/library/ecp.c **** #endif
1600:Libs/mbedtls/library/ecp.c **** 
1601:Libs/mbedtls/library/ecp.c **** #if defined(MBEDTLS_ECP_ADD_MIXED_ALT)
1602:Libs/mbedtls/library/ecp.c ****     if (mbedtls_internal_ecp_grp_capable(grp)) {
1603:Libs/mbedtls/library/ecp.c ****         return mbedtls_internal_ecp_add_mixed(grp, R, P, Q);
1604:Libs/mbedtls/library/ecp.c ****     }
1605:Libs/mbedtls/library/ecp.c **** #endif /* MBEDTLS_ECP_ADD_MIXED_ALT */
1606:Libs/mbedtls/library/ecp.c **** 
1607:Libs/mbedtls/library/ecp.c **** #if defined(MBEDTLS_ECP_NO_FALLBACK) && defined(MBEDTLS_ECP_ADD_MIXED_ALT)
1608:Libs/mbedtls/library/ecp.c ****     return MBEDTLS_ERR_ECP_FEATURE_UNAVAILABLE;
1609:Libs/mbedtls/library/ecp.c **** #else
1610:Libs/mbedtls/library/ecp.c ****     int ret = MBEDTLS_ERR_ERROR_CORRUPTION_DETECTED;
1611:Libs/mbedtls/library/ecp.c ****     mbedtls_mpi T1, T2, T3, T4, X, Y, Z;
1612:Libs/mbedtls/library/ecp.c **** 
1613:Libs/mbedtls/library/ecp.c ****     /*
1614:Libs/mbedtls/library/ecp.c ****      * Trivial cases: P == 0 or Q == 0 (case 1)
1615:Libs/mbedtls/library/ecp.c ****      */
1616:Libs/mbedtls/library/ecp.c ****     if (mbedtls_mpi_cmp_int(&P->Z, 0) == 0) {
1617:Libs/mbedtls/library/ecp.c ****         return mbedtls_ecp_copy(R, Q);
1618:Libs/mbedtls/library/ecp.c ****     }
1619:Libs/mbedtls/library/ecp.c **** 
1620:Libs/mbedtls/library/ecp.c ****     if (Q->Z.p != NULL && mbedtls_mpi_cmp_int(&Q->Z, 0) == 0) {
1621:Libs/mbedtls/library/ecp.c ****         return mbedtls_ecp_copy(R, P);
1622:Libs/mbedtls/library/ecp.c ****     }
1623:Libs/mbedtls/library/ecp.c **** 
1624:Libs/mbedtls/library/ecp.c ****     /*
1625:Libs/mbedtls/library/ecp.c ****      * Make sure Q coordinates are normalized
1626:Libs/mbedtls/library/ecp.c ****      */
1627:Libs/mbedtls/library/ecp.c ****     if (Q->Z.p != NULL && mbedtls_mpi_cmp_int(&Q->Z, 1) != 0) {
ARM GAS  C:\Users\nicx5\AppData\Local\Temp\ccosdxRQ.s 			page 30


1628:Libs/mbedtls/library/ecp.c ****         return MBEDTLS_ERR_ECP_BAD_INPUT_DATA;
1629:Libs/mbedtls/library/ecp.c ****     }
1630:Libs/mbedtls/library/ecp.c **** 
1631:Libs/mbedtls/library/ecp.c ****     mbedtls_mpi_init(&T1); mbedtls_mpi_init(&T2); mbedtls_mpi_init(&T3); mbedtls_mpi_init(&T4);
1632:Libs/mbedtls/library/ecp.c ****     mbedtls_mpi_init(&X); mbedtls_mpi_init(&Y); mbedtls_mpi_init(&Z);
1633:Libs/mbedtls/library/ecp.c **** 
1634:Libs/mbedtls/library/ecp.c ****     MBEDTLS_MPI_CHK(mbedtls_mpi_mul_mod(grp, &T1,  &P->Z,  &P->Z));
1635:Libs/mbedtls/library/ecp.c ****     MBEDTLS_MPI_CHK(mbedtls_mpi_mul_mod(grp, &T2,  &T1,    &P->Z));
1636:Libs/mbedtls/library/ecp.c ****     MBEDTLS_MPI_CHK(mbedtls_mpi_mul_mod(grp, &T1,  &T1,    &Q->X));
1637:Libs/mbedtls/library/ecp.c ****     MBEDTLS_MPI_CHK(mbedtls_mpi_mul_mod(grp, &T2,  &T2,    &Q->Y));
1638:Libs/mbedtls/library/ecp.c ****     MBEDTLS_MPI_CHK(mbedtls_mpi_sub_mod(grp, &T1,  &T1,    &P->X));
1639:Libs/mbedtls/library/ecp.c ****     MBEDTLS_MPI_CHK(mbedtls_mpi_sub_mod(grp, &T2,  &T2,    &P->Y));
1640:Libs/mbedtls/library/ecp.c **** 
1641:Libs/mbedtls/library/ecp.c ****     /* Special cases (2) and (3) */
1642:Libs/mbedtls/library/ecp.c ****     if (mbedtls_mpi_cmp_int(&T1, 0) == 0) {
1643:Libs/mbedtls/library/ecp.c ****         if (mbedtls_mpi_cmp_int(&T2, 0) == 0) {
1644:Libs/mbedtls/library/ecp.c ****             ret = ecp_double_jac(grp, R, P);
1645:Libs/mbedtls/library/ecp.c ****             goto cleanup;
1646:Libs/mbedtls/library/ecp.c ****         } else {
1647:Libs/mbedtls/library/ecp.c ****             ret = mbedtls_ecp_set_zero(R);
1648:Libs/mbedtls/library/ecp.c ****             goto cleanup;
1649:Libs/mbedtls/library/ecp.c ****         }
1650:Libs/mbedtls/library/ecp.c ****     }
1651:Libs/mbedtls/library/ecp.c **** 
1652:Libs/mbedtls/library/ecp.c ****     MBEDTLS_MPI_CHK(mbedtls_mpi_mul_mod(grp, &Z,   &P->Z,  &T1));
1653:Libs/mbedtls/library/ecp.c ****     MBEDTLS_MPI_CHK(mbedtls_mpi_mul_mod(grp, &T3,  &T1,    &T1));
1654:Libs/mbedtls/library/ecp.c ****     MBEDTLS_MPI_CHK(mbedtls_mpi_mul_mod(grp, &T4,  &T3,    &T1));
1655:Libs/mbedtls/library/ecp.c ****     MBEDTLS_MPI_CHK(mbedtls_mpi_mul_mod(grp, &T3,  &T3,    &P->X));
1656:Libs/mbedtls/library/ecp.c ****     MBEDTLS_MPI_CHK(mbedtls_mpi_copy(&T1, &T3));
1657:Libs/mbedtls/library/ecp.c ****     MBEDTLS_MPI_CHK(mbedtls_mpi_shift_l_mod(grp, &T1,  1));
1658:Libs/mbedtls/library/ecp.c ****     MBEDTLS_MPI_CHK(mbedtls_mpi_mul_mod(grp, &X,   &T2,    &T2));
1659:Libs/mbedtls/library/ecp.c ****     MBEDTLS_MPI_CHK(mbedtls_mpi_sub_mod(grp, &X,   &X,     &T1));
1660:Libs/mbedtls/library/ecp.c ****     MBEDTLS_MPI_CHK(mbedtls_mpi_sub_mod(grp, &X,   &X,     &T4));
1661:Libs/mbedtls/library/ecp.c ****     MBEDTLS_MPI_CHK(mbedtls_mpi_sub_mod(grp, &T3,  &T3,    &X));
1662:Libs/mbedtls/library/ecp.c ****     MBEDTLS_MPI_CHK(mbedtls_mpi_mul_mod(grp, &T3,  &T3,    &T2));
1663:Libs/mbedtls/library/ecp.c ****     MBEDTLS_MPI_CHK(mbedtls_mpi_mul_mod(grp, &T4,  &T4,    &P->Y));
1664:Libs/mbedtls/library/ecp.c ****     MBEDTLS_MPI_CHK(mbedtls_mpi_sub_mod(grp, &Y,   &T3,    &T4));
1665:Libs/mbedtls/library/ecp.c **** 
1666:Libs/mbedtls/library/ecp.c ****     MBEDTLS_MPI_CHK(mbedtls_mpi_copy(&R->X, &X));
1667:Libs/mbedtls/library/ecp.c ****     MBEDTLS_MPI_CHK(mbedtls_mpi_copy(&R->Y, &Y));
1668:Libs/mbedtls/library/ecp.c ****     MBEDTLS_MPI_CHK(mbedtls_mpi_copy(&R->Z, &Z));
1669:Libs/mbedtls/library/ecp.c **** 
1670:Libs/mbedtls/library/ecp.c **** cleanup:
1671:Libs/mbedtls/library/ecp.c **** 
1672:Libs/mbedtls/library/ecp.c ****     mbedtls_mpi_free(&T1); mbedtls_mpi_free(&T2); mbedtls_mpi_free(&T3); mbedtls_mpi_free(&T4);
1673:Libs/mbedtls/library/ecp.c ****     mbedtls_mpi_free(&X); mbedtls_mpi_free(&Y); mbedtls_mpi_free(&Z);
1674:Libs/mbedtls/library/ecp.c **** 
1675:Libs/mbedtls/library/ecp.c ****     return ret;
1676:Libs/mbedtls/library/ecp.c **** #endif /* !defined(MBEDTLS_ECP_NO_FALLBACK) || !defined(MBEDTLS_ECP_ADD_MIXED_ALT) */
1677:Libs/mbedtls/library/ecp.c **** }
1678:Libs/mbedtls/library/ecp.c **** 
1679:Libs/mbedtls/library/ecp.c **** /*
1680:Libs/mbedtls/library/ecp.c ****  * Randomize jacobian coordinates:
1681:Libs/mbedtls/library/ecp.c ****  * (X, Y, Z) -> (l^2 X, l^3 Y, l Z) for random l
1682:Libs/mbedtls/library/ecp.c ****  * This is sort of the reverse operation of ecp_normalize_jac().
1683:Libs/mbedtls/library/ecp.c ****  *
1684:Libs/mbedtls/library/ecp.c ****  * This countermeasure was first suggested in [2].
ARM GAS  C:\Users\nicx5\AppData\Local\Temp\ccosdxRQ.s 			page 31


1685:Libs/mbedtls/library/ecp.c ****  */
1686:Libs/mbedtls/library/ecp.c **** static int ecp_randomize_jac(const mbedtls_ecp_group *grp, mbedtls_ecp_point *pt,
1687:Libs/mbedtls/library/ecp.c ****                              int (*f_rng)(void *, unsigned char *, size_t), void *p_rng)
1688:Libs/mbedtls/library/ecp.c **** {
1689:Libs/mbedtls/library/ecp.c **** #if defined(MBEDTLS_ECP_RANDOMIZE_JAC_ALT)
1690:Libs/mbedtls/library/ecp.c ****     if (mbedtls_internal_ecp_grp_capable(grp)) {
1691:Libs/mbedtls/library/ecp.c ****         return mbedtls_internal_ecp_randomize_jac(grp, pt, f_rng, p_rng);
1692:Libs/mbedtls/library/ecp.c ****     }
1693:Libs/mbedtls/library/ecp.c **** #endif /* MBEDTLS_ECP_RANDOMIZE_JAC_ALT */
1694:Libs/mbedtls/library/ecp.c **** 
1695:Libs/mbedtls/library/ecp.c **** #if defined(MBEDTLS_ECP_NO_FALLBACK) && defined(MBEDTLS_ECP_RANDOMIZE_JAC_ALT)
1696:Libs/mbedtls/library/ecp.c ****     return MBEDTLS_ERR_ECP_FEATURE_UNAVAILABLE;
1697:Libs/mbedtls/library/ecp.c **** #else
1698:Libs/mbedtls/library/ecp.c ****     int ret = MBEDTLS_ERR_ERROR_CORRUPTION_DETECTED;
1699:Libs/mbedtls/library/ecp.c ****     mbedtls_mpi l, ll;
1700:Libs/mbedtls/library/ecp.c **** 
1701:Libs/mbedtls/library/ecp.c ****     mbedtls_mpi_init(&l); mbedtls_mpi_init(&ll);
1702:Libs/mbedtls/library/ecp.c **** 
1703:Libs/mbedtls/library/ecp.c ****     /* Generate l such that 1 < l < p */
1704:Libs/mbedtls/library/ecp.c ****     MBEDTLS_MPI_CHK(mbedtls_mpi_random(&l, 2, &grp->P, f_rng, p_rng));
1705:Libs/mbedtls/library/ecp.c **** 
1706:Libs/mbedtls/library/ecp.c ****     /* Z = l * Z */
1707:Libs/mbedtls/library/ecp.c ****     MBEDTLS_MPI_CHK(mbedtls_mpi_mul_mod(grp, &pt->Z,   &pt->Z,     &l));
1708:Libs/mbedtls/library/ecp.c **** 
1709:Libs/mbedtls/library/ecp.c ****     /* X = l^2 * X */
1710:Libs/mbedtls/library/ecp.c ****     MBEDTLS_MPI_CHK(mbedtls_mpi_mul_mod(grp, &ll,      &l,         &l));
1711:Libs/mbedtls/library/ecp.c ****     MBEDTLS_MPI_CHK(mbedtls_mpi_mul_mod(grp, &pt->X,   &pt->X,     &ll));
1712:Libs/mbedtls/library/ecp.c **** 
1713:Libs/mbedtls/library/ecp.c ****     /* Y = l^3 * Y */
1714:Libs/mbedtls/library/ecp.c ****     MBEDTLS_MPI_CHK(mbedtls_mpi_mul_mod(grp, &ll,      &ll,        &l));
1715:Libs/mbedtls/library/ecp.c ****     MBEDTLS_MPI_CHK(mbedtls_mpi_mul_mod(grp, &pt->Y,   &pt->Y,     &ll));
1716:Libs/mbedtls/library/ecp.c **** 
1717:Libs/mbedtls/library/ecp.c **** cleanup:
1718:Libs/mbedtls/library/ecp.c ****     mbedtls_mpi_free(&l); mbedtls_mpi_free(&ll);
1719:Libs/mbedtls/library/ecp.c **** 
1720:Libs/mbedtls/library/ecp.c ****     if (ret == MBEDTLS_ERR_MPI_NOT_ACCEPTABLE) {
1721:Libs/mbedtls/library/ecp.c ****         ret = MBEDTLS_ERR_ECP_RANDOM_FAILED;
1722:Libs/mbedtls/library/ecp.c ****     }
1723:Libs/mbedtls/library/ecp.c ****     return ret;
1724:Libs/mbedtls/library/ecp.c **** #endif /* !defined(MBEDTLS_ECP_NO_FALLBACK) || !defined(MBEDTLS_ECP_RANDOMIZE_JAC_ALT) */
1725:Libs/mbedtls/library/ecp.c **** }
1726:Libs/mbedtls/library/ecp.c **** 
1727:Libs/mbedtls/library/ecp.c **** /*
1728:Libs/mbedtls/library/ecp.c ****  * Check and define parameters used by the comb method (see below for details)
1729:Libs/mbedtls/library/ecp.c ****  */
1730:Libs/mbedtls/library/ecp.c **** #if MBEDTLS_ECP_WINDOW_SIZE < 2 || MBEDTLS_ECP_WINDOW_SIZE > 7
1731:Libs/mbedtls/library/ecp.c **** #error "MBEDTLS_ECP_WINDOW_SIZE out of bounds"
1732:Libs/mbedtls/library/ecp.c **** #endif
1733:Libs/mbedtls/library/ecp.c **** 
1734:Libs/mbedtls/library/ecp.c **** /* d = ceil( n / w ) */
1735:Libs/mbedtls/library/ecp.c **** #define COMB_MAX_D      (MBEDTLS_ECP_MAX_BITS + 1) / 2
1736:Libs/mbedtls/library/ecp.c **** 
1737:Libs/mbedtls/library/ecp.c **** /* number of precomputed points */
1738:Libs/mbedtls/library/ecp.c **** #define COMB_MAX_PRE    (1 << (MBEDTLS_ECP_WINDOW_SIZE - 1))
1739:Libs/mbedtls/library/ecp.c **** 
1740:Libs/mbedtls/library/ecp.c **** /*
1741:Libs/mbedtls/library/ecp.c ****  * Compute the representation of m that will be used with our comb method.
ARM GAS  C:\Users\nicx5\AppData\Local\Temp\ccosdxRQ.s 			page 32


1742:Libs/mbedtls/library/ecp.c ****  *
1743:Libs/mbedtls/library/ecp.c ****  * The basic comb method is described in GECC 3.44 for example. We use a
1744:Libs/mbedtls/library/ecp.c ****  * modified version that provides resistance to SPA by avoiding zero
1745:Libs/mbedtls/library/ecp.c ****  * digits in the representation as in [3]. We modify the method further by
1746:Libs/mbedtls/library/ecp.c ****  * requiring that all K_i be odd, which has the small cost that our
1747:Libs/mbedtls/library/ecp.c ****  * representation uses one more K_i, due to carries, but saves on the size of
1748:Libs/mbedtls/library/ecp.c ****  * the precomputed table.
1749:Libs/mbedtls/library/ecp.c ****  *
1750:Libs/mbedtls/library/ecp.c ****  * Summary of the comb method and its modifications:
1751:Libs/mbedtls/library/ecp.c ****  *
1752:Libs/mbedtls/library/ecp.c ****  * - The goal is to compute m*P for some w*d-bit integer m.
1753:Libs/mbedtls/library/ecp.c ****  *
1754:Libs/mbedtls/library/ecp.c ****  * - The basic comb method splits m into the w-bit integers
1755:Libs/mbedtls/library/ecp.c ****  *   x[0] .. x[d-1] where x[i] consists of the bits in m whose
1756:Libs/mbedtls/library/ecp.c ****  *   index has residue i modulo d, and computes m * P as
1757:Libs/mbedtls/library/ecp.c ****  *   S[x[0]] + 2 * S[x[1]] + .. + 2^(d-1) S[x[d-1]], where
1758:Libs/mbedtls/library/ecp.c ****  *   S[i_{w-1} .. i_0] := i_{w-1} 2^{(w-1)d} P + ... + i_1 2^d P + i_0 P.
1759:Libs/mbedtls/library/ecp.c ****  *
1760:Libs/mbedtls/library/ecp.c ****  * - If it happens that, say, x[i+1]=0 (=> S[x[i+1]]=0), one can replace the sum by
1761:Libs/mbedtls/library/ecp.c ****  *    .. + 2^{i-1} S[x[i-1]] - 2^i S[x[i]] + 2^{i+1} S[x[i]] + 2^{i+2} S[x[i+2]] ..,
1762:Libs/mbedtls/library/ecp.c ****  *   thereby successively converting it into a form where all summands
1763:Libs/mbedtls/library/ecp.c ****  *   are nonzero, at the cost of negative summands. This is the basic idea of [3].
1764:Libs/mbedtls/library/ecp.c ****  *
1765:Libs/mbedtls/library/ecp.c ****  * - More generally, even if x[i+1] != 0, we can first transform the sum as
1766:Libs/mbedtls/library/ecp.c ****  *   .. - 2^i S[x[i]] + 2^{i+1} ( S[x[i]] + S[x[i+1]] ) + 2^{i+2} S[x[i+2]] ..,
1767:Libs/mbedtls/library/ecp.c ****  *   and then replace S[x[i]] + S[x[i+1]] = S[x[i] ^ x[i+1]] + 2 S[x[i] & x[i+1]].
1768:Libs/mbedtls/library/ecp.c ****  *   Performing and iterating this procedure for those x[i] that are even
1769:Libs/mbedtls/library/ecp.c ****  *   (keeping track of carry), we can transform the original sum into one of the form
1770:Libs/mbedtls/library/ecp.c ****  *   S[x'[0]] +- 2 S[x'[1]] +- .. +- 2^{d-1} S[x'[d-1]] + 2^d S[x'[d]]
1771:Libs/mbedtls/library/ecp.c ****  *   with all x'[i] odd. It is therefore only necessary to know S at odd indices,
1772:Libs/mbedtls/library/ecp.c ****  *   which is why we are only computing half of it in the first place in
1773:Libs/mbedtls/library/ecp.c ****  *   ecp_precompute_comb and accessing it with index abs(i) / 2 in ecp_select_comb.
1774:Libs/mbedtls/library/ecp.c ****  *
1775:Libs/mbedtls/library/ecp.c ****  * - For the sake of compactness, only the seven low-order bits of x[i]
1776:Libs/mbedtls/library/ecp.c ****  *   are used to represent its absolute value (K_i in the paper), and the msb
1777:Libs/mbedtls/library/ecp.c ****  *   of x[i] encodes the sign (s_i in the paper): it is set if and only if
1778:Libs/mbedtls/library/ecp.c ****  *   if s_i == -1;
1779:Libs/mbedtls/library/ecp.c ****  *
1780:Libs/mbedtls/library/ecp.c ****  * Calling conventions:
1781:Libs/mbedtls/library/ecp.c ****  * - x is an array of size d + 1
1782:Libs/mbedtls/library/ecp.c ****  * - w is the size, ie number of teeth, of the comb, and must be between
1783:Libs/mbedtls/library/ecp.c ****  *   2 and 7 (in practice, between 2 and MBEDTLS_ECP_WINDOW_SIZE)
1784:Libs/mbedtls/library/ecp.c ****  * - m is the MPI, expected to be odd and such that bitlength(m) <= w * d
1785:Libs/mbedtls/library/ecp.c ****  *   (the result will be incorrect if these assumptions are not satisfied)
1786:Libs/mbedtls/library/ecp.c ****  */
1787:Libs/mbedtls/library/ecp.c **** static void ecp_comb_recode_core(unsigned char x[], size_t d,
1788:Libs/mbedtls/library/ecp.c ****                                  unsigned char w, const mbedtls_mpi *m)
1789:Libs/mbedtls/library/ecp.c **** {
1790:Libs/mbedtls/library/ecp.c ****     size_t i, j;
1791:Libs/mbedtls/library/ecp.c ****     unsigned char c, cc, adjust;
1792:Libs/mbedtls/library/ecp.c **** 
1793:Libs/mbedtls/library/ecp.c ****     memset(x, 0, d+1);
1794:Libs/mbedtls/library/ecp.c **** 
1795:Libs/mbedtls/library/ecp.c ****     /* First get the classical comb values (except for x_d = 0) */
1796:Libs/mbedtls/library/ecp.c ****     for (i = 0; i < d; i++) {
1797:Libs/mbedtls/library/ecp.c ****         for (j = 0; j < w; j++) {
1798:Libs/mbedtls/library/ecp.c ****             x[i] |= mbedtls_mpi_get_bit(m, i + d * j) << j;
ARM GAS  C:\Users\nicx5\AppData\Local\Temp\ccosdxRQ.s 			page 33


1799:Libs/mbedtls/library/ecp.c ****         }
1800:Libs/mbedtls/library/ecp.c ****     }
1801:Libs/mbedtls/library/ecp.c **** 
1802:Libs/mbedtls/library/ecp.c ****     /* Now make sure x_1 .. x_d are odd */
1803:Libs/mbedtls/library/ecp.c ****     c = 0;
1804:Libs/mbedtls/library/ecp.c ****     for (i = 1; i <= d; i++) {
1805:Libs/mbedtls/library/ecp.c ****         /* Add carry and update it */
1806:Libs/mbedtls/library/ecp.c ****         cc   = x[i] & c;
1807:Libs/mbedtls/library/ecp.c ****         x[i] = x[i] ^ c;
1808:Libs/mbedtls/library/ecp.c ****         c = cc;
1809:Libs/mbedtls/library/ecp.c **** 
1810:Libs/mbedtls/library/ecp.c ****         /* Adjust if needed, avoiding branches */
1811:Libs/mbedtls/library/ecp.c ****         adjust = 1 - (x[i] & 0x01);
1812:Libs/mbedtls/library/ecp.c ****         c   |= x[i] & (x[i-1] * adjust);
1813:Libs/mbedtls/library/ecp.c ****         x[i] = x[i] ^ (x[i-1] * adjust);
1814:Libs/mbedtls/library/ecp.c ****         x[i-1] |= adjust << 7;
1815:Libs/mbedtls/library/ecp.c ****     }
1816:Libs/mbedtls/library/ecp.c **** }
1817:Libs/mbedtls/library/ecp.c **** 
1818:Libs/mbedtls/library/ecp.c **** /*
1819:Libs/mbedtls/library/ecp.c ****  * Precompute points for the adapted comb method
1820:Libs/mbedtls/library/ecp.c ****  *
1821:Libs/mbedtls/library/ecp.c ****  * Assumption: T must be able to hold 2^{w - 1} elements.
1822:Libs/mbedtls/library/ecp.c ****  *
1823:Libs/mbedtls/library/ecp.c ****  * Operation: If i = i_{w-1} ... i_1 is the binary representation of i,
1824:Libs/mbedtls/library/ecp.c ****  *            sets T[i] = i_{w-1} 2^{(w-1)d} P + ... + i_1 2^d P + P.
1825:Libs/mbedtls/library/ecp.c ****  *
1826:Libs/mbedtls/library/ecp.c ****  * Cost: d(w-1) D + (2^{w-1} - 1) A + 1 N(w-1) + 1 N(2^{w-1} - 1)
1827:Libs/mbedtls/library/ecp.c ****  *
1828:Libs/mbedtls/library/ecp.c ****  * Note: Even comb values (those where P would be omitted from the
1829:Libs/mbedtls/library/ecp.c ****  *       sum defining T[i] above) are not needed in our adaption
1830:Libs/mbedtls/library/ecp.c ****  *       the comb method. See ecp_comb_recode_core().
1831:Libs/mbedtls/library/ecp.c ****  *
1832:Libs/mbedtls/library/ecp.c ****  * This function currently works in four steps:
1833:Libs/mbedtls/library/ecp.c ****  * (1) [dbl]      Computation of intermediate T[i] for 2-power values of i
1834:Libs/mbedtls/library/ecp.c ****  * (2) [norm_dbl] Normalization of coordinates of these T[i]
1835:Libs/mbedtls/library/ecp.c ****  * (3) [add]      Computation of all T[i]
1836:Libs/mbedtls/library/ecp.c ****  * (4) [norm_add] Normalization of all T[i]
1837:Libs/mbedtls/library/ecp.c ****  *
1838:Libs/mbedtls/library/ecp.c ****  * Step 1 can be interrupted but not the others; together with the final
1839:Libs/mbedtls/library/ecp.c ****  * coordinate normalization they are the largest steps done at once, depending
1840:Libs/mbedtls/library/ecp.c ****  * on the window size. Here are operation counts for P-256:
1841:Libs/mbedtls/library/ecp.c ****  *
1842:Libs/mbedtls/library/ecp.c ****  * step     (2)     (3)     (4)
1843:Libs/mbedtls/library/ecp.c ****  * w = 5    142     165     208
1844:Libs/mbedtls/library/ecp.c ****  * w = 4    136      77     160
1845:Libs/mbedtls/library/ecp.c ****  * w = 3    130      33     136
1846:Libs/mbedtls/library/ecp.c ****  * w = 2    124      11     124
1847:Libs/mbedtls/library/ecp.c ****  *
1848:Libs/mbedtls/library/ecp.c ****  * So if ECC operations are blocking for too long even with a low max_ops
1849:Libs/mbedtls/library/ecp.c ****  * value, it's useful to set MBEDTLS_ECP_WINDOW_SIZE to a lower value in order
1850:Libs/mbedtls/library/ecp.c ****  * to minimize maximum blocking time.
1851:Libs/mbedtls/library/ecp.c ****  */
1852:Libs/mbedtls/library/ecp.c **** static int ecp_precompute_comb(const mbedtls_ecp_group *grp,
1853:Libs/mbedtls/library/ecp.c ****                                mbedtls_ecp_point T[], const mbedtls_ecp_point *P,
1854:Libs/mbedtls/library/ecp.c ****                                unsigned char w, size_t d,
1855:Libs/mbedtls/library/ecp.c ****                                mbedtls_ecp_restart_ctx *rs_ctx)
ARM GAS  C:\Users\nicx5\AppData\Local\Temp\ccosdxRQ.s 			page 34


1856:Libs/mbedtls/library/ecp.c **** {
1857:Libs/mbedtls/library/ecp.c ****     int ret = MBEDTLS_ERR_ERROR_CORRUPTION_DETECTED;
1858:Libs/mbedtls/library/ecp.c ****     unsigned char i;
1859:Libs/mbedtls/library/ecp.c ****     size_t j = 0;
1860:Libs/mbedtls/library/ecp.c ****     const unsigned char T_size = 1U << (w - 1);
1861:Libs/mbedtls/library/ecp.c ****     mbedtls_ecp_point *cur, *TT[COMB_MAX_PRE - 1];
1862:Libs/mbedtls/library/ecp.c **** 
1863:Libs/mbedtls/library/ecp.c **** #if defined(MBEDTLS_ECP_RESTARTABLE)
1864:Libs/mbedtls/library/ecp.c ****     if (rs_ctx != NULL && rs_ctx->rsm != NULL) {
1865:Libs/mbedtls/library/ecp.c ****         if (rs_ctx->rsm->state == ecp_rsm_pre_dbl) {
1866:Libs/mbedtls/library/ecp.c ****             goto dbl;
1867:Libs/mbedtls/library/ecp.c ****         }
1868:Libs/mbedtls/library/ecp.c ****         if (rs_ctx->rsm->state == ecp_rsm_pre_norm_dbl) {
1869:Libs/mbedtls/library/ecp.c ****             goto norm_dbl;
1870:Libs/mbedtls/library/ecp.c ****         }
1871:Libs/mbedtls/library/ecp.c ****         if (rs_ctx->rsm->state == ecp_rsm_pre_add) {
1872:Libs/mbedtls/library/ecp.c ****             goto add;
1873:Libs/mbedtls/library/ecp.c ****         }
1874:Libs/mbedtls/library/ecp.c ****         if (rs_ctx->rsm->state == ecp_rsm_pre_norm_add) {
1875:Libs/mbedtls/library/ecp.c ****             goto norm_add;
1876:Libs/mbedtls/library/ecp.c ****         }
1877:Libs/mbedtls/library/ecp.c ****     }
1878:Libs/mbedtls/library/ecp.c **** #else
1879:Libs/mbedtls/library/ecp.c ****     (void) rs_ctx;
1880:Libs/mbedtls/library/ecp.c **** #endif
1881:Libs/mbedtls/library/ecp.c **** 
1882:Libs/mbedtls/library/ecp.c **** #if defined(MBEDTLS_ECP_RESTARTABLE)
1883:Libs/mbedtls/library/ecp.c ****     if (rs_ctx != NULL && rs_ctx->rsm != NULL) {
1884:Libs/mbedtls/library/ecp.c ****         rs_ctx->rsm->state = ecp_rsm_pre_dbl;
1885:Libs/mbedtls/library/ecp.c **** 
1886:Libs/mbedtls/library/ecp.c ****         /* initial state for the loop */
1887:Libs/mbedtls/library/ecp.c ****         rs_ctx->rsm->i = 0;
1888:Libs/mbedtls/library/ecp.c ****     }
1889:Libs/mbedtls/library/ecp.c **** 
1890:Libs/mbedtls/library/ecp.c **** dbl:
1891:Libs/mbedtls/library/ecp.c **** #endif
1892:Libs/mbedtls/library/ecp.c ****     /*
1893:Libs/mbedtls/library/ecp.c ****      * Set T[0] = P and
1894:Libs/mbedtls/library/ecp.c ****      * T[2^{l-1}] = 2^{dl} P for l = 1 .. w-1 (this is not the final value)
1895:Libs/mbedtls/library/ecp.c ****      */
1896:Libs/mbedtls/library/ecp.c ****     MBEDTLS_MPI_CHK(mbedtls_ecp_copy(&T[0], P));
1897:Libs/mbedtls/library/ecp.c **** 
1898:Libs/mbedtls/library/ecp.c **** #if defined(MBEDTLS_ECP_RESTARTABLE)
1899:Libs/mbedtls/library/ecp.c ****     if (rs_ctx != NULL && rs_ctx->rsm != NULL && rs_ctx->rsm->i != 0) {
1900:Libs/mbedtls/library/ecp.c ****         j = rs_ctx->rsm->i;
1901:Libs/mbedtls/library/ecp.c ****     } else
1902:Libs/mbedtls/library/ecp.c **** #endif
1903:Libs/mbedtls/library/ecp.c ****     j = 0;
1904:Libs/mbedtls/library/ecp.c **** 
1905:Libs/mbedtls/library/ecp.c ****     for (; j < d * (w - 1); j++) {
1906:Libs/mbedtls/library/ecp.c ****         MBEDTLS_ECP_BUDGET(MBEDTLS_ECP_OPS_DBL);
1907:Libs/mbedtls/library/ecp.c **** 
1908:Libs/mbedtls/library/ecp.c ****         i = 1U << (j / d);
1909:Libs/mbedtls/library/ecp.c ****         cur = T + i;
1910:Libs/mbedtls/library/ecp.c **** 
1911:Libs/mbedtls/library/ecp.c ****         if (j % d == 0) {
1912:Libs/mbedtls/library/ecp.c ****             MBEDTLS_MPI_CHK(mbedtls_ecp_copy(cur, T + (i >> 1)));
ARM GAS  C:\Users\nicx5\AppData\Local\Temp\ccosdxRQ.s 			page 35


1913:Libs/mbedtls/library/ecp.c ****         }
1914:Libs/mbedtls/library/ecp.c **** 
1915:Libs/mbedtls/library/ecp.c ****         MBEDTLS_MPI_CHK(ecp_double_jac(grp, cur, cur));
1916:Libs/mbedtls/library/ecp.c ****     }
1917:Libs/mbedtls/library/ecp.c **** 
1918:Libs/mbedtls/library/ecp.c **** #if defined(MBEDTLS_ECP_RESTARTABLE)
1919:Libs/mbedtls/library/ecp.c ****     if (rs_ctx != NULL && rs_ctx->rsm != NULL) {
1920:Libs/mbedtls/library/ecp.c ****         rs_ctx->rsm->state = ecp_rsm_pre_norm_dbl;
1921:Libs/mbedtls/library/ecp.c ****     }
1922:Libs/mbedtls/library/ecp.c **** 
1923:Libs/mbedtls/library/ecp.c **** norm_dbl:
1924:Libs/mbedtls/library/ecp.c **** #endif
1925:Libs/mbedtls/library/ecp.c ****     /*
1926:Libs/mbedtls/library/ecp.c ****      * Normalize current elements in T. As T has holes,
1927:Libs/mbedtls/library/ecp.c ****      * use an auxiliary array of pointers to elements in T.
1928:Libs/mbedtls/library/ecp.c ****      */
1929:Libs/mbedtls/library/ecp.c ****     j = 0;
1930:Libs/mbedtls/library/ecp.c ****     for (i = 1; i < T_size; i <<= 1) {
1931:Libs/mbedtls/library/ecp.c ****         TT[j++] = T + i;
1932:Libs/mbedtls/library/ecp.c ****     }
1933:Libs/mbedtls/library/ecp.c **** 
1934:Libs/mbedtls/library/ecp.c ****     MBEDTLS_ECP_BUDGET(MBEDTLS_ECP_OPS_INV + 6 * j - 2);
1935:Libs/mbedtls/library/ecp.c **** 
1936:Libs/mbedtls/library/ecp.c ****     MBEDTLS_MPI_CHK(ecp_normalize_jac_many(grp, TT, j));
1937:Libs/mbedtls/library/ecp.c **** 
1938:Libs/mbedtls/library/ecp.c **** #if defined(MBEDTLS_ECP_RESTARTABLE)
1939:Libs/mbedtls/library/ecp.c ****     if (rs_ctx != NULL && rs_ctx->rsm != NULL) {
1940:Libs/mbedtls/library/ecp.c ****         rs_ctx->rsm->state = ecp_rsm_pre_add;
1941:Libs/mbedtls/library/ecp.c ****     }
1942:Libs/mbedtls/library/ecp.c **** 
1943:Libs/mbedtls/library/ecp.c **** add:
1944:Libs/mbedtls/library/ecp.c **** #endif
1945:Libs/mbedtls/library/ecp.c ****     /*
1946:Libs/mbedtls/library/ecp.c ****      * Compute the remaining ones using the minimal number of additions
1947:Libs/mbedtls/library/ecp.c ****      * Be careful to update T[2^l] only after using it!
1948:Libs/mbedtls/library/ecp.c ****      */
1949:Libs/mbedtls/library/ecp.c ****     MBEDTLS_ECP_BUDGET((T_size - 1) * MBEDTLS_ECP_OPS_ADD);
1950:Libs/mbedtls/library/ecp.c **** 
1951:Libs/mbedtls/library/ecp.c ****     for (i = 1; i < T_size; i <<= 1) {
1952:Libs/mbedtls/library/ecp.c ****         j = i;
1953:Libs/mbedtls/library/ecp.c ****         while (j--) {
1954:Libs/mbedtls/library/ecp.c ****             MBEDTLS_MPI_CHK(ecp_add_mixed(grp, &T[i + j], &T[j], &T[i]));
1955:Libs/mbedtls/library/ecp.c ****         }
1956:Libs/mbedtls/library/ecp.c ****     }
1957:Libs/mbedtls/library/ecp.c **** 
1958:Libs/mbedtls/library/ecp.c **** #if defined(MBEDTLS_ECP_RESTARTABLE)
1959:Libs/mbedtls/library/ecp.c ****     if (rs_ctx != NULL && rs_ctx->rsm != NULL) {
1960:Libs/mbedtls/library/ecp.c ****         rs_ctx->rsm->state = ecp_rsm_pre_norm_add;
1961:Libs/mbedtls/library/ecp.c ****     }
1962:Libs/mbedtls/library/ecp.c **** 
1963:Libs/mbedtls/library/ecp.c **** norm_add:
1964:Libs/mbedtls/library/ecp.c **** #endif
1965:Libs/mbedtls/library/ecp.c ****     /*
1966:Libs/mbedtls/library/ecp.c ****      * Normalize final elements in T. Even though there are no holes now, we
1967:Libs/mbedtls/library/ecp.c ****      * still need the auxiliary array for homogeneity with the previous
1968:Libs/mbedtls/library/ecp.c ****      * call. Also, skip T[0] which is already normalised, being a copy of P.
1969:Libs/mbedtls/library/ecp.c ****      */
ARM GAS  C:\Users\nicx5\AppData\Local\Temp\ccosdxRQ.s 			page 36


1970:Libs/mbedtls/library/ecp.c ****     for (j = 0; j + 1 < T_size; j++) {
1971:Libs/mbedtls/library/ecp.c ****         TT[j] = T + j + 1;
1972:Libs/mbedtls/library/ecp.c ****     }
1973:Libs/mbedtls/library/ecp.c **** 
1974:Libs/mbedtls/library/ecp.c ****     MBEDTLS_ECP_BUDGET(MBEDTLS_ECP_OPS_INV + 6 * j - 2);
1975:Libs/mbedtls/library/ecp.c **** 
1976:Libs/mbedtls/library/ecp.c ****     MBEDTLS_MPI_CHK(ecp_normalize_jac_many(grp, TT, j));
1977:Libs/mbedtls/library/ecp.c **** 
1978:Libs/mbedtls/library/ecp.c **** cleanup:
1979:Libs/mbedtls/library/ecp.c **** #if defined(MBEDTLS_ECP_RESTARTABLE)
1980:Libs/mbedtls/library/ecp.c ****     if (rs_ctx != NULL && rs_ctx->rsm != NULL &&
1981:Libs/mbedtls/library/ecp.c ****         ret == MBEDTLS_ERR_ECP_IN_PROGRESS) {
1982:Libs/mbedtls/library/ecp.c ****         if (rs_ctx->rsm->state == ecp_rsm_pre_dbl) {
1983:Libs/mbedtls/library/ecp.c ****             rs_ctx->rsm->i = j;
1984:Libs/mbedtls/library/ecp.c ****         }
1985:Libs/mbedtls/library/ecp.c ****     }
1986:Libs/mbedtls/library/ecp.c **** #endif
1987:Libs/mbedtls/library/ecp.c **** 
1988:Libs/mbedtls/library/ecp.c ****     return ret;
1989:Libs/mbedtls/library/ecp.c **** }
1990:Libs/mbedtls/library/ecp.c **** 
1991:Libs/mbedtls/library/ecp.c **** /*
1992:Libs/mbedtls/library/ecp.c ****  * Select precomputed point: R = sign(i) * T[ abs(i) / 2 ]
1993:Libs/mbedtls/library/ecp.c ****  *
1994:Libs/mbedtls/library/ecp.c ****  * See ecp_comb_recode_core() for background
1995:Libs/mbedtls/library/ecp.c ****  */
1996:Libs/mbedtls/library/ecp.c **** static int ecp_select_comb(const mbedtls_ecp_group *grp, mbedtls_ecp_point *R,
1997:Libs/mbedtls/library/ecp.c ****                            const mbedtls_ecp_point T[], unsigned char T_size,
1998:Libs/mbedtls/library/ecp.c ****                            unsigned char i)
1999:Libs/mbedtls/library/ecp.c **** {
2000:Libs/mbedtls/library/ecp.c ****     int ret = MBEDTLS_ERR_ERROR_CORRUPTION_DETECTED;
2001:Libs/mbedtls/library/ecp.c ****     unsigned char ii, j;
2002:Libs/mbedtls/library/ecp.c **** 
2003:Libs/mbedtls/library/ecp.c ****     /* Ignore the "sign" bit and scale down */
2004:Libs/mbedtls/library/ecp.c ****     ii =  (i & 0x7Fu) >> 1;
2005:Libs/mbedtls/library/ecp.c **** 
2006:Libs/mbedtls/library/ecp.c ****     /* Read the whole table to thwart cache-based timing attacks */
2007:Libs/mbedtls/library/ecp.c ****     for (j = 0; j < T_size; j++) {
2008:Libs/mbedtls/library/ecp.c ****         MBEDTLS_MPI_CHK(mbedtls_mpi_safe_cond_assign(&R->X, &T[j].X, j == ii));
2009:Libs/mbedtls/library/ecp.c ****         MBEDTLS_MPI_CHK(mbedtls_mpi_safe_cond_assign(&R->Y, &T[j].Y, j == ii));
2010:Libs/mbedtls/library/ecp.c ****     }
2011:Libs/mbedtls/library/ecp.c **** 
2012:Libs/mbedtls/library/ecp.c ****     /* Safely invert result if i is "negative" */
2013:Libs/mbedtls/library/ecp.c ****     MBEDTLS_MPI_CHK(ecp_safe_invert_jac(grp, R, i >> 7));
2014:Libs/mbedtls/library/ecp.c **** 
2015:Libs/mbedtls/library/ecp.c **** cleanup:
2016:Libs/mbedtls/library/ecp.c ****     return ret;
2017:Libs/mbedtls/library/ecp.c **** }
2018:Libs/mbedtls/library/ecp.c **** 
2019:Libs/mbedtls/library/ecp.c **** /*
2020:Libs/mbedtls/library/ecp.c ****  * Core multiplication algorithm for the (modified) comb method.
2021:Libs/mbedtls/library/ecp.c ****  * This part is actually common with the basic comb method (GECC 3.44)
2022:Libs/mbedtls/library/ecp.c ****  *
2023:Libs/mbedtls/library/ecp.c ****  * Cost: d A + d D + 1 R
2024:Libs/mbedtls/library/ecp.c ****  */
2025:Libs/mbedtls/library/ecp.c **** static int ecp_mul_comb_core(const mbedtls_ecp_group *grp, mbedtls_ecp_point *R,
2026:Libs/mbedtls/library/ecp.c ****                              const mbedtls_ecp_point T[], unsigned char T_size,
ARM GAS  C:\Users\nicx5\AppData\Local\Temp\ccosdxRQ.s 			page 37


2027:Libs/mbedtls/library/ecp.c ****                              const unsigned char x[], size_t d,
2028:Libs/mbedtls/library/ecp.c ****                              int (*f_rng)(void *, unsigned char *, size_t),
2029:Libs/mbedtls/library/ecp.c ****                              void *p_rng,
2030:Libs/mbedtls/library/ecp.c ****                              mbedtls_ecp_restart_ctx *rs_ctx)
2031:Libs/mbedtls/library/ecp.c **** {
2032:Libs/mbedtls/library/ecp.c ****     int ret = MBEDTLS_ERR_ERROR_CORRUPTION_DETECTED;
2033:Libs/mbedtls/library/ecp.c ****     mbedtls_ecp_point Txi;
2034:Libs/mbedtls/library/ecp.c ****     size_t i;
2035:Libs/mbedtls/library/ecp.c **** 
2036:Libs/mbedtls/library/ecp.c ****     mbedtls_ecp_point_init(&Txi);
2037:Libs/mbedtls/library/ecp.c **** 
2038:Libs/mbedtls/library/ecp.c **** #if !defined(MBEDTLS_ECP_RESTARTABLE)
2039:Libs/mbedtls/library/ecp.c ****     (void) rs_ctx;
2040:Libs/mbedtls/library/ecp.c **** #endif
2041:Libs/mbedtls/library/ecp.c **** 
2042:Libs/mbedtls/library/ecp.c **** #if defined(MBEDTLS_ECP_RESTARTABLE)
2043:Libs/mbedtls/library/ecp.c ****     if (rs_ctx != NULL && rs_ctx->rsm != NULL &&
2044:Libs/mbedtls/library/ecp.c ****         rs_ctx->rsm->state != ecp_rsm_comb_core) {
2045:Libs/mbedtls/library/ecp.c ****         rs_ctx->rsm->i = 0;
2046:Libs/mbedtls/library/ecp.c ****         rs_ctx->rsm->state = ecp_rsm_comb_core;
2047:Libs/mbedtls/library/ecp.c ****     }
2048:Libs/mbedtls/library/ecp.c **** 
2049:Libs/mbedtls/library/ecp.c ****     /* new 'if' instead of nested for the sake of the 'else' branch */
2050:Libs/mbedtls/library/ecp.c ****     if (rs_ctx != NULL && rs_ctx->rsm != NULL && rs_ctx->rsm->i != 0) {
2051:Libs/mbedtls/library/ecp.c ****         /* restore current index (R already pointing to rs_ctx->rsm->R) */
2052:Libs/mbedtls/library/ecp.c ****         i = rs_ctx->rsm->i;
2053:Libs/mbedtls/library/ecp.c ****     } else
2054:Libs/mbedtls/library/ecp.c **** #endif
2055:Libs/mbedtls/library/ecp.c ****     {
2056:Libs/mbedtls/library/ecp.c ****         int have_rng = 1;
2057:Libs/mbedtls/library/ecp.c **** 
2058:Libs/mbedtls/library/ecp.c ****         /* Start with a non-zero point and randomize its coordinates */
2059:Libs/mbedtls/library/ecp.c ****         i = d;
2060:Libs/mbedtls/library/ecp.c ****         MBEDTLS_MPI_CHK(ecp_select_comb(grp, R, T, T_size, x[i]));
2061:Libs/mbedtls/library/ecp.c ****         MBEDTLS_MPI_CHK(mbedtls_mpi_lset(&R->Z, 1));
2062:Libs/mbedtls/library/ecp.c **** 
2063:Libs/mbedtls/library/ecp.c **** #if defined(MBEDTLS_ECP_NO_INTERNAL_RNG)
2064:Libs/mbedtls/library/ecp.c ****         if (f_rng == NULL) {
2065:Libs/mbedtls/library/ecp.c ****             have_rng = 0;
2066:Libs/mbedtls/library/ecp.c ****         }
2067:Libs/mbedtls/library/ecp.c **** #endif
2068:Libs/mbedtls/library/ecp.c ****         if (have_rng) {
2069:Libs/mbedtls/library/ecp.c ****             MBEDTLS_MPI_CHK(ecp_randomize_jac(grp, R, f_rng, p_rng));
2070:Libs/mbedtls/library/ecp.c ****         }
2071:Libs/mbedtls/library/ecp.c ****     }
2072:Libs/mbedtls/library/ecp.c **** 
2073:Libs/mbedtls/library/ecp.c ****     while (i != 0) {
2074:Libs/mbedtls/library/ecp.c ****         MBEDTLS_ECP_BUDGET(MBEDTLS_ECP_OPS_DBL + MBEDTLS_ECP_OPS_ADD);
2075:Libs/mbedtls/library/ecp.c ****         --i;
2076:Libs/mbedtls/library/ecp.c **** 
2077:Libs/mbedtls/library/ecp.c ****         MBEDTLS_MPI_CHK(ecp_double_jac(grp, R, R));
2078:Libs/mbedtls/library/ecp.c ****         MBEDTLS_MPI_CHK(ecp_select_comb(grp, &Txi, T, T_size, x[i]));
2079:Libs/mbedtls/library/ecp.c ****         MBEDTLS_MPI_CHK(ecp_add_mixed(grp, R, R, &Txi));
2080:Libs/mbedtls/library/ecp.c ****     }
2081:Libs/mbedtls/library/ecp.c **** 
2082:Libs/mbedtls/library/ecp.c **** cleanup:
2083:Libs/mbedtls/library/ecp.c **** 
ARM GAS  C:\Users\nicx5\AppData\Local\Temp\ccosdxRQ.s 			page 38


2084:Libs/mbedtls/library/ecp.c ****     mbedtls_ecp_point_free(&Txi);
2085:Libs/mbedtls/library/ecp.c **** 
2086:Libs/mbedtls/library/ecp.c **** #if defined(MBEDTLS_ECP_RESTARTABLE)
2087:Libs/mbedtls/library/ecp.c ****     if (rs_ctx != NULL && rs_ctx->rsm != NULL &&
2088:Libs/mbedtls/library/ecp.c ****         ret == MBEDTLS_ERR_ECP_IN_PROGRESS) {
2089:Libs/mbedtls/library/ecp.c ****         rs_ctx->rsm->i = i;
2090:Libs/mbedtls/library/ecp.c ****         /* no need to save R, already pointing to rs_ctx->rsm->R */
2091:Libs/mbedtls/library/ecp.c ****     }
2092:Libs/mbedtls/library/ecp.c **** #endif
2093:Libs/mbedtls/library/ecp.c **** 
2094:Libs/mbedtls/library/ecp.c ****     return ret;
2095:Libs/mbedtls/library/ecp.c **** }
2096:Libs/mbedtls/library/ecp.c **** 
2097:Libs/mbedtls/library/ecp.c **** /*
2098:Libs/mbedtls/library/ecp.c ****  * Recode the scalar to get constant-time comb multiplication
2099:Libs/mbedtls/library/ecp.c ****  *
2100:Libs/mbedtls/library/ecp.c ****  * As the actual scalar recoding needs an odd scalar as a starting point,
2101:Libs/mbedtls/library/ecp.c ****  * this wrapper ensures that by replacing m by N - m if necessary, and
2102:Libs/mbedtls/library/ecp.c ****  * informs the caller that the result of multiplication will be negated.
2103:Libs/mbedtls/library/ecp.c ****  *
2104:Libs/mbedtls/library/ecp.c ****  * This works because we only support large prime order for Short Weierstrass
2105:Libs/mbedtls/library/ecp.c ****  * curves, so N is always odd hence either m or N - m is.
2106:Libs/mbedtls/library/ecp.c ****  *
2107:Libs/mbedtls/library/ecp.c ****  * See ecp_comb_recode_core() for background.
2108:Libs/mbedtls/library/ecp.c ****  */
2109:Libs/mbedtls/library/ecp.c **** static int ecp_comb_recode_scalar(const mbedtls_ecp_group *grp,
2110:Libs/mbedtls/library/ecp.c ****                                   const mbedtls_mpi *m,
2111:Libs/mbedtls/library/ecp.c ****                                   unsigned char k[COMB_MAX_D + 1],
2112:Libs/mbedtls/library/ecp.c ****                                   size_t d,
2113:Libs/mbedtls/library/ecp.c ****                                   unsigned char w,
2114:Libs/mbedtls/library/ecp.c ****                                   unsigned char *parity_trick)
2115:Libs/mbedtls/library/ecp.c **** {
2116:Libs/mbedtls/library/ecp.c ****     int ret = MBEDTLS_ERR_ERROR_CORRUPTION_DETECTED;
2117:Libs/mbedtls/library/ecp.c ****     mbedtls_mpi M, mm;
2118:Libs/mbedtls/library/ecp.c **** 
2119:Libs/mbedtls/library/ecp.c ****     mbedtls_mpi_init(&M);
2120:Libs/mbedtls/library/ecp.c ****     mbedtls_mpi_init(&mm);
2121:Libs/mbedtls/library/ecp.c **** 
2122:Libs/mbedtls/library/ecp.c ****     /* N is always odd (see above), just make extra sure */
2123:Libs/mbedtls/library/ecp.c ****     if (mbedtls_mpi_get_bit(&grp->N, 0) != 1) {
2124:Libs/mbedtls/library/ecp.c ****         return MBEDTLS_ERR_ECP_BAD_INPUT_DATA;
2125:Libs/mbedtls/library/ecp.c ****     }
2126:Libs/mbedtls/library/ecp.c **** 
2127:Libs/mbedtls/library/ecp.c ****     /* do we need the parity trick? */
2128:Libs/mbedtls/library/ecp.c ****     *parity_trick = (mbedtls_mpi_get_bit(m, 0) == 0);
2129:Libs/mbedtls/library/ecp.c **** 
2130:Libs/mbedtls/library/ecp.c ****     /* execute parity fix in constant time */
2131:Libs/mbedtls/library/ecp.c ****     MBEDTLS_MPI_CHK(mbedtls_mpi_copy(&M, m));
2132:Libs/mbedtls/library/ecp.c ****     MBEDTLS_MPI_CHK(mbedtls_mpi_sub_mpi(&mm, &grp->N, m));
2133:Libs/mbedtls/library/ecp.c ****     MBEDTLS_MPI_CHK(mbedtls_mpi_safe_cond_assign(&M, &mm, *parity_trick));
2134:Libs/mbedtls/library/ecp.c **** 
2135:Libs/mbedtls/library/ecp.c ****     /* actual scalar recoding */
2136:Libs/mbedtls/library/ecp.c ****     ecp_comb_recode_core(k, d, w, &M);
2137:Libs/mbedtls/library/ecp.c **** 
2138:Libs/mbedtls/library/ecp.c **** cleanup:
2139:Libs/mbedtls/library/ecp.c ****     mbedtls_mpi_free(&mm);
2140:Libs/mbedtls/library/ecp.c ****     mbedtls_mpi_free(&M);
ARM GAS  C:\Users\nicx5\AppData\Local\Temp\ccosdxRQ.s 			page 39


2141:Libs/mbedtls/library/ecp.c **** 
2142:Libs/mbedtls/library/ecp.c ****     return ret;
2143:Libs/mbedtls/library/ecp.c **** }
2144:Libs/mbedtls/library/ecp.c **** 
2145:Libs/mbedtls/library/ecp.c **** /*
2146:Libs/mbedtls/library/ecp.c ****  * Perform comb multiplication (for short Weierstrass curves)
2147:Libs/mbedtls/library/ecp.c ****  * once the auxiliary table has been pre-computed.
2148:Libs/mbedtls/library/ecp.c ****  *
2149:Libs/mbedtls/library/ecp.c ****  * Scalar recoding may use a parity trick that makes us compute -m * P,
2150:Libs/mbedtls/library/ecp.c ****  * if that is the case we'll need to recover m * P at the end.
2151:Libs/mbedtls/library/ecp.c ****  */
2152:Libs/mbedtls/library/ecp.c **** static int ecp_mul_comb_after_precomp(const mbedtls_ecp_group *grp,
2153:Libs/mbedtls/library/ecp.c ****                                       mbedtls_ecp_point *R,
2154:Libs/mbedtls/library/ecp.c ****                                       const mbedtls_mpi *m,
2155:Libs/mbedtls/library/ecp.c ****                                       const mbedtls_ecp_point *T,
2156:Libs/mbedtls/library/ecp.c ****                                       unsigned char T_size,
2157:Libs/mbedtls/library/ecp.c ****                                       unsigned char w,
2158:Libs/mbedtls/library/ecp.c ****                                       size_t d,
2159:Libs/mbedtls/library/ecp.c ****                                       int (*f_rng)(void *, unsigned char *, size_t),
2160:Libs/mbedtls/library/ecp.c ****                                       void *p_rng,
2161:Libs/mbedtls/library/ecp.c ****                                       mbedtls_ecp_restart_ctx *rs_ctx)
2162:Libs/mbedtls/library/ecp.c **** {
2163:Libs/mbedtls/library/ecp.c ****     int ret = MBEDTLS_ERR_ERROR_CORRUPTION_DETECTED;
2164:Libs/mbedtls/library/ecp.c ****     unsigned char parity_trick;
2165:Libs/mbedtls/library/ecp.c ****     unsigned char k[COMB_MAX_D + 1];
2166:Libs/mbedtls/library/ecp.c ****     mbedtls_ecp_point *RR = R;
2167:Libs/mbedtls/library/ecp.c ****     int have_rng = 1;
2168:Libs/mbedtls/library/ecp.c **** 
2169:Libs/mbedtls/library/ecp.c **** #if defined(MBEDTLS_ECP_RESTARTABLE)
2170:Libs/mbedtls/library/ecp.c ****     if (rs_ctx != NULL && rs_ctx->rsm != NULL) {
2171:Libs/mbedtls/library/ecp.c ****         RR = &rs_ctx->rsm->R;
2172:Libs/mbedtls/library/ecp.c **** 
2173:Libs/mbedtls/library/ecp.c ****         if (rs_ctx->rsm->state == ecp_rsm_final_norm) {
2174:Libs/mbedtls/library/ecp.c ****             goto final_norm;
2175:Libs/mbedtls/library/ecp.c ****         }
2176:Libs/mbedtls/library/ecp.c ****     }
2177:Libs/mbedtls/library/ecp.c **** #endif
2178:Libs/mbedtls/library/ecp.c **** 
2179:Libs/mbedtls/library/ecp.c ****     MBEDTLS_MPI_CHK(ecp_comb_recode_scalar(grp, m, k, d, w,
2180:Libs/mbedtls/library/ecp.c ****                                            &parity_trick));
2181:Libs/mbedtls/library/ecp.c ****     MBEDTLS_MPI_CHK(ecp_mul_comb_core(grp, RR, T, T_size, k, d,
2182:Libs/mbedtls/library/ecp.c ****                                       f_rng, p_rng, rs_ctx));
2183:Libs/mbedtls/library/ecp.c ****     MBEDTLS_MPI_CHK(ecp_safe_invert_jac(grp, RR, parity_trick));
2184:Libs/mbedtls/library/ecp.c **** 
2185:Libs/mbedtls/library/ecp.c **** #if defined(MBEDTLS_ECP_RESTARTABLE)
2186:Libs/mbedtls/library/ecp.c ****     if (rs_ctx != NULL && rs_ctx->rsm != NULL) {
2187:Libs/mbedtls/library/ecp.c ****         rs_ctx->rsm->state = ecp_rsm_final_norm;
2188:Libs/mbedtls/library/ecp.c ****     }
2189:Libs/mbedtls/library/ecp.c **** 
2190:Libs/mbedtls/library/ecp.c **** final_norm:
2191:Libs/mbedtls/library/ecp.c ****     MBEDTLS_ECP_BUDGET(MBEDTLS_ECP_OPS_INV);
2192:Libs/mbedtls/library/ecp.c **** #endif
2193:Libs/mbedtls/library/ecp.c ****     /*
2194:Libs/mbedtls/library/ecp.c ****      * Knowledge of the jacobian coordinates may leak the last few bits of the
2195:Libs/mbedtls/library/ecp.c ****      * scalar [1], and since our MPI implementation isn't constant-flow,
2196:Libs/mbedtls/library/ecp.c ****      * inversion (used for coordinate normalization) may leak the full value
2197:Libs/mbedtls/library/ecp.c ****      * of its input via side-channels [2].
ARM GAS  C:\Users\nicx5\AppData\Local\Temp\ccosdxRQ.s 			page 40


2198:Libs/mbedtls/library/ecp.c ****      *
2199:Libs/mbedtls/library/ecp.c ****      * [1] https://eprint.iacr.org/2003/191
2200:Libs/mbedtls/library/ecp.c ****      * [2] https://eprint.iacr.org/2020/055
2201:Libs/mbedtls/library/ecp.c ****      *
2202:Libs/mbedtls/library/ecp.c ****      * Avoid the leak by randomizing coordinates before we normalize them.
2203:Libs/mbedtls/library/ecp.c ****      */
2204:Libs/mbedtls/library/ecp.c **** #if defined(MBEDTLS_ECP_NO_INTERNAL_RNG)
2205:Libs/mbedtls/library/ecp.c ****     if (f_rng == NULL) {
2206:Libs/mbedtls/library/ecp.c ****         have_rng = 0;
2207:Libs/mbedtls/library/ecp.c ****     }
2208:Libs/mbedtls/library/ecp.c **** #endif
2209:Libs/mbedtls/library/ecp.c ****     if (have_rng) {
2210:Libs/mbedtls/library/ecp.c ****         MBEDTLS_MPI_CHK(ecp_randomize_jac(grp, RR, f_rng, p_rng));
2211:Libs/mbedtls/library/ecp.c ****     }
2212:Libs/mbedtls/library/ecp.c **** 
2213:Libs/mbedtls/library/ecp.c ****     MBEDTLS_MPI_CHK(ecp_normalize_jac(grp, RR));
2214:Libs/mbedtls/library/ecp.c **** 
2215:Libs/mbedtls/library/ecp.c **** #if defined(MBEDTLS_ECP_RESTARTABLE)
2216:Libs/mbedtls/library/ecp.c ****     if (rs_ctx != NULL && rs_ctx->rsm != NULL) {
2217:Libs/mbedtls/library/ecp.c ****         MBEDTLS_MPI_CHK(mbedtls_ecp_copy(R, RR));
2218:Libs/mbedtls/library/ecp.c ****     }
2219:Libs/mbedtls/library/ecp.c **** #endif
2220:Libs/mbedtls/library/ecp.c **** 
2221:Libs/mbedtls/library/ecp.c **** cleanup:
2222:Libs/mbedtls/library/ecp.c ****     return ret;
2223:Libs/mbedtls/library/ecp.c **** }
2224:Libs/mbedtls/library/ecp.c **** 
2225:Libs/mbedtls/library/ecp.c **** /*
2226:Libs/mbedtls/library/ecp.c ****  * Pick window size based on curve size and whether we optimize for base point
2227:Libs/mbedtls/library/ecp.c ****  */
2228:Libs/mbedtls/library/ecp.c **** static unsigned char ecp_pick_window_size(const mbedtls_ecp_group *grp,
2229:Libs/mbedtls/library/ecp.c ****                                           unsigned char p_eq_g)
2230:Libs/mbedtls/library/ecp.c **** {
  28              		.loc 1 2230 1 view -0
  29              		.cfi_startproc
  30              		@ args = 0, pretend = 0, frame = 0
  31              		@ frame_needed = 0, uses_anonymous_args = 0
  32              		@ link register save eliminated.
2231:Libs/mbedtls/library/ecp.c ****     unsigned char w;
  33              		.loc 1 2231 5 view .LVU1
2232:Libs/mbedtls/library/ecp.c **** 
2233:Libs/mbedtls/library/ecp.c ****     /*
2234:Libs/mbedtls/library/ecp.c ****      * Minimize the number of multiplications, that is minimize
2235:Libs/mbedtls/library/ecp.c ****      * 10 * d * w + 18 * 2^(w-1) + 11 * d + 7 * w, with d = ceil( nbits / w )
2236:Libs/mbedtls/library/ecp.c ****      * (see costs of the various parts, with 1S = 1M)
2237:Libs/mbedtls/library/ecp.c ****      */
2238:Libs/mbedtls/library/ecp.c ****     w = grp->nbits >= 384 ? 5 : 4;
  34              		.loc 1 2238 5 view .LVU2
2239:Libs/mbedtls/library/ecp.c **** 
2240:Libs/mbedtls/library/ecp.c ****     /*
2241:Libs/mbedtls/library/ecp.c ****      * If P == G, pre-compute a bit more, since this may be re-used later.
2242:Libs/mbedtls/library/ecp.c ****      * Just adding one avoids upping the cost of the first mul too much,
2243:Libs/mbedtls/library/ecp.c ****      * and the memory cost too.
2244:Libs/mbedtls/library/ecp.c ****      */
2245:Libs/mbedtls/library/ecp.c ****     if (p_eq_g) {
  35              		.loc 1 2245 5 view .LVU3
2246:Libs/mbedtls/library/ecp.c ****         w++;
ARM GAS  C:\Users\nicx5\AppData\Local\Temp\ccosdxRQ.s 			page 41


  36              		.loc 1 2246 9 view .LVU4
2247:Libs/mbedtls/library/ecp.c ****     }
2248:Libs/mbedtls/library/ecp.c **** 
2249:Libs/mbedtls/library/ecp.c ****     /*
2250:Libs/mbedtls/library/ecp.c ****      * Make sure w is within bounds.
2251:Libs/mbedtls/library/ecp.c ****      * (The last test is useful only for very small curves in the test suite.)
2252:Libs/mbedtls/library/ecp.c ****      */
2253:Libs/mbedtls/library/ecp.c **** #if (MBEDTLS_ECP_WINDOW_SIZE < 6)
2254:Libs/mbedtls/library/ecp.c ****     if (w > MBEDTLS_ECP_WINDOW_SIZE) {
  37              		.loc 1 2254 5 view .LVU5
2255:Libs/mbedtls/library/ecp.c ****         w = MBEDTLS_ECP_WINDOW_SIZE;
  38              		.loc 1 2255 9 view .LVU6
2256:Libs/mbedtls/library/ecp.c ****     }
2257:Libs/mbedtls/library/ecp.c **** #endif
2258:Libs/mbedtls/library/ecp.c ****     if (w >= grp->nbits) {
  39              		.loc 1 2258 5 view .LVU7
2259:Libs/mbedtls/library/ecp.c ****         w = 2;
  40              		.loc 1 2259 9 view .LVU8
2260:Libs/mbedtls/library/ecp.c ****     }
2261:Libs/mbedtls/library/ecp.c **** 
2262:Libs/mbedtls/library/ecp.c ****     return w;
  41              		.loc 1 2262 5 view .LVU9
2263:Libs/mbedtls/library/ecp.c **** }
  42              		.loc 1 2263 1 is_stmt 0 view .LVU10
  43 0000 0220     		movs	r0, #2
  44              	.LVL1:
  45              		.loc 1 2263 1 view .LVU11
  46 0002 7047     		bx	lr
  47              		.cfi_endproc
  48              	.LFE49:
  50              		.section	.text.mbedtls_mpi_add_mod,"ax",%progbits
  51              		.align	1
  52              		.syntax unified
  53              		.thumb
  54              		.thumb_func
  56              	mbedtls_mpi_add_mod:
  57              	.LVL2:
  58              	.LFB35:
1274:Libs/mbedtls/library/ecp.c ****     int ret = MBEDTLS_ERR_ERROR_CORRUPTION_DETECTED;
  59              		.loc 1 1274 1 is_stmt 1 view -0
  60              		.cfi_startproc
  61              		@ args = 0, pretend = 0, frame = 0
  62              		@ frame_needed = 0, uses_anonymous_args = 0
1274:Libs/mbedtls/library/ecp.c ****     int ret = MBEDTLS_ERR_ERROR_CORRUPTION_DETECTED;
  63              		.loc 1 1274 1 is_stmt 0 view .LVU13
  64 0000 F8B5     		push	{r3, r4, r5, r6, r7, lr}
  65              	.LCFI0:
  66              		.cfi_def_cfa_offset 24
  67              		.cfi_offset 3, -24
  68              		.cfi_offset 4, -20
  69              		.cfi_offset 5, -16
  70              		.cfi_offset 6, -12
  71              		.cfi_offset 7, -8
  72              		.cfi_offset 14, -4
  73 0002 0646     		mov	r6, r0
  74 0004 0C46     		mov	r4, r1
  75 0006 1146     		mov	r1, r2
ARM GAS  C:\Users\nicx5\AppData\Local\Temp\ccosdxRQ.s 			page 42


  76              	.LVL3:
1275:Libs/mbedtls/library/ecp.c ****     MBEDTLS_MPI_CHK(mbedtls_mpi_add_mpi(X, A, B));
  77              		.loc 1 1275 5 is_stmt 1 view .LVU14
1276:Libs/mbedtls/library/ecp.c ****     MOD_ADD(*X);
  78              		.loc 1 1276 5 view .LVU15
1276:Libs/mbedtls/library/ecp.c ****     MOD_ADD(*X);
  79              		.loc 1 1276 5 view .LVU16
  80 0008 1A46     		mov	r2, r3
  81              	.LVL4:
1276:Libs/mbedtls/library/ecp.c ****     MOD_ADD(*X);
  82              		.loc 1 1276 5 is_stmt 0 view .LVU17
  83 000a 2046     		mov	r0, r4
  84              	.LVL5:
1276:Libs/mbedtls/library/ecp.c ****     MOD_ADD(*X);
  85              		.loc 1 1276 5 view .LVU18
  86 000c FFF7FEFF 		bl	mbedtls_mpi_add_mpi
  87              	.LVL6:
1276:Libs/mbedtls/library/ecp.c ****     MOD_ADD(*X);
  88              		.loc 1 1276 5 discriminator 1 view .LVU19
  89 0010 0746     		mov	r7, r0
  90 0012 70B9     		cbnz	r0, .L2
  91              	.L4:
1277:Libs/mbedtls/library/ecp.c **** cleanup:
  92              		.loc 1 1277 5 is_stmt 1 discriminator 2 view .LVU20
1277:Libs/mbedtls/library/ecp.c **** cleanup:
  93              		.loc 1 1277 5 discriminator 2 view .LVU21
  94 0014 351D     		adds	r5, r6, #4
  95 0016 2946     		mov	r1, r5
  96 0018 2046     		mov	r0, r4
  97              	.LVL7:
1277:Libs/mbedtls/library/ecp.c **** cleanup:
  98              		.loc 1 1277 5 is_stmt 0 discriminator 2 view .LVU22
  99 001a FFF7FEFF 		bl	mbedtls_mpi_cmp_mpi
 100              	.LVL8:
1277:Libs/mbedtls/library/ecp.c **** cleanup:
 101              		.loc 1 1277 5 discriminator 1 view .LVU23
 102 001e 0028     		cmp	r0, #0
 103 0020 07DB     		blt	.L2
1277:Libs/mbedtls/library/ecp.c **** cleanup:
 104              		.loc 1 1277 5 is_stmt 1 discriminator 3 view .LVU24
1277:Libs/mbedtls/library/ecp.c **** cleanup:
 105              		.loc 1 1277 5 discriminator 3 view .LVU25
 106 0022 2A46     		mov	r2, r5
 107 0024 2146     		mov	r1, r4
 108 0026 2046     		mov	r0, r4
 109 0028 FFF7FEFF 		bl	mbedtls_mpi_sub_abs
 110              	.LVL9:
1277:Libs/mbedtls/library/ecp.c **** cleanup:
 111              		.loc 1 1277 5 is_stmt 0 discriminator 3 view .LVU26
 112 002c 0746     		mov	r7, r0
 113 002e 0028     		cmp	r0, #0
 114 0030 F0D0     		beq	.L4
 115              	.L3:
 116              	.LVL10:
 117              	.L2:
1280:Libs/mbedtls/library/ecp.c **** 
 118              		.loc 1 1280 1 view .LVU27
ARM GAS  C:\Users\nicx5\AppData\Local\Temp\ccosdxRQ.s 			page 43


 119 0032 3846     		mov	r0, r7
 120 0034 F8BD     		pop	{r3, r4, r5, r6, r7, pc}
1280:Libs/mbedtls/library/ecp.c **** 
 121              		.loc 1 1280 1 view .LVU28
 122              		.cfi_endproc
 123              	.LFE35:
 125              		.section	.text.mbedtls_mpi_sub_mod,"ax",%progbits
 126              		.align	1
 127              		.syntax unified
 128              		.thumb
 129              		.thumb_func
 131              	mbedtls_mpi_sub_mod:
 132              	.LVL11:
 133              	.LFB34:
1252:Libs/mbedtls/library/ecp.c ****     int ret = MBEDTLS_ERR_ERROR_CORRUPTION_DETECTED;
 134              		.loc 1 1252 1 is_stmt 1 view -0
 135              		.cfi_startproc
 136              		@ args = 0, pretend = 0, frame = 0
 137              		@ frame_needed = 0, uses_anonymous_args = 0
1252:Libs/mbedtls/library/ecp.c ****     int ret = MBEDTLS_ERR_ERROR_CORRUPTION_DETECTED;
 138              		.loc 1 1252 1 is_stmt 0 view .LVU30
 139 0000 70B5     		push	{r4, r5, r6, lr}
 140              	.LCFI1:
 141              		.cfi_def_cfa_offset 16
 142              		.cfi_offset 4, -16
 143              		.cfi_offset 5, -12
 144              		.cfi_offset 6, -8
 145              		.cfi_offset 14, -4
 146 0002 0546     		mov	r5, r0
 147 0004 0C46     		mov	r4, r1
 148 0006 1146     		mov	r1, r2
 149              	.LVL12:
1253:Libs/mbedtls/library/ecp.c ****     MBEDTLS_MPI_CHK(mbedtls_mpi_sub_mpi(X, A, B));
 150              		.loc 1 1253 5 is_stmt 1 view .LVU31
1254:Libs/mbedtls/library/ecp.c ****     MOD_SUB(*X);
 151              		.loc 1 1254 5 view .LVU32
1254:Libs/mbedtls/library/ecp.c ****     MOD_SUB(*X);
 152              		.loc 1 1254 5 view .LVU33
 153 0008 1A46     		mov	r2, r3
 154              	.LVL13:
1254:Libs/mbedtls/library/ecp.c ****     MOD_SUB(*X);
 155              		.loc 1 1254 5 is_stmt 0 view .LVU34
 156 000a 2046     		mov	r0, r4
 157              	.LVL14:
1254:Libs/mbedtls/library/ecp.c ****     MOD_SUB(*X);
 158              		.loc 1 1254 5 view .LVU35
 159 000c FFF7FEFF 		bl	mbedtls_mpi_sub_mpi
 160              	.LVL15:
1254:Libs/mbedtls/library/ecp.c ****     MOD_SUB(*X);
 161              		.loc 1 1254 5 discriminator 1 view .LVU36
 162 0010 0646     		mov	r6, r0
 163 0012 78B9     		cbnz	r0, .L7
 164              	.L9:
1255:Libs/mbedtls/library/ecp.c **** cleanup:
 165              		.loc 1 1255 5 is_stmt 1 discriminator 2 view .LVU37
1255:Libs/mbedtls/library/ecp.c **** cleanup:
 166              		.loc 1 1255 5 discriminator 2 view .LVU38
ARM GAS  C:\Users\nicx5\AppData\Local\Temp\ccosdxRQ.s 			page 44


 167 0014 2368     		ldr	r3, [r4]
 168 0016 002B     		cmp	r3, #0
 169 0018 0CDA     		bge	.L7
1255:Libs/mbedtls/library/ecp.c **** cleanup:
 170              		.loc 1 1255 5 is_stmt 0 discriminator 3 view .LVU39
 171 001a 0021     		movs	r1, #0
 172 001c 2046     		mov	r0, r4
 173              	.LVL16:
1255:Libs/mbedtls/library/ecp.c **** cleanup:
 174              		.loc 1 1255 5 discriminator 3 view .LVU40
 175 001e FFF7FEFF 		bl	mbedtls_mpi_cmp_int
 176              	.LVL17:
1255:Libs/mbedtls/library/ecp.c **** cleanup:
 177              		.loc 1 1255 5 discriminator 1 view .LVU41
 178 0022 38B1     		cbz	r0, .L7
1255:Libs/mbedtls/library/ecp.c **** cleanup:
 179              		.loc 1 1255 5 is_stmt 1 discriminator 4 view .LVU42
1255:Libs/mbedtls/library/ecp.c **** cleanup:
 180              		.loc 1 1255 5 discriminator 4 view .LVU43
 181 0024 2A1D     		adds	r2, r5, #4
 182 0026 2146     		mov	r1, r4
 183 0028 2046     		mov	r0, r4
 184 002a FFF7FEFF 		bl	mbedtls_mpi_add_mpi
 185              	.LVL18:
1255:Libs/mbedtls/library/ecp.c **** cleanup:
 186              		.loc 1 1255 5 is_stmt 0 discriminator 4 view .LVU44
 187 002e 0646     		mov	r6, r0
 188 0030 0028     		cmp	r0, #0
 189 0032 EFD0     		beq	.L9
 190              	.L8:
 191              	.LVL19:
 192              	.L7:
1258:Libs/mbedtls/library/ecp.c **** #endif /* All functions referencing mbedtls_mpi_sub_mod() are alt-implemented without fallback */
 193              		.loc 1 1258 1 view .LVU45
 194 0034 3046     		mov	r0, r6
 195 0036 70BD     		pop	{r4, r5, r6, pc}
1258:Libs/mbedtls/library/ecp.c **** #endif /* All functions referencing mbedtls_mpi_sub_mod() are alt-implemented without fallback */
 196              		.loc 1 1258 1 view .LVU46
 197              		.cfi_endproc
 198              	.LFE34:
 200              		.section	.text.ecp_modp,"ax",%progbits
 201              		.align	1
 202              		.syntax unified
 203              		.thumb
 204              		.thumb_func
 206              	ecp_modp:
 207              	.LVL20:
 208              	.LFB32:
1166:Libs/mbedtls/library/ecp.c ****     int ret = MBEDTLS_ERR_ERROR_CORRUPTION_DETECTED;
 209              		.loc 1 1166 1 is_stmt 1 view -0
 210              		.cfi_startproc
 211              		@ args = 0, pretend = 0, frame = 0
 212              		@ frame_needed = 0, uses_anonymous_args = 0
1166:Libs/mbedtls/library/ecp.c ****     int ret = MBEDTLS_ERR_ERROR_CORRUPTION_DETECTED;
 213              		.loc 1 1166 1 is_stmt 0 view .LVU48
 214 0000 F8B5     		push	{r3, r4, r5, r6, r7, lr}
 215              	.LCFI2:
ARM GAS  C:\Users\nicx5\AppData\Local\Temp\ccosdxRQ.s 			page 45


 216              		.cfi_def_cfa_offset 24
 217              		.cfi_offset 3, -24
 218              		.cfi_offset 4, -20
 219              		.cfi_offset 5, -16
 220              		.cfi_offset 6, -12
 221              		.cfi_offset 7, -8
 222              		.cfi_offset 14, -4
 223 0002 0446     		mov	r4, r0
 224 0004 0D46     		mov	r5, r1
1167:Libs/mbedtls/library/ecp.c **** 
 225              		.loc 1 1167 5 is_stmt 1 view .LVU49
 226              	.LVL21:
1169:Libs/mbedtls/library/ecp.c ****         return mbedtls_mpi_mod_mpi(N, N, &grp->P);
 227              		.loc 1 1169 5 view .LVU50
1169:Libs/mbedtls/library/ecp.c ****         return mbedtls_mpi_mod_mpi(N, N, &grp->P);
 228              		.loc 1 1169 12 is_stmt 0 view .LVU51
 229 0006 4B6E     		ldr	r3, [r1, #100]
1169:Libs/mbedtls/library/ecp.c ****         return mbedtls_mpi_mod_mpi(N, N, &grp->P);
 230              		.loc 1 1169 8 view .LVU52
 231 0008 FBB1     		cbz	r3, .L24
1174:Libs/mbedtls/library/ecp.c ****         mbedtls_mpi_bitlen(N) > 2 * grp->pbits) {
 232              		.loc 1 1174 5 is_stmt 1 view .LVU53
1174:Libs/mbedtls/library/ecp.c ****         mbedtls_mpi_bitlen(N) > 2 * grp->pbits) {
 233              		.loc 1 1174 11 is_stmt 0 view .LVU54
 234 000a 0368     		ldr	r3, [r0]
1174:Libs/mbedtls/library/ecp.c ****         mbedtls_mpi_bitlen(N) > 2 * grp->pbits) {
 235              		.loc 1 1174 8 view .LVU55
 236 000c 002B     		cmp	r3, #0
 237 000e 22DB     		blt	.L25
 238              	.LVL22:
 239              	.L15:
1175:Libs/mbedtls/library/ecp.c ****         return MBEDTLS_ERR_ECP_BAD_INPUT_DATA;
 240              		.loc 1 1175 9 view .LVU56
 241 0010 2046     		mov	r0, r4
 242 0012 FFF7FEFF 		bl	mbedtls_mpi_bitlen
 243              	.LVL23:
1175:Libs/mbedtls/library/ecp.c ****         return MBEDTLS_ERR_ECP_BAD_INPUT_DATA;
 244              		.loc 1 1175 40 discriminator 1 view .LVU57
 245 0016 AB6D     		ldr	r3, [r5, #88]
1174:Libs/mbedtls/library/ecp.c ****         mbedtls_mpi_bitlen(N) > 2 * grp->pbits) {
 246              		.loc 1 1174 54 discriminator 3 view .LVU58
 247 0018 B0EB430F 		cmp	r0, r3, lsl #1
 248 001c 20D8     		bhi	.L16
1179:Libs/mbedtls/library/ecp.c **** 
 249              		.loc 1 1179 5 is_stmt 1 view .LVU59
1179:Libs/mbedtls/library/ecp.c **** 
 250              		.loc 1 1179 5 view .LVU60
 251 001e 6B6E     		ldr	r3, [r5, #100]
 252 0020 2046     		mov	r0, r4
 253 0022 9847     		blx	r3
 254              	.LVL24:
1179:Libs/mbedtls/library/ecp.c **** 
 255              		.loc 1 1179 5 is_stmt 0 discriminator 1 view .LVU61
 256 0024 0746     		mov	r7, r0
 257 0026 60BB     		cbnz	r0, .L12
 258              	.L18:
1183:Libs/mbedtls/library/ecp.c ****     }
ARM GAS  C:\Users\nicx5\AppData\Local\Temp\ccosdxRQ.s 			page 46


 259              		.loc 1 1183 9 is_stmt 1 discriminator 2 view .LVU62
1182:Libs/mbedtls/library/ecp.c ****         MBEDTLS_MPI_CHK(mbedtls_mpi_add_mpi(N, N, &grp->P));
 260              		.loc 1 1182 21 view .LVU63
1182:Libs/mbedtls/library/ecp.c ****         MBEDTLS_MPI_CHK(mbedtls_mpi_add_mpi(N, N, &grp->P));
 261              		.loc 1 1182 13 is_stmt 0 view .LVU64
 262 0028 2368     		ldr	r3, [r4]
1182:Libs/mbedtls/library/ecp.c ****         MBEDTLS_MPI_CHK(mbedtls_mpi_add_mpi(N, N, &grp->P));
 263              		.loc 1 1182 21 view .LVU65
 264 002a 002B     		cmp	r3, #0
 265 002c 1ADA     		bge	.L21
1182:Libs/mbedtls/library/ecp.c ****         MBEDTLS_MPI_CHK(mbedtls_mpi_add_mpi(N, N, &grp->P));
 266              		.loc 1 1182 24 discriminator 1 view .LVU66
 267 002e 0021     		movs	r1, #0
 268 0030 2046     		mov	r0, r4
 269              	.LVL25:
1182:Libs/mbedtls/library/ecp.c ****         MBEDTLS_MPI_CHK(mbedtls_mpi_add_mpi(N, N, &grp->P));
 270              		.loc 1 1182 24 discriminator 1 view .LVU67
 271 0032 FFF7FEFF 		bl	mbedtls_mpi_cmp_int
 272              	.LVL26:
1182:Libs/mbedtls/library/ecp.c ****         MBEDTLS_MPI_CHK(mbedtls_mpi_add_mpi(N, N, &grp->P));
 273              		.loc 1 1182 21 discriminator 1 view .LVU68
 274 0036 A8B1     		cbz	r0, .L21
1183:Libs/mbedtls/library/ecp.c ****     }
 275              		.loc 1 1183 9 is_stmt 1 view .LVU69
1183:Libs/mbedtls/library/ecp.c ****     }
 276              		.loc 1 1183 9 view .LVU70
 277 0038 2A1D     		adds	r2, r5, #4
 278 003a 2146     		mov	r1, r4
 279 003c 2046     		mov	r0, r4
 280 003e FFF7FEFF 		bl	mbedtls_mpi_add_mpi
 281              	.LVL27:
1183:Libs/mbedtls/library/ecp.c ****     }
 282              		.loc 1 1183 9 is_stmt 0 discriminator 1 view .LVU71
 283 0042 0746     		mov	r7, r0
 284 0044 0028     		cmp	r0, #0
 285 0046 EFD0     		beq	.L18
 286 0048 1BE0     		b	.L12
 287              	.LVL28:
 288              	.L24:
1170:Libs/mbedtls/library/ecp.c ****     }
 289              		.loc 1 1170 9 is_stmt 1 view .LVU72
1170:Libs/mbedtls/library/ecp.c ****     }
 290              		.loc 1 1170 16 is_stmt 0 view .LVU73
 291 004a 0A1D     		adds	r2, r1, #4
 292 004c 0146     		mov	r1, r0
 293              	.LVL29:
1170:Libs/mbedtls/library/ecp.c ****     }
 294              		.loc 1 1170 16 view .LVU74
 295 004e FFF7FEFF 		bl	mbedtls_mpi_mod_mpi
 296              	.LVL30:
1170:Libs/mbedtls/library/ecp.c ****     }
 297              		.loc 1 1170 16 view .LVU75
 298 0052 0746     		mov	r7, r0
 299 0054 15E0     		b	.L12
 300              	.LVL31:
 301              	.L25:
1174:Libs/mbedtls/library/ecp.c ****         mbedtls_mpi_bitlen(N) > 2 * grp->pbits) {
ARM GAS  C:\Users\nicx5\AppData\Local\Temp\ccosdxRQ.s 			page 47


 302              		.loc 1 1174 22 discriminator 1 view .LVU76
 303 0056 0021     		movs	r1, #0
 304              	.LVL32:
1174:Libs/mbedtls/library/ecp.c ****         mbedtls_mpi_bitlen(N) > 2 * grp->pbits) {
 305              		.loc 1 1174 22 discriminator 1 view .LVU77
 306 0058 FFF7FEFF 		bl	mbedtls_mpi_cmp_int
 307              	.LVL33:
1174:Libs/mbedtls/library/ecp.c ****         mbedtls_mpi_bitlen(N) > 2 * grp->pbits) {
 308              		.loc 1 1174 19 discriminator 1 view .LVU78
 309 005c 0028     		cmp	r0, #0
 310 005e D7D0     		beq	.L15
 311              	.L16:
1176:Libs/mbedtls/library/ecp.c ****     }
 312              		.loc 1 1176 9 is_stmt 1 view .LVU79
1176:Libs/mbedtls/library/ecp.c ****     }
 313              		.loc 1 1176 16 is_stmt 0 view .LVU80
 314 0060 094F     		ldr	r7, .L26
 315 0062 0EE0     		b	.L12
 316              	.LVL34:
 317              	.L21:
1188:Libs/mbedtls/library/ecp.c ****     }
 318              		.loc 1 1188 9 is_stmt 1 discriminator 2 view .LVU81
1186:Libs/mbedtls/library/ecp.c ****         /* we known P, N and the result are positive */
 319              		.loc 1 1186 44 view .LVU82
1186:Libs/mbedtls/library/ecp.c ****         /* we known P, N and the result are positive */
 320              		.loc 1 1186 12 is_stmt 0 view .LVU83
 321 0064 2E1D     		adds	r6, r5, #4
 322 0066 3146     		mov	r1, r6
 323 0068 2046     		mov	r0, r4
 324 006a FFF7FEFF 		bl	mbedtls_mpi_cmp_mpi
 325              	.LVL35:
1186:Libs/mbedtls/library/ecp.c ****         /* we known P, N and the result are positive */
 326              		.loc 1 1186 44 discriminator 1 view .LVU84
 327 006e 0028     		cmp	r0, #0
 328 0070 07DB     		blt	.L12
1188:Libs/mbedtls/library/ecp.c ****     }
 329              		.loc 1 1188 9 is_stmt 1 view .LVU85
1188:Libs/mbedtls/library/ecp.c ****     }
 330              		.loc 1 1188 9 view .LVU86
 331 0072 3246     		mov	r2, r6
 332 0074 2146     		mov	r1, r4
 333 0076 2046     		mov	r0, r4
 334 0078 FFF7FEFF 		bl	mbedtls_mpi_sub_abs
 335              	.LVL36:
1188:Libs/mbedtls/library/ecp.c ****     }
 336              		.loc 1 1188 9 is_stmt 0 discriminator 1 view .LVU87
 337 007c 0746     		mov	r7, r0
 338 007e 0028     		cmp	r0, #0
 339 0080 F0D0     		beq	.L21
 340              	.LVL37:
 341              	.L12:
1193:Libs/mbedtls/library/ecp.c **** 
 342              		.loc 1 1193 1 view .LVU88
 343 0082 3846     		mov	r0, r7
 344 0084 F8BD     		pop	{r3, r4, r5, r6, r7, pc}
 345              	.LVL38:
 346              	.L27:
ARM GAS  C:\Users\nicx5\AppData\Local\Temp\ccosdxRQ.s 			page 48


1193:Libs/mbedtls/library/ecp.c **** 
 347              		.loc 1 1193 1 view .LVU89
 348 0086 00BF     		.align	2
 349              	.L26:
 350 0088 80B0FFFF 		.word	-20352
 351              		.cfi_endproc
 352              	.LFE32:
 354              		.section	.text.mbedtls_mpi_mul_mod,"ax",%progbits
 355              		.align	1
 356              		.syntax unified
 357              		.thumb
 358              		.thumb_func
 360              	mbedtls_mpi_mul_mod:
 361              	.LVL39:
 362              	.LFB33:
1225:Libs/mbedtls/library/ecp.c ****     int ret = MBEDTLS_ERR_ERROR_CORRUPTION_DETECTED;
 363              		.loc 1 1225 1 is_stmt 1 view -0
 364              		.cfi_startproc
 365              		@ args = 0, pretend = 0, frame = 0
 366              		@ frame_needed = 0, uses_anonymous_args = 0
1225:Libs/mbedtls/library/ecp.c ****     int ret = MBEDTLS_ERR_ERROR_CORRUPTION_DETECTED;
 367              		.loc 1 1225 1 is_stmt 0 view .LVU91
 368 0000 38B5     		push	{r3, r4, r5, lr}
 369              	.LCFI3:
 370              		.cfi_def_cfa_offset 16
 371              		.cfi_offset 3, -16
 372              		.cfi_offset 4, -12
 373              		.cfi_offset 5, -8
 374              		.cfi_offset 14, -4
 375 0002 0546     		mov	r5, r0
 376 0004 0C46     		mov	r4, r1
 377 0006 1146     		mov	r1, r2
 378              	.LVL40:
1226:Libs/mbedtls/library/ecp.c ****     MBEDTLS_MPI_CHK(mbedtls_mpi_mul_mpi(X, A, B));
 379              		.loc 1 1226 5 is_stmt 1 view .LVU92
1227:Libs/mbedtls/library/ecp.c ****     MOD_MUL(*X);
 380              		.loc 1 1227 5 view .LVU93
1227:Libs/mbedtls/library/ecp.c ****     MOD_MUL(*X);
 381              		.loc 1 1227 5 view .LVU94
 382 0008 1A46     		mov	r2, r3
 383              	.LVL41:
1227:Libs/mbedtls/library/ecp.c ****     MOD_MUL(*X);
 384              		.loc 1 1227 5 is_stmt 0 view .LVU95
 385 000a 2046     		mov	r0, r4
 386              	.LVL42:
1227:Libs/mbedtls/library/ecp.c ****     MOD_MUL(*X);
 387              		.loc 1 1227 5 view .LVU96
 388 000c FFF7FEFF 		bl	mbedtls_mpi_mul_mpi
 389              	.LVL43:
1227:Libs/mbedtls/library/ecp.c ****     MOD_MUL(*X);
 390              		.loc 1 1227 5 discriminator 1 view .LVU97
 391 0010 00B1     		cbz	r0, .L31
 392              	.LVL44:
 393              	.L28:
1231:Libs/mbedtls/library/ecp.c **** 
 394              		.loc 1 1231 1 view .LVU98
 395 0012 38BD     		pop	{r3, r4, r5, pc}
ARM GAS  C:\Users\nicx5\AppData\Local\Temp\ccosdxRQ.s 			page 49


 396              	.LVL45:
 397              	.L31:
1227:Libs/mbedtls/library/ecp.c ****     MOD_MUL(*X);
 398              		.loc 1 1227 5 is_stmt 1 discriminator 2 view .LVU99
1228:Libs/mbedtls/library/ecp.c **** cleanup:
 399              		.loc 1 1228 5 view .LVU100
1228:Libs/mbedtls/library/ecp.c **** cleanup:
 400              		.loc 1 1228 5 view .LVU101
1228:Libs/mbedtls/library/ecp.c **** cleanup:
 401              		.loc 1 1228 5 view .LVU102
 402 0014 2946     		mov	r1, r5
 403 0016 2046     		mov	r0, r4
 404 0018 FFF7FEFF 		bl	ecp_modp
 405              	.LVL46:
1228:Libs/mbedtls/library/ecp.c **** cleanup:
 406              		.loc 1 1228 5 discriminator 1 view .LVU103
 407              	.L29:
1228:Libs/mbedtls/library/ecp.c **** cleanup:
 408              		.loc 1 1228 5 discriminator 3 view .LVU104
1228:Libs/mbedtls/library/ecp.c **** cleanup:
 409              		.loc 1 1228 5 discriminator 3 view .LVU105
1230:Libs/mbedtls/library/ecp.c **** }
 410              		.loc 1 1230 5 view .LVU106
1230:Libs/mbedtls/library/ecp.c **** }
 411              		.loc 1 1230 12 is_stmt 0 view .LVU107
 412 001c F9E7     		b	.L28
 413              		.cfi_endproc
 414              	.LFE33:
 416              		.section	.text.mbedtls_mpi_shift_l_mod,"ax",%progbits
 417              		.align	1
 418              		.syntax unified
 419              		.thumb
 420              		.thumb_func
 422              	mbedtls_mpi_shift_l_mod:
 423              	.LVL47:
 424              	.LFB36:
1289:Libs/mbedtls/library/ecp.c ****     int ret = MBEDTLS_ERR_ERROR_CORRUPTION_DETECTED;
 425              		.loc 1 1289 1 is_stmt 1 view -0
 426              		.cfi_startproc
 427              		@ args = 0, pretend = 0, frame = 0
 428              		@ frame_needed = 0, uses_anonymous_args = 0
1289:Libs/mbedtls/library/ecp.c ****     int ret = MBEDTLS_ERR_ERROR_CORRUPTION_DETECTED;
 429              		.loc 1 1289 1 is_stmt 0 view .LVU109
 430 0000 F8B5     		push	{r3, r4, r5, r6, r7, lr}
 431              	.LCFI4:
 432              		.cfi_def_cfa_offset 24
 433              		.cfi_offset 3, -24
 434              		.cfi_offset 4, -20
 435              		.cfi_offset 5, -16
 436              		.cfi_offset 6, -12
 437              		.cfi_offset 7, -8
 438              		.cfi_offset 14, -4
 439 0002 0646     		mov	r6, r0
 440 0004 0C46     		mov	r4, r1
1290:Libs/mbedtls/library/ecp.c ****     MBEDTLS_MPI_CHK(mbedtls_mpi_shift_l(X, count));
 441              		.loc 1 1290 5 is_stmt 1 view .LVU110
 442              	.LVL48:
ARM GAS  C:\Users\nicx5\AppData\Local\Temp\ccosdxRQ.s 			page 50


1291:Libs/mbedtls/library/ecp.c ****     MOD_ADD(*X);
 443              		.loc 1 1291 5 view .LVU111
1291:Libs/mbedtls/library/ecp.c ****     MOD_ADD(*X);
 444              		.loc 1 1291 5 view .LVU112
 445 0006 1146     		mov	r1, r2
 446              	.LVL49:
1291:Libs/mbedtls/library/ecp.c ****     MOD_ADD(*X);
 447              		.loc 1 1291 5 is_stmt 0 view .LVU113
 448 0008 2046     		mov	r0, r4
 449              	.LVL50:
1291:Libs/mbedtls/library/ecp.c ****     MOD_ADD(*X);
 450              		.loc 1 1291 5 view .LVU114
 451 000a FFF7FEFF 		bl	mbedtls_mpi_shift_l
 452              	.LVL51:
1291:Libs/mbedtls/library/ecp.c ****     MOD_ADD(*X);
 453              		.loc 1 1291 5 discriminator 1 view .LVU115
 454 000e 0746     		mov	r7, r0
 455 0010 70B9     		cbnz	r0, .L32
 456              	.L34:
1292:Libs/mbedtls/library/ecp.c **** cleanup:
 457              		.loc 1 1292 5 is_stmt 1 discriminator 2 view .LVU116
1292:Libs/mbedtls/library/ecp.c **** cleanup:
 458              		.loc 1 1292 5 discriminator 2 view .LVU117
 459 0012 351D     		adds	r5, r6, #4
 460 0014 2946     		mov	r1, r5
 461 0016 2046     		mov	r0, r4
 462              	.LVL52:
1292:Libs/mbedtls/library/ecp.c **** cleanup:
 463              		.loc 1 1292 5 is_stmt 0 discriminator 2 view .LVU118
 464 0018 FFF7FEFF 		bl	mbedtls_mpi_cmp_mpi
 465              	.LVL53:
1292:Libs/mbedtls/library/ecp.c **** cleanup:
 466              		.loc 1 1292 5 discriminator 1 view .LVU119
 467 001c 0028     		cmp	r0, #0
 468 001e 07DB     		blt	.L32
1292:Libs/mbedtls/library/ecp.c **** cleanup:
 469              		.loc 1 1292 5 is_stmt 1 discriminator 3 view .LVU120
1292:Libs/mbedtls/library/ecp.c **** cleanup:
 470              		.loc 1 1292 5 discriminator 3 view .LVU121
 471 0020 2A46     		mov	r2, r5
 472 0022 2146     		mov	r1, r4
 473 0024 2046     		mov	r0, r4
 474 0026 FFF7FEFF 		bl	mbedtls_mpi_sub_abs
 475              	.LVL54:
1292:Libs/mbedtls/library/ecp.c **** cleanup:
 476              		.loc 1 1292 5 is_stmt 0 discriminator 3 view .LVU122
 477 002a 0746     		mov	r7, r0
 478 002c 0028     		cmp	r0, #0
 479 002e F0D0     		beq	.L34
 480              	.L33:
 481              	.LVL55:
 482              	.L32:
1295:Libs/mbedtls/library/ecp.c **** #endif \
 483              		.loc 1 1295 1 view .LVU123
 484 0030 3846     		mov	r0, r7
 485 0032 F8BD     		pop	{r3, r4, r5, r6, r7, pc}
1295:Libs/mbedtls/library/ecp.c **** #endif \
ARM GAS  C:\Users\nicx5\AppData\Local\Temp\ccosdxRQ.s 			page 51


 486              		.loc 1 1295 1 view .LVU124
 487              		.cfi_endproc
 488              	.LFE36:
 490              		.section	.text.ecp_double_jac,"ax",%progbits
 491              		.align	1
 492              		.syntax unified
 493              		.thumb
 494              		.thumb_func
 496              	ecp_double_jac:
 497              	.LVL56:
 498              	.LFB40:
1499:Libs/mbedtls/library/ecp.c **** #if defined(MBEDTLS_SELF_TEST)
 499              		.loc 1 1499 1 is_stmt 1 view -0
 500              		.cfi_startproc
 501              		@ args = 0, pretend = 0, frame = 48
 502              		@ frame_needed = 0, uses_anonymous_args = 0
1499:Libs/mbedtls/library/ecp.c **** #if defined(MBEDTLS_SELF_TEST)
 503              		.loc 1 1499 1 is_stmt 0 view .LVU126
 504 0000 2DE9F041 		push	{r4, r5, r6, r7, r8, lr}
 505              	.LCFI5:
 506              		.cfi_def_cfa_offset 24
 507              		.cfi_offset 4, -24
 508              		.cfi_offset 5, -20
 509              		.cfi_offset 6, -16
 510              		.cfi_offset 7, -12
 511              		.cfi_offset 8, -8
 512              		.cfi_offset 14, -4
 513 0004 8CB0     		sub	sp, sp, #48
 514              	.LCFI6:
 515              		.cfi_def_cfa_offset 72
 516 0006 0446     		mov	r4, r0
 517 0008 0F46     		mov	r7, r1
 518 000a 1646     		mov	r6, r2
1513:Libs/mbedtls/library/ecp.c ****     mbedtls_mpi M, S, T, U;
 519              		.loc 1 1513 5 is_stmt 1 view .LVU127
 520              	.LVL57:
1514:Libs/mbedtls/library/ecp.c **** 
 521              		.loc 1 1514 5 view .LVU128
1516:Libs/mbedtls/library/ecp.c **** 
 522              		.loc 1 1516 5 view .LVU129
 523 000c 09A8     		add	r0, sp, #36
 524              	.LVL58:
1516:Libs/mbedtls/library/ecp.c **** 
 525              		.loc 1 1516 5 is_stmt 0 view .LVU130
 526 000e FFF7FEFF 		bl	mbedtls_mpi_init
 527              	.LVL59:
1516:Libs/mbedtls/library/ecp.c **** 
 528              		.loc 1 1516 27 is_stmt 1 discriminator 1 view .LVU131
 529 0012 06A8     		add	r0, sp, #24
 530 0014 FFF7FEFF 		bl	mbedtls_mpi_init
 531              	.LVL60:
1516:Libs/mbedtls/library/ecp.c **** 
 532              		.loc 1 1516 49 discriminator 2 view .LVU132
 533 0018 03A8     		add	r0, sp, #12
 534 001a FFF7FEFF 		bl	mbedtls_mpi_init
 535              	.LVL61:
1516:Libs/mbedtls/library/ecp.c **** 
ARM GAS  C:\Users\nicx5\AppData\Local\Temp\ccosdxRQ.s 			page 52


 536              		.loc 1 1516 71 discriminator 3 view .LVU133
 537 001e 6846     		mov	r0, sp
 538 0020 FFF7FEFF 		bl	mbedtls_mpi_init
 539              	.LVL62:
1519:Libs/mbedtls/library/ecp.c ****         /* M = 3(X + Z^2)(X - Z^2) */
 540              		.loc 1 1519 5 view .LVU134
1519:Libs/mbedtls/library/ecp.c ****         /* M = 3(X + Z^2)(X - Z^2) */
 541              		.loc 1 1519 15 is_stmt 0 view .LVU135
 542 0024 A369     		ldr	r3, [r4, #24]
1519:Libs/mbedtls/library/ecp.c ****         /* M = 3(X + Z^2)(X - Z^2) */
 543              		.loc 1 1519 8 view .LVU136
 544 0026 C3B1     		cbz	r3, .L46
1528:Libs/mbedtls/library/ecp.c ****         MBEDTLS_MPI_CHK(mbedtls_mpi_mul_int(&M,  &S,     3)); MOD_ADD(M);
 545              		.loc 1 1528 9 is_stmt 1 view .LVU137
1528:Libs/mbedtls/library/ecp.c ****         MBEDTLS_MPI_CHK(mbedtls_mpi_mul_int(&M,  &S,     3)); MOD_ADD(M);
 546              		.loc 1 1528 9 view .LVU138
 547 0028 3346     		mov	r3, r6
 548 002a 3246     		mov	r2, r6
 549 002c 06A9     		add	r1, sp, #24
 550 002e 2046     		mov	r0, r4
 551 0030 FFF7FEFF 		bl	mbedtls_mpi_mul_mod
 552              	.LVL63:
1528:Libs/mbedtls/library/ecp.c ****         MBEDTLS_MPI_CHK(mbedtls_mpi_mul_int(&M,  &S,     3)); MOD_ADD(M);
 553              		.loc 1 1528 9 is_stmt 0 discriminator 1 view .LVU139
 554 0034 0546     		mov	r5, r0
 555 0036 0028     		cmp	r0, #0
 556 0038 4CD0     		beq	.L47
 557              	.L39:
1567:Libs/mbedtls/library/ecp.c **** 
 558              		.loc 1 1567 5 is_stmt 1 discriminator 3 view .LVU140
1570:Libs/mbedtls/library/ecp.c **** 
 559              		.loc 1 1570 5 view .LVU141
 560 003a 09A8     		add	r0, sp, #36
 561              	.LVL64:
1570:Libs/mbedtls/library/ecp.c **** 
 562              		.loc 1 1570 5 is_stmt 0 view .LVU142
 563 003c FFF7FEFF 		bl	mbedtls_mpi_free
 564              	.LVL65:
1570:Libs/mbedtls/library/ecp.c **** 
 565              		.loc 1 1570 27 is_stmt 1 discriminator 1 view .LVU143
 566 0040 06A8     		add	r0, sp, #24
 567 0042 FFF7FEFF 		bl	mbedtls_mpi_free
 568              	.LVL66:
1570:Libs/mbedtls/library/ecp.c **** 
 569              		.loc 1 1570 49 discriminator 2 view .LVU144
 570 0046 03A8     		add	r0, sp, #12
 571 0048 FFF7FEFF 		bl	mbedtls_mpi_free
 572              	.LVL67:
1570:Libs/mbedtls/library/ecp.c **** 
 573              		.loc 1 1570 71 discriminator 3 view .LVU145
 574 004c 6846     		mov	r0, sp
 575 004e FFF7FEFF 		bl	mbedtls_mpi_free
 576              	.LVL68:
1572:Libs/mbedtls/library/ecp.c **** #endif /* !defined(MBEDTLS_ECP_NO_FALLBACK) || !defined(MBEDTLS_ECP_DOUBLE_JAC_ALT) */
 577              		.loc 1 1572 5 view .LVU146
1574:Libs/mbedtls/library/ecp.c **** 
 578              		.loc 1 1574 1 is_stmt 0 view .LVU147
ARM GAS  C:\Users\nicx5\AppData\Local\Temp\ccosdxRQ.s 			page 53


 579 0052 2846     		mov	r0, r5
 580 0054 0CB0     		add	sp, sp, #48
 581              	.LCFI7:
 582              		.cfi_remember_state
 583              		.cfi_def_cfa_offset 24
 584              		@ sp needed
 585 0056 BDE8F081 		pop	{r4, r5, r6, r7, r8, pc}
 586              	.LVL69:
 587              	.L46:
 588              	.LCFI8:
 589              		.cfi_restore_state
1521:Libs/mbedtls/library/ecp.c ****         MBEDTLS_MPI_CHK(mbedtls_mpi_add_mod(grp, &T,  &P->X,  &S));
 590              		.loc 1 1521 9 is_stmt 1 view .LVU148
1521:Libs/mbedtls/library/ecp.c ****         MBEDTLS_MPI_CHK(mbedtls_mpi_add_mod(grp, &T,  &P->X,  &S));
 591              		.loc 1 1521 9 view .LVU149
 592 005a 06F11802 		add	r2, r6, #24
 593 005e 1346     		mov	r3, r2
 594 0060 06A9     		add	r1, sp, #24
 595 0062 2046     		mov	r0, r4
 596 0064 FFF7FEFF 		bl	mbedtls_mpi_mul_mod
 597              	.LVL70:
1521:Libs/mbedtls/library/ecp.c ****         MBEDTLS_MPI_CHK(mbedtls_mpi_add_mod(grp, &T,  &P->X,  &S));
 598              		.loc 1 1521 9 is_stmt 0 discriminator 1 view .LVU150
 599 0068 0546     		mov	r5, r0
 600 006a 0028     		cmp	r0, #0
 601 006c E5D1     		bne	.L39
1521:Libs/mbedtls/library/ecp.c ****         MBEDTLS_MPI_CHK(mbedtls_mpi_add_mod(grp, &T,  &P->X,  &S));
 602              		.loc 1 1521 9 is_stmt 1 discriminator 2 view .LVU151
1522:Libs/mbedtls/library/ecp.c ****         MBEDTLS_MPI_CHK(mbedtls_mpi_sub_mod(grp, &U,  &P->X,  &S));
 603              		.loc 1 1522 9 view .LVU152
1522:Libs/mbedtls/library/ecp.c ****         MBEDTLS_MPI_CHK(mbedtls_mpi_sub_mod(grp, &U,  &P->X,  &S));
 604              		.loc 1 1522 9 view .LVU153
 605 006e 06AB     		add	r3, sp, #24
 606 0070 3246     		mov	r2, r6
 607 0072 03A9     		add	r1, sp, #12
 608 0074 2046     		mov	r0, r4
 609              	.LVL71:
1522:Libs/mbedtls/library/ecp.c ****         MBEDTLS_MPI_CHK(mbedtls_mpi_sub_mod(grp, &U,  &P->X,  &S));
 610              		.loc 1 1522 9 is_stmt 0 view .LVU154
 611 0076 FFF7FEFF 		bl	mbedtls_mpi_add_mod
 612              	.LVL72:
1522:Libs/mbedtls/library/ecp.c ****         MBEDTLS_MPI_CHK(mbedtls_mpi_sub_mod(grp, &U,  &P->X,  &S));
 613              		.loc 1 1522 9 discriminator 1 view .LVU155
 614 007a 0546     		mov	r5, r0
 615 007c 0028     		cmp	r0, #0
 616 007e DCD1     		bne	.L39
1522:Libs/mbedtls/library/ecp.c ****         MBEDTLS_MPI_CHK(mbedtls_mpi_sub_mod(grp, &U,  &P->X,  &S));
 617              		.loc 1 1522 9 is_stmt 1 discriminator 2 view .LVU156
1523:Libs/mbedtls/library/ecp.c ****         MBEDTLS_MPI_CHK(mbedtls_mpi_mul_mod(grp, &S,  &T,     &U));
 618              		.loc 1 1523 9 view .LVU157
1523:Libs/mbedtls/library/ecp.c ****         MBEDTLS_MPI_CHK(mbedtls_mpi_mul_mod(grp, &S,  &T,     &U));
 619              		.loc 1 1523 9 view .LVU158
 620 0080 06AB     		add	r3, sp, #24
 621 0082 3246     		mov	r2, r6
 622 0084 6946     		mov	r1, sp
 623 0086 2046     		mov	r0, r4
 624              	.LVL73:
ARM GAS  C:\Users\nicx5\AppData\Local\Temp\ccosdxRQ.s 			page 54


1523:Libs/mbedtls/library/ecp.c ****         MBEDTLS_MPI_CHK(mbedtls_mpi_mul_mod(grp, &S,  &T,     &U));
 625              		.loc 1 1523 9 is_stmt 0 view .LVU159
 626 0088 FFF7FEFF 		bl	mbedtls_mpi_sub_mod
 627              	.LVL74:
1523:Libs/mbedtls/library/ecp.c ****         MBEDTLS_MPI_CHK(mbedtls_mpi_mul_mod(grp, &S,  &T,     &U));
 628              		.loc 1 1523 9 discriminator 1 view .LVU160
 629 008c 0546     		mov	r5, r0
 630 008e 0028     		cmp	r0, #0
 631 0090 D3D1     		bne	.L39
1523:Libs/mbedtls/library/ecp.c ****         MBEDTLS_MPI_CHK(mbedtls_mpi_mul_mod(grp, &S,  &T,     &U));
 632              		.loc 1 1523 9 is_stmt 1 discriminator 2 view .LVU161
1524:Libs/mbedtls/library/ecp.c ****         MBEDTLS_MPI_CHK(mbedtls_mpi_mul_int(&M,  &S,     3)); MOD_ADD(M);
 633              		.loc 1 1524 9 view .LVU162
1524:Libs/mbedtls/library/ecp.c ****         MBEDTLS_MPI_CHK(mbedtls_mpi_mul_int(&M,  &S,     3)); MOD_ADD(M);
 634              		.loc 1 1524 9 view .LVU163
 635 0092 6B46     		mov	r3, sp
 636 0094 03AA     		add	r2, sp, #12
 637 0096 06A9     		add	r1, sp, #24
 638 0098 2046     		mov	r0, r4
 639              	.LVL75:
1524:Libs/mbedtls/library/ecp.c ****         MBEDTLS_MPI_CHK(mbedtls_mpi_mul_int(&M,  &S,     3)); MOD_ADD(M);
 640              		.loc 1 1524 9 is_stmt 0 view .LVU164
 641 009a FFF7FEFF 		bl	mbedtls_mpi_mul_mod
 642              	.LVL76:
1524:Libs/mbedtls/library/ecp.c ****         MBEDTLS_MPI_CHK(mbedtls_mpi_mul_int(&M,  &S,     3)); MOD_ADD(M);
 643              		.loc 1 1524 9 discriminator 1 view .LVU165
 644 009e 0546     		mov	r5, r0
 645 00a0 0028     		cmp	r0, #0
 646 00a2 CAD1     		bne	.L39
1524:Libs/mbedtls/library/ecp.c ****         MBEDTLS_MPI_CHK(mbedtls_mpi_mul_int(&M,  &S,     3)); MOD_ADD(M);
 647              		.loc 1 1524 9 is_stmt 1 discriminator 2 view .LVU166
1525:Libs/mbedtls/library/ecp.c ****     } else {
 648              		.loc 1 1525 9 view .LVU167
1525:Libs/mbedtls/library/ecp.c ****     } else {
 649              		.loc 1 1525 9 view .LVU168
 650 00a4 0322     		movs	r2, #3
 651 00a6 06A9     		add	r1, sp, #24
 652 00a8 09A8     		add	r0, sp, #36
 653              	.LVL77:
1525:Libs/mbedtls/library/ecp.c ****     } else {
 654              		.loc 1 1525 9 is_stmt 0 view .LVU169
 655 00aa FFF7FEFF 		bl	mbedtls_mpi_mul_int
 656              	.LVL78:
1525:Libs/mbedtls/library/ecp.c ****     } else {
 657              		.loc 1 1525 9 discriminator 1 view .LVU170
 658 00ae 0546     		mov	r5, r0
 659 00b0 0028     		cmp	r0, #0
 660 00b2 C2D1     		bne	.L39
 661              	.L40:
1525:Libs/mbedtls/library/ecp.c ****     } else {
 662              		.loc 1 1525 63 is_stmt 1 discriminator 4 view .LVU171
1525:Libs/mbedtls/library/ecp.c ****     } else {
 663              		.loc 1 1525 63 discriminator 4 view .LVU172
 664 00b4 251D     		adds	r5, r4, #4
 665 00b6 2946     		mov	r1, r5
 666 00b8 09A8     		add	r0, sp, #36
 667              	.LVL79:
ARM GAS  C:\Users\nicx5\AppData\Local\Temp\ccosdxRQ.s 			page 55


1525:Libs/mbedtls/library/ecp.c ****     } else {
 668              		.loc 1 1525 63 is_stmt 0 discriminator 4 view .LVU173
 669 00ba FFF7FEFF 		bl	mbedtls_mpi_cmp_mpi
 670              	.LVL80:
1525:Libs/mbedtls/library/ecp.c ****     } else {
 671              		.loc 1 1525 63 discriminator 1 view .LVU174
 672 00be 0028     		cmp	r0, #0
 673 00c0 29DB     		blt	.L42
1525:Libs/mbedtls/library/ecp.c ****     } else {
 674              		.loc 1 1525 63 is_stmt 1 discriminator 5 view .LVU175
1525:Libs/mbedtls/library/ecp.c ****     } else {
 675              		.loc 1 1525 63 discriminator 5 view .LVU176
 676 00c2 2A46     		mov	r2, r5
 677 00c4 09A9     		add	r1, sp, #36
 678 00c6 0846     		mov	r0, r1
 679 00c8 FFF7FEFF 		bl	mbedtls_mpi_sub_abs
 680              	.LVL81:
1525:Libs/mbedtls/library/ecp.c ****     } else {
 681              		.loc 1 1525 63 is_stmt 0 discriminator 5 view .LVU177
 682 00cc 0546     		mov	r5, r0
 683 00ce 0028     		cmp	r0, #0
 684 00d0 F0D0     		beq	.L40
 685 00d2 B2E7     		b	.L39
 686              	.L47:
1528:Libs/mbedtls/library/ecp.c ****         MBEDTLS_MPI_CHK(mbedtls_mpi_mul_int(&M,  &S,     3)); MOD_ADD(M);
 687              		.loc 1 1528 9 is_stmt 1 discriminator 2 view .LVU178
1529:Libs/mbedtls/library/ecp.c **** 
 688              		.loc 1 1529 9 view .LVU179
1529:Libs/mbedtls/library/ecp.c **** 
 689              		.loc 1 1529 9 view .LVU180
 690 00d4 0322     		movs	r2, #3
 691 00d6 06A9     		add	r1, sp, #24
 692 00d8 09A8     		add	r0, sp, #36
 693              	.LVL82:
1529:Libs/mbedtls/library/ecp.c **** 
 694              		.loc 1 1529 9 is_stmt 0 view .LVU181
 695 00da FFF7FEFF 		bl	mbedtls_mpi_mul_int
 696              	.LVL83:
1529:Libs/mbedtls/library/ecp.c **** 
 697              		.loc 1 1529 9 discriminator 1 view .LVU182
 698 00de 0546     		mov	r5, r0
 699 00e0 0028     		cmp	r0, #0
 700 00e2 AAD1     		bne	.L39
 701              	.L43:
1529:Libs/mbedtls/library/ecp.c **** 
 702              		.loc 1 1529 63 is_stmt 1 discriminator 4 view .LVU183
1529:Libs/mbedtls/library/ecp.c **** 
 703              		.loc 1 1529 63 discriminator 4 view .LVU184
 704 00e4 251D     		adds	r5, r4, #4
 705 00e6 2946     		mov	r1, r5
 706 00e8 09A8     		add	r0, sp, #36
 707              	.LVL84:
1529:Libs/mbedtls/library/ecp.c **** 
 708              		.loc 1 1529 63 is_stmt 0 discriminator 4 view .LVU185
 709 00ea FFF7FEFF 		bl	mbedtls_mpi_cmp_mpi
 710              	.LVL85:
1529:Libs/mbedtls/library/ecp.c **** 
ARM GAS  C:\Users\nicx5\AppData\Local\Temp\ccosdxRQ.s 			page 56


 711              		.loc 1 1529 63 discriminator 1 view .LVU186
 712 00ee 0028     		cmp	r0, #0
 713 00f0 08DB     		blt	.L48
1529:Libs/mbedtls/library/ecp.c **** 
 714              		.loc 1 1529 63 is_stmt 1 discriminator 5 view .LVU187
1529:Libs/mbedtls/library/ecp.c **** 
 715              		.loc 1 1529 63 discriminator 5 view .LVU188
 716 00f2 2A46     		mov	r2, r5
 717 00f4 09A9     		add	r1, sp, #36
 718 00f6 0846     		mov	r0, r1
 719 00f8 FFF7FEFF 		bl	mbedtls_mpi_sub_abs
 720              	.LVL86:
1529:Libs/mbedtls/library/ecp.c **** 
 721              		.loc 1 1529 63 is_stmt 0 discriminator 5 view .LVU189
 722 00fc 0546     		mov	r5, r0
 723 00fe 0028     		cmp	r0, #0
 724 0100 F0D0     		beq	.L43
 725 0102 9AE7     		b	.L39
 726              	.LVL87:
 727              	.L48:
1532:Libs/mbedtls/library/ecp.c ****             /* M += A.Z^4 */
 728              		.loc 1 1532 9 is_stmt 1 view .LVU190
1532:Libs/mbedtls/library/ecp.c ****             /* M += A.Z^4 */
 729              		.loc 1 1532 13 is_stmt 0 view .LVU191
 730 0104 04F11008 		add	r8, r4, #16
 731 0108 0021     		movs	r1, #0
 732 010a 4046     		mov	r0, r8
 733 010c FFF7FEFF 		bl	mbedtls_mpi_cmp_int
 734              	.LVL88:
1532:Libs/mbedtls/library/ecp.c ****             /* M += A.Z^4 */
 735              		.loc 1 1532 12 discriminator 1 view .LVU192
 736 0110 0028     		cmp	r0, #0
 737 0112 40F0A280 		bne	.L49
 738              	.LVL89:
 739              	.L42:
1537:Libs/mbedtls/library/ecp.c ****         }
 740              		.loc 1 1537 13 is_stmt 1 discriminator 2 view .LVU193
1542:Libs/mbedtls/library/ecp.c ****     MBEDTLS_MPI_CHK(mbedtls_mpi_shift_l_mod(grp, &T,  1));
 741              		.loc 1 1542 5 view .LVU194
1542:Libs/mbedtls/library/ecp.c ****     MBEDTLS_MPI_CHK(mbedtls_mpi_shift_l_mod(grp, &T,  1));
 742              		.loc 1 1542 5 view .LVU195
 743 0116 06F10C08 		add	r8, r6, #12
 744 011a 4346     		mov	r3, r8
 745 011c 4246     		mov	r2, r8
 746 011e 03A9     		add	r1, sp, #12
 747 0120 2046     		mov	r0, r4
 748 0122 FFF7FEFF 		bl	mbedtls_mpi_mul_mod
 749              	.LVL90:
1542:Libs/mbedtls/library/ecp.c ****     MBEDTLS_MPI_CHK(mbedtls_mpi_shift_l_mod(grp, &T,  1));
 750              		.loc 1 1542 5 is_stmt 0 discriminator 1 view .LVU196
 751 0126 0546     		mov	r5, r0
 752 0128 0028     		cmp	r0, #0
 753 012a 86D1     		bne	.L39
1542:Libs/mbedtls/library/ecp.c ****     MBEDTLS_MPI_CHK(mbedtls_mpi_shift_l_mod(grp, &T,  1));
 754              		.loc 1 1542 5 is_stmt 1 discriminator 2 view .LVU197
1543:Libs/mbedtls/library/ecp.c ****     MBEDTLS_MPI_CHK(mbedtls_mpi_mul_mod(grp, &S,  &P->X,  &T));
 755              		.loc 1 1543 5 view .LVU198
ARM GAS  C:\Users\nicx5\AppData\Local\Temp\ccosdxRQ.s 			page 57


1543:Libs/mbedtls/library/ecp.c ****     MBEDTLS_MPI_CHK(mbedtls_mpi_mul_mod(grp, &S,  &P->X,  &T));
 756              		.loc 1 1543 5 view .LVU199
 757 012c 0122     		movs	r2, #1
 758 012e 03A9     		add	r1, sp, #12
 759 0130 2046     		mov	r0, r4
 760              	.LVL91:
1543:Libs/mbedtls/library/ecp.c ****     MBEDTLS_MPI_CHK(mbedtls_mpi_mul_mod(grp, &S,  &P->X,  &T));
 761              		.loc 1 1543 5 is_stmt 0 view .LVU200
 762 0132 FFF7FEFF 		bl	mbedtls_mpi_shift_l_mod
 763              	.LVL92:
1543:Libs/mbedtls/library/ecp.c ****     MBEDTLS_MPI_CHK(mbedtls_mpi_mul_mod(grp, &S,  &P->X,  &T));
 764              		.loc 1 1543 5 discriminator 1 view .LVU201
 765 0136 0546     		mov	r5, r0
 766 0138 0028     		cmp	r0, #0
 767 013a 7FF47EAF 		bne	.L39
1543:Libs/mbedtls/library/ecp.c ****     MBEDTLS_MPI_CHK(mbedtls_mpi_mul_mod(grp, &S,  &P->X,  &T));
 768              		.loc 1 1543 5 is_stmt 1 discriminator 2 view .LVU202
1544:Libs/mbedtls/library/ecp.c ****     MBEDTLS_MPI_CHK(mbedtls_mpi_shift_l_mod(grp, &S,  1));
 769              		.loc 1 1544 5 view .LVU203
1544:Libs/mbedtls/library/ecp.c ****     MBEDTLS_MPI_CHK(mbedtls_mpi_shift_l_mod(grp, &S,  1));
 770              		.loc 1 1544 5 view .LVU204
 771 013e 03AB     		add	r3, sp, #12
 772 0140 3246     		mov	r2, r6
 773 0142 06A9     		add	r1, sp, #24
 774 0144 2046     		mov	r0, r4
 775              	.LVL93:
1544:Libs/mbedtls/library/ecp.c ****     MBEDTLS_MPI_CHK(mbedtls_mpi_shift_l_mod(grp, &S,  1));
 776              		.loc 1 1544 5 is_stmt 0 view .LVU205
 777 0146 FFF7FEFF 		bl	mbedtls_mpi_mul_mod
 778              	.LVL94:
1544:Libs/mbedtls/library/ecp.c ****     MBEDTLS_MPI_CHK(mbedtls_mpi_shift_l_mod(grp, &S,  1));
 779              		.loc 1 1544 5 discriminator 1 view .LVU206
 780 014a 0546     		mov	r5, r0
 781 014c 0028     		cmp	r0, #0
 782 014e 7FF474AF 		bne	.L39
1544:Libs/mbedtls/library/ecp.c ****     MBEDTLS_MPI_CHK(mbedtls_mpi_shift_l_mod(grp, &S,  1));
 783              		.loc 1 1544 5 is_stmt 1 discriminator 2 view .LVU207
1545:Libs/mbedtls/library/ecp.c **** 
 784              		.loc 1 1545 5 view .LVU208
1545:Libs/mbedtls/library/ecp.c **** 
 785              		.loc 1 1545 5 view .LVU209
 786 0152 0122     		movs	r2, #1
 787 0154 06A9     		add	r1, sp, #24
 788 0156 2046     		mov	r0, r4
 789              	.LVL95:
1545:Libs/mbedtls/library/ecp.c **** 
 790              		.loc 1 1545 5 is_stmt 0 view .LVU210
 791 0158 FFF7FEFF 		bl	mbedtls_mpi_shift_l_mod
 792              	.LVL96:
1545:Libs/mbedtls/library/ecp.c **** 
 793              		.loc 1 1545 5 discriminator 1 view .LVU211
 794 015c 0546     		mov	r5, r0
 795 015e 0028     		cmp	r0, #0
 796 0160 7FF46BAF 		bne	.L39
1545:Libs/mbedtls/library/ecp.c **** 
 797              		.loc 1 1545 5 is_stmt 1 discriminator 2 view .LVU212
1548:Libs/mbedtls/library/ecp.c ****     MBEDTLS_MPI_CHK(mbedtls_mpi_shift_l_mod(grp, &U,  1));
ARM GAS  C:\Users\nicx5\AppData\Local\Temp\ccosdxRQ.s 			page 58


 798              		.loc 1 1548 5 view .LVU213
1548:Libs/mbedtls/library/ecp.c ****     MBEDTLS_MPI_CHK(mbedtls_mpi_shift_l_mod(grp, &U,  1));
 799              		.loc 1 1548 5 view .LVU214
 800 0164 03AB     		add	r3, sp, #12
 801 0166 1A46     		mov	r2, r3
 802 0168 6946     		mov	r1, sp
 803 016a 2046     		mov	r0, r4
 804              	.LVL97:
1548:Libs/mbedtls/library/ecp.c ****     MBEDTLS_MPI_CHK(mbedtls_mpi_shift_l_mod(grp, &U,  1));
 805              		.loc 1 1548 5 is_stmt 0 view .LVU215
 806 016c FFF7FEFF 		bl	mbedtls_mpi_mul_mod
 807              	.LVL98:
1548:Libs/mbedtls/library/ecp.c ****     MBEDTLS_MPI_CHK(mbedtls_mpi_shift_l_mod(grp, &U,  1));
 808              		.loc 1 1548 5 discriminator 1 view .LVU216
 809 0170 0546     		mov	r5, r0
 810 0172 0028     		cmp	r0, #0
 811 0174 7FF461AF 		bne	.L39
1548:Libs/mbedtls/library/ecp.c ****     MBEDTLS_MPI_CHK(mbedtls_mpi_shift_l_mod(grp, &U,  1));
 812              		.loc 1 1548 5 is_stmt 1 discriminator 2 view .LVU217
1549:Libs/mbedtls/library/ecp.c **** 
 813              		.loc 1 1549 5 view .LVU218
1549:Libs/mbedtls/library/ecp.c **** 
 814              		.loc 1 1549 5 view .LVU219
 815 0178 0122     		movs	r2, #1
 816 017a 6946     		mov	r1, sp
 817 017c 2046     		mov	r0, r4
 818              	.LVL99:
1549:Libs/mbedtls/library/ecp.c **** 
 819              		.loc 1 1549 5 is_stmt 0 view .LVU220
 820 017e FFF7FEFF 		bl	mbedtls_mpi_shift_l_mod
 821              	.LVL100:
1549:Libs/mbedtls/library/ecp.c **** 
 822              		.loc 1 1549 5 discriminator 1 view .LVU221
 823 0182 0546     		mov	r5, r0
 824 0184 0028     		cmp	r0, #0
 825 0186 7FF458AF 		bne	.L39
1549:Libs/mbedtls/library/ecp.c **** 
 826              		.loc 1 1549 5 is_stmt 1 discriminator 2 view .LVU222
1552:Libs/mbedtls/library/ecp.c ****     MBEDTLS_MPI_CHK(mbedtls_mpi_sub_mod(grp, &T,  &T,     &S));
 827              		.loc 1 1552 5 view .LVU223
1552:Libs/mbedtls/library/ecp.c ****     MBEDTLS_MPI_CHK(mbedtls_mpi_sub_mod(grp, &T,  &T,     &S));
 828              		.loc 1 1552 5 view .LVU224
 829 018a 09AB     		add	r3, sp, #36
 830 018c 1A46     		mov	r2, r3
 831 018e 03A9     		add	r1, sp, #12
 832 0190 2046     		mov	r0, r4
 833              	.LVL101:
1552:Libs/mbedtls/library/ecp.c ****     MBEDTLS_MPI_CHK(mbedtls_mpi_sub_mod(grp, &T,  &T,     &S));
 834              		.loc 1 1552 5 is_stmt 0 view .LVU225
 835 0192 FFF7FEFF 		bl	mbedtls_mpi_mul_mod
 836              	.LVL102:
1552:Libs/mbedtls/library/ecp.c ****     MBEDTLS_MPI_CHK(mbedtls_mpi_sub_mod(grp, &T,  &T,     &S));
 837              		.loc 1 1552 5 discriminator 1 view .LVU226
 838 0196 0546     		mov	r5, r0
 839 0198 0028     		cmp	r0, #0
 840 019a 7FF44EAF 		bne	.L39
1552:Libs/mbedtls/library/ecp.c ****     MBEDTLS_MPI_CHK(mbedtls_mpi_sub_mod(grp, &T,  &T,     &S));
ARM GAS  C:\Users\nicx5\AppData\Local\Temp\ccosdxRQ.s 			page 59


 841              		.loc 1 1552 5 is_stmt 1 discriminator 2 view .LVU227
1553:Libs/mbedtls/library/ecp.c ****     MBEDTLS_MPI_CHK(mbedtls_mpi_sub_mod(grp, &T,  &T,     &S));
 842              		.loc 1 1553 5 view .LVU228
1553:Libs/mbedtls/library/ecp.c ****     MBEDTLS_MPI_CHK(mbedtls_mpi_sub_mod(grp, &T,  &T,     &S));
 843              		.loc 1 1553 5 view .LVU229
 844 019e 06AB     		add	r3, sp, #24
 845 01a0 03AA     		add	r2, sp, #12
 846 01a2 1146     		mov	r1, r2
 847 01a4 2046     		mov	r0, r4
 848              	.LVL103:
1553:Libs/mbedtls/library/ecp.c ****     MBEDTLS_MPI_CHK(mbedtls_mpi_sub_mod(grp, &T,  &T,     &S));
 849              		.loc 1 1553 5 is_stmt 0 view .LVU230
 850 01a6 FFF7FEFF 		bl	mbedtls_mpi_sub_mod
 851              	.LVL104:
1553:Libs/mbedtls/library/ecp.c ****     MBEDTLS_MPI_CHK(mbedtls_mpi_sub_mod(grp, &T,  &T,     &S));
 852              		.loc 1 1553 5 discriminator 1 view .LVU231
 853 01aa 0546     		mov	r5, r0
 854 01ac 0028     		cmp	r0, #0
 855 01ae 7FF444AF 		bne	.L39
1553:Libs/mbedtls/library/ecp.c ****     MBEDTLS_MPI_CHK(mbedtls_mpi_sub_mod(grp, &T,  &T,     &S));
 856              		.loc 1 1553 5 is_stmt 1 discriminator 2 view .LVU232
1554:Libs/mbedtls/library/ecp.c **** 
 857              		.loc 1 1554 5 view .LVU233
1554:Libs/mbedtls/library/ecp.c **** 
 858              		.loc 1 1554 5 view .LVU234
 859 01b2 06AB     		add	r3, sp, #24
 860 01b4 03AA     		add	r2, sp, #12
 861 01b6 1146     		mov	r1, r2
 862 01b8 2046     		mov	r0, r4
 863              	.LVL105:
1554:Libs/mbedtls/library/ecp.c **** 
 864              		.loc 1 1554 5 is_stmt 0 view .LVU235
 865 01ba FFF7FEFF 		bl	mbedtls_mpi_sub_mod
 866              	.LVL106:
1554:Libs/mbedtls/library/ecp.c **** 
 867              		.loc 1 1554 5 discriminator 1 view .LVU236
 868 01be 0546     		mov	r5, r0
 869 01c0 0028     		cmp	r0, #0
 870 01c2 7FF43AAF 		bne	.L39
1554:Libs/mbedtls/library/ecp.c **** 
 871              		.loc 1 1554 5 is_stmt 1 discriminator 2 view .LVU237
1557:Libs/mbedtls/library/ecp.c ****     MBEDTLS_MPI_CHK(mbedtls_mpi_mul_mod(grp, &S,  &S,     &M));
 872              		.loc 1 1557 5 view .LVU238
1557:Libs/mbedtls/library/ecp.c ****     MBEDTLS_MPI_CHK(mbedtls_mpi_mul_mod(grp, &S,  &S,     &M));
 873              		.loc 1 1557 5 view .LVU239
 874 01c6 03AB     		add	r3, sp, #12
 875 01c8 06AA     		add	r2, sp, #24
 876 01ca 1146     		mov	r1, r2
 877 01cc 2046     		mov	r0, r4
 878              	.LVL107:
1557:Libs/mbedtls/library/ecp.c ****     MBEDTLS_MPI_CHK(mbedtls_mpi_mul_mod(grp, &S,  &S,     &M));
 879              		.loc 1 1557 5 is_stmt 0 view .LVU240
 880 01ce FFF7FEFF 		bl	mbedtls_mpi_sub_mod
 881              	.LVL108:
1557:Libs/mbedtls/library/ecp.c ****     MBEDTLS_MPI_CHK(mbedtls_mpi_mul_mod(grp, &S,  &S,     &M));
 882              		.loc 1 1557 5 discriminator 1 view .LVU241
 883 01d2 0546     		mov	r5, r0
ARM GAS  C:\Users\nicx5\AppData\Local\Temp\ccosdxRQ.s 			page 60


 884 01d4 0028     		cmp	r0, #0
 885 01d6 7FF430AF 		bne	.L39
1557:Libs/mbedtls/library/ecp.c ****     MBEDTLS_MPI_CHK(mbedtls_mpi_mul_mod(grp, &S,  &S,     &M));
 886              		.loc 1 1557 5 is_stmt 1 discriminator 2 view .LVU242
1558:Libs/mbedtls/library/ecp.c ****     MBEDTLS_MPI_CHK(mbedtls_mpi_sub_mod(grp, &S,  &S,     &U));
 887              		.loc 1 1558 5 view .LVU243
1558:Libs/mbedtls/library/ecp.c ****     MBEDTLS_MPI_CHK(mbedtls_mpi_sub_mod(grp, &S,  &S,     &U));
 888              		.loc 1 1558 5 view .LVU244
 889 01da 09AB     		add	r3, sp, #36
 890 01dc 06AA     		add	r2, sp, #24
 891 01de 1146     		mov	r1, r2
 892 01e0 2046     		mov	r0, r4
 893              	.LVL109:
1558:Libs/mbedtls/library/ecp.c ****     MBEDTLS_MPI_CHK(mbedtls_mpi_sub_mod(grp, &S,  &S,     &U));
 894              		.loc 1 1558 5 is_stmt 0 view .LVU245
 895 01e2 FFF7FEFF 		bl	mbedtls_mpi_mul_mod
 896              	.LVL110:
1558:Libs/mbedtls/library/ecp.c ****     MBEDTLS_MPI_CHK(mbedtls_mpi_sub_mod(grp, &S,  &S,     &U));
 897              		.loc 1 1558 5 discriminator 1 view .LVU246
 898 01e6 0546     		mov	r5, r0
 899 01e8 0028     		cmp	r0, #0
 900 01ea 7FF426AF 		bne	.L39
1558:Libs/mbedtls/library/ecp.c ****     MBEDTLS_MPI_CHK(mbedtls_mpi_sub_mod(grp, &S,  &S,     &U));
 901              		.loc 1 1558 5 is_stmt 1 discriminator 2 view .LVU247
1559:Libs/mbedtls/library/ecp.c **** 
 902              		.loc 1 1559 5 view .LVU248
1559:Libs/mbedtls/library/ecp.c **** 
 903              		.loc 1 1559 5 view .LVU249
 904 01ee 6B46     		mov	r3, sp
 905 01f0 06AA     		add	r2, sp, #24
 906 01f2 1146     		mov	r1, r2
 907 01f4 2046     		mov	r0, r4
 908              	.LVL111:
1559:Libs/mbedtls/library/ecp.c **** 
 909              		.loc 1 1559 5 is_stmt 0 view .LVU250
 910 01f6 FFF7FEFF 		bl	mbedtls_mpi_sub_mod
 911              	.LVL112:
1559:Libs/mbedtls/library/ecp.c **** 
 912              		.loc 1 1559 5 discriminator 1 view .LVU251
 913 01fa 0546     		mov	r5, r0
 914 01fc 0028     		cmp	r0, #0
 915 01fe 7FF41CAF 		bne	.L39
1559:Libs/mbedtls/library/ecp.c **** 
 916              		.loc 1 1559 5 is_stmt 1 discriminator 2 view .LVU252
1562:Libs/mbedtls/library/ecp.c ****     MBEDTLS_MPI_CHK(mbedtls_mpi_shift_l_mod(grp, &U,  1));
 917              		.loc 1 1562 5 view .LVU253
1562:Libs/mbedtls/library/ecp.c ****     MBEDTLS_MPI_CHK(mbedtls_mpi_shift_l_mod(grp, &U,  1));
 918              		.loc 1 1562 5 view .LVU254
 919 0202 06F11803 		add	r3, r6, #24
 920 0206 4246     		mov	r2, r8
 921 0208 6946     		mov	r1, sp
 922 020a 2046     		mov	r0, r4
 923              	.LVL113:
1562:Libs/mbedtls/library/ecp.c ****     MBEDTLS_MPI_CHK(mbedtls_mpi_shift_l_mod(grp, &U,  1));
 924              		.loc 1 1562 5 is_stmt 0 view .LVU255
 925 020c FFF7FEFF 		bl	mbedtls_mpi_mul_mod
 926              	.LVL114:
ARM GAS  C:\Users\nicx5\AppData\Local\Temp\ccosdxRQ.s 			page 61


1562:Libs/mbedtls/library/ecp.c ****     MBEDTLS_MPI_CHK(mbedtls_mpi_shift_l_mod(grp, &U,  1));
 927              		.loc 1 1562 5 discriminator 1 view .LVU256
 928 0210 0546     		mov	r5, r0
 929 0212 0028     		cmp	r0, #0
 930 0214 7FF411AF 		bne	.L39
1562:Libs/mbedtls/library/ecp.c ****     MBEDTLS_MPI_CHK(mbedtls_mpi_shift_l_mod(grp, &U,  1));
 931              		.loc 1 1562 5 is_stmt 1 discriminator 2 view .LVU257
1563:Libs/mbedtls/library/ecp.c **** 
 932              		.loc 1 1563 5 view .LVU258
1563:Libs/mbedtls/library/ecp.c **** 
 933              		.loc 1 1563 5 view .LVU259
 934 0218 0122     		movs	r2, #1
 935 021a 6946     		mov	r1, sp
 936 021c 2046     		mov	r0, r4
 937              	.LVL115:
1563:Libs/mbedtls/library/ecp.c **** 
 938              		.loc 1 1563 5 is_stmt 0 view .LVU260
 939 021e FFF7FEFF 		bl	mbedtls_mpi_shift_l_mod
 940              	.LVL116:
1563:Libs/mbedtls/library/ecp.c **** 
 941              		.loc 1 1563 5 discriminator 1 view .LVU261
 942 0222 0546     		mov	r5, r0
 943 0224 0028     		cmp	r0, #0
 944 0226 7FF408AF 		bne	.L39
1563:Libs/mbedtls/library/ecp.c **** 
 945              		.loc 1 1563 5 is_stmt 1 discriminator 2 view .LVU262
1565:Libs/mbedtls/library/ecp.c ****     MBEDTLS_MPI_CHK(mbedtls_mpi_copy(&R->Y, &S));
 946              		.loc 1 1565 5 view .LVU263
1565:Libs/mbedtls/library/ecp.c ****     MBEDTLS_MPI_CHK(mbedtls_mpi_copy(&R->Y, &S));
 947              		.loc 1 1565 5 view .LVU264
 948 022a 03A9     		add	r1, sp, #12
 949 022c 3846     		mov	r0, r7
 950              	.LVL117:
1565:Libs/mbedtls/library/ecp.c ****     MBEDTLS_MPI_CHK(mbedtls_mpi_copy(&R->Y, &S));
 951              		.loc 1 1565 5 is_stmt 0 view .LVU265
 952 022e FFF7FEFF 		bl	mbedtls_mpi_copy
 953              	.LVL118:
1565:Libs/mbedtls/library/ecp.c ****     MBEDTLS_MPI_CHK(mbedtls_mpi_copy(&R->Y, &S));
 954              		.loc 1 1565 5 discriminator 1 view .LVU266
 955 0232 0546     		mov	r5, r0
 956 0234 0028     		cmp	r0, #0
 957 0236 7FF400AF 		bne	.L39
1565:Libs/mbedtls/library/ecp.c ****     MBEDTLS_MPI_CHK(mbedtls_mpi_copy(&R->Y, &S));
 958              		.loc 1 1565 5 is_stmt 1 discriminator 2 view .LVU267
1566:Libs/mbedtls/library/ecp.c ****     MBEDTLS_MPI_CHK(mbedtls_mpi_copy(&R->Z, &U));
 959              		.loc 1 1566 5 view .LVU268
1566:Libs/mbedtls/library/ecp.c ****     MBEDTLS_MPI_CHK(mbedtls_mpi_copy(&R->Z, &U));
 960              		.loc 1 1566 5 view .LVU269
 961 023a 06A9     		add	r1, sp, #24
 962 023c 07F10C00 		add	r0, r7, #12
 963              	.LVL119:
1566:Libs/mbedtls/library/ecp.c ****     MBEDTLS_MPI_CHK(mbedtls_mpi_copy(&R->Z, &U));
 964              		.loc 1 1566 5 is_stmt 0 view .LVU270
 965 0240 FFF7FEFF 		bl	mbedtls_mpi_copy
 966              	.LVL120:
1566:Libs/mbedtls/library/ecp.c ****     MBEDTLS_MPI_CHK(mbedtls_mpi_copy(&R->Z, &U));
 967              		.loc 1 1566 5 discriminator 1 view .LVU271
ARM GAS  C:\Users\nicx5\AppData\Local\Temp\ccosdxRQ.s 			page 62


 968 0244 0546     		mov	r5, r0
 969 0246 0028     		cmp	r0, #0
 970 0248 7FF4F7AE 		bne	.L39
1566:Libs/mbedtls/library/ecp.c ****     MBEDTLS_MPI_CHK(mbedtls_mpi_copy(&R->Z, &U));
 971              		.loc 1 1566 5 is_stmt 1 discriminator 2 view .LVU272
1567:Libs/mbedtls/library/ecp.c **** 
 972              		.loc 1 1567 5 view .LVU273
1567:Libs/mbedtls/library/ecp.c **** 
 973              		.loc 1 1567 5 view .LVU274
 974 024c 6946     		mov	r1, sp
 975 024e 07F11800 		add	r0, r7, #24
 976              	.LVL121:
1567:Libs/mbedtls/library/ecp.c **** 
 977              		.loc 1 1567 5 is_stmt 0 view .LVU275
 978 0252 FFF7FEFF 		bl	mbedtls_mpi_copy
 979              	.LVL122:
 980 0256 0546     		mov	r5, r0
 981              	.LVL123:
1567:Libs/mbedtls/library/ecp.c **** 
 982              		.loc 1 1567 5 is_stmt 1 discriminator 1 view .LVU276
1569:Libs/mbedtls/library/ecp.c ****     mbedtls_mpi_free(&M); mbedtls_mpi_free(&S); mbedtls_mpi_free(&T); mbedtls_mpi_free(&U);
 983              		.loc 1 1569 1 is_stmt 0 view .LVU277
 984 0258 EFE6     		b	.L39
 985              	.LVL124:
 986              	.L49:
1534:Libs/mbedtls/library/ecp.c ****             MBEDTLS_MPI_CHK(mbedtls_mpi_mul_mod(grp, &T,  &S,     &S));
 987              		.loc 1 1534 13 is_stmt 1 view .LVU278
1534:Libs/mbedtls/library/ecp.c ****             MBEDTLS_MPI_CHK(mbedtls_mpi_mul_mod(grp, &T,  &S,     &S));
 988              		.loc 1 1534 13 view .LVU279
 989 025a 06F11802 		add	r2, r6, #24
 990 025e 1346     		mov	r3, r2
 991 0260 06A9     		add	r1, sp, #24
 992 0262 2046     		mov	r0, r4
 993 0264 FFF7FEFF 		bl	mbedtls_mpi_mul_mod
 994              	.LVL125:
1534:Libs/mbedtls/library/ecp.c ****             MBEDTLS_MPI_CHK(mbedtls_mpi_mul_mod(grp, &T,  &S,     &S));
 995              		.loc 1 1534 13 is_stmt 0 discriminator 1 view .LVU280
 996 0268 0546     		mov	r5, r0
 997 026a 0028     		cmp	r0, #0
 998 026c 7FF4E5AE 		bne	.L39
1534:Libs/mbedtls/library/ecp.c ****             MBEDTLS_MPI_CHK(mbedtls_mpi_mul_mod(grp, &T,  &S,     &S));
 999              		.loc 1 1534 13 is_stmt 1 discriminator 2 view .LVU281
1535:Libs/mbedtls/library/ecp.c ****             MBEDTLS_MPI_CHK(mbedtls_mpi_mul_mod(grp, &S,  &T,     &grp->A));
 1000              		.loc 1 1535 13 view .LVU282
1535:Libs/mbedtls/library/ecp.c ****             MBEDTLS_MPI_CHK(mbedtls_mpi_mul_mod(grp, &S,  &T,     &grp->A));
 1001              		.loc 1 1535 13 view .LVU283
 1002 0270 06AB     		add	r3, sp, #24
 1003 0272 1A46     		mov	r2, r3
 1004 0274 03A9     		add	r1, sp, #12
 1005 0276 2046     		mov	r0, r4
 1006              	.LVL126:
1535:Libs/mbedtls/library/ecp.c ****             MBEDTLS_MPI_CHK(mbedtls_mpi_mul_mod(grp, &S,  &T,     &grp->A));
 1007              		.loc 1 1535 13 is_stmt 0 view .LVU284
 1008 0278 FFF7FEFF 		bl	mbedtls_mpi_mul_mod
 1009              	.LVL127:
1535:Libs/mbedtls/library/ecp.c ****             MBEDTLS_MPI_CHK(mbedtls_mpi_mul_mod(grp, &S,  &T,     &grp->A));
 1010              		.loc 1 1535 13 discriminator 1 view .LVU285
ARM GAS  C:\Users\nicx5\AppData\Local\Temp\ccosdxRQ.s 			page 63


 1011 027c 0546     		mov	r5, r0
 1012 027e 0028     		cmp	r0, #0
 1013 0280 7FF4DBAE 		bne	.L39
1535:Libs/mbedtls/library/ecp.c ****             MBEDTLS_MPI_CHK(mbedtls_mpi_mul_mod(grp, &S,  &T,     &grp->A));
 1014              		.loc 1 1535 13 is_stmt 1 discriminator 2 view .LVU286
1536:Libs/mbedtls/library/ecp.c ****             MBEDTLS_MPI_CHK(mbedtls_mpi_add_mod(grp, &M,  &M,     &S));
 1015              		.loc 1 1536 13 view .LVU287
1536:Libs/mbedtls/library/ecp.c ****             MBEDTLS_MPI_CHK(mbedtls_mpi_add_mod(grp, &M,  &M,     &S));
 1016              		.loc 1 1536 13 view .LVU288
 1017 0284 4346     		mov	r3, r8
 1018 0286 03AA     		add	r2, sp, #12
 1019 0288 06A9     		add	r1, sp, #24
 1020 028a 2046     		mov	r0, r4
 1021              	.LVL128:
1536:Libs/mbedtls/library/ecp.c ****             MBEDTLS_MPI_CHK(mbedtls_mpi_add_mod(grp, &M,  &M,     &S));
 1022              		.loc 1 1536 13 is_stmt 0 view .LVU289
 1023 028c FFF7FEFF 		bl	mbedtls_mpi_mul_mod
 1024              	.LVL129:
1536:Libs/mbedtls/library/ecp.c ****             MBEDTLS_MPI_CHK(mbedtls_mpi_add_mod(grp, &M,  &M,     &S));
 1025              		.loc 1 1536 13 discriminator 1 view .LVU290
 1026 0290 0546     		mov	r5, r0
 1027 0292 0028     		cmp	r0, #0
 1028 0294 7FF4D1AE 		bne	.L39
1536:Libs/mbedtls/library/ecp.c ****             MBEDTLS_MPI_CHK(mbedtls_mpi_add_mod(grp, &M,  &M,     &S));
 1029              		.loc 1 1536 13 is_stmt 1 discriminator 2 view .LVU291
1537:Libs/mbedtls/library/ecp.c ****         }
 1030              		.loc 1 1537 13 view .LVU292
1537:Libs/mbedtls/library/ecp.c ****         }
 1031              		.loc 1 1537 13 view .LVU293
 1032 0298 06AB     		add	r3, sp, #24
 1033 029a 09AA     		add	r2, sp, #36
 1034 029c 1146     		mov	r1, r2
 1035 029e 2046     		mov	r0, r4
 1036              	.LVL130:
1537:Libs/mbedtls/library/ecp.c ****         }
 1037              		.loc 1 1537 13 is_stmt 0 view .LVU294
 1038 02a0 FFF7FEFF 		bl	mbedtls_mpi_add_mod
 1039              	.LVL131:
1537:Libs/mbedtls/library/ecp.c ****         }
 1040              		.loc 1 1537 13 discriminator 1 view .LVU295
 1041 02a4 0546     		mov	r5, r0
 1042 02a6 0028     		cmp	r0, #0
 1043 02a8 3FF435AF 		beq	.L42
 1044 02ac C5E6     		b	.L39
 1045              		.cfi_endproc
 1046              	.LFE40:
 1048              		.section	.text.ecp_normalize_jac,"ax",%progbits
 1049              		.align	1
 1050              		.syntax unified
 1051              		.thumb
 1052              		.thumb_func
 1054              	ecp_normalize_jac:
 1055              	.LVL132:
 1056              	.LFB37:
1313:Libs/mbedtls/library/ecp.c ****     if (mbedtls_mpi_cmp_int(&pt->Z, 0) == 0) {
 1057              		.loc 1 1313 1 is_stmt 1 view -0
 1058              		.cfi_startproc
ARM GAS  C:\Users\nicx5\AppData\Local\Temp\ccosdxRQ.s 			page 64


 1059              		@ args = 0, pretend = 0, frame = 24
 1060              		@ frame_needed = 0, uses_anonymous_args = 0
1313:Libs/mbedtls/library/ecp.c ****     if (mbedtls_mpi_cmp_int(&pt->Z, 0) == 0) {
 1061              		.loc 1 1313 1 is_stmt 0 view .LVU297
 1062 0000 F0B5     		push	{r4, r5, r6, r7, lr}
 1063              	.LCFI9:
 1064              		.cfi_def_cfa_offset 20
 1065              		.cfi_offset 4, -20
 1066              		.cfi_offset 5, -16
 1067              		.cfi_offset 6, -12
 1068              		.cfi_offset 7, -8
 1069              		.cfi_offset 14, -4
 1070 0002 87B0     		sub	sp, sp, #28
 1071              	.LCFI10:
 1072              		.cfi_def_cfa_offset 48
 1073 0004 0746     		mov	r7, r0
 1074 0006 0C46     		mov	r4, r1
1314:Libs/mbedtls/library/ecp.c ****         return 0;
 1075              		.loc 1 1314 5 is_stmt 1 view .LVU298
1314:Libs/mbedtls/library/ecp.c ****         return 0;
 1076              		.loc 1 1314 29 is_stmt 0 view .LVU299
 1077 0008 01F11806 		add	r6, r1, #24
1314:Libs/mbedtls/library/ecp.c ****         return 0;
 1078              		.loc 1 1314 9 view .LVU300
 1079 000c 0021     		movs	r1, #0
 1080              	.LVL133:
1314:Libs/mbedtls/library/ecp.c ****         return 0;
 1081              		.loc 1 1314 9 view .LVU301
 1082 000e 3046     		mov	r0, r6
 1083              	.LVL134:
1314:Libs/mbedtls/library/ecp.c ****         return 0;
 1084              		.loc 1 1314 9 view .LVU302
 1085 0010 FFF7FEFF 		bl	mbedtls_mpi_cmp_int
 1086              	.LVL135:
1314:Libs/mbedtls/library/ecp.c ****         return 0;
 1087              		.loc 1 1314 8 discriminator 1 view .LVU303
 1088 0014 0546     		mov	r5, r0
 1089 0016 10B9     		cbnz	r0, .L54
 1090              	.LVL136:
 1091              	.L50:
1355:Libs/mbedtls/library/ecp.c **** 
 1092              		.loc 1 1355 1 view .LVU304
 1093 0018 2846     		mov	r0, r5
 1094 001a 07B0     		add	sp, sp, #28
 1095              	.LCFI11:
 1096              		.cfi_remember_state
 1097              		.cfi_def_cfa_offset 20
 1098              		@ sp needed
 1099 001c F0BD     		pop	{r4, r5, r6, r7, pc}
 1100              	.LVL137:
 1101              	.L54:
 1102              	.LCFI12:
 1103              		.cfi_restore_state
1327:Libs/mbedtls/library/ecp.c ****     mbedtls_mpi Zi, ZZi;
 1104              		.loc 1 1327 5 is_stmt 1 view .LVU305
1328:Libs/mbedtls/library/ecp.c ****     mbedtls_mpi_init(&Zi); mbedtls_mpi_init(&ZZi);
 1105              		.loc 1 1328 5 view .LVU306
ARM GAS  C:\Users\nicx5\AppData\Local\Temp\ccosdxRQ.s 			page 65


1329:Libs/mbedtls/library/ecp.c **** 
 1106              		.loc 1 1329 5 view .LVU307
 1107 001e 03A8     		add	r0, sp, #12
 1108 0020 FFF7FEFF 		bl	mbedtls_mpi_init
 1109              	.LVL138:
1329:Libs/mbedtls/library/ecp.c **** 
 1110              		.loc 1 1329 28 discriminator 1 view .LVU308
 1111 0024 6846     		mov	r0, sp
 1112 0026 FFF7FEFF 		bl	mbedtls_mpi_init
 1113              	.LVL139:
1334:Libs/mbedtls/library/ecp.c ****     MBEDTLS_MPI_CHK(mbedtls_mpi_mul_mod(grp, &ZZi,     &Zi,        &Zi));
 1114              		.loc 1 1334 5 view .LVU309
1334:Libs/mbedtls/library/ecp.c ****     MBEDTLS_MPI_CHK(mbedtls_mpi_mul_mod(grp, &ZZi,     &Zi,        &Zi));
 1115              		.loc 1 1334 5 view .LVU310
 1116 002a 3A1D     		adds	r2, r7, #4
 1117 002c 3146     		mov	r1, r6
 1118 002e 03A8     		add	r0, sp, #12
 1119 0030 FFF7FEFF 		bl	mbedtls_mpi_inv_mod
 1120              	.LVL140:
1334:Libs/mbedtls/library/ecp.c ****     MBEDTLS_MPI_CHK(mbedtls_mpi_mul_mod(grp, &ZZi,     &Zi,        &Zi));
 1121              		.loc 1 1334 5 is_stmt 0 discriminator 1 view .LVU311
 1122 0034 0546     		mov	r5, r0
 1123 0036 30B1     		cbz	r0, .L55
 1124              	.LVL141:
 1125              	.L52:
1347:Libs/mbedtls/library/ecp.c **** 
 1126              		.loc 1 1347 5 is_stmt 1 discriminator 3 view .LVU312
1351:Libs/mbedtls/library/ecp.c **** 
 1127              		.loc 1 1351 5 view .LVU313
 1128 0038 03A8     		add	r0, sp, #12
 1129              	.LVL142:
1351:Libs/mbedtls/library/ecp.c **** 
 1130              		.loc 1 1351 5 is_stmt 0 view .LVU314
 1131 003a FFF7FEFF 		bl	mbedtls_mpi_free
 1132              	.LVL143:
1351:Libs/mbedtls/library/ecp.c **** 
 1133              		.loc 1 1351 28 is_stmt 1 discriminator 1 view .LVU315
 1134 003e 6846     		mov	r0, sp
 1135 0040 FFF7FEFF 		bl	mbedtls_mpi_free
 1136              	.LVL144:
1353:Libs/mbedtls/library/ecp.c **** #endif /* !defined(MBEDTLS_ECP_NO_FALLBACK) || !defined(MBEDTLS_ECP_NORMALIZE_JAC_ALT) */
 1137              		.loc 1 1353 5 view .LVU316
1353:Libs/mbedtls/library/ecp.c **** #endif /* !defined(MBEDTLS_ECP_NO_FALLBACK) || !defined(MBEDTLS_ECP_NORMALIZE_JAC_ALT) */
 1138              		.loc 1 1353 12 is_stmt 0 view .LVU317
 1139 0044 E8E7     		b	.L50
 1140              	.LVL145:
 1141              	.L55:
1334:Libs/mbedtls/library/ecp.c ****     MBEDTLS_MPI_CHK(mbedtls_mpi_mul_mod(grp, &ZZi,     &Zi,        &Zi));
 1142              		.loc 1 1334 5 is_stmt 1 discriminator 2 view .LVU318
1335:Libs/mbedtls/library/ecp.c ****     MBEDTLS_MPI_CHK(mbedtls_mpi_mul_mod(grp, &pt->X,   &pt->X,     &ZZi));
 1143              		.loc 1 1335 5 view .LVU319
1335:Libs/mbedtls/library/ecp.c ****     MBEDTLS_MPI_CHK(mbedtls_mpi_mul_mod(grp, &pt->X,   &pt->X,     &ZZi));
 1144              		.loc 1 1335 5 view .LVU320
 1145 0046 03AB     		add	r3, sp, #12
 1146 0048 1A46     		mov	r2, r3
 1147 004a 6946     		mov	r1, sp
 1148 004c 3846     		mov	r0, r7
ARM GAS  C:\Users\nicx5\AppData\Local\Temp\ccosdxRQ.s 			page 66


 1149              	.LVL146:
1335:Libs/mbedtls/library/ecp.c ****     MBEDTLS_MPI_CHK(mbedtls_mpi_mul_mod(grp, &pt->X,   &pt->X,     &ZZi));
 1150              		.loc 1 1335 5 is_stmt 0 view .LVU321
 1151 004e FFF7FEFF 		bl	mbedtls_mpi_mul_mod
 1152              	.LVL147:
1335:Libs/mbedtls/library/ecp.c ****     MBEDTLS_MPI_CHK(mbedtls_mpi_mul_mod(grp, &pt->X,   &pt->X,     &ZZi));
 1153              		.loc 1 1335 5 discriminator 1 view .LVU322
 1154 0052 0546     		mov	r5, r0
 1155 0054 0028     		cmp	r0, #0
 1156 0056 EFD1     		bne	.L52
1335:Libs/mbedtls/library/ecp.c ****     MBEDTLS_MPI_CHK(mbedtls_mpi_mul_mod(grp, &pt->X,   &pt->X,     &ZZi));
 1157              		.loc 1 1335 5 is_stmt 1 discriminator 2 view .LVU323
1336:Libs/mbedtls/library/ecp.c **** 
 1158              		.loc 1 1336 5 view .LVU324
1336:Libs/mbedtls/library/ecp.c **** 
 1159              		.loc 1 1336 5 view .LVU325
 1160 0058 6B46     		mov	r3, sp
 1161 005a 2246     		mov	r2, r4
 1162 005c 2146     		mov	r1, r4
 1163 005e 3846     		mov	r0, r7
 1164              	.LVL148:
1336:Libs/mbedtls/library/ecp.c **** 
 1165              		.loc 1 1336 5 is_stmt 0 view .LVU326
 1166 0060 FFF7FEFF 		bl	mbedtls_mpi_mul_mod
 1167              	.LVL149:
1336:Libs/mbedtls/library/ecp.c **** 
 1168              		.loc 1 1336 5 discriminator 1 view .LVU327
 1169 0064 0546     		mov	r5, r0
 1170 0066 0028     		cmp	r0, #0
 1171 0068 E6D1     		bne	.L52
1336:Libs/mbedtls/library/ecp.c **** 
 1172              		.loc 1 1336 5 is_stmt 1 discriminator 2 view .LVU328
1341:Libs/mbedtls/library/ecp.c ****     MBEDTLS_MPI_CHK(mbedtls_mpi_mul_mod(grp, &pt->Y,   &pt->Y,     &Zi));
 1173              		.loc 1 1341 5 view .LVU329
1341:Libs/mbedtls/library/ecp.c ****     MBEDTLS_MPI_CHK(mbedtls_mpi_mul_mod(grp, &pt->Y,   &pt->Y,     &Zi));
 1174              		.loc 1 1341 5 view .LVU330
 1175 006a 0C34     		adds	r4, r4, #12
 1176              	.LVL150:
1341:Libs/mbedtls/library/ecp.c ****     MBEDTLS_MPI_CHK(mbedtls_mpi_mul_mod(grp, &pt->Y,   &pt->Y,     &Zi));
 1177              		.loc 1 1341 5 is_stmt 0 view .LVU331
 1178 006c 6B46     		mov	r3, sp
 1179 006e 2246     		mov	r2, r4
 1180 0070 2146     		mov	r1, r4
 1181 0072 3846     		mov	r0, r7
 1182              	.LVL151:
1341:Libs/mbedtls/library/ecp.c ****     MBEDTLS_MPI_CHK(mbedtls_mpi_mul_mod(grp, &pt->Y,   &pt->Y,     &Zi));
 1183              		.loc 1 1341 5 view .LVU332
 1184 0074 FFF7FEFF 		bl	mbedtls_mpi_mul_mod
 1185              	.LVL152:
1341:Libs/mbedtls/library/ecp.c ****     MBEDTLS_MPI_CHK(mbedtls_mpi_mul_mod(grp, &pt->Y,   &pt->Y,     &Zi));
 1186              		.loc 1 1341 5 discriminator 1 view .LVU333
 1187 0078 0546     		mov	r5, r0
 1188 007a 0028     		cmp	r0, #0
 1189 007c DCD1     		bne	.L52
1341:Libs/mbedtls/library/ecp.c ****     MBEDTLS_MPI_CHK(mbedtls_mpi_mul_mod(grp, &pt->Y,   &pt->Y,     &Zi));
 1190              		.loc 1 1341 5 is_stmt 1 discriminator 2 view .LVU334
1342:Libs/mbedtls/library/ecp.c **** 
ARM GAS  C:\Users\nicx5\AppData\Local\Temp\ccosdxRQ.s 			page 67


 1191              		.loc 1 1342 5 view .LVU335
1342:Libs/mbedtls/library/ecp.c **** 
 1192              		.loc 1 1342 5 view .LVU336
 1193 007e 03AB     		add	r3, sp, #12
 1194 0080 2246     		mov	r2, r4
 1195 0082 2146     		mov	r1, r4
 1196 0084 3846     		mov	r0, r7
 1197              	.LVL153:
1342:Libs/mbedtls/library/ecp.c **** 
 1198              		.loc 1 1342 5 is_stmt 0 view .LVU337
 1199 0086 FFF7FEFF 		bl	mbedtls_mpi_mul_mod
 1200              	.LVL154:
1342:Libs/mbedtls/library/ecp.c **** 
 1201              		.loc 1 1342 5 discriminator 1 view .LVU338
 1202 008a 0546     		mov	r5, r0
 1203 008c 0028     		cmp	r0, #0
 1204 008e D3D1     		bne	.L52
1342:Libs/mbedtls/library/ecp.c **** 
 1205              		.loc 1 1342 5 is_stmt 1 discriminator 2 view .LVU339
1347:Libs/mbedtls/library/ecp.c **** 
 1206              		.loc 1 1347 5 view .LVU340
1347:Libs/mbedtls/library/ecp.c **** 
 1207              		.loc 1 1347 5 view .LVU341
 1208 0090 0121     		movs	r1, #1
 1209 0092 3046     		mov	r0, r6
 1210              	.LVL155:
1347:Libs/mbedtls/library/ecp.c **** 
 1211              		.loc 1 1347 5 is_stmt 0 view .LVU342
 1212 0094 FFF7FEFF 		bl	mbedtls_mpi_lset
 1213              	.LVL156:
 1214 0098 0546     		mov	r5, r0
 1215              	.LVL157:
1347:Libs/mbedtls/library/ecp.c **** 
 1216              		.loc 1 1347 5 is_stmt 1 discriminator 1 view .LVU343
1349:Libs/mbedtls/library/ecp.c **** 
 1217              		.loc 1 1349 1 is_stmt 0 view .LVU344
 1218 009a CDE7     		b	.L52
 1219              		.cfi_endproc
 1220              	.LFE37:
 1222              		.section	.text.ecp_normalize_jac_many,"ax",%progbits
 1223              		.align	1
 1224              		.syntax unified
 1225              		.thumb
 1226              		.thumb_func
 1228              	ecp_normalize_jac_many:
 1229              	.LVL158:
 1230              	.LFB38:
1370:Libs/mbedtls/library/ecp.c ****     if (T_size < 2) {
 1231              		.loc 1 1370 1 is_stmt 1 view -0
 1232              		.cfi_startproc
 1233              		@ args = 0, pretend = 0, frame = 40
 1234              		@ frame_needed = 0, uses_anonymous_args = 0
1370:Libs/mbedtls/library/ecp.c ****     if (T_size < 2) {
 1235              		.loc 1 1370 1 is_stmt 0 view .LVU346
 1236 0000 2DE9F047 		push	{r4, r5, r6, r7, r8, r9, r10, lr}
 1237              	.LCFI13:
 1238              		.cfi_def_cfa_offset 32
ARM GAS  C:\Users\nicx5\AppData\Local\Temp\ccosdxRQ.s 			page 68


 1239              		.cfi_offset 4, -32
 1240              		.cfi_offset 5, -28
 1241              		.cfi_offset 6, -24
 1242              		.cfi_offset 7, -20
 1243              		.cfi_offset 8, -16
 1244              		.cfi_offset 9, -12
 1245              		.cfi_offset 10, -8
 1246              		.cfi_offset 14, -4
 1247 0004 8AB0     		sub	sp, sp, #40
 1248              	.LCFI14:
 1249              		.cfi_def_cfa_offset 72
 1250 0006 0746     		mov	r7, r0
 1251 0008 8846     		mov	r8, r1
1371:Libs/mbedtls/library/ecp.c ****         return ecp_normalize_jac(grp, *T);
 1252              		.loc 1 1371 5 is_stmt 1 view .LVU347
1371:Libs/mbedtls/library/ecp.c ****         return ecp_normalize_jac(grp, *T);
 1253              		.loc 1 1371 8 is_stmt 0 view .LVU348
 1254 000a 012A     		cmp	r2, #1
 1255 000c 0AD9     		bls	.L71
 1256 000e 1646     		mov	r6, r2
1384:Libs/mbedtls/library/ecp.c ****     size_t i;
 1257              		.loc 1 1384 5 is_stmt 1 view .LVU349
 1258              	.LVL159:
1385:Libs/mbedtls/library/ecp.c ****     mbedtls_mpi *c, u, Zi, ZZi;
 1259              		.loc 1 1385 5 view .LVU350
1386:Libs/mbedtls/library/ecp.c **** 
 1260              		.loc 1 1386 5 view .LVU351
1388:Libs/mbedtls/library/ecp.c ****         return MBEDTLS_ERR_ECP_ALLOC_FAILED;
 1261              		.loc 1 1388 5 view .LVU352
1388:Libs/mbedtls/library/ecp.c ****         return MBEDTLS_ERR_ECP_ALLOC_FAILED;
 1262              		.loc 1 1388 14 is_stmt 0 view .LVU353
 1263 0010 0C21     		movs	r1, #12
 1264              	.LVL160:
1388:Libs/mbedtls/library/ecp.c ****         return MBEDTLS_ERR_ECP_ALLOC_FAILED;
 1265              		.loc 1 1388 14 view .LVU354
 1266 0012 1046     		mov	r0, r2
 1267              	.LVL161:
1388:Libs/mbedtls/library/ecp.c ****         return MBEDTLS_ERR_ECP_ALLOC_FAILED;
 1268              		.loc 1 1388 14 view .LVU355
 1269 0014 FFF7FEFF 		bl	calloc
 1270              	.LVL162:
1388:Libs/mbedtls/library/ecp.c ****         return MBEDTLS_ERR_ECP_ALLOC_FAILED;
 1271              		.loc 1 1388 8 discriminator 1 view .LVU356
 1272 0018 0546     		mov	r5, r0
 1273 001a 0028     		cmp	r0, #0
 1274 001c 00F0C180 		beq	.L69
1392:Libs/mbedtls/library/ecp.c ****         mbedtls_mpi_init(&c[i]);
 1275              		.loc 1 1392 12 view .LVU357
 1276 0020 0024     		movs	r4, #0
 1277 0022 0BE0     		b	.L59
 1278              	.LVL163:
 1279              	.L71:
1372:Libs/mbedtls/library/ecp.c ****     }
 1280              		.loc 1 1372 9 is_stmt 1 view .LVU358
1372:Libs/mbedtls/library/ecp.c ****     }
 1281              		.loc 1 1372 16 is_stmt 0 view .LVU359
 1282 0024 0968     		ldr	r1, [r1]
ARM GAS  C:\Users\nicx5\AppData\Local\Temp\ccosdxRQ.s 			page 69


 1283              	.LVL164:
1372:Libs/mbedtls/library/ecp.c ****     }
 1284              		.loc 1 1372 16 view .LVU360
 1285 0026 FFF7FEFF 		bl	ecp_normalize_jac
 1286              	.LVL165:
1372:Libs/mbedtls/library/ecp.c ****     }
 1287              		.loc 1 1372 16 view .LVU361
 1288 002a 8146     		mov	r9, r0
 1289 002c B5E0     		b	.L56
 1290              	.LVL166:
 1291              	.L60:
1393:Libs/mbedtls/library/ecp.c ****     }
 1292              		.loc 1 1393 9 is_stmt 1 view .LVU362
1393:Libs/mbedtls/library/ecp.c ****     }
 1293              		.loc 1 1393 28 is_stmt 0 view .LVU363
 1294 002e 04EB4400 		add	r0, r4, r4, lsl #1
1393:Libs/mbedtls/library/ecp.c ****     }
 1295              		.loc 1 1393 9 view .LVU364
 1296 0032 05EB8000 		add	r0, r5, r0, lsl #2
 1297 0036 FFF7FEFF 		bl	mbedtls_mpi_init
 1298              	.LVL167:
1392:Libs/mbedtls/library/ecp.c ****         mbedtls_mpi_init(&c[i]);
 1299              		.loc 1 1392 30 is_stmt 1 discriminator 3 view .LVU365
 1300 003a 0134     		adds	r4, r4, #1
 1301              	.LVL168:
 1302              	.L59:
1392:Libs/mbedtls/library/ecp.c ****         mbedtls_mpi_init(&c[i]);
 1303              		.loc 1 1392 19 discriminator 1 view .LVU366
 1304 003c B442     		cmp	r4, r6
 1305 003e F6D3     		bcc	.L60
1396:Libs/mbedtls/library/ecp.c **** 
 1306              		.loc 1 1396 5 view .LVU367
 1307 0040 07A8     		add	r0, sp, #28
 1308 0042 FFF7FEFF 		bl	mbedtls_mpi_init
 1309              	.LVL169:
1396:Libs/mbedtls/library/ecp.c **** 
 1310              		.loc 1 1396 27 discriminator 1 view .LVU368
 1311 0046 04A8     		add	r0, sp, #16
 1312 0048 FFF7FEFF 		bl	mbedtls_mpi_init
 1313              	.LVL170:
1396:Libs/mbedtls/library/ecp.c **** 
 1314              		.loc 1 1396 50 discriminator 2 view .LVU369
 1315 004c 01A8     		add	r0, sp, #4
 1316 004e FFF7FEFF 		bl	mbedtls_mpi_init
 1317              	.LVL171:
1401:Libs/mbedtls/library/ecp.c ****     for (i = 1; i < T_size; i++) {
 1318              		.loc 1 1401 5 view .LVU370
1401:Libs/mbedtls/library/ecp.c ****     for (i = 1; i < T_size; i++) {
 1319              		.loc 1 1401 5 view .LVU371
 1320 0052 D8F80010 		ldr	r1, [r8]
 1321 0056 1831     		adds	r1, r1, #24
 1322 0058 2846     		mov	r0, r5
 1323 005a FFF7FEFF 		bl	mbedtls_mpi_copy
 1324              	.LVL172:
1401:Libs/mbedtls/library/ecp.c ****     for (i = 1; i < T_size; i++) {
 1325              		.loc 1 1401 5 is_stmt 0 discriminator 1 view .LVU372
 1326 005e 8146     		mov	r9, r0
ARM GAS  C:\Users\nicx5\AppData\Local\Temp\ccosdxRQ.s 			page 70


 1327 0060 0028     		cmp	r0, #0
 1328 0062 40F08380 		bne	.L61
1402:Libs/mbedtls/library/ecp.c ****         MBEDTLS_MPI_CHK(mbedtls_mpi_mul_mod(grp, &c[i], &c[i-1], &T[i]->Z));
 1329              		.loc 1 1402 12 view .LVU373
 1330 0066 0124     		movs	r4, #1
 1331              	.LVL173:
 1332              	.L62:
1402:Libs/mbedtls/library/ecp.c ****         MBEDTLS_MPI_CHK(mbedtls_mpi_mul_mod(grp, &c[i], &c[i-1], &T[i]->Z));
 1333              		.loc 1 1402 19 is_stmt 1 discriminator 1 view .LVU374
 1334 0068 B442     		cmp	r4, r6
 1335 006a 11D2     		bcs	.L72
1403:Libs/mbedtls/library/ecp.c ****     }
 1336              		.loc 1 1403 9 view .LVU375
1403:Libs/mbedtls/library/ecp.c ****     }
 1337              		.loc 1 1403 9 view .LVU376
 1338 006c 04EB4401 		add	r1, r4, r4, lsl #1
 1339 0070 8900     		lsls	r1, r1, #2
 1340 0072 A1F10C02 		sub	r2, r1, #12
 1341 0076 58F82430 		ldr	r3, [r8, r4, lsl #2]
 1342 007a 1833     		adds	r3, r3, #24
 1343 007c 2A44     		add	r2, r2, r5
 1344 007e 2944     		add	r1, r1, r5
 1345 0080 3846     		mov	r0, r7
 1346              	.LVL174:
1403:Libs/mbedtls/library/ecp.c ****     }
 1347              		.loc 1 1403 9 is_stmt 0 view .LVU377
 1348 0082 FFF7FEFF 		bl	mbedtls_mpi_mul_mod
 1349              	.LVL175:
1403:Libs/mbedtls/library/ecp.c ****     }
 1350              		.loc 1 1403 9 discriminator 1 view .LVU378
 1351 0086 8146     		mov	r9, r0
 1352 0088 0028     		cmp	r0, #0
 1353 008a 6FD1     		bne	.L61
1403:Libs/mbedtls/library/ecp.c ****     }
 1354              		.loc 1 1403 9 is_stmt 1 discriminator 2 view .LVU379
1402:Libs/mbedtls/library/ecp.c ****         MBEDTLS_MPI_CHK(mbedtls_mpi_mul_mod(grp, &c[i], &c[i-1], &T[i]->Z));
 1355              		.loc 1 1402 30 discriminator 2 view .LVU380
 1356 008c 0134     		adds	r4, r4, #1
 1357              	.LVL176:
1402:Libs/mbedtls/library/ecp.c ****         MBEDTLS_MPI_CHK(mbedtls_mpi_mul_mod(grp, &c[i], &c[i-1], &T[i]->Z));
 1358              		.loc 1 1402 30 is_stmt 0 discriminator 2 view .LVU381
 1359 008e EBE7     		b	.L62
 1360              	.L72:
1409:Libs/mbedtls/library/ecp.c **** 
 1361              		.loc 1 1409 5 is_stmt 1 view .LVU382
1409:Libs/mbedtls/library/ecp.c **** 
 1362              		.loc 1 1409 5 view .LVU383
 1363 0090 06EB4601 		add	r1, r6, r6, lsl #1
 1364 0094 8900     		lsls	r1, r1, #2
 1365 0096 0C39     		subs	r1, r1, #12
 1366 0098 3A1D     		adds	r2, r7, #4
 1367 009a 2944     		add	r1, r1, r5
 1368 009c 07A8     		add	r0, sp, #28
 1369              	.LVL177:
1409:Libs/mbedtls/library/ecp.c **** 
 1370              		.loc 1 1409 5 is_stmt 0 view .LVU384
 1371 009e FFF7FEFF 		bl	mbedtls_mpi_inv_mod
ARM GAS  C:\Users\nicx5\AppData\Local\Temp\ccosdxRQ.s 			page 71


 1372              	.LVL178:
1409:Libs/mbedtls/library/ecp.c **** 
 1373              		.loc 1 1409 5 discriminator 1 view .LVU385
 1374 00a2 8146     		mov	r9, r0
 1375 00a4 0028     		cmp	r0, #0
 1376 00a6 61D1     		bne	.L61
1409:Libs/mbedtls/library/ecp.c **** 
 1377              		.loc 1 1409 5 is_stmt 1 discriminator 2 view .LVU386
1411:Libs/mbedtls/library/ecp.c ****         /*
 1378              		.loc 1 1411 5 view .LVU387
1411:Libs/mbedtls/library/ecp.c ****         /*
 1379              		.loc 1 1411 12 is_stmt 0 view .LVU388
 1380 00a8 741E     		subs	r4, r6, #1
 1381              	.LVL179:
1411:Libs/mbedtls/library/ecp.c ****         /*
 1382              		.loc 1 1411 12 view .LVU389
 1383 00aa 46E0     		b	.L66
 1384              	.LVL180:
 1385              	.L73:
1417:Libs/mbedtls/library/ecp.c ****         } else {
 1386              		.loc 1 1417 13 is_stmt 1 view .LVU390
1417:Libs/mbedtls/library/ecp.c ****         } else {
 1387              		.loc 1 1417 13 view .LVU391
 1388 00ac 07A9     		add	r1, sp, #28
 1389 00ae 04A8     		add	r0, sp, #16
 1390 00b0 FFF7FEFF 		bl	mbedtls_mpi_copy
 1391              	.LVL181:
1417:Libs/mbedtls/library/ecp.c ****         } else {
 1392              		.loc 1 1417 13 is_stmt 0 discriminator 1 view .LVU392
 1393 00b4 8146     		mov	r9, r0
 1394 00b6 0028     		cmp	r0, #0
 1395 00b8 58D1     		bne	.L61
 1396              	.L65:
1420:Libs/mbedtls/library/ecp.c ****         }
 1397              		.loc 1 1420 13 is_stmt 1 discriminator 2 view .LVU393
1426:Libs/mbedtls/library/ecp.c ****         MBEDTLS_MPI_CHK(mbedtls_mpi_mul_mod(grp, &T[i]->X, &T[i]->X, &ZZi));
 1398              		.loc 1 1426 9 view .LVU394
1426:Libs/mbedtls/library/ecp.c ****         MBEDTLS_MPI_CHK(mbedtls_mpi_mul_mod(grp, &T[i]->X, &T[i]->X, &ZZi));
 1399              		.loc 1 1426 9 view .LVU395
 1400 00ba 04AB     		add	r3, sp, #16
 1401 00bc 1A46     		mov	r2, r3
 1402 00be 01A9     		add	r1, sp, #4
 1403 00c0 3846     		mov	r0, r7
 1404              	.LVL182:
1426:Libs/mbedtls/library/ecp.c ****         MBEDTLS_MPI_CHK(mbedtls_mpi_mul_mod(grp, &T[i]->X, &T[i]->X, &ZZi));
 1405              		.loc 1 1426 9 is_stmt 0 view .LVU396
 1406 00c2 FFF7FEFF 		bl	mbedtls_mpi_mul_mod
 1407              	.LVL183:
1426:Libs/mbedtls/library/ecp.c ****         MBEDTLS_MPI_CHK(mbedtls_mpi_mul_mod(grp, &T[i]->X, &T[i]->X, &ZZi));
 1408              		.loc 1 1426 9 discriminator 1 view .LVU397
 1409 00c6 8146     		mov	r9, r0
 1410 00c8 0028     		cmp	r0, #0
 1411 00ca 4FD1     		bne	.L61
1426:Libs/mbedtls/library/ecp.c ****         MBEDTLS_MPI_CHK(mbedtls_mpi_mul_mod(grp, &T[i]->X, &T[i]->X, &ZZi));
 1412              		.loc 1 1426 9 is_stmt 1 discriminator 2 view .LVU398
1427:Libs/mbedtls/library/ecp.c ****         MBEDTLS_MPI_CHK(mbedtls_mpi_mul_mod(grp, &T[i]->Y, &T[i]->Y, &ZZi));
 1413              		.loc 1 1427 9 view .LVU399
ARM GAS  C:\Users\nicx5\AppData\Local\Temp\ccosdxRQ.s 			page 72


1427:Libs/mbedtls/library/ecp.c ****         MBEDTLS_MPI_CHK(mbedtls_mpi_mul_mod(grp, &T[i]->Y, &T[i]->Y, &ZZi));
 1414              		.loc 1 1427 9 view .LVU400
 1415 00cc 4FEA840A 		lsl	r10, r4, #2
 1416 00d0 58F82410 		ldr	r1, [r8, r4, lsl #2]
 1417 00d4 01AB     		add	r3, sp, #4
 1418 00d6 0A46     		mov	r2, r1
 1419 00d8 3846     		mov	r0, r7
 1420              	.LVL184:
1427:Libs/mbedtls/library/ecp.c ****         MBEDTLS_MPI_CHK(mbedtls_mpi_mul_mod(grp, &T[i]->Y, &T[i]->Y, &ZZi));
 1421              		.loc 1 1427 9 is_stmt 0 view .LVU401
 1422 00da FFF7FEFF 		bl	mbedtls_mpi_mul_mod
 1423              	.LVL185:
1427:Libs/mbedtls/library/ecp.c ****         MBEDTLS_MPI_CHK(mbedtls_mpi_mul_mod(grp, &T[i]->Y, &T[i]->Y, &ZZi));
 1424              		.loc 1 1427 9 discriminator 1 view .LVU402
 1425 00de 8146     		mov	r9, r0
 1426 00e0 0028     		cmp	r0, #0
 1427 00e2 43D1     		bne	.L61
1427:Libs/mbedtls/library/ecp.c ****         MBEDTLS_MPI_CHK(mbedtls_mpi_mul_mod(grp, &T[i]->Y, &T[i]->Y, &ZZi));
 1428              		.loc 1 1427 9 is_stmt 1 discriminator 2 view .LVU403
1428:Libs/mbedtls/library/ecp.c ****         MBEDTLS_MPI_CHK(mbedtls_mpi_mul_mod(grp, &T[i]->Y, &T[i]->Y, &Zi));
 1429              		.loc 1 1428 9 view .LVU404
1428:Libs/mbedtls/library/ecp.c ****         MBEDTLS_MPI_CHK(mbedtls_mpi_mul_mod(grp, &T[i]->Y, &T[i]->Y, &Zi));
 1430              		.loc 1 1428 9 view .LVU405
 1431 00e4 58F82410 		ldr	r1, [r8, r4, lsl #2]
 1432 00e8 0C31     		adds	r1, r1, #12
 1433 00ea 01AB     		add	r3, sp, #4
 1434 00ec 0A46     		mov	r2, r1
 1435 00ee 3846     		mov	r0, r7
 1436              	.LVL186:
1428:Libs/mbedtls/library/ecp.c ****         MBEDTLS_MPI_CHK(mbedtls_mpi_mul_mod(grp, &T[i]->Y, &T[i]->Y, &Zi));
 1437              		.loc 1 1428 9 is_stmt 0 view .LVU406
 1438 00f0 FFF7FEFF 		bl	mbedtls_mpi_mul_mod
 1439              	.LVL187:
1428:Libs/mbedtls/library/ecp.c ****         MBEDTLS_MPI_CHK(mbedtls_mpi_mul_mod(grp, &T[i]->Y, &T[i]->Y, &Zi));
 1440              		.loc 1 1428 9 discriminator 1 view .LVU407
 1441 00f4 8146     		mov	r9, r0
 1442 00f6 0028     		cmp	r0, #0
 1443 00f8 38D1     		bne	.L61
1428:Libs/mbedtls/library/ecp.c ****         MBEDTLS_MPI_CHK(mbedtls_mpi_mul_mod(grp, &T[i]->Y, &T[i]->Y, &Zi));
 1444              		.loc 1 1428 9 is_stmt 1 discriminator 2 view .LVU408
1429:Libs/mbedtls/library/ecp.c **** 
 1445              		.loc 1 1429 9 view .LVU409
1429:Libs/mbedtls/library/ecp.c **** 
 1446              		.loc 1 1429 9 view .LVU410
 1447 00fa 58F80A10 		ldr	r1, [r8, r10]
 1448 00fe 0C31     		adds	r1, r1, #12
 1449 0100 04AB     		add	r3, sp, #16
 1450 0102 0A46     		mov	r2, r1
 1451 0104 3846     		mov	r0, r7
 1452              	.LVL188:
1429:Libs/mbedtls/library/ecp.c **** 
 1453              		.loc 1 1429 9 is_stmt 0 view .LVU411
 1454 0106 FFF7FEFF 		bl	mbedtls_mpi_mul_mod
 1455              	.LVL189:
1429:Libs/mbedtls/library/ecp.c **** 
 1456              		.loc 1 1429 9 discriminator 1 view .LVU412
 1457 010a 8146     		mov	r9, r0
ARM GAS  C:\Users\nicx5\AppData\Local\Temp\ccosdxRQ.s 			page 73


 1458 010c 70BB     		cbnz	r0, .L61
1429:Libs/mbedtls/library/ecp.c **** 
 1459              		.loc 1 1429 9 is_stmt 1 discriminator 2 view .LVU413
1437:Libs/mbedtls/library/ecp.c ****         MBEDTLS_MPI_CHK(mbedtls_mpi_shrink(&T[i]->Y, grp->P.n));
 1460              		.loc 1 1437 9 view .LVU414
1437:Libs/mbedtls/library/ecp.c ****         MBEDTLS_MPI_CHK(mbedtls_mpi_shrink(&T[i]->Y, grp->P.n));
 1461              		.loc 1 1437 9 view .LVU415
 1462 010e B968     		ldr	r1, [r7, #8]
 1463 0110 58F80A00 		ldr	r0, [r8, r10]
 1464              	.LVL190:
1437:Libs/mbedtls/library/ecp.c ****         MBEDTLS_MPI_CHK(mbedtls_mpi_shrink(&T[i]->Y, grp->P.n));
 1465              		.loc 1 1437 9 is_stmt 0 view .LVU416
 1466 0114 FFF7FEFF 		bl	mbedtls_mpi_shrink
 1467              	.LVL191:
1437:Libs/mbedtls/library/ecp.c ****         MBEDTLS_MPI_CHK(mbedtls_mpi_shrink(&T[i]->Y, grp->P.n));
 1468              		.loc 1 1437 9 discriminator 1 view .LVU417
 1469 0118 8146     		mov	r9, r0
 1470 011a 38BB     		cbnz	r0, .L61
1437:Libs/mbedtls/library/ecp.c ****         MBEDTLS_MPI_CHK(mbedtls_mpi_shrink(&T[i]->Y, grp->P.n));
 1471              		.loc 1 1437 9 is_stmt 1 discriminator 2 view .LVU418
1438:Libs/mbedtls/library/ecp.c ****         mbedtls_mpi_free(&T[i]->Z);
 1472              		.loc 1 1438 9 view .LVU419
1438:Libs/mbedtls/library/ecp.c ****         mbedtls_mpi_free(&T[i]->Z);
 1473              		.loc 1 1438 9 view .LVU420
 1474 011c 58F80A00 		ldr	r0, [r8, r10]
 1475              	.LVL192:
1438:Libs/mbedtls/library/ecp.c ****         mbedtls_mpi_free(&T[i]->Z);
 1476              		.loc 1 1438 9 is_stmt 0 view .LVU421
 1477 0120 B968     		ldr	r1, [r7, #8]
 1478 0122 0C30     		adds	r0, r0, #12
 1479 0124 FFF7FEFF 		bl	mbedtls_mpi_shrink
 1480              	.LVL193:
1438:Libs/mbedtls/library/ecp.c ****         mbedtls_mpi_free(&T[i]->Z);
 1481              		.loc 1 1438 9 discriminator 1 view .LVU422
 1482 0128 8146     		mov	r9, r0
 1483 012a F8B9     		cbnz	r0, .L61
1438:Libs/mbedtls/library/ecp.c ****         mbedtls_mpi_free(&T[i]->Z);
 1484              		.loc 1 1438 9 is_stmt 1 discriminator 2 view .LVU423
1439:Libs/mbedtls/library/ecp.c **** 
 1485              		.loc 1 1439 9 view .LVU424
1439:Libs/mbedtls/library/ecp.c **** 
 1486              		.loc 1 1439 28 is_stmt 0 view .LVU425
 1487 012c 58F80A00 		ldr	r0, [r8, r10]
 1488              	.LVL194:
1439:Libs/mbedtls/library/ecp.c **** 
 1489              		.loc 1 1439 9 view .LVU426
 1490 0130 1830     		adds	r0, r0, #24
 1491 0132 FFF7FEFF 		bl	mbedtls_mpi_free
 1492              	.LVL195:
1441:Libs/mbedtls/library/ecp.c ****             break;
 1493              		.loc 1 1441 9 is_stmt 1 view .LVU427
1441:Libs/mbedtls/library/ecp.c ****             break;
 1494              		.loc 1 1441 12 is_stmt 0 view .LVU428
 1495 0136 CCB1     		cbz	r4, .L61
1411:Libs/mbedtls/library/ecp.c ****         /*
 1496              		.loc 1 1411 28 is_stmt 1 view .LVU429
 1497 0138 013C     		subs	r4, r4, #1
ARM GAS  C:\Users\nicx5\AppData\Local\Temp\ccosdxRQ.s 			page 74


 1498              	.LVL196:
1411:Libs/mbedtls/library/ecp.c ****         /*
 1499              		.loc 1 1411 5 view .LVU430
 1500              	.L66:
1416:Libs/mbedtls/library/ecp.c ****             MBEDTLS_MPI_CHK(mbedtls_mpi_copy(&Zi, &u));
 1501              		.loc 1 1416 9 view .LVU431
1416:Libs/mbedtls/library/ecp.c ****             MBEDTLS_MPI_CHK(mbedtls_mpi_copy(&Zi, &u));
 1502              		.loc 1 1416 12 is_stmt 0 view .LVU432
 1503 013a 002C     		cmp	r4, #0
 1504 013c B6D0     		beq	.L73
1419:Libs/mbedtls/library/ecp.c ****             MBEDTLS_MPI_CHK(mbedtls_mpi_mul_mod(grp, &u,  &u, &T[i]->Z));
 1505              		.loc 1 1419 13 is_stmt 1 view .LVU433
1419:Libs/mbedtls/library/ecp.c ****             MBEDTLS_MPI_CHK(mbedtls_mpi_mul_mod(grp, &u,  &u, &T[i]->Z));
 1506              		.loc 1 1419 13 view .LVU434
 1507 013e 04EB4403 		add	r3, r4, r4, lsl #1
 1508 0142 9B00     		lsls	r3, r3, #2
 1509 0144 0C3B     		subs	r3, r3, #12
 1510 0146 2B44     		add	r3, r3, r5
 1511 0148 07AA     		add	r2, sp, #28
 1512 014a 04A9     		add	r1, sp, #16
 1513 014c 3846     		mov	r0, r7
 1514 014e FFF7FEFF 		bl	mbedtls_mpi_mul_mod
 1515              	.LVL197:
1419:Libs/mbedtls/library/ecp.c ****             MBEDTLS_MPI_CHK(mbedtls_mpi_mul_mod(grp, &u,  &u, &T[i]->Z));
 1516              		.loc 1 1419 13 is_stmt 0 discriminator 1 view .LVU435
 1517 0152 8146     		mov	r9, r0
 1518 0154 50B9     		cbnz	r0, .L61
1419:Libs/mbedtls/library/ecp.c ****             MBEDTLS_MPI_CHK(mbedtls_mpi_mul_mod(grp, &u,  &u, &T[i]->Z));
 1519              		.loc 1 1419 13 is_stmt 1 discriminator 2 view .LVU436
1420:Libs/mbedtls/library/ecp.c ****         }
 1520              		.loc 1 1420 13 view .LVU437
1420:Libs/mbedtls/library/ecp.c ****         }
 1521              		.loc 1 1420 13 view .LVU438
 1522 0156 58F82430 		ldr	r3, [r8, r4, lsl #2]
 1523 015a 1833     		adds	r3, r3, #24
 1524 015c 07AA     		add	r2, sp, #28
 1525 015e 1146     		mov	r1, r2
 1526 0160 3846     		mov	r0, r7
 1527              	.LVL198:
1420:Libs/mbedtls/library/ecp.c ****         }
 1528              		.loc 1 1420 13 is_stmt 0 view .LVU439
 1529 0162 FFF7FEFF 		bl	mbedtls_mpi_mul_mod
 1530              	.LVL199:
1420:Libs/mbedtls/library/ecp.c ****         }
 1531              		.loc 1 1420 13 discriminator 1 view .LVU440
 1532 0166 8146     		mov	r9, r0
 1533 0168 0028     		cmp	r0, #0
 1534 016a A6D0     		beq	.L65
 1535              	.LVL200:
 1536              	.L61:
1448:Libs/mbedtls/library/ecp.c ****     for (i = 0; i < T_size; i++) {
 1537              		.loc 1 1448 5 is_stmt 1 view .LVU441
 1538 016c 07A8     		add	r0, sp, #28
 1539 016e FFF7FEFF 		bl	mbedtls_mpi_free
 1540              	.LVL201:
1448:Libs/mbedtls/library/ecp.c ****     for (i = 0; i < T_size; i++) {
 1541              		.loc 1 1448 27 discriminator 1 view .LVU442
ARM GAS  C:\Users\nicx5\AppData\Local\Temp\ccosdxRQ.s 			page 75


 1542 0172 04A8     		add	r0, sp, #16
 1543 0174 FFF7FEFF 		bl	mbedtls_mpi_free
 1544              	.LVL202:
1448:Libs/mbedtls/library/ecp.c ****     for (i = 0; i < T_size; i++) {
 1545              		.loc 1 1448 50 discriminator 2 view .LVU443
 1546 0178 01A8     		add	r0, sp, #4
 1547 017a FFF7FEFF 		bl	mbedtls_mpi_free
 1548              	.LVL203:
1449:Libs/mbedtls/library/ecp.c ****         mbedtls_mpi_free(&c[i]);
 1549              		.loc 1 1449 5 view .LVU444
1449:Libs/mbedtls/library/ecp.c ****         mbedtls_mpi_free(&c[i]);
 1550              		.loc 1 1449 12 is_stmt 0 view .LVU445
 1551 017e 0024     		movs	r4, #0
1449:Libs/mbedtls/library/ecp.c ****         mbedtls_mpi_free(&c[i]);
 1552              		.loc 1 1449 5 view .LVU446
 1553 0180 06E0     		b	.L67
 1554              	.LVL204:
 1555              	.L68:
1450:Libs/mbedtls/library/ecp.c ****     }
 1556              		.loc 1 1450 9 is_stmt 1 view .LVU447
1450:Libs/mbedtls/library/ecp.c ****     }
 1557              		.loc 1 1450 28 is_stmt 0 view .LVU448
 1558 0182 04EB4400 		add	r0, r4, r4, lsl #1
1450:Libs/mbedtls/library/ecp.c ****     }
 1559              		.loc 1 1450 9 view .LVU449
 1560 0186 05EB8000 		add	r0, r5, r0, lsl #2
 1561 018a FFF7FEFF 		bl	mbedtls_mpi_free
 1562              	.LVL205:
1449:Libs/mbedtls/library/ecp.c ****         mbedtls_mpi_free(&c[i]);
 1563              		.loc 1 1449 30 is_stmt 1 discriminator 3 view .LVU450
 1564 018e 0134     		adds	r4, r4, #1
 1565              	.LVL206:
 1566              	.L67:
1449:Libs/mbedtls/library/ecp.c ****         mbedtls_mpi_free(&c[i]);
 1567              		.loc 1 1449 19 discriminator 1 view .LVU451
 1568 0190 B442     		cmp	r4, r6
 1569 0192 F6D3     		bcc	.L68
1452:Libs/mbedtls/library/ecp.c **** 
 1570              		.loc 1 1452 5 view .LVU452
 1571 0194 2846     		mov	r0, r5
 1572 0196 FFF7FEFF 		bl	free
 1573              	.LVL207:
1454:Libs/mbedtls/library/ecp.c **** #endif /* !defined(MBEDTLS_ECP_NO_FALLBACK) || !defined(MBEDTLS_ECP_NORMALIZE_JAC_MANY_ALT) */
 1574              		.loc 1 1454 5 view .LVU453
 1575              	.L56:
1456:Libs/mbedtls/library/ecp.c **** 
 1576              		.loc 1 1456 1 is_stmt 0 view .LVU454
 1577 019a 4846     		mov	r0, r9
 1578 019c 0AB0     		add	sp, sp, #40
 1579              	.LCFI15:
 1580              		.cfi_remember_state
 1581              		.cfi_def_cfa_offset 32
 1582              		@ sp needed
 1583 019e BDE8F087 		pop	{r4, r5, r6, r7, r8, r9, r10, pc}
 1584              	.LVL208:
 1585              	.L69:
 1586              	.LCFI16:
ARM GAS  C:\Users\nicx5\AppData\Local\Temp\ccosdxRQ.s 			page 76


 1587              		.cfi_restore_state
1389:Libs/mbedtls/library/ecp.c ****     }
 1588              		.loc 1 1389 16 view .LVU455
 1589 01a2 DFF80490 		ldr	r9, .L74
 1590 01a6 F8E7     		b	.L56
 1591              	.L75:
 1592              		.align	2
 1593              	.L74:
 1594 01a8 80B2FFFF 		.word	-19840
 1595              		.cfi_endproc
 1596              	.LFE38:
 1598              		.section	.text.ecp_safe_invert_jac,"ax",%progbits
 1599              		.align	1
 1600              		.syntax unified
 1601              		.thumb
 1602              		.thumb_func
 1604              	ecp_safe_invert_jac:
 1605              	.LVL209:
 1606              	.LFB39:
1465:Libs/mbedtls/library/ecp.c ****     int ret = MBEDTLS_ERR_ERROR_CORRUPTION_DETECTED;
 1607              		.loc 1 1465 1 is_stmt 1 view -0
 1608              		.cfi_startproc
 1609              		@ args = 0, pretend = 0, frame = 16
 1610              		@ frame_needed = 0, uses_anonymous_args = 0
1465:Libs/mbedtls/library/ecp.c ****     int ret = MBEDTLS_ERR_ERROR_CORRUPTION_DETECTED;
 1611              		.loc 1 1465 1 is_stmt 0 view .LVU457
 1612 0000 70B5     		push	{r4, r5, r6, lr}
 1613              	.LCFI17:
 1614              		.cfi_def_cfa_offset 16
 1615              		.cfi_offset 4, -16
 1616              		.cfi_offset 5, -12
 1617              		.cfi_offset 6, -8
 1618              		.cfi_offset 14, -4
 1619 0002 84B0     		sub	sp, sp, #16
 1620              	.LCFI18:
 1621              		.cfi_def_cfa_offset 32
 1622 0004 0546     		mov	r5, r0
 1623 0006 0C46     		mov	r4, r1
 1624 0008 1646     		mov	r6, r2
1466:Libs/mbedtls/library/ecp.c ****     unsigned char nonzero;
 1625              		.loc 1 1466 5 is_stmt 1 view .LVU458
 1626              	.LVL210:
1467:Libs/mbedtls/library/ecp.c ****     mbedtls_mpi mQY;
 1627              		.loc 1 1467 5 view .LVU459
1468:Libs/mbedtls/library/ecp.c **** 
 1628              		.loc 1 1468 5 view .LVU460
1470:Libs/mbedtls/library/ecp.c **** 
 1629              		.loc 1 1470 5 view .LVU461
 1630 000a 01A8     		add	r0, sp, #4
 1631              	.LVL211:
1470:Libs/mbedtls/library/ecp.c **** 
 1632              		.loc 1 1470 5 is_stmt 0 view .LVU462
 1633 000c FFF7FEFF 		bl	mbedtls_mpi_init
 1634              	.LVL212:
1473:Libs/mbedtls/library/ecp.c ****     nonzero = mbedtls_mpi_cmp_int(&Q->Y, 0) != 0;
 1635              		.loc 1 1473 5 is_stmt 1 view .LVU463
1473:Libs/mbedtls/library/ecp.c ****     nonzero = mbedtls_mpi_cmp_int(&Q->Y, 0) != 0;
ARM GAS  C:\Users\nicx5\AppData\Local\Temp\ccosdxRQ.s 			page 77


 1636              		.loc 1 1473 5 view .LVU464
 1637 0010 0C34     		adds	r4, r4, #12
 1638              	.LVL213:
1473:Libs/mbedtls/library/ecp.c ****     nonzero = mbedtls_mpi_cmp_int(&Q->Y, 0) != 0;
 1639              		.loc 1 1473 5 is_stmt 0 view .LVU465
 1640 0012 2246     		mov	r2, r4
 1641 0014 291D     		adds	r1, r5, #4
 1642 0016 01A8     		add	r0, sp, #4
 1643 0018 FFF7FEFF 		bl	mbedtls_mpi_sub_mpi
 1644              	.LVL214:
1473:Libs/mbedtls/library/ecp.c ****     nonzero = mbedtls_mpi_cmp_int(&Q->Y, 0) != 0;
 1645              		.loc 1 1473 5 discriminator 1 view .LVU466
 1646 001c 0546     		mov	r5, r0
 1647              	.LVL215:
1473:Libs/mbedtls/library/ecp.c ****     nonzero = mbedtls_mpi_cmp_int(&Q->Y, 0) != 0;
 1648              		.loc 1 1473 5 discriminator 1 view .LVU467
 1649 001e 28B1     		cbz	r0, .L79
 1650              	.L77:
1475:Libs/mbedtls/library/ecp.c **** 
 1651              		.loc 1 1475 5 is_stmt 1 discriminator 3 view .LVU468
1478:Libs/mbedtls/library/ecp.c **** 
 1652              		.loc 1 1478 5 view .LVU469
 1653 0020 01A8     		add	r0, sp, #4
 1654              	.LVL216:
1478:Libs/mbedtls/library/ecp.c **** 
 1655              		.loc 1 1478 5 is_stmt 0 view .LVU470
 1656 0022 FFF7FEFF 		bl	mbedtls_mpi_free
 1657              	.LVL217:
1480:Libs/mbedtls/library/ecp.c **** }
 1658              		.loc 1 1480 5 is_stmt 1 view .LVU471
1481:Libs/mbedtls/library/ecp.c **** 
 1659              		.loc 1 1481 1 is_stmt 0 view .LVU472
 1660 0026 2846     		mov	r0, r5
 1661 0028 04B0     		add	sp, sp, #16
 1662              	.LCFI19:
 1663              		.cfi_remember_state
 1664              		.cfi_def_cfa_offset 16
 1665              		@ sp needed
 1666 002a 70BD     		pop	{r4, r5, r6, pc}
 1667              	.LVL218:
 1668              	.L79:
 1669              	.LCFI20:
 1670              		.cfi_restore_state
1473:Libs/mbedtls/library/ecp.c ****     nonzero = mbedtls_mpi_cmp_int(&Q->Y, 0) != 0;
 1671              		.loc 1 1473 5 is_stmt 1 discriminator 2 view .LVU473
1474:Libs/mbedtls/library/ecp.c ****     MBEDTLS_MPI_CHK(mbedtls_mpi_safe_cond_assign(&Q->Y, &mQY, inv & nonzero));
 1672              		.loc 1 1474 5 view .LVU474
1474:Libs/mbedtls/library/ecp.c ****     MBEDTLS_MPI_CHK(mbedtls_mpi_safe_cond_assign(&Q->Y, &mQY, inv & nonzero));
 1673              		.loc 1 1474 15 is_stmt 0 view .LVU475
 1674 002c 0021     		movs	r1, #0
 1675 002e 2046     		mov	r0, r4
 1676              	.LVL219:
1474:Libs/mbedtls/library/ecp.c ****     MBEDTLS_MPI_CHK(mbedtls_mpi_safe_cond_assign(&Q->Y, &mQY, inv & nonzero));
 1677              		.loc 1 1474 15 view .LVU476
 1678 0030 FFF7FEFF 		bl	mbedtls_mpi_cmp_int
 1679              	.LVL220:
1475:Libs/mbedtls/library/ecp.c **** 
ARM GAS  C:\Users\nicx5\AppData\Local\Temp\ccosdxRQ.s 			page 78


 1680              		.loc 1 1475 5 is_stmt 1 view .LVU477
1475:Libs/mbedtls/library/ecp.c **** 
 1681              		.loc 1 1475 5 view .LVU478
 1682 0034 0028     		cmp	r0, #0
 1683 0036 0CBF     		ite	eq
 1684 0038 0022     		moveq	r2, #0
 1685 003a 06F00102 		andne	r2, r6, #1
 1686 003e 01A9     		add	r1, sp, #4
 1687 0040 2046     		mov	r0, r4
 1688              	.LVL221:
1475:Libs/mbedtls/library/ecp.c **** 
 1689              		.loc 1 1475 5 is_stmt 0 view .LVU479
 1690 0042 FFF7FEFF 		bl	mbedtls_mpi_safe_cond_assign
 1691              	.LVL222:
 1692 0046 0546     		mov	r5, r0
 1693              	.LVL223:
1475:Libs/mbedtls/library/ecp.c **** 
 1694              		.loc 1 1475 5 is_stmt 1 discriminator 1 view .LVU480
1477:Libs/mbedtls/library/ecp.c ****     mbedtls_mpi_free(&mQY);
 1695              		.loc 1 1477 1 is_stmt 0 view .LVU481
 1696 0048 EAE7     		b	.L77
 1697              		.cfi_endproc
 1698              	.LFE39:
 1700              		.section	.text.ecp_select_comb,"ax",%progbits
 1701              		.align	1
 1702              		.syntax unified
 1703              		.thumb
 1704              		.thumb_func
 1706              	ecp_select_comb:
 1707              	.LVL224:
 1708              	.LFB45:
1999:Libs/mbedtls/library/ecp.c ****     int ret = MBEDTLS_ERR_ERROR_CORRUPTION_DETECTED;
 1709              		.loc 1 1999 1 is_stmt 1 view -0
 1710              		.cfi_startproc
 1711              		@ args = 4, pretend = 0, frame = 8
 1712              		@ frame_needed = 0, uses_anonymous_args = 0
1999:Libs/mbedtls/library/ecp.c ****     int ret = MBEDTLS_ERR_ERROR_CORRUPTION_DETECTED;
 1713              		.loc 1 1999 1 is_stmt 0 view .LVU483
 1714 0000 2DE9F04F 		push	{r4, r5, r6, r7, r8, r9, r10, fp, lr}
 1715              	.LCFI21:
 1716              		.cfi_def_cfa_offset 36
 1717              		.cfi_offset 4, -36
 1718              		.cfi_offset 5, -32
 1719              		.cfi_offset 6, -28
 1720              		.cfi_offset 7, -24
 1721              		.cfi_offset 8, -20
 1722              		.cfi_offset 9, -16
 1723              		.cfi_offset 10, -12
 1724              		.cfi_offset 11, -8
 1725              		.cfi_offset 14, -4
 1726 0004 83B0     		sub	sp, sp, #12
 1727              	.LCFI22:
 1728              		.cfi_def_cfa_offset 48
 1729 0006 0190     		str	r0, [sp, #4]
 1730 0008 0F46     		mov	r7, r1
 1731 000a 9146     		mov	r9, r2
 1732 000c 9846     		mov	r8, r3
ARM GAS  C:\Users\nicx5\AppData\Local\Temp\ccosdxRQ.s 			page 79


 1733 000e 9DF830B0 		ldrb	fp, [sp, #48]	@ zero_extendqisi2
2000:Libs/mbedtls/library/ecp.c ****     unsigned char ii, j;
 1734              		.loc 1 2000 5 is_stmt 1 view .LVU484
 1735              	.LVL225:
2001:Libs/mbedtls/library/ecp.c **** 
 1736              		.loc 1 2001 5 view .LVU485
2004:Libs/mbedtls/library/ecp.c **** 
 1737              		.loc 1 2004 5 view .LVU486
2004:Libs/mbedtls/library/ecp.c **** 
 1738              		.loc 1 2004 8 is_stmt 0 view .LVU487
 1739 0012 CBF3450A 		ubfx	r10, fp, #1, #6
 1740              	.LVL226:
2007:Libs/mbedtls/library/ecp.c ****         MBEDTLS_MPI_CHK(mbedtls_mpi_safe_cond_assign(&R->X, &T[j].X, j == ii));
 1741              		.loc 1 2007 5 is_stmt 1 view .LVU488
2007:Libs/mbedtls/library/ecp.c ****         MBEDTLS_MPI_CHK(mbedtls_mpi_safe_cond_assign(&R->X, &T[j].X, j == ii));
 1742              		.loc 1 2007 12 is_stmt 0 view .LVU489
 1743 0016 0024     		movs	r4, #0
2007:Libs/mbedtls/library/ecp.c ****         MBEDTLS_MPI_CHK(mbedtls_mpi_safe_cond_assign(&R->X, &T[j].X, j == ii));
 1744              		.loc 1 2007 5 view .LVU490
 1745 0018 01E0     		b	.L81
 1746              	.LVL227:
 1747              	.L86:
2009:Libs/mbedtls/library/ecp.c ****     }
 1748              		.loc 1 2009 9 is_stmt 1 discriminator 2 view .LVU491
2007:Libs/mbedtls/library/ecp.c ****         MBEDTLS_MPI_CHK(mbedtls_mpi_safe_cond_assign(&R->X, &T[j].X, j == ii));
 1749              		.loc 1 2007 30 discriminator 2 view .LVU492
 1750 001a 0134     		adds	r4, r4, #1
 1751              	.LVL228:
2007:Libs/mbedtls/library/ecp.c ****         MBEDTLS_MPI_CHK(mbedtls_mpi_safe_cond_assign(&R->X, &T[j].X, j == ii));
 1752              		.loc 1 2007 30 is_stmt 0 discriminator 2 view .LVU493
 1753 001c E4B2     		uxtb	r4, r4
 1754              	.LVL229:
 1755              	.L81:
2007:Libs/mbedtls/library/ecp.c ****         MBEDTLS_MPI_CHK(mbedtls_mpi_safe_cond_assign(&R->X, &T[j].X, j == ii));
 1756              		.loc 1 2007 19 is_stmt 1 discriminator 1 view .LVU494
 1757 001e 4445     		cmp	r4, r8
 1758 0020 19D2     		bcs	.L85
2008:Libs/mbedtls/library/ecp.c ****         MBEDTLS_MPI_CHK(mbedtls_mpi_safe_cond_assign(&R->Y, &T[j].Y, j == ii));
 1759              		.loc 1 2008 9 view .LVU495
2008:Libs/mbedtls/library/ecp.c ****         MBEDTLS_MPI_CHK(mbedtls_mpi_safe_cond_assign(&R->Y, &T[j].Y, j == ii));
 1760              		.loc 1 2008 9 view .LVU496
 1761 0022 04EBC405 		add	r5, r4, r4, lsl #3
 1762 0026 09EB8505 		add	r5, r9, r5, lsl #2
 1763 002a 5445     		cmp	r4, r10
 1764 002c 14BF     		ite	ne
 1765 002e 0026     		movne	r6, #0
 1766 0030 0126     		moveq	r6, #1
 1767 0032 3246     		mov	r2, r6
 1768 0034 2946     		mov	r1, r5
 1769 0036 3846     		mov	r0, r7
 1770 0038 FFF7FEFF 		bl	mbedtls_mpi_safe_cond_assign
 1771              	.LVL230:
2008:Libs/mbedtls/library/ecp.c ****         MBEDTLS_MPI_CHK(mbedtls_mpi_safe_cond_assign(&R->Y, &T[j].Y, j == ii));
 1772              		.loc 1 2008 9 is_stmt 0 discriminator 1 view .LVU497
 1773 003c 0346     		mov	r3, r0
 1774 003e 88B9     		cbnz	r0, .L80
2008:Libs/mbedtls/library/ecp.c ****         MBEDTLS_MPI_CHK(mbedtls_mpi_safe_cond_assign(&R->Y, &T[j].Y, j == ii));
ARM GAS  C:\Users\nicx5\AppData\Local\Temp\ccosdxRQ.s 			page 80


 1775              		.loc 1 2008 9 is_stmt 1 discriminator 2 view .LVU498
2009:Libs/mbedtls/library/ecp.c ****     }
 1776              		.loc 1 2009 9 view .LVU499
2009:Libs/mbedtls/library/ecp.c ****     }
 1777              		.loc 1 2009 9 view .LVU500
 1778 0040 3246     		mov	r2, r6
 1779 0042 05F10C01 		add	r1, r5, #12
 1780 0046 07F10C00 		add	r0, r7, #12
 1781              	.LVL231:
2009:Libs/mbedtls/library/ecp.c ****     }
 1782              		.loc 1 2009 9 is_stmt 0 view .LVU501
 1783 004a FFF7FEFF 		bl	mbedtls_mpi_safe_cond_assign
 1784              	.LVL232:
2009:Libs/mbedtls/library/ecp.c ****     }
 1785              		.loc 1 2009 9 discriminator 1 view .LVU502
 1786 004e 0346     		mov	r3, r0
 1787 0050 0028     		cmp	r0, #0
 1788 0052 E2D0     		beq	.L86
 1789 0054 06E0     		b	.L80
 1790              	.LVL233:
 1791              	.L85:
2013:Libs/mbedtls/library/ecp.c **** 
 1792              		.loc 1 2013 5 is_stmt 1 view .LVU503
2013:Libs/mbedtls/library/ecp.c **** 
 1793              		.loc 1 2013 5 view .LVU504
 1794 0056 4FEADB12 		lsr	r2, fp, #7
 1795 005a 3946     		mov	r1, r7
 1796 005c 0198     		ldr	r0, [sp, #4]
 1797 005e FFF7FEFF 		bl	ecp_safe_invert_jac
 1798              	.LVL234:
 1799 0062 0346     		mov	r3, r0
 1800              	.LVL235:
2013:Libs/mbedtls/library/ecp.c **** 
 1801              		.loc 1 2013 5 discriminator 1 view .LVU505
 1802              	.L82:
2013:Libs/mbedtls/library/ecp.c **** 
 1803              		.loc 1 2013 5 discriminator 3 view .LVU506
2016:Libs/mbedtls/library/ecp.c **** }
 1804              		.loc 1 2016 5 view .LVU507
 1805              	.L80:
2017:Libs/mbedtls/library/ecp.c **** 
 1806              		.loc 1 2017 1 is_stmt 0 view .LVU508
 1807 0064 1846     		mov	r0, r3
 1808              	.LVL236:
2017:Libs/mbedtls/library/ecp.c **** 
 1809              		.loc 1 2017 1 view .LVU509
 1810 0066 03B0     		add	sp, sp, #12
 1811              	.LCFI23:
 1812              		.cfi_def_cfa_offset 36
 1813              		@ sp needed
 1814 0068 BDE8F08F 		pop	{r4, r5, r6, r7, r8, r9, r10, fp, pc}
2017:Libs/mbedtls/library/ecp.c **** 
 1815              		.loc 1 2017 1 view .LVU510
 1816              		.cfi_endproc
 1817              	.LFE45:
 1819              		.section	.text.ecp_comb_recode_core,"ax",%progbits
 1820              		.align	1
ARM GAS  C:\Users\nicx5\AppData\Local\Temp\ccosdxRQ.s 			page 81


 1821              		.syntax unified
 1822              		.thumb
 1823              		.thumb_func
 1825              	ecp_comb_recode_core:
 1826              	.LVL237:
 1827              	.LFB43:
1789:Libs/mbedtls/library/ecp.c ****     size_t i, j;
 1828              		.loc 1 1789 1 is_stmt 1 view -0
 1829              		.cfi_startproc
 1830              		@ args = 0, pretend = 0, frame = 0
 1831              		@ frame_needed = 0, uses_anonymous_args = 0
1789:Libs/mbedtls/library/ecp.c ****     size_t i, j;
 1832              		.loc 1 1789 1 is_stmt 0 view .LVU512
 1833 0000 2DE9F843 		push	{r3, r4, r5, r6, r7, r8, r9, lr}
 1834              	.LCFI24:
 1835              		.cfi_def_cfa_offset 32
 1836              		.cfi_offset 3, -32
 1837              		.cfi_offset 4, -28
 1838              		.cfi_offset 5, -24
 1839              		.cfi_offset 6, -20
 1840              		.cfi_offset 7, -16
 1841              		.cfi_offset 8, -12
 1842              		.cfi_offset 9, -8
 1843              		.cfi_offset 14, -4
 1844 0004 0646     		mov	r6, r0
 1845 0006 0F46     		mov	r7, r1
 1846 0008 9046     		mov	r8, r2
 1847 000a 9946     		mov	r9, r3
1790:Libs/mbedtls/library/ecp.c ****     unsigned char c, cc, adjust;
 1848              		.loc 1 1790 5 is_stmt 1 view .LVU513
1791:Libs/mbedtls/library/ecp.c **** 
 1849              		.loc 1 1791 5 view .LVU514
1793:Libs/mbedtls/library/ecp.c **** 
 1850              		.loc 1 1793 5 view .LVU515
 1851 000c 4A1C     		adds	r2, r1, #1
 1852              	.LVL238:
1793:Libs/mbedtls/library/ecp.c **** 
 1853              		.loc 1 1793 5 is_stmt 0 view .LVU516
 1854 000e 0021     		movs	r1, #0
 1855              	.LVL239:
1793:Libs/mbedtls/library/ecp.c **** 
 1856              		.loc 1 1793 5 view .LVU517
 1857 0010 FFF7FEFF 		bl	memset
 1858              	.LVL240:
1796:Libs/mbedtls/library/ecp.c ****         for (j = 0; j < w; j++) {
 1859              		.loc 1 1796 5 is_stmt 1 view .LVU518
1796:Libs/mbedtls/library/ecp.c ****         for (j = 0; j < w; j++) {
 1860              		.loc 1 1796 12 is_stmt 0 view .LVU519
 1861 0014 0025     		movs	r5, #0
1796:Libs/mbedtls/library/ecp.c ****         for (j = 0; j < w; j++) {
 1862              		.loc 1 1796 5 view .LVU520
 1863 0016 0FE0     		b	.L88
 1864              	.LVL241:
 1865              	.L89:
1798:Libs/mbedtls/library/ecp.c ****         }
 1866              		.loc 1 1798 13 is_stmt 1 view .LVU521
1798:Libs/mbedtls/library/ecp.c ****         }
ARM GAS  C:\Users\nicx5\AppData\Local\Temp\ccosdxRQ.s 			page 82


 1867              		.loc 1 1798 21 is_stmt 0 view .LVU522
 1868 0018 07FB0451 		mla	r1, r7, r4, r5
 1869 001c 4846     		mov	r0, r9
 1870 001e FFF7FEFF 		bl	mbedtls_mpi_get_bit
 1871              	.LVL242:
1798:Libs/mbedtls/library/ecp.c ****         }
 1872              		.loc 1 1798 55 discriminator 1 view .LVU523
 1873 0022 A040     		lsls	r0, r0, r4
1798:Libs/mbedtls/library/ecp.c ****         }
 1874              		.loc 1 1798 14 discriminator 1 view .LVU524
 1875 0024 16F805C0 		ldrb	ip, [r6, r5]	@ zero_extendqisi2
1798:Libs/mbedtls/library/ecp.c ****         }
 1876              		.loc 1 1798 18 discriminator 1 view .LVU525
 1877 0028 4CEA000C 		orr	ip, ip, r0
 1878 002c 06F805C0 		strb	ip, [r6, r5]
1797:Libs/mbedtls/library/ecp.c ****             x[i] |= mbedtls_mpi_get_bit(m, i + d * j) << j;
 1879              		.loc 1 1797 29 is_stmt 1 discriminator 3 view .LVU526
 1880 0030 0134     		adds	r4, r4, #1
 1881              	.LVL243:
 1882              	.L90:
1797:Libs/mbedtls/library/ecp.c ****             x[i] |= mbedtls_mpi_get_bit(m, i + d * j) << j;
 1883              		.loc 1 1797 23 discriminator 1 view .LVU527
 1884 0032 A045     		cmp	r8, r4
 1885 0034 F0D8     		bhi	.L89
1796:Libs/mbedtls/library/ecp.c ****         for (j = 0; j < w; j++) {
 1886              		.loc 1 1796 25 discriminator 2 view .LVU528
 1887 0036 0135     		adds	r5, r5, #1
 1888              	.LVL244:
 1889              	.L88:
1796:Libs/mbedtls/library/ecp.c ****         for (j = 0; j < w; j++) {
 1890              		.loc 1 1796 19 discriminator 1 view .LVU529
 1891 0038 BD42     		cmp	r5, r7
 1892 003a 01D2     		bcs	.L95
1797:Libs/mbedtls/library/ecp.c ****             x[i] |= mbedtls_mpi_get_bit(m, i + d * j) << j;
 1893              		.loc 1 1797 16 is_stmt 0 view .LVU530
 1894 003c 0024     		movs	r4, #0
 1895 003e F8E7     		b	.L90
 1896              	.L95:
1803:Libs/mbedtls/library/ecp.c ****     for (i = 1; i <= d; i++) {
 1897              		.loc 1 1803 7 view .LVU531
 1898 0040 0023     		movs	r3, #0
1804:Libs/mbedtls/library/ecp.c ****         /* Add carry and update it */
 1899              		.loc 1 1804 12 view .LVU532
 1900 0042 0121     		movs	r1, #1
 1901 0044 17E0     		b	.L91
 1902              	.LVL245:
 1903              	.L92:
1806:Libs/mbedtls/library/ecp.c ****         x[i] = x[i] ^ c;
 1904              		.loc 1 1806 9 is_stmt 1 view .LVU533
1806:Libs/mbedtls/library/ecp.c ****         x[i] = x[i] ^ c;
 1905              		.loc 1 1806 17 is_stmt 0 view .LVU534
 1906 0046 725C     		ldrb	r2, [r6, r1]	@ zero_extendqisi2
1806:Libs/mbedtls/library/ecp.c ****         x[i] = x[i] ^ c;
 1907              		.loc 1 1806 14 view .LVU535
 1908 0048 02EA030C 		and	ip, r2, r3
 1909              	.LVL246:
1807:Libs/mbedtls/library/ecp.c ****         c = cc;
ARM GAS  C:\Users\nicx5\AppData\Local\Temp\ccosdxRQ.s 			page 83


 1910              		.loc 1 1807 9 is_stmt 1 view .LVU536
1807:Libs/mbedtls/library/ecp.c ****         c = cc;
 1911              		.loc 1 1807 14 is_stmt 0 view .LVU537
 1912 004c 5A40     		eors	r2, r2, r3
 1913 004e 7254     		strb	r2, [r6, r1]
1808:Libs/mbedtls/library/ecp.c **** 
 1914              		.loc 1 1808 9 is_stmt 1 view .LVU538
 1915              	.LVL247:
1811:Libs/mbedtls/library/ecp.c ****         c   |= x[i] & (x[i-1] * adjust);
 1916              		.loc 1 1811 9 view .LVU539
1811:Libs/mbedtls/library/ecp.c ****         c   |= x[i] & (x[i-1] * adjust);
 1917              		.loc 1 1811 20 is_stmt 0 view .LVU540
 1918 0050 82F00100 		eor	r0, r2, #1
 1919 0054 00F00100 		and	r0, r0, #1
 1920              	.LVL248:
1812:Libs/mbedtls/library/ecp.c ****         x[i] = x[i] ^ (x[i-1] * adjust);
 1921              		.loc 1 1812 9 is_stmt 1 view .LVU541
1812:Libs/mbedtls/library/ecp.c ****         x[i] = x[i] ^ (x[i-1] * adjust);
 1922              		.loc 1 1812 25 is_stmt 0 view .LVU542
 1923 0058 4C1E     		subs	r4, r1, #1
 1924 005a 335D     		ldrb	r3, [r6, r4]	@ zero_extendqisi2
1812:Libs/mbedtls/library/ecp.c ****         x[i] = x[i] ^ (x[i-1] * adjust);
 1925              		.loc 1 1812 31 view .LVU543
 1926 005c 13FB00F3 		smulbb	r3, r3, r0
 1927 0060 DDB2     		uxtb	r5, r3
 1928 0062 1340     		ands	r3, r3, r2
 1929 0064 4CEA0303 		orr	r3, ip, r3
 1930              	.LVL249:
1813:Libs/mbedtls/library/ecp.c ****         x[i-1] |= adjust << 7;
 1931              		.loc 1 1813 9 is_stmt 1 view .LVU544
1813:Libs/mbedtls/library/ecp.c ****         x[i-1] |= adjust << 7;
 1932              		.loc 1 1813 14 is_stmt 0 view .LVU545
 1933 0068 6A40     		eors	r2, r2, r5
 1934 006a 7254     		strb	r2, [r6, r1]
1814:Libs/mbedtls/library/ecp.c ****     }
 1935              		.loc 1 1814 9 is_stmt 1 view .LVU546
1814:Libs/mbedtls/library/ecp.c ****     }
 1936              		.loc 1 1814 10 is_stmt 0 view .LVU547
 1937 006c 325D     		ldrb	r2, [r6, r4]	@ zero_extendqisi2
1814:Libs/mbedtls/library/ecp.c ****     }
 1938              		.loc 1 1814 16 view .LVU548
 1939 006e 42EAC012 		orr	r2, r2, r0, lsl #7
 1940 0072 3255     		strb	r2, [r6, r4]
1804:Libs/mbedtls/library/ecp.c ****         /* Add carry and update it */
 1941              		.loc 1 1804 26 is_stmt 1 discriminator 3 view .LVU549
 1942 0074 0131     		adds	r1, r1, #1
 1943              	.LVL250:
 1944              	.L91:
1804:Libs/mbedtls/library/ecp.c ****         /* Add carry and update it */
 1945              		.loc 1 1804 19 discriminator 1 view .LVU550
 1946 0076 B942     		cmp	r1, r7
 1947 0078 E5D9     		bls	.L92
1816:Libs/mbedtls/library/ecp.c **** 
 1948              		.loc 1 1816 1 is_stmt 0 view .LVU551
 1949 007a BDE8F883 		pop	{r3, r4, r5, r6, r7, r8, r9, pc}
1816:Libs/mbedtls/library/ecp.c **** 
 1950              		.loc 1 1816 1 view .LVU552
ARM GAS  C:\Users\nicx5\AppData\Local\Temp\ccosdxRQ.s 			page 84


 1951              		.cfi_endproc
 1952              	.LFE43:
 1954              		.section	.text.ecp_comb_recode_scalar,"ax",%progbits
 1955              		.align	1
 1956              		.syntax unified
 1957              		.thumb
 1958              		.thumb_func
 1960              	ecp_comb_recode_scalar:
 1961              	.LVL251:
 1962              	.LFB47:
2115:Libs/mbedtls/library/ecp.c ****     int ret = MBEDTLS_ERR_ERROR_CORRUPTION_DETECTED;
 1963              		.loc 1 2115 1 is_stmt 1 view -0
 1964              		.cfi_startproc
 1965              		@ args = 8, pretend = 0, frame = 24
 1966              		@ frame_needed = 0, uses_anonymous_args = 0
2115:Libs/mbedtls/library/ecp.c ****     int ret = MBEDTLS_ERR_ERROR_CORRUPTION_DETECTED;
 1967              		.loc 1 2115 1 is_stmt 0 view .LVU554
 1968 0000 2DE9F043 		push	{r4, r5, r6, r7, r8, r9, lr}
 1969              	.LCFI25:
 1970              		.cfi_def_cfa_offset 28
 1971              		.cfi_offset 4, -28
 1972              		.cfi_offset 5, -24
 1973              		.cfi_offset 6, -20
 1974              		.cfi_offset 7, -16
 1975              		.cfi_offset 8, -12
 1976              		.cfi_offset 9, -8
 1977              		.cfi_offset 14, -4
 1978 0004 87B0     		sub	sp, sp, #28
 1979              	.LCFI26:
 1980              		.cfi_def_cfa_offset 56
 1981 0006 0446     		mov	r4, r0
 1982 0008 0E46     		mov	r6, r1
 1983 000a 1746     		mov	r7, r2
 1984 000c 9846     		mov	r8, r3
 1985 000e 0F9D     		ldr	r5, [sp, #60]
2116:Libs/mbedtls/library/ecp.c ****     mbedtls_mpi M, mm;
 1986              		.loc 1 2116 5 is_stmt 1 view .LVU555
 1987              	.LVL252:
2117:Libs/mbedtls/library/ecp.c **** 
 1988              		.loc 1 2117 5 view .LVU556
2119:Libs/mbedtls/library/ecp.c ****     mbedtls_mpi_init(&mm);
 1989              		.loc 1 2119 5 view .LVU557
 1990 0010 03A8     		add	r0, sp, #12
 1991              	.LVL253:
2119:Libs/mbedtls/library/ecp.c ****     mbedtls_mpi_init(&mm);
 1992              		.loc 1 2119 5 is_stmt 0 view .LVU558
 1993 0012 FFF7FEFF 		bl	mbedtls_mpi_init
 1994              	.LVL254:
2120:Libs/mbedtls/library/ecp.c **** 
 1995              		.loc 1 2120 5 is_stmt 1 view .LVU559
 1996 0016 6846     		mov	r0, sp
 1997 0018 FFF7FEFF 		bl	mbedtls_mpi_init
 1998              	.LVL255:
2123:Libs/mbedtls/library/ecp.c ****         return MBEDTLS_ERR_ECP_BAD_INPUT_DATA;
 1999              		.loc 1 2123 5 view .LVU560
2123:Libs/mbedtls/library/ecp.c ****         return MBEDTLS_ERR_ECP_BAD_INPUT_DATA;
 2000              		.loc 1 2123 9 is_stmt 0 view .LVU561
ARM GAS  C:\Users\nicx5\AppData\Local\Temp\ccosdxRQ.s 			page 85


 2001 001c 4C34     		adds	r4, r4, #76
 2002              	.LVL256:
2123:Libs/mbedtls/library/ecp.c ****         return MBEDTLS_ERR_ECP_BAD_INPUT_DATA;
 2003              		.loc 1 2123 9 view .LVU562
 2004 001e 0021     		movs	r1, #0
 2005 0020 2046     		mov	r0, r4
 2006 0022 FFF7FEFF 		bl	mbedtls_mpi_get_bit
 2007              	.LVL257:
2123:Libs/mbedtls/library/ecp.c ****         return MBEDTLS_ERR_ECP_BAD_INPUT_DATA;
 2008              		.loc 1 2123 8 discriminator 1 view .LVU563
 2009 0026 0128     		cmp	r0, #1
 2010 0028 2FD1     		bne	.L99
2128:Libs/mbedtls/library/ecp.c **** 
 2011              		.loc 1 2128 5 is_stmt 1 view .LVU564
2128:Libs/mbedtls/library/ecp.c **** 
 2012              		.loc 1 2128 22 is_stmt 0 view .LVU565
 2013 002a 0021     		movs	r1, #0
 2014 002c 3046     		mov	r0, r6
 2015 002e FFF7FEFF 		bl	mbedtls_mpi_get_bit
 2016              	.LVL258:
2128:Libs/mbedtls/library/ecp.c **** 
 2017              		.loc 1 2128 48 discriminator 1 view .LVU566
 2018 0032 B0FA80F0 		clz	r0, r0
 2019 0036 4009     		lsrs	r0, r0, #5
2128:Libs/mbedtls/library/ecp.c **** 
 2020              		.loc 1 2128 19 discriminator 1 view .LVU567
 2021 0038 2870     		strb	r0, [r5]
2131:Libs/mbedtls/library/ecp.c ****     MBEDTLS_MPI_CHK(mbedtls_mpi_sub_mpi(&mm, &grp->N, m));
 2022              		.loc 1 2131 5 is_stmt 1 view .LVU568
2131:Libs/mbedtls/library/ecp.c ****     MBEDTLS_MPI_CHK(mbedtls_mpi_sub_mpi(&mm, &grp->N, m));
 2023              		.loc 1 2131 5 view .LVU569
 2024 003a 3146     		mov	r1, r6
 2025 003c 03A8     		add	r0, sp, #12
 2026 003e FFF7FEFF 		bl	mbedtls_mpi_copy
 2027              	.LVL259:
2131:Libs/mbedtls/library/ecp.c ****     MBEDTLS_MPI_CHK(mbedtls_mpi_sub_mpi(&mm, &grp->N, m));
 2028              		.loc 1 2131 5 is_stmt 0 discriminator 1 view .LVU570
 2029 0042 8146     		mov	r9, r0
 2030 0044 48B1     		cbz	r0, .L101
 2031              	.LVL260:
 2032              	.L98:
2139:Libs/mbedtls/library/ecp.c ****     mbedtls_mpi_free(&M);
 2033              		.loc 1 2139 5 is_stmt 1 view .LVU571
 2034 0046 6846     		mov	r0, sp
 2035 0048 FFF7FEFF 		bl	mbedtls_mpi_free
 2036              	.LVL261:
2140:Libs/mbedtls/library/ecp.c **** 
 2037              		.loc 1 2140 5 view .LVU572
 2038 004c 03A8     		add	r0, sp, #12
 2039 004e FFF7FEFF 		bl	mbedtls_mpi_free
 2040              	.LVL262:
2142:Libs/mbedtls/library/ecp.c **** }
 2041              		.loc 1 2142 5 view .LVU573
 2042              	.L96:
2143:Libs/mbedtls/library/ecp.c **** 
 2043              		.loc 1 2143 1 is_stmt 0 view .LVU574
 2044 0052 4846     		mov	r0, r9
ARM GAS  C:\Users\nicx5\AppData\Local\Temp\ccosdxRQ.s 			page 86


 2045 0054 07B0     		add	sp, sp, #28
 2046              	.LCFI27:
 2047              		.cfi_remember_state
 2048              		.cfi_def_cfa_offset 28
 2049              		@ sp needed
 2050 0056 BDE8F083 		pop	{r4, r5, r6, r7, r8, r9, pc}
 2051              	.LVL263:
 2052              	.L101:
 2053              	.LCFI28:
 2054              		.cfi_restore_state
2131:Libs/mbedtls/library/ecp.c ****     MBEDTLS_MPI_CHK(mbedtls_mpi_sub_mpi(&mm, &grp->N, m));
 2055              		.loc 1 2131 5 is_stmt 1 discriminator 2 view .LVU575
2132:Libs/mbedtls/library/ecp.c ****     MBEDTLS_MPI_CHK(mbedtls_mpi_safe_cond_assign(&M, &mm, *parity_trick));
 2056              		.loc 1 2132 5 view .LVU576
2132:Libs/mbedtls/library/ecp.c ****     MBEDTLS_MPI_CHK(mbedtls_mpi_safe_cond_assign(&M, &mm, *parity_trick));
 2057              		.loc 1 2132 5 view .LVU577
 2058 005a 3246     		mov	r2, r6
 2059 005c 2146     		mov	r1, r4
 2060 005e 6846     		mov	r0, sp
 2061              	.LVL264:
2132:Libs/mbedtls/library/ecp.c ****     MBEDTLS_MPI_CHK(mbedtls_mpi_safe_cond_assign(&M, &mm, *parity_trick));
 2062              		.loc 1 2132 5 is_stmt 0 view .LVU578
 2063 0060 FFF7FEFF 		bl	mbedtls_mpi_sub_mpi
 2064              	.LVL265:
2132:Libs/mbedtls/library/ecp.c ****     MBEDTLS_MPI_CHK(mbedtls_mpi_safe_cond_assign(&M, &mm, *parity_trick));
 2065              		.loc 1 2132 5 discriminator 1 view .LVU579
 2066 0064 8146     		mov	r9, r0
 2067 0066 0028     		cmp	r0, #0
 2068 0068 EDD1     		bne	.L98
2132:Libs/mbedtls/library/ecp.c ****     MBEDTLS_MPI_CHK(mbedtls_mpi_safe_cond_assign(&M, &mm, *parity_trick));
 2069              		.loc 1 2132 5 is_stmt 1 discriminator 2 view .LVU580
2133:Libs/mbedtls/library/ecp.c **** 
 2070              		.loc 1 2133 5 view .LVU581
2133:Libs/mbedtls/library/ecp.c **** 
 2071              		.loc 1 2133 5 view .LVU582
 2072 006a 2A78     		ldrb	r2, [r5]	@ zero_extendqisi2
 2073 006c 6946     		mov	r1, sp
 2074 006e 03A8     		add	r0, sp, #12
 2075              	.LVL266:
2133:Libs/mbedtls/library/ecp.c **** 
 2076              		.loc 1 2133 5 is_stmt 0 view .LVU583
 2077 0070 FFF7FEFF 		bl	mbedtls_mpi_safe_cond_assign
 2078              	.LVL267:
2133:Libs/mbedtls/library/ecp.c **** 
 2079              		.loc 1 2133 5 discriminator 1 view .LVU584
 2080 0074 8146     		mov	r9, r0
 2081 0076 0028     		cmp	r0, #0
 2082 0078 E5D1     		bne	.L98
2133:Libs/mbedtls/library/ecp.c **** 
 2083              		.loc 1 2133 5 is_stmt 1 discriminator 2 view .LVU585
2136:Libs/mbedtls/library/ecp.c **** 
 2084              		.loc 1 2136 5 view .LVU586
 2085 007a 03AB     		add	r3, sp, #12
 2086 007c 9DF83820 		ldrb	r2, [sp, #56]	@ zero_extendqisi2
 2087 0080 4146     		mov	r1, r8
 2088 0082 3846     		mov	r0, r7
 2089              	.LVL268:
ARM GAS  C:\Users\nicx5\AppData\Local\Temp\ccosdxRQ.s 			page 87


2136:Libs/mbedtls/library/ecp.c **** 
 2090              		.loc 1 2136 5 is_stmt 0 view .LVU587
 2091 0084 FFF7FEFF 		bl	ecp_comb_recode_core
 2092              	.LVL269:
 2093 0088 DDE7     		b	.L98
 2094              	.LVL270:
 2095              	.L99:
2124:Libs/mbedtls/library/ecp.c ****     }
 2096              		.loc 1 2124 16 view .LVU588
 2097 008a DFF80490 		ldr	r9, .L102
 2098 008e E0E7     		b	.L96
 2099              	.L103:
 2100              		.align	2
 2101              	.L102:
 2102 0090 80B0FFFF 		.word	-20352
 2103              		.cfi_endproc
 2104              	.LFE47:
 2106              		.section	.text.ecp_randomize_jac,"ax",%progbits
 2107              		.align	1
 2108              		.syntax unified
 2109              		.thumb
 2110              		.thumb_func
 2112              	ecp_randomize_jac:
 2113              	.LVL271:
 2114              	.LFB42:
1688:Libs/mbedtls/library/ecp.c **** #if defined(MBEDTLS_ECP_RANDOMIZE_JAC_ALT)
 2115              		.loc 1 1688 1 is_stmt 1 view -0
 2116              		.cfi_startproc
 2117              		@ args = 0, pretend = 0, frame = 24
 2118              		@ frame_needed = 0, uses_anonymous_args = 0
1688:Libs/mbedtls/library/ecp.c **** #if defined(MBEDTLS_ECP_RANDOMIZE_JAC_ALT)
 2119              		.loc 1 1688 1 is_stmt 0 view .LVU590
 2120 0000 F0B5     		push	{r4, r5, r6, r7, lr}
 2121              	.LCFI29:
 2122              		.cfi_def_cfa_offset 20
 2123              		.cfi_offset 4, -20
 2124              		.cfi_offset 5, -16
 2125              		.cfi_offset 6, -12
 2126              		.cfi_offset 7, -8
 2127              		.cfi_offset 14, -4
 2128 0002 89B0     		sub	sp, sp, #36
 2129              	.LCFI30:
 2130              		.cfi_def_cfa_offset 56
 2131 0004 0446     		mov	r4, r0
 2132 0006 0F46     		mov	r7, r1
 2133 0008 1546     		mov	r5, r2
 2134 000a 1E46     		mov	r6, r3
1698:Libs/mbedtls/library/ecp.c ****     mbedtls_mpi l, ll;
 2135              		.loc 1 1698 5 is_stmt 1 view .LVU591
 2136              	.LVL272:
1699:Libs/mbedtls/library/ecp.c **** 
 2137              		.loc 1 1699 5 view .LVU592
1701:Libs/mbedtls/library/ecp.c **** 
 2138              		.loc 1 1701 5 view .LVU593
 2139 000c 05A8     		add	r0, sp, #20
 2140              	.LVL273:
1701:Libs/mbedtls/library/ecp.c **** 
ARM GAS  C:\Users\nicx5\AppData\Local\Temp\ccosdxRQ.s 			page 88


 2141              		.loc 1 1701 5 is_stmt 0 view .LVU594
 2142 000e FFF7FEFF 		bl	mbedtls_mpi_init
 2143              	.LVL274:
1701:Libs/mbedtls/library/ecp.c **** 
 2144              		.loc 1 1701 27 is_stmt 1 discriminator 1 view .LVU595
 2145 0012 02A8     		add	r0, sp, #8
 2146 0014 FFF7FEFF 		bl	mbedtls_mpi_init
 2147              	.LVL275:
1704:Libs/mbedtls/library/ecp.c **** 
 2148              		.loc 1 1704 5 view .LVU596
1704:Libs/mbedtls/library/ecp.c **** 
 2149              		.loc 1 1704 5 view .LVU597
 2150 0018 0096     		str	r6, [sp]
 2151 001a 2B46     		mov	r3, r5
 2152 001c 221D     		adds	r2, r4, #4
 2153 001e 0221     		movs	r1, #2
 2154 0020 05A8     		add	r0, sp, #20
 2155 0022 FFF7FEFF 		bl	mbedtls_mpi_random
 2156              	.LVL276:
1704:Libs/mbedtls/library/ecp.c **** 
 2157              		.loc 1 1704 5 is_stmt 0 discriminator 1 view .LVU598
 2158 0026 0546     		mov	r5, r0
 2159              	.LVL277:
1704:Libs/mbedtls/library/ecp.c **** 
 2160              		.loc 1 1704 5 discriminator 1 view .LVU599
 2161 0028 58B1     		cbz	r0, .L109
 2162              	.L105:
1715:Libs/mbedtls/library/ecp.c **** 
 2163              		.loc 1 1715 5 is_stmt 1 discriminator 3 view .LVU600
1718:Libs/mbedtls/library/ecp.c **** 
 2164              		.loc 1 1718 5 view .LVU601
 2165 002a 05A8     		add	r0, sp, #20
 2166              	.LVL278:
1718:Libs/mbedtls/library/ecp.c **** 
 2167              		.loc 1 1718 5 is_stmt 0 view .LVU602
 2168 002c FFF7FEFF 		bl	mbedtls_mpi_free
 2169              	.LVL279:
1718:Libs/mbedtls/library/ecp.c **** 
 2170              		.loc 1 1718 27 is_stmt 1 discriminator 1 view .LVU603
 2171 0030 02A8     		add	r0, sp, #8
 2172 0032 FFF7FEFF 		bl	mbedtls_mpi_free
 2173              	.LVL280:
1720:Libs/mbedtls/library/ecp.c ****         ret = MBEDTLS_ERR_ECP_RANDOM_FAILED;
 2174              		.loc 1 1720 5 view .LVU604
1720:Libs/mbedtls/library/ecp.c ****         ret = MBEDTLS_ERR_ECP_RANDOM_FAILED;
 2175              		.loc 1 1720 8 is_stmt 0 view .LVU605
 2176 0036 15F10E0F 		cmn	r5, #14
 2177 003a 30D0     		beq	.L110
 2178              	.LVL281:
 2179              	.L104:
1725:Libs/mbedtls/library/ecp.c **** 
 2180              		.loc 1 1725 1 view .LVU606
 2181 003c 2846     		mov	r0, r5
 2182 003e 09B0     		add	sp, sp, #36
 2183              	.LCFI31:
 2184              		.cfi_remember_state
 2185              		.cfi_def_cfa_offset 20
ARM GAS  C:\Users\nicx5\AppData\Local\Temp\ccosdxRQ.s 			page 89


 2186              		@ sp needed
 2187 0040 F0BD     		pop	{r4, r5, r6, r7, pc}
 2188              	.LVL282:
 2189              	.L109:
 2190              	.LCFI32:
 2191              		.cfi_restore_state
1704:Libs/mbedtls/library/ecp.c **** 
 2192              		.loc 1 1704 5 is_stmt 1 discriminator 2 view .LVU607
1707:Libs/mbedtls/library/ecp.c **** 
 2193              		.loc 1 1707 5 view .LVU608
1707:Libs/mbedtls/library/ecp.c **** 
 2194              		.loc 1 1707 5 view .LVU609
 2195 0042 07F11801 		add	r1, r7, #24
 2196 0046 05AB     		add	r3, sp, #20
 2197 0048 0A46     		mov	r2, r1
 2198 004a 2046     		mov	r0, r4
 2199              	.LVL283:
1707:Libs/mbedtls/library/ecp.c **** 
 2200              		.loc 1 1707 5 is_stmt 0 view .LVU610
 2201 004c FFF7FEFF 		bl	mbedtls_mpi_mul_mod
 2202              	.LVL284:
1707:Libs/mbedtls/library/ecp.c **** 
 2203              		.loc 1 1707 5 discriminator 1 view .LVU611
 2204 0050 0546     		mov	r5, r0
 2205 0052 0028     		cmp	r0, #0
 2206 0054 E9D1     		bne	.L105
1707:Libs/mbedtls/library/ecp.c **** 
 2207              		.loc 1 1707 5 is_stmt 1 discriminator 2 view .LVU612
1710:Libs/mbedtls/library/ecp.c ****     MBEDTLS_MPI_CHK(mbedtls_mpi_mul_mod(grp, &pt->X,   &pt->X,     &ll));
 2208              		.loc 1 1710 5 view .LVU613
1710:Libs/mbedtls/library/ecp.c ****     MBEDTLS_MPI_CHK(mbedtls_mpi_mul_mod(grp, &pt->X,   &pt->X,     &ll));
 2209              		.loc 1 1710 5 view .LVU614
 2210 0056 05AB     		add	r3, sp, #20
 2211 0058 1A46     		mov	r2, r3
 2212 005a 02A9     		add	r1, sp, #8
 2213 005c 2046     		mov	r0, r4
 2214              	.LVL285:
1710:Libs/mbedtls/library/ecp.c ****     MBEDTLS_MPI_CHK(mbedtls_mpi_mul_mod(grp, &pt->X,   &pt->X,     &ll));
 2215              		.loc 1 1710 5 is_stmt 0 view .LVU615
 2216 005e FFF7FEFF 		bl	mbedtls_mpi_mul_mod
 2217              	.LVL286:
1710:Libs/mbedtls/library/ecp.c ****     MBEDTLS_MPI_CHK(mbedtls_mpi_mul_mod(grp, &pt->X,   &pt->X,     &ll));
 2218              		.loc 1 1710 5 discriminator 1 view .LVU616
 2219 0062 0546     		mov	r5, r0
 2220 0064 0028     		cmp	r0, #0
 2221 0066 E0D1     		bne	.L105
1710:Libs/mbedtls/library/ecp.c ****     MBEDTLS_MPI_CHK(mbedtls_mpi_mul_mod(grp, &pt->X,   &pt->X,     &ll));
 2222              		.loc 1 1710 5 is_stmt 1 discriminator 2 view .LVU617
1711:Libs/mbedtls/library/ecp.c **** 
 2223              		.loc 1 1711 5 view .LVU618
1711:Libs/mbedtls/library/ecp.c **** 
 2224              		.loc 1 1711 5 view .LVU619
 2225 0068 02AB     		add	r3, sp, #8
 2226 006a 3A46     		mov	r2, r7
 2227 006c 3946     		mov	r1, r7
 2228 006e 2046     		mov	r0, r4
 2229              	.LVL287:
ARM GAS  C:\Users\nicx5\AppData\Local\Temp\ccosdxRQ.s 			page 90


1711:Libs/mbedtls/library/ecp.c **** 
 2230              		.loc 1 1711 5 is_stmt 0 view .LVU620
 2231 0070 FFF7FEFF 		bl	mbedtls_mpi_mul_mod
 2232              	.LVL288:
1711:Libs/mbedtls/library/ecp.c **** 
 2233              		.loc 1 1711 5 discriminator 1 view .LVU621
 2234 0074 0546     		mov	r5, r0
 2235 0076 0028     		cmp	r0, #0
 2236 0078 D7D1     		bne	.L105
1711:Libs/mbedtls/library/ecp.c **** 
 2237              		.loc 1 1711 5 is_stmt 1 discriminator 2 view .LVU622
1714:Libs/mbedtls/library/ecp.c ****     MBEDTLS_MPI_CHK(mbedtls_mpi_mul_mod(grp, &pt->Y,   &pt->Y,     &ll));
 2238              		.loc 1 1714 5 view .LVU623
1714:Libs/mbedtls/library/ecp.c ****     MBEDTLS_MPI_CHK(mbedtls_mpi_mul_mod(grp, &pt->Y,   &pt->Y,     &ll));
 2239              		.loc 1 1714 5 view .LVU624
 2240 007a 05AB     		add	r3, sp, #20
 2241 007c 02AA     		add	r2, sp, #8
 2242 007e 1146     		mov	r1, r2
 2243 0080 2046     		mov	r0, r4
 2244              	.LVL289:
1714:Libs/mbedtls/library/ecp.c ****     MBEDTLS_MPI_CHK(mbedtls_mpi_mul_mod(grp, &pt->Y,   &pt->Y,     &ll));
 2245              		.loc 1 1714 5 is_stmt 0 view .LVU625
 2246 0082 FFF7FEFF 		bl	mbedtls_mpi_mul_mod
 2247              	.LVL290:
1714:Libs/mbedtls/library/ecp.c ****     MBEDTLS_MPI_CHK(mbedtls_mpi_mul_mod(grp, &pt->Y,   &pt->Y,     &ll));
 2248              		.loc 1 1714 5 discriminator 1 view .LVU626
 2249 0086 0546     		mov	r5, r0
 2250 0088 0028     		cmp	r0, #0
 2251 008a CED1     		bne	.L105
1714:Libs/mbedtls/library/ecp.c ****     MBEDTLS_MPI_CHK(mbedtls_mpi_mul_mod(grp, &pt->Y,   &pt->Y,     &ll));
 2252              		.loc 1 1714 5 is_stmt 1 discriminator 2 view .LVU627
1715:Libs/mbedtls/library/ecp.c **** 
 2253              		.loc 1 1715 5 view .LVU628
1715:Libs/mbedtls/library/ecp.c **** 
 2254              		.loc 1 1715 5 view .LVU629
 2255 008c 07F10C01 		add	r1, r7, #12
 2256 0090 02AB     		add	r3, sp, #8
 2257 0092 0A46     		mov	r2, r1
 2258 0094 2046     		mov	r0, r4
 2259              	.LVL291:
1715:Libs/mbedtls/library/ecp.c **** 
 2260              		.loc 1 1715 5 is_stmt 0 view .LVU630
 2261 0096 FFF7FEFF 		bl	mbedtls_mpi_mul_mod
 2262              	.LVL292:
 2263 009a 0546     		mov	r5, r0
 2264              	.LVL293:
1715:Libs/mbedtls/library/ecp.c **** 
 2265              		.loc 1 1715 5 is_stmt 1 discriminator 1 view .LVU631
1717:Libs/mbedtls/library/ecp.c ****     mbedtls_mpi_free(&l); mbedtls_mpi_free(&ll);
 2266              		.loc 1 1717 1 is_stmt 0 view .LVU632
 2267 009c C5E7     		b	.L105
 2268              	.LVL294:
 2269              	.L110:
1721:Libs/mbedtls/library/ecp.c ****     }
 2270              		.loc 1 1721 13 view .LVU633
 2271 009e 014D     		ldr	r5, .L111
 2272              	.LVL295:
ARM GAS  C:\Users\nicx5\AppData\Local\Temp\ccosdxRQ.s 			page 91


1723:Libs/mbedtls/library/ecp.c **** #endif /* !defined(MBEDTLS_ECP_NO_FALLBACK) || !defined(MBEDTLS_ECP_RANDOMIZE_JAC_ALT) */
 2273              		.loc 1 1723 5 is_stmt 1 view .LVU634
1723:Libs/mbedtls/library/ecp.c **** #endif /* !defined(MBEDTLS_ECP_NO_FALLBACK) || !defined(MBEDTLS_ECP_RANDOMIZE_JAC_ALT) */
 2274              		.loc 1 1723 12 is_stmt 0 view .LVU635
 2275 00a0 CCE7     		b	.L104
 2276              	.L112:
 2277 00a2 00BF     		.align	2
 2278              	.L111:
 2279 00a4 00B3FFFF 		.word	-19712
 2280              		.cfi_endproc
 2281              	.LFE42:
 2283              		.section	.text.mbedtls_ecp_gen_privkey_sw,"ax",%progbits
 2284              		.align	1
 2285              		.syntax unified
 2286              		.thumb
 2287              		.thumb_func
 2289              	mbedtls_ecp_gen_privkey_sw:
 2290              	.LVL296:
 2291              	.LFB59:
2264:Libs/mbedtls/library/ecp.c **** 
2265:Libs/mbedtls/library/ecp.c **** /*
2266:Libs/mbedtls/library/ecp.c ****  * Multiplication using the comb method - for curves in short Weierstrass form
2267:Libs/mbedtls/library/ecp.c ****  *
2268:Libs/mbedtls/library/ecp.c ****  * This function is mainly responsible for administrative work:
2269:Libs/mbedtls/library/ecp.c ****  * - managing the restart context if enabled
2270:Libs/mbedtls/library/ecp.c ****  * - managing the table of precomputed points (passed between the below two
2271:Libs/mbedtls/library/ecp.c ****  *   functions): allocation, computation, ownership transfer, freeing.
2272:Libs/mbedtls/library/ecp.c ****  *
2273:Libs/mbedtls/library/ecp.c ****  * It delegates the actual arithmetic work to:
2274:Libs/mbedtls/library/ecp.c ****  *      ecp_precompute_comb() and ecp_mul_comb_with_precomp()
2275:Libs/mbedtls/library/ecp.c ****  *
2276:Libs/mbedtls/library/ecp.c ****  * See comments on ecp_comb_recode_core() regarding the computation strategy.
2277:Libs/mbedtls/library/ecp.c ****  */
2278:Libs/mbedtls/library/ecp.c **** static int ecp_mul_comb(mbedtls_ecp_group *grp, mbedtls_ecp_point *R,
2279:Libs/mbedtls/library/ecp.c ****                         const mbedtls_mpi *m, const mbedtls_ecp_point *P,
2280:Libs/mbedtls/library/ecp.c ****                         int (*f_rng)(void *, unsigned char *, size_t),
2281:Libs/mbedtls/library/ecp.c ****                         void *p_rng,
2282:Libs/mbedtls/library/ecp.c ****                         mbedtls_ecp_restart_ctx *rs_ctx)
2283:Libs/mbedtls/library/ecp.c **** {
2284:Libs/mbedtls/library/ecp.c ****     int ret = MBEDTLS_ERR_ERROR_CORRUPTION_DETECTED;
2285:Libs/mbedtls/library/ecp.c ****     unsigned char w, p_eq_g, i;
2286:Libs/mbedtls/library/ecp.c ****     size_t d;
2287:Libs/mbedtls/library/ecp.c ****     unsigned char T_size = 0, T_ok = 0;
2288:Libs/mbedtls/library/ecp.c ****     mbedtls_ecp_point *T = NULL;
2289:Libs/mbedtls/library/ecp.c **** #if !defined(MBEDTLS_ECP_NO_INTERNAL_RNG)
2290:Libs/mbedtls/library/ecp.c ****     ecp_drbg_context drbg_ctx;
2291:Libs/mbedtls/library/ecp.c **** 
2292:Libs/mbedtls/library/ecp.c ****     ecp_drbg_init(&drbg_ctx);
2293:Libs/mbedtls/library/ecp.c **** #endif
2294:Libs/mbedtls/library/ecp.c **** 
2295:Libs/mbedtls/library/ecp.c ****     ECP_RS_ENTER(rsm);
2296:Libs/mbedtls/library/ecp.c **** 
2297:Libs/mbedtls/library/ecp.c **** #if !defined(MBEDTLS_ECP_NO_INTERNAL_RNG)
2298:Libs/mbedtls/library/ecp.c ****     if (f_rng == NULL) {
2299:Libs/mbedtls/library/ecp.c ****         /* Adjust pointers */
2300:Libs/mbedtls/library/ecp.c ****         f_rng = &ecp_drbg_random;
2301:Libs/mbedtls/library/ecp.c **** #if defined(MBEDTLS_ECP_RESTARTABLE)
ARM GAS  C:\Users\nicx5\AppData\Local\Temp\ccosdxRQ.s 			page 92


2302:Libs/mbedtls/library/ecp.c ****         if (rs_ctx != NULL && rs_ctx->rsm != NULL) {
2303:Libs/mbedtls/library/ecp.c ****             p_rng = &rs_ctx->rsm->drbg_ctx;
2304:Libs/mbedtls/library/ecp.c ****         } else
2305:Libs/mbedtls/library/ecp.c **** #endif
2306:Libs/mbedtls/library/ecp.c ****         p_rng = &drbg_ctx;
2307:Libs/mbedtls/library/ecp.c **** 
2308:Libs/mbedtls/library/ecp.c ****         /* Initialize internal DRBG if necessary */
2309:Libs/mbedtls/library/ecp.c **** #if defined(MBEDTLS_ECP_RESTARTABLE)
2310:Libs/mbedtls/library/ecp.c ****         if (rs_ctx == NULL || rs_ctx->rsm == NULL ||
2311:Libs/mbedtls/library/ecp.c ****             rs_ctx->rsm->drbg_seeded == 0)
2312:Libs/mbedtls/library/ecp.c **** #endif
2313:Libs/mbedtls/library/ecp.c ****         {
2314:Libs/mbedtls/library/ecp.c ****             const size_t m_len = (grp->nbits + 7) / 8;
2315:Libs/mbedtls/library/ecp.c ****             MBEDTLS_MPI_CHK(ecp_drbg_seed(p_rng, m, m_len));
2316:Libs/mbedtls/library/ecp.c ****         }
2317:Libs/mbedtls/library/ecp.c **** #if defined(MBEDTLS_ECP_RESTARTABLE)
2318:Libs/mbedtls/library/ecp.c ****         if (rs_ctx != NULL && rs_ctx->rsm != NULL) {
2319:Libs/mbedtls/library/ecp.c ****             rs_ctx->rsm->drbg_seeded = 1;
2320:Libs/mbedtls/library/ecp.c ****         }
2321:Libs/mbedtls/library/ecp.c **** #endif
2322:Libs/mbedtls/library/ecp.c ****     }
2323:Libs/mbedtls/library/ecp.c **** #endif /* !MBEDTLS_ECP_NO_INTERNAL_RNG */
2324:Libs/mbedtls/library/ecp.c **** 
2325:Libs/mbedtls/library/ecp.c ****     /* Is P the base point ? */
2326:Libs/mbedtls/library/ecp.c **** #if MBEDTLS_ECP_FIXED_POINT_OPTIM == 1
2327:Libs/mbedtls/library/ecp.c ****     p_eq_g = (mbedtls_mpi_cmp_mpi(&P->Y, &grp->G.Y) == 0 &&
2328:Libs/mbedtls/library/ecp.c ****               mbedtls_mpi_cmp_mpi(&P->X, &grp->G.X) == 0);
2329:Libs/mbedtls/library/ecp.c **** #else
2330:Libs/mbedtls/library/ecp.c ****     p_eq_g = 0;
2331:Libs/mbedtls/library/ecp.c **** #endif
2332:Libs/mbedtls/library/ecp.c **** 
2333:Libs/mbedtls/library/ecp.c ****     /* Pick window size and deduce related sizes */
2334:Libs/mbedtls/library/ecp.c ****     w = ecp_pick_window_size(grp, p_eq_g);
2335:Libs/mbedtls/library/ecp.c ****     T_size = 1U << (w - 1);
2336:Libs/mbedtls/library/ecp.c ****     d = (grp->nbits + w - 1) / w;
2337:Libs/mbedtls/library/ecp.c **** 
2338:Libs/mbedtls/library/ecp.c ****     /* Pre-computed table: do we have it already for the base point? */
2339:Libs/mbedtls/library/ecp.c ****     if (p_eq_g && grp->T != NULL) {
2340:Libs/mbedtls/library/ecp.c ****         /* second pointer to the same table, will be deleted on exit */
2341:Libs/mbedtls/library/ecp.c ****         T = grp->T;
2342:Libs/mbedtls/library/ecp.c ****         T_ok = 1;
2343:Libs/mbedtls/library/ecp.c ****     } else
2344:Libs/mbedtls/library/ecp.c **** #if defined(MBEDTLS_ECP_RESTARTABLE)
2345:Libs/mbedtls/library/ecp.c ****     /* Pre-computed table: do we have one in progress? complete? */
2346:Libs/mbedtls/library/ecp.c ****     if (rs_ctx != NULL && rs_ctx->rsm != NULL && rs_ctx->rsm->T != NULL) {
2347:Libs/mbedtls/library/ecp.c ****         /* transfer ownership of T from rsm to local function */
2348:Libs/mbedtls/library/ecp.c ****         T = rs_ctx->rsm->T;
2349:Libs/mbedtls/library/ecp.c ****         rs_ctx->rsm->T = NULL;
2350:Libs/mbedtls/library/ecp.c ****         rs_ctx->rsm->T_size = 0;
2351:Libs/mbedtls/library/ecp.c **** 
2352:Libs/mbedtls/library/ecp.c ****         /* This effectively jumps to the call to mul_comb_after_precomp() */
2353:Libs/mbedtls/library/ecp.c ****         T_ok = rs_ctx->rsm->state >= ecp_rsm_comb_core;
2354:Libs/mbedtls/library/ecp.c ****     } else
2355:Libs/mbedtls/library/ecp.c **** #endif
2356:Libs/mbedtls/library/ecp.c ****     /* Allocate table if we didn't have any */
2357:Libs/mbedtls/library/ecp.c ****     {
2358:Libs/mbedtls/library/ecp.c ****         T = mbedtls_calloc(T_size, sizeof(mbedtls_ecp_point));
ARM GAS  C:\Users\nicx5\AppData\Local\Temp\ccosdxRQ.s 			page 93


2359:Libs/mbedtls/library/ecp.c ****         if (T == NULL) {
2360:Libs/mbedtls/library/ecp.c ****             ret = MBEDTLS_ERR_ECP_ALLOC_FAILED;
2361:Libs/mbedtls/library/ecp.c ****             goto cleanup;
2362:Libs/mbedtls/library/ecp.c ****         }
2363:Libs/mbedtls/library/ecp.c **** 
2364:Libs/mbedtls/library/ecp.c ****         for (i = 0; i < T_size; i++) {
2365:Libs/mbedtls/library/ecp.c ****             mbedtls_ecp_point_init(&T[i]);
2366:Libs/mbedtls/library/ecp.c ****         }
2367:Libs/mbedtls/library/ecp.c **** 
2368:Libs/mbedtls/library/ecp.c ****         T_ok = 0;
2369:Libs/mbedtls/library/ecp.c ****     }
2370:Libs/mbedtls/library/ecp.c **** 
2371:Libs/mbedtls/library/ecp.c ****     /* Compute table (or finish computing it) if not done already */
2372:Libs/mbedtls/library/ecp.c ****     if (!T_ok) {
2373:Libs/mbedtls/library/ecp.c ****         MBEDTLS_MPI_CHK(ecp_precompute_comb(grp, T, P, w, d, rs_ctx));
2374:Libs/mbedtls/library/ecp.c **** 
2375:Libs/mbedtls/library/ecp.c ****         if (p_eq_g) {
2376:Libs/mbedtls/library/ecp.c ****             /* almost transfer ownership of T to the group, but keep a copy of
2377:Libs/mbedtls/library/ecp.c ****              * the pointer to use for calling the next function more easily */
2378:Libs/mbedtls/library/ecp.c ****             grp->T = T;
2379:Libs/mbedtls/library/ecp.c ****             grp->T_size = T_size;
2380:Libs/mbedtls/library/ecp.c ****         }
2381:Libs/mbedtls/library/ecp.c ****     }
2382:Libs/mbedtls/library/ecp.c **** 
2383:Libs/mbedtls/library/ecp.c ****     /* Actual comb multiplication using precomputed points */
2384:Libs/mbedtls/library/ecp.c ****     MBEDTLS_MPI_CHK(ecp_mul_comb_after_precomp(grp, R, m,
2385:Libs/mbedtls/library/ecp.c ****                                                T, T_size, w, d,
2386:Libs/mbedtls/library/ecp.c ****                                                f_rng, p_rng, rs_ctx));
2387:Libs/mbedtls/library/ecp.c **** 
2388:Libs/mbedtls/library/ecp.c **** cleanup:
2389:Libs/mbedtls/library/ecp.c **** 
2390:Libs/mbedtls/library/ecp.c **** #if !defined(MBEDTLS_ECP_NO_INTERNAL_RNG)
2391:Libs/mbedtls/library/ecp.c ****     ecp_drbg_free(&drbg_ctx);
2392:Libs/mbedtls/library/ecp.c **** #endif
2393:Libs/mbedtls/library/ecp.c **** 
2394:Libs/mbedtls/library/ecp.c ****     /* does T belong to the group? */
2395:Libs/mbedtls/library/ecp.c ****     if (T == grp->T) {
2396:Libs/mbedtls/library/ecp.c ****         T = NULL;
2397:Libs/mbedtls/library/ecp.c ****     }
2398:Libs/mbedtls/library/ecp.c **** 
2399:Libs/mbedtls/library/ecp.c ****     /* does T belong to the restart context? */
2400:Libs/mbedtls/library/ecp.c **** #if defined(MBEDTLS_ECP_RESTARTABLE)
2401:Libs/mbedtls/library/ecp.c ****     if (rs_ctx != NULL && rs_ctx->rsm != NULL && ret == MBEDTLS_ERR_ECP_IN_PROGRESS && T != NULL) {
2402:Libs/mbedtls/library/ecp.c ****         /* transfer ownership of T from local function to rsm */
2403:Libs/mbedtls/library/ecp.c ****         rs_ctx->rsm->T_size = T_size;
2404:Libs/mbedtls/library/ecp.c ****         rs_ctx->rsm->T = T;
2405:Libs/mbedtls/library/ecp.c ****         T = NULL;
2406:Libs/mbedtls/library/ecp.c ****     }
2407:Libs/mbedtls/library/ecp.c **** #endif
2408:Libs/mbedtls/library/ecp.c **** 
2409:Libs/mbedtls/library/ecp.c ****     /* did T belong to us? then let's destroy it! */
2410:Libs/mbedtls/library/ecp.c ****     if (T != NULL) {
2411:Libs/mbedtls/library/ecp.c ****         for (i = 0; i < T_size; i++) {
2412:Libs/mbedtls/library/ecp.c ****             mbedtls_ecp_point_free(&T[i]);
2413:Libs/mbedtls/library/ecp.c ****         }
2414:Libs/mbedtls/library/ecp.c ****         mbedtls_free(T);
2415:Libs/mbedtls/library/ecp.c ****     }
ARM GAS  C:\Users\nicx5\AppData\Local\Temp\ccosdxRQ.s 			page 94


2416:Libs/mbedtls/library/ecp.c **** 
2417:Libs/mbedtls/library/ecp.c ****     /* prevent caller from using invalid value */
2418:Libs/mbedtls/library/ecp.c ****     int should_free_R = (ret != 0);
2419:Libs/mbedtls/library/ecp.c **** #if defined(MBEDTLS_ECP_RESTARTABLE)
2420:Libs/mbedtls/library/ecp.c ****     /* don't free R while in progress in case R == P */
2421:Libs/mbedtls/library/ecp.c ****     if (ret == MBEDTLS_ERR_ECP_IN_PROGRESS) {
2422:Libs/mbedtls/library/ecp.c ****         should_free_R = 0;
2423:Libs/mbedtls/library/ecp.c ****     }
2424:Libs/mbedtls/library/ecp.c **** #endif
2425:Libs/mbedtls/library/ecp.c ****     if (should_free_R) {
2426:Libs/mbedtls/library/ecp.c ****         mbedtls_ecp_point_free(R);
2427:Libs/mbedtls/library/ecp.c ****     }
2428:Libs/mbedtls/library/ecp.c **** 
2429:Libs/mbedtls/library/ecp.c ****     ECP_RS_LEAVE(rsm);
2430:Libs/mbedtls/library/ecp.c **** 
2431:Libs/mbedtls/library/ecp.c ****     return ret;
2432:Libs/mbedtls/library/ecp.c **** }
2433:Libs/mbedtls/library/ecp.c **** 
2434:Libs/mbedtls/library/ecp.c **** #endif /* MBEDTLS_ECP_SHORT_WEIERSTRASS_ENABLED */
2435:Libs/mbedtls/library/ecp.c **** 
2436:Libs/mbedtls/library/ecp.c **** #if defined(MBEDTLS_ECP_MONTGOMERY_ENABLED)
2437:Libs/mbedtls/library/ecp.c **** /*
2438:Libs/mbedtls/library/ecp.c ****  * For Montgomery curves, we do all the internal arithmetic in projective
2439:Libs/mbedtls/library/ecp.c ****  * coordinates. Import/export of points uses only the x coordinates, which is
2440:Libs/mbedtls/library/ecp.c ****  * internally represented as X / Z.
2441:Libs/mbedtls/library/ecp.c ****  *
2442:Libs/mbedtls/library/ecp.c ****  * For scalar multiplication, we'll use a Montgomery ladder.
2443:Libs/mbedtls/library/ecp.c ****  */
2444:Libs/mbedtls/library/ecp.c **** 
2445:Libs/mbedtls/library/ecp.c **** /*
2446:Libs/mbedtls/library/ecp.c ****  * Normalize Montgomery x/z coordinates: X = X/Z, Z = 1
2447:Libs/mbedtls/library/ecp.c ****  * Cost: 1M + 1I
2448:Libs/mbedtls/library/ecp.c ****  */
2449:Libs/mbedtls/library/ecp.c **** static int ecp_normalize_mxz(const mbedtls_ecp_group *grp, mbedtls_ecp_point *P)
2450:Libs/mbedtls/library/ecp.c **** {
2451:Libs/mbedtls/library/ecp.c **** #if defined(MBEDTLS_ECP_NORMALIZE_MXZ_ALT)
2452:Libs/mbedtls/library/ecp.c ****     if (mbedtls_internal_ecp_grp_capable(grp)) {
2453:Libs/mbedtls/library/ecp.c ****         return mbedtls_internal_ecp_normalize_mxz(grp, P);
2454:Libs/mbedtls/library/ecp.c ****     }
2455:Libs/mbedtls/library/ecp.c **** #endif /* MBEDTLS_ECP_NORMALIZE_MXZ_ALT */
2456:Libs/mbedtls/library/ecp.c **** 
2457:Libs/mbedtls/library/ecp.c **** #if defined(MBEDTLS_ECP_NO_FALLBACK) && defined(MBEDTLS_ECP_NORMALIZE_MXZ_ALT)
2458:Libs/mbedtls/library/ecp.c ****     return MBEDTLS_ERR_ECP_FEATURE_UNAVAILABLE;
2459:Libs/mbedtls/library/ecp.c **** #else
2460:Libs/mbedtls/library/ecp.c ****     int ret = MBEDTLS_ERR_ERROR_CORRUPTION_DETECTED;
2461:Libs/mbedtls/library/ecp.c ****     MBEDTLS_MPI_CHK(mbedtls_mpi_inv_mod(&P->Z, &P->Z, &grp->P));
2462:Libs/mbedtls/library/ecp.c ****     MBEDTLS_MPI_CHK(mbedtls_mpi_mul_mod(grp, &P->X, &P->X, &P->Z));
2463:Libs/mbedtls/library/ecp.c ****     MBEDTLS_MPI_CHK(mbedtls_mpi_lset(&P->Z, 1));
2464:Libs/mbedtls/library/ecp.c **** 
2465:Libs/mbedtls/library/ecp.c **** cleanup:
2466:Libs/mbedtls/library/ecp.c ****     return ret;
2467:Libs/mbedtls/library/ecp.c **** #endif /* !defined(MBEDTLS_ECP_NO_FALLBACK) || !defined(MBEDTLS_ECP_NORMALIZE_MXZ_ALT) */
2468:Libs/mbedtls/library/ecp.c **** }
2469:Libs/mbedtls/library/ecp.c **** 
2470:Libs/mbedtls/library/ecp.c **** /*
2471:Libs/mbedtls/library/ecp.c ****  * Randomize projective x/z coordinates:
2472:Libs/mbedtls/library/ecp.c ****  * (X, Z) -> (l X, l Z) for random l
ARM GAS  C:\Users\nicx5\AppData\Local\Temp\ccosdxRQ.s 			page 95


2473:Libs/mbedtls/library/ecp.c ****  * This is sort of the reverse operation of ecp_normalize_mxz().
2474:Libs/mbedtls/library/ecp.c ****  *
2475:Libs/mbedtls/library/ecp.c ****  * This countermeasure was first suggested in [2].
2476:Libs/mbedtls/library/ecp.c ****  * Cost: 2M
2477:Libs/mbedtls/library/ecp.c ****  */
2478:Libs/mbedtls/library/ecp.c **** static int ecp_randomize_mxz(const mbedtls_ecp_group *grp, mbedtls_ecp_point *P,
2479:Libs/mbedtls/library/ecp.c ****                              int (*f_rng)(void *, unsigned char *, size_t), void *p_rng)
2480:Libs/mbedtls/library/ecp.c **** {
2481:Libs/mbedtls/library/ecp.c **** #if defined(MBEDTLS_ECP_RANDOMIZE_MXZ_ALT)
2482:Libs/mbedtls/library/ecp.c ****     if (mbedtls_internal_ecp_grp_capable(grp)) {
2483:Libs/mbedtls/library/ecp.c ****         return mbedtls_internal_ecp_randomize_mxz(grp, P, f_rng, p_rng);
2484:Libs/mbedtls/library/ecp.c ****     }
2485:Libs/mbedtls/library/ecp.c **** #endif /* MBEDTLS_ECP_RANDOMIZE_MXZ_ALT */
2486:Libs/mbedtls/library/ecp.c **** 
2487:Libs/mbedtls/library/ecp.c **** #if defined(MBEDTLS_ECP_NO_FALLBACK) && defined(MBEDTLS_ECP_RANDOMIZE_MXZ_ALT)
2488:Libs/mbedtls/library/ecp.c ****     return MBEDTLS_ERR_ECP_FEATURE_UNAVAILABLE;
2489:Libs/mbedtls/library/ecp.c **** #else
2490:Libs/mbedtls/library/ecp.c ****     int ret = MBEDTLS_ERR_ERROR_CORRUPTION_DETECTED;
2491:Libs/mbedtls/library/ecp.c ****     mbedtls_mpi l;
2492:Libs/mbedtls/library/ecp.c ****     mbedtls_mpi_init(&l);
2493:Libs/mbedtls/library/ecp.c **** 
2494:Libs/mbedtls/library/ecp.c ****     /* Generate l such that 1 < l < p */
2495:Libs/mbedtls/library/ecp.c ****     MBEDTLS_MPI_CHK(mbedtls_mpi_random(&l, 2, &grp->P, f_rng, p_rng));
2496:Libs/mbedtls/library/ecp.c **** 
2497:Libs/mbedtls/library/ecp.c ****     MBEDTLS_MPI_CHK(mbedtls_mpi_mul_mod(grp, &P->X, &P->X, &l));
2498:Libs/mbedtls/library/ecp.c ****     MBEDTLS_MPI_CHK(mbedtls_mpi_mul_mod(grp, &P->Z, &P->Z, &l));
2499:Libs/mbedtls/library/ecp.c **** 
2500:Libs/mbedtls/library/ecp.c **** cleanup:
2501:Libs/mbedtls/library/ecp.c ****     mbedtls_mpi_free(&l);
2502:Libs/mbedtls/library/ecp.c **** 
2503:Libs/mbedtls/library/ecp.c ****     if (ret == MBEDTLS_ERR_MPI_NOT_ACCEPTABLE) {
2504:Libs/mbedtls/library/ecp.c ****         ret = MBEDTLS_ERR_ECP_RANDOM_FAILED;
2505:Libs/mbedtls/library/ecp.c ****     }
2506:Libs/mbedtls/library/ecp.c ****     return ret;
2507:Libs/mbedtls/library/ecp.c **** #endif /* !defined(MBEDTLS_ECP_NO_FALLBACK) || !defined(MBEDTLS_ECP_RANDOMIZE_MXZ_ALT) */
2508:Libs/mbedtls/library/ecp.c **** }
2509:Libs/mbedtls/library/ecp.c **** 
2510:Libs/mbedtls/library/ecp.c **** /*
2511:Libs/mbedtls/library/ecp.c ****  * Double-and-add: R = 2P, S = P + Q, with d = X(P - Q),
2512:Libs/mbedtls/library/ecp.c ****  * for Montgomery curves in x/z coordinates.
2513:Libs/mbedtls/library/ecp.c ****  *
2514:Libs/mbedtls/library/ecp.c ****  * http://www.hyperelliptic.org/EFD/g1p/auto-code/montgom/xz/ladder/mladd-1987-m.op3
2515:Libs/mbedtls/library/ecp.c ****  * with
2516:Libs/mbedtls/library/ecp.c ****  * d =  X1
2517:Libs/mbedtls/library/ecp.c ****  * P = (X2, Z2)
2518:Libs/mbedtls/library/ecp.c ****  * Q = (X3, Z3)
2519:Libs/mbedtls/library/ecp.c ****  * R = (X4, Z4)
2520:Libs/mbedtls/library/ecp.c ****  * S = (X5, Z5)
2521:Libs/mbedtls/library/ecp.c ****  * and eliminating temporary variables tO, ..., t4.
2522:Libs/mbedtls/library/ecp.c ****  *
2523:Libs/mbedtls/library/ecp.c ****  * Cost: 5M + 4S
2524:Libs/mbedtls/library/ecp.c ****  */
2525:Libs/mbedtls/library/ecp.c **** static int ecp_double_add_mxz(const mbedtls_ecp_group *grp,
2526:Libs/mbedtls/library/ecp.c ****                               mbedtls_ecp_point *R, mbedtls_ecp_point *S,
2527:Libs/mbedtls/library/ecp.c ****                               const mbedtls_ecp_point *P, const mbedtls_ecp_point *Q,
2528:Libs/mbedtls/library/ecp.c ****                               const mbedtls_mpi *d)
2529:Libs/mbedtls/library/ecp.c **** {
ARM GAS  C:\Users\nicx5\AppData\Local\Temp\ccosdxRQ.s 			page 96


2530:Libs/mbedtls/library/ecp.c **** #if defined(MBEDTLS_ECP_DOUBLE_ADD_MXZ_ALT)
2531:Libs/mbedtls/library/ecp.c ****     if (mbedtls_internal_ecp_grp_capable(grp)) {
2532:Libs/mbedtls/library/ecp.c ****         return mbedtls_internal_ecp_double_add_mxz(grp, R, S, P, Q, d);
2533:Libs/mbedtls/library/ecp.c ****     }
2534:Libs/mbedtls/library/ecp.c **** #endif /* MBEDTLS_ECP_DOUBLE_ADD_MXZ_ALT */
2535:Libs/mbedtls/library/ecp.c **** 
2536:Libs/mbedtls/library/ecp.c **** #if defined(MBEDTLS_ECP_NO_FALLBACK) && defined(MBEDTLS_ECP_DOUBLE_ADD_MXZ_ALT)
2537:Libs/mbedtls/library/ecp.c ****     return MBEDTLS_ERR_ECP_FEATURE_UNAVAILABLE;
2538:Libs/mbedtls/library/ecp.c **** #else
2539:Libs/mbedtls/library/ecp.c ****     int ret = MBEDTLS_ERR_ERROR_CORRUPTION_DETECTED;
2540:Libs/mbedtls/library/ecp.c ****     mbedtls_mpi A, AA, B, BB, E, C, D, DA, CB;
2541:Libs/mbedtls/library/ecp.c **** 
2542:Libs/mbedtls/library/ecp.c ****     mbedtls_mpi_init(&A); mbedtls_mpi_init(&AA); mbedtls_mpi_init(&B);
2543:Libs/mbedtls/library/ecp.c ****     mbedtls_mpi_init(&BB); mbedtls_mpi_init(&E); mbedtls_mpi_init(&C);
2544:Libs/mbedtls/library/ecp.c ****     mbedtls_mpi_init(&D); mbedtls_mpi_init(&DA); mbedtls_mpi_init(&CB);
2545:Libs/mbedtls/library/ecp.c **** 
2546:Libs/mbedtls/library/ecp.c ****     MBEDTLS_MPI_CHK(mbedtls_mpi_add_mod(grp, &A,    &P->X,   &P->Z));
2547:Libs/mbedtls/library/ecp.c ****     MBEDTLS_MPI_CHK(mbedtls_mpi_mul_mod(grp, &AA,   &A,      &A));
2548:Libs/mbedtls/library/ecp.c ****     MBEDTLS_MPI_CHK(mbedtls_mpi_sub_mod(grp, &B,    &P->X,   &P->Z));
2549:Libs/mbedtls/library/ecp.c ****     MBEDTLS_MPI_CHK(mbedtls_mpi_mul_mod(grp, &BB,   &B,      &B));
2550:Libs/mbedtls/library/ecp.c ****     MBEDTLS_MPI_CHK(mbedtls_mpi_sub_mod(grp, &E,    &AA,     &BB));
2551:Libs/mbedtls/library/ecp.c ****     MBEDTLS_MPI_CHK(mbedtls_mpi_add_mod(grp, &C,    &Q->X,   &Q->Z));
2552:Libs/mbedtls/library/ecp.c ****     MBEDTLS_MPI_CHK(mbedtls_mpi_sub_mod(grp, &D,    &Q->X,   &Q->Z));
2553:Libs/mbedtls/library/ecp.c ****     MBEDTLS_MPI_CHK(mbedtls_mpi_mul_mod(grp, &DA,   &D,      &A));
2554:Libs/mbedtls/library/ecp.c ****     MBEDTLS_MPI_CHK(mbedtls_mpi_mul_mod(grp, &CB,   &C,      &B));
2555:Libs/mbedtls/library/ecp.c ****     MBEDTLS_MPI_CHK(mbedtls_mpi_add_mod(grp, &S->X, &DA,     &CB));
2556:Libs/mbedtls/library/ecp.c ****     MBEDTLS_MPI_CHK(mbedtls_mpi_mul_mod(grp, &S->X, &S->X,   &S->X));
2557:Libs/mbedtls/library/ecp.c ****     MBEDTLS_MPI_CHK(mbedtls_mpi_sub_mod(grp, &S->Z, &DA,     &CB));
2558:Libs/mbedtls/library/ecp.c ****     MBEDTLS_MPI_CHK(mbedtls_mpi_mul_mod(grp, &S->Z, &S->Z,   &S->Z));
2559:Libs/mbedtls/library/ecp.c ****     MBEDTLS_MPI_CHK(mbedtls_mpi_mul_mod(grp, &S->Z, d,       &S->Z));
2560:Libs/mbedtls/library/ecp.c ****     MBEDTLS_MPI_CHK(mbedtls_mpi_mul_mod(grp, &R->X, &AA,     &BB));
2561:Libs/mbedtls/library/ecp.c ****     MBEDTLS_MPI_CHK(mbedtls_mpi_mul_mod(grp, &R->Z, &grp->A, &E));
2562:Libs/mbedtls/library/ecp.c ****     MBEDTLS_MPI_CHK(mbedtls_mpi_add_mod(grp, &R->Z, &BB,     &R->Z));
2563:Libs/mbedtls/library/ecp.c ****     MBEDTLS_MPI_CHK(mbedtls_mpi_mul_mod(grp, &R->Z, &E,      &R->Z));
2564:Libs/mbedtls/library/ecp.c **** 
2565:Libs/mbedtls/library/ecp.c **** cleanup:
2566:Libs/mbedtls/library/ecp.c ****     mbedtls_mpi_free(&A); mbedtls_mpi_free(&AA); mbedtls_mpi_free(&B);
2567:Libs/mbedtls/library/ecp.c ****     mbedtls_mpi_free(&BB); mbedtls_mpi_free(&E); mbedtls_mpi_free(&C);
2568:Libs/mbedtls/library/ecp.c ****     mbedtls_mpi_free(&D); mbedtls_mpi_free(&DA); mbedtls_mpi_free(&CB);
2569:Libs/mbedtls/library/ecp.c **** 
2570:Libs/mbedtls/library/ecp.c ****     return ret;
2571:Libs/mbedtls/library/ecp.c **** #endif /* !defined(MBEDTLS_ECP_NO_FALLBACK) || !defined(MBEDTLS_ECP_DOUBLE_ADD_MXZ_ALT) */
2572:Libs/mbedtls/library/ecp.c **** }
2573:Libs/mbedtls/library/ecp.c **** 
2574:Libs/mbedtls/library/ecp.c **** /*
2575:Libs/mbedtls/library/ecp.c ****  * Multiplication with Montgomery ladder in x/z coordinates,
2576:Libs/mbedtls/library/ecp.c ****  * for curves in Montgomery form
2577:Libs/mbedtls/library/ecp.c ****  */
2578:Libs/mbedtls/library/ecp.c **** static int ecp_mul_mxz(mbedtls_ecp_group *grp, mbedtls_ecp_point *R,
2579:Libs/mbedtls/library/ecp.c ****                        const mbedtls_mpi *m, const mbedtls_ecp_point *P,
2580:Libs/mbedtls/library/ecp.c ****                        int (*f_rng)(void *, unsigned char *, size_t),
2581:Libs/mbedtls/library/ecp.c ****                        void *p_rng)
2582:Libs/mbedtls/library/ecp.c **** {
2583:Libs/mbedtls/library/ecp.c ****     int ret = MBEDTLS_ERR_ERROR_CORRUPTION_DETECTED;
2584:Libs/mbedtls/library/ecp.c ****     int have_rng = 1;
2585:Libs/mbedtls/library/ecp.c ****     size_t i;
2586:Libs/mbedtls/library/ecp.c ****     unsigned char b;
ARM GAS  C:\Users\nicx5\AppData\Local\Temp\ccosdxRQ.s 			page 97


2587:Libs/mbedtls/library/ecp.c ****     mbedtls_ecp_point RP;
2588:Libs/mbedtls/library/ecp.c ****     mbedtls_mpi PX;
2589:Libs/mbedtls/library/ecp.c **** #if !defined(MBEDTLS_ECP_NO_INTERNAL_RNG)
2590:Libs/mbedtls/library/ecp.c ****     ecp_drbg_context drbg_ctx;
2591:Libs/mbedtls/library/ecp.c **** 
2592:Libs/mbedtls/library/ecp.c ****     ecp_drbg_init(&drbg_ctx);
2593:Libs/mbedtls/library/ecp.c **** #endif
2594:Libs/mbedtls/library/ecp.c ****     mbedtls_ecp_point_init(&RP); mbedtls_mpi_init(&PX);
2595:Libs/mbedtls/library/ecp.c **** 
2596:Libs/mbedtls/library/ecp.c **** #if !defined(MBEDTLS_ECP_NO_INTERNAL_RNG)
2597:Libs/mbedtls/library/ecp.c ****     if (f_rng == NULL) {
2598:Libs/mbedtls/library/ecp.c ****         const size_t m_len = (grp->nbits + 7) / 8;
2599:Libs/mbedtls/library/ecp.c ****         MBEDTLS_MPI_CHK(ecp_drbg_seed(&drbg_ctx, m, m_len));
2600:Libs/mbedtls/library/ecp.c ****         f_rng = &ecp_drbg_random;
2601:Libs/mbedtls/library/ecp.c ****         p_rng = &drbg_ctx;
2602:Libs/mbedtls/library/ecp.c ****     }
2603:Libs/mbedtls/library/ecp.c **** #endif /* !MBEDTLS_ECP_NO_INTERNAL_RNG */
2604:Libs/mbedtls/library/ecp.c **** 
2605:Libs/mbedtls/library/ecp.c ****     /* Save PX and read from P before writing to R, in case P == R */
2606:Libs/mbedtls/library/ecp.c ****     MBEDTLS_MPI_CHK(mbedtls_mpi_copy(&PX, &P->X));
2607:Libs/mbedtls/library/ecp.c ****     MBEDTLS_MPI_CHK(mbedtls_ecp_copy(&RP, P));
2608:Libs/mbedtls/library/ecp.c **** 
2609:Libs/mbedtls/library/ecp.c ****     /* Set R to zero in modified x/z coordinates */
2610:Libs/mbedtls/library/ecp.c ****     MBEDTLS_MPI_CHK(mbedtls_mpi_lset(&R->X, 1));
2611:Libs/mbedtls/library/ecp.c ****     MBEDTLS_MPI_CHK(mbedtls_mpi_lset(&R->Z, 0));
2612:Libs/mbedtls/library/ecp.c ****     mbedtls_mpi_free(&R->Y);
2613:Libs/mbedtls/library/ecp.c **** 
2614:Libs/mbedtls/library/ecp.c ****     /* RP.X might be slightly larger than P, so reduce it */
2615:Libs/mbedtls/library/ecp.c ****     MOD_ADD(RP.X);
2616:Libs/mbedtls/library/ecp.c **** 
2617:Libs/mbedtls/library/ecp.c ****     /* Randomize coordinates of the starting point */
2618:Libs/mbedtls/library/ecp.c **** #if defined(MBEDTLS_ECP_NO_INTERNAL_RNG)
2619:Libs/mbedtls/library/ecp.c ****     if (f_rng == NULL) {
2620:Libs/mbedtls/library/ecp.c ****         have_rng = 0;
2621:Libs/mbedtls/library/ecp.c ****     }
2622:Libs/mbedtls/library/ecp.c **** #endif
2623:Libs/mbedtls/library/ecp.c ****     if (have_rng) {
2624:Libs/mbedtls/library/ecp.c ****         MBEDTLS_MPI_CHK(ecp_randomize_mxz(grp, &RP, f_rng, p_rng));
2625:Libs/mbedtls/library/ecp.c ****     }
2626:Libs/mbedtls/library/ecp.c **** 
2627:Libs/mbedtls/library/ecp.c ****     /* Loop invariant: R = result so far, RP = R + P */
2628:Libs/mbedtls/library/ecp.c ****     i = grp->nbits + 1; /* one past the (zero-based) required msb for private keys */
2629:Libs/mbedtls/library/ecp.c ****     while (i-- > 0) {
2630:Libs/mbedtls/library/ecp.c ****         b = mbedtls_mpi_get_bit(m, i);
2631:Libs/mbedtls/library/ecp.c ****         /*
2632:Libs/mbedtls/library/ecp.c ****          *  if (b) R = 2R + P else R = 2R,
2633:Libs/mbedtls/library/ecp.c ****          * which is:
2634:Libs/mbedtls/library/ecp.c ****          *  if (b) double_add( RP, R, RP, R )
2635:Libs/mbedtls/library/ecp.c ****          *  else   double_add( R, RP, R, RP )
2636:Libs/mbedtls/library/ecp.c ****          * but using safe conditional swaps to avoid leaks
2637:Libs/mbedtls/library/ecp.c ****          */
2638:Libs/mbedtls/library/ecp.c ****         MBEDTLS_MPI_CHK(mbedtls_mpi_safe_cond_swap(&R->X, &RP.X, b));
2639:Libs/mbedtls/library/ecp.c ****         MBEDTLS_MPI_CHK(mbedtls_mpi_safe_cond_swap(&R->Z, &RP.Z, b));
2640:Libs/mbedtls/library/ecp.c ****         MBEDTLS_MPI_CHK(ecp_double_add_mxz(grp, R, &RP, R, &RP, &PX));
2641:Libs/mbedtls/library/ecp.c ****         MBEDTLS_MPI_CHK(mbedtls_mpi_safe_cond_swap(&R->X, &RP.X, b));
2642:Libs/mbedtls/library/ecp.c ****         MBEDTLS_MPI_CHK(mbedtls_mpi_safe_cond_swap(&R->Z, &RP.Z, b));
2643:Libs/mbedtls/library/ecp.c ****     }
ARM GAS  C:\Users\nicx5\AppData\Local\Temp\ccosdxRQ.s 			page 98


2644:Libs/mbedtls/library/ecp.c **** 
2645:Libs/mbedtls/library/ecp.c ****     /*
2646:Libs/mbedtls/library/ecp.c ****      * Knowledge of the projective coordinates may leak the last few bits of the
2647:Libs/mbedtls/library/ecp.c ****      * scalar [1], and since our MPI implementation isn't constant-flow,
2648:Libs/mbedtls/library/ecp.c ****      * inversion (used for coordinate normalization) may leak the full value
2649:Libs/mbedtls/library/ecp.c ****      * of its input via side-channels [2].
2650:Libs/mbedtls/library/ecp.c ****      *
2651:Libs/mbedtls/library/ecp.c ****      * [1] https://eprint.iacr.org/2003/191
2652:Libs/mbedtls/library/ecp.c ****      * [2] https://eprint.iacr.org/2020/055
2653:Libs/mbedtls/library/ecp.c ****      *
2654:Libs/mbedtls/library/ecp.c ****      * Avoid the leak by randomizing coordinates before we normalize them.
2655:Libs/mbedtls/library/ecp.c ****      */
2656:Libs/mbedtls/library/ecp.c ****     have_rng = 1;
2657:Libs/mbedtls/library/ecp.c **** #if defined(MBEDTLS_ECP_NO_INTERNAL_RNG)
2658:Libs/mbedtls/library/ecp.c ****     if (f_rng == NULL) {
2659:Libs/mbedtls/library/ecp.c ****         have_rng = 0;
2660:Libs/mbedtls/library/ecp.c ****     }
2661:Libs/mbedtls/library/ecp.c **** #endif
2662:Libs/mbedtls/library/ecp.c ****     if (have_rng) {
2663:Libs/mbedtls/library/ecp.c ****         MBEDTLS_MPI_CHK(ecp_randomize_mxz(grp, R, f_rng, p_rng));
2664:Libs/mbedtls/library/ecp.c ****     }
2665:Libs/mbedtls/library/ecp.c **** 
2666:Libs/mbedtls/library/ecp.c ****     MBEDTLS_MPI_CHK(ecp_normalize_mxz(grp, R));
2667:Libs/mbedtls/library/ecp.c **** 
2668:Libs/mbedtls/library/ecp.c **** cleanup:
2669:Libs/mbedtls/library/ecp.c **** #if !defined(MBEDTLS_ECP_NO_INTERNAL_RNG)
2670:Libs/mbedtls/library/ecp.c ****     ecp_drbg_free(&drbg_ctx);
2671:Libs/mbedtls/library/ecp.c **** #endif
2672:Libs/mbedtls/library/ecp.c **** 
2673:Libs/mbedtls/library/ecp.c ****     mbedtls_ecp_point_free(&RP); mbedtls_mpi_free(&PX);
2674:Libs/mbedtls/library/ecp.c **** 
2675:Libs/mbedtls/library/ecp.c ****     return ret;
2676:Libs/mbedtls/library/ecp.c **** }
2677:Libs/mbedtls/library/ecp.c **** 
2678:Libs/mbedtls/library/ecp.c **** #endif /* MBEDTLS_ECP_MONTGOMERY_ENABLED */
2679:Libs/mbedtls/library/ecp.c **** 
2680:Libs/mbedtls/library/ecp.c **** /*
2681:Libs/mbedtls/library/ecp.c ****  * Restartable multiplication R = m * P
2682:Libs/mbedtls/library/ecp.c ****  */
2683:Libs/mbedtls/library/ecp.c **** int mbedtls_ecp_mul_restartable(mbedtls_ecp_group *grp, mbedtls_ecp_point *R,
2684:Libs/mbedtls/library/ecp.c ****                                 const mbedtls_mpi *m, const mbedtls_ecp_point *P,
2685:Libs/mbedtls/library/ecp.c ****                                 int (*f_rng)(void *, unsigned char *, size_t), void *p_rng,
2686:Libs/mbedtls/library/ecp.c ****                                 mbedtls_ecp_restart_ctx *rs_ctx)
2687:Libs/mbedtls/library/ecp.c **** {
2688:Libs/mbedtls/library/ecp.c ****     int ret = MBEDTLS_ERR_ECP_BAD_INPUT_DATA;
2689:Libs/mbedtls/library/ecp.c **** #if defined(MBEDTLS_ECP_INTERNAL_ALT)
2690:Libs/mbedtls/library/ecp.c ****     char is_grp_capable = 0;
2691:Libs/mbedtls/library/ecp.c **** #endif
2692:Libs/mbedtls/library/ecp.c ****     ECP_VALIDATE_RET(grp != NULL);
2693:Libs/mbedtls/library/ecp.c ****     ECP_VALIDATE_RET(R   != NULL);
2694:Libs/mbedtls/library/ecp.c ****     ECP_VALIDATE_RET(m   != NULL);
2695:Libs/mbedtls/library/ecp.c ****     ECP_VALIDATE_RET(P   != NULL);
2696:Libs/mbedtls/library/ecp.c **** 
2697:Libs/mbedtls/library/ecp.c **** #if defined(MBEDTLS_ECP_RESTARTABLE)
2698:Libs/mbedtls/library/ecp.c ****     /* reset ops count for this call if top-level */
2699:Libs/mbedtls/library/ecp.c ****     if (rs_ctx != NULL && rs_ctx->depth++ == 0) {
2700:Libs/mbedtls/library/ecp.c ****         rs_ctx->ops_done = 0;
ARM GAS  C:\Users\nicx5\AppData\Local\Temp\ccosdxRQ.s 			page 99


2701:Libs/mbedtls/library/ecp.c ****     }
2702:Libs/mbedtls/library/ecp.c **** #else
2703:Libs/mbedtls/library/ecp.c ****     (void) rs_ctx;
2704:Libs/mbedtls/library/ecp.c **** #endif
2705:Libs/mbedtls/library/ecp.c **** 
2706:Libs/mbedtls/library/ecp.c **** #if defined(MBEDTLS_ECP_INTERNAL_ALT)
2707:Libs/mbedtls/library/ecp.c ****     if ((is_grp_capable = mbedtls_internal_ecp_grp_capable(grp))) {
2708:Libs/mbedtls/library/ecp.c ****         MBEDTLS_MPI_CHK(mbedtls_internal_ecp_init(grp));
2709:Libs/mbedtls/library/ecp.c ****     }
2710:Libs/mbedtls/library/ecp.c **** #endif /* MBEDTLS_ECP_INTERNAL_ALT */
2711:Libs/mbedtls/library/ecp.c **** 
2712:Libs/mbedtls/library/ecp.c ****     int restarting = 0;
2713:Libs/mbedtls/library/ecp.c **** #if defined(MBEDTLS_ECP_RESTARTABLE)
2714:Libs/mbedtls/library/ecp.c ****     restarting = (rs_ctx != NULL && rs_ctx->rsm != NULL);
2715:Libs/mbedtls/library/ecp.c **** #endif
2716:Libs/mbedtls/library/ecp.c ****     /* skip argument check when restarting */
2717:Libs/mbedtls/library/ecp.c ****     if (!restarting) {
2718:Libs/mbedtls/library/ecp.c ****         /* check_privkey is free */
2719:Libs/mbedtls/library/ecp.c ****         MBEDTLS_ECP_BUDGET(MBEDTLS_ECP_OPS_CHK);
2720:Libs/mbedtls/library/ecp.c **** 
2721:Libs/mbedtls/library/ecp.c ****         /* Common sanity checks */
2722:Libs/mbedtls/library/ecp.c ****         MBEDTLS_MPI_CHK(mbedtls_ecp_check_privkey(grp, m));
2723:Libs/mbedtls/library/ecp.c ****         MBEDTLS_MPI_CHK(mbedtls_ecp_check_pubkey(grp, P));
2724:Libs/mbedtls/library/ecp.c ****     }
2725:Libs/mbedtls/library/ecp.c **** 
2726:Libs/mbedtls/library/ecp.c ****     ret = MBEDTLS_ERR_ECP_BAD_INPUT_DATA;
2727:Libs/mbedtls/library/ecp.c **** #if defined(MBEDTLS_ECP_MONTGOMERY_ENABLED)
2728:Libs/mbedtls/library/ecp.c ****     if (mbedtls_ecp_get_type(grp) == MBEDTLS_ECP_TYPE_MONTGOMERY) {
2729:Libs/mbedtls/library/ecp.c ****         MBEDTLS_MPI_CHK(ecp_mul_mxz(grp, R, m, P, f_rng, p_rng));
2730:Libs/mbedtls/library/ecp.c ****     }
2731:Libs/mbedtls/library/ecp.c **** #endif
2732:Libs/mbedtls/library/ecp.c **** #if defined(MBEDTLS_ECP_SHORT_WEIERSTRASS_ENABLED)
2733:Libs/mbedtls/library/ecp.c ****     if (mbedtls_ecp_get_type(grp) == MBEDTLS_ECP_TYPE_SHORT_WEIERSTRASS) {
2734:Libs/mbedtls/library/ecp.c ****         MBEDTLS_MPI_CHK(ecp_mul_comb(grp, R, m, P, f_rng, p_rng, rs_ctx));
2735:Libs/mbedtls/library/ecp.c ****     }
2736:Libs/mbedtls/library/ecp.c **** #endif
2737:Libs/mbedtls/library/ecp.c **** 
2738:Libs/mbedtls/library/ecp.c **** cleanup:
2739:Libs/mbedtls/library/ecp.c **** 
2740:Libs/mbedtls/library/ecp.c **** #if defined(MBEDTLS_ECP_INTERNAL_ALT)
2741:Libs/mbedtls/library/ecp.c ****     if (is_grp_capable) {
2742:Libs/mbedtls/library/ecp.c ****         mbedtls_internal_ecp_free(grp);
2743:Libs/mbedtls/library/ecp.c ****     }
2744:Libs/mbedtls/library/ecp.c **** #endif /* MBEDTLS_ECP_INTERNAL_ALT */
2745:Libs/mbedtls/library/ecp.c **** 
2746:Libs/mbedtls/library/ecp.c **** #if defined(MBEDTLS_ECP_RESTARTABLE)
2747:Libs/mbedtls/library/ecp.c ****     if (rs_ctx != NULL) {
2748:Libs/mbedtls/library/ecp.c ****         rs_ctx->depth--;
2749:Libs/mbedtls/library/ecp.c ****     }
2750:Libs/mbedtls/library/ecp.c **** #endif
2751:Libs/mbedtls/library/ecp.c **** 
2752:Libs/mbedtls/library/ecp.c ****     return ret;
2753:Libs/mbedtls/library/ecp.c **** }
2754:Libs/mbedtls/library/ecp.c **** 
2755:Libs/mbedtls/library/ecp.c **** /*
2756:Libs/mbedtls/library/ecp.c ****  * Multiplication R = m * P
2757:Libs/mbedtls/library/ecp.c ****  */
ARM GAS  C:\Users\nicx5\AppData\Local\Temp\ccosdxRQ.s 			page 100


2758:Libs/mbedtls/library/ecp.c **** int mbedtls_ecp_mul(mbedtls_ecp_group *grp, mbedtls_ecp_point *R,
2759:Libs/mbedtls/library/ecp.c ****                     const mbedtls_mpi *m, const mbedtls_ecp_point *P,
2760:Libs/mbedtls/library/ecp.c ****                     int (*f_rng)(void *, unsigned char *, size_t), void *p_rng)
2761:Libs/mbedtls/library/ecp.c **** {
2762:Libs/mbedtls/library/ecp.c ****     ECP_VALIDATE_RET(grp != NULL);
2763:Libs/mbedtls/library/ecp.c ****     ECP_VALIDATE_RET(R   != NULL);
2764:Libs/mbedtls/library/ecp.c ****     ECP_VALIDATE_RET(m   != NULL);
2765:Libs/mbedtls/library/ecp.c ****     ECP_VALIDATE_RET(P   != NULL);
2766:Libs/mbedtls/library/ecp.c ****     return mbedtls_ecp_mul_restartable(grp, R, m, P, f_rng, p_rng, NULL);
2767:Libs/mbedtls/library/ecp.c **** }
2768:Libs/mbedtls/library/ecp.c **** 
2769:Libs/mbedtls/library/ecp.c **** #if defined(MBEDTLS_ECP_SHORT_WEIERSTRASS_ENABLED)
2770:Libs/mbedtls/library/ecp.c **** /*
2771:Libs/mbedtls/library/ecp.c ****  * Check that an affine point is valid as a public key,
2772:Libs/mbedtls/library/ecp.c ****  * short weierstrass curves (SEC1 3.2.3.1)
2773:Libs/mbedtls/library/ecp.c ****  */
2774:Libs/mbedtls/library/ecp.c **** static int ecp_check_pubkey_sw(const mbedtls_ecp_group *grp, const mbedtls_ecp_point *pt)
2775:Libs/mbedtls/library/ecp.c **** {
2776:Libs/mbedtls/library/ecp.c ****     int ret = MBEDTLS_ERR_ERROR_CORRUPTION_DETECTED;
2777:Libs/mbedtls/library/ecp.c ****     mbedtls_mpi YY, RHS;
2778:Libs/mbedtls/library/ecp.c **** 
2779:Libs/mbedtls/library/ecp.c ****     /* pt coordinates must be normalized for our checks */
2780:Libs/mbedtls/library/ecp.c ****     if (mbedtls_mpi_cmp_int(&pt->X, 0) < 0 ||
2781:Libs/mbedtls/library/ecp.c ****         mbedtls_mpi_cmp_int(&pt->Y, 0) < 0 ||
2782:Libs/mbedtls/library/ecp.c ****         mbedtls_mpi_cmp_mpi(&pt->X, &grp->P) >= 0 ||
2783:Libs/mbedtls/library/ecp.c ****         mbedtls_mpi_cmp_mpi(&pt->Y, &grp->P) >= 0) {
2784:Libs/mbedtls/library/ecp.c ****         return MBEDTLS_ERR_ECP_INVALID_KEY;
2785:Libs/mbedtls/library/ecp.c ****     }
2786:Libs/mbedtls/library/ecp.c **** 
2787:Libs/mbedtls/library/ecp.c ****     mbedtls_mpi_init(&YY); mbedtls_mpi_init(&RHS);
2788:Libs/mbedtls/library/ecp.c **** 
2789:Libs/mbedtls/library/ecp.c ****     /*
2790:Libs/mbedtls/library/ecp.c ****      * YY = Y^2
2791:Libs/mbedtls/library/ecp.c ****      * RHS = X (X^2 + A) + B = X^3 + A X + B
2792:Libs/mbedtls/library/ecp.c ****      */
2793:Libs/mbedtls/library/ecp.c ****     MBEDTLS_MPI_CHK(mbedtls_mpi_mul_mod(grp, &YY,  &pt->Y,   &pt->Y));
2794:Libs/mbedtls/library/ecp.c ****     MBEDTLS_MPI_CHK(mbedtls_mpi_mul_mod(grp, &RHS, &pt->X,   &pt->X));
2795:Libs/mbedtls/library/ecp.c **** 
2796:Libs/mbedtls/library/ecp.c ****     /* Special case for A = -3 */
2797:Libs/mbedtls/library/ecp.c ****     if (grp->A.p == NULL) {
2798:Libs/mbedtls/library/ecp.c ****         MBEDTLS_MPI_CHK(mbedtls_mpi_sub_int(&RHS, &RHS, 3));  MOD_SUB(RHS);
2799:Libs/mbedtls/library/ecp.c ****     } else {
2800:Libs/mbedtls/library/ecp.c ****         MBEDTLS_MPI_CHK(mbedtls_mpi_add_mod(grp, &RHS, &RHS, &grp->A));
2801:Libs/mbedtls/library/ecp.c ****     }
2802:Libs/mbedtls/library/ecp.c **** 
2803:Libs/mbedtls/library/ecp.c ****     MBEDTLS_MPI_CHK(mbedtls_mpi_mul_mod(grp, &RHS, &RHS,     &pt->X));
2804:Libs/mbedtls/library/ecp.c ****     MBEDTLS_MPI_CHK(mbedtls_mpi_add_mod(grp, &RHS, &RHS,     &grp->B));
2805:Libs/mbedtls/library/ecp.c **** 
2806:Libs/mbedtls/library/ecp.c ****     if (mbedtls_mpi_cmp_mpi(&YY, &RHS) != 0) {
2807:Libs/mbedtls/library/ecp.c ****         ret = MBEDTLS_ERR_ECP_INVALID_KEY;
2808:Libs/mbedtls/library/ecp.c ****     }
2809:Libs/mbedtls/library/ecp.c **** 
2810:Libs/mbedtls/library/ecp.c **** cleanup:
2811:Libs/mbedtls/library/ecp.c **** 
2812:Libs/mbedtls/library/ecp.c ****     mbedtls_mpi_free(&YY); mbedtls_mpi_free(&RHS);
2813:Libs/mbedtls/library/ecp.c **** 
2814:Libs/mbedtls/library/ecp.c ****     return ret;
ARM GAS  C:\Users\nicx5\AppData\Local\Temp\ccosdxRQ.s 			page 101


2815:Libs/mbedtls/library/ecp.c **** }
2816:Libs/mbedtls/library/ecp.c **** #endif /* MBEDTLS_ECP_SHORT_WEIERSTRASS_ENABLED */
2817:Libs/mbedtls/library/ecp.c **** 
2818:Libs/mbedtls/library/ecp.c **** #if defined(MBEDTLS_ECP_SHORT_WEIERSTRASS_ENABLED)
2819:Libs/mbedtls/library/ecp.c **** /*
2820:Libs/mbedtls/library/ecp.c ****  * R = m * P with shortcuts for m == 0, m == 1 and m == -1
2821:Libs/mbedtls/library/ecp.c ****  * NOT constant-time - ONLY for short Weierstrass!
2822:Libs/mbedtls/library/ecp.c ****  */
2823:Libs/mbedtls/library/ecp.c **** static int mbedtls_ecp_mul_shortcuts(mbedtls_ecp_group *grp,
2824:Libs/mbedtls/library/ecp.c ****                                      mbedtls_ecp_point *R,
2825:Libs/mbedtls/library/ecp.c ****                                      const mbedtls_mpi *m,
2826:Libs/mbedtls/library/ecp.c ****                                      const mbedtls_ecp_point *P,
2827:Libs/mbedtls/library/ecp.c ****                                      mbedtls_ecp_restart_ctx *rs_ctx)
2828:Libs/mbedtls/library/ecp.c **** {
2829:Libs/mbedtls/library/ecp.c ****     int ret = MBEDTLS_ERR_ERROR_CORRUPTION_DETECTED;
2830:Libs/mbedtls/library/ecp.c **** 
2831:Libs/mbedtls/library/ecp.c ****     if (mbedtls_mpi_cmp_int(m, 0) == 0) {
2832:Libs/mbedtls/library/ecp.c ****         MBEDTLS_MPI_CHK(mbedtls_ecp_check_pubkey(grp, P));
2833:Libs/mbedtls/library/ecp.c ****         MBEDTLS_MPI_CHK(mbedtls_ecp_set_zero(R));
2834:Libs/mbedtls/library/ecp.c ****     } else if (mbedtls_mpi_cmp_int(m, 1) == 0) {
2835:Libs/mbedtls/library/ecp.c ****         MBEDTLS_MPI_CHK(mbedtls_ecp_check_pubkey(grp, P));
2836:Libs/mbedtls/library/ecp.c ****         MBEDTLS_MPI_CHK(mbedtls_ecp_copy(R, P));
2837:Libs/mbedtls/library/ecp.c ****     } else if (mbedtls_mpi_cmp_int(m, -1) == 0) {
2838:Libs/mbedtls/library/ecp.c ****         MBEDTLS_MPI_CHK(mbedtls_ecp_check_pubkey(grp, P));
2839:Libs/mbedtls/library/ecp.c ****         MBEDTLS_MPI_CHK(mbedtls_ecp_copy(R, P));
2840:Libs/mbedtls/library/ecp.c ****         if (mbedtls_mpi_cmp_int(&R->Y, 0) != 0) {
2841:Libs/mbedtls/library/ecp.c ****             MBEDTLS_MPI_CHK(mbedtls_mpi_sub_mpi(&R->Y, &grp->P, &R->Y));
2842:Libs/mbedtls/library/ecp.c ****         }
2843:Libs/mbedtls/library/ecp.c ****     } else {
2844:Libs/mbedtls/library/ecp.c ****         MBEDTLS_MPI_CHK(mbedtls_ecp_mul_restartable(grp, R, m, P,
2845:Libs/mbedtls/library/ecp.c ****                                                     NULL, NULL, rs_ctx));
2846:Libs/mbedtls/library/ecp.c ****     }
2847:Libs/mbedtls/library/ecp.c **** 
2848:Libs/mbedtls/library/ecp.c **** cleanup:
2849:Libs/mbedtls/library/ecp.c ****     return ret;
2850:Libs/mbedtls/library/ecp.c **** }
2851:Libs/mbedtls/library/ecp.c **** 
2852:Libs/mbedtls/library/ecp.c **** /*
2853:Libs/mbedtls/library/ecp.c ****  * Restartable linear combination
2854:Libs/mbedtls/library/ecp.c ****  * NOT constant-time
2855:Libs/mbedtls/library/ecp.c ****  */
2856:Libs/mbedtls/library/ecp.c **** int mbedtls_ecp_muladd_restartable(
2857:Libs/mbedtls/library/ecp.c ****     mbedtls_ecp_group *grp, mbedtls_ecp_point *R,
2858:Libs/mbedtls/library/ecp.c ****     const mbedtls_mpi *m, const mbedtls_ecp_point *P,
2859:Libs/mbedtls/library/ecp.c ****     const mbedtls_mpi *n, const mbedtls_ecp_point *Q,
2860:Libs/mbedtls/library/ecp.c ****     mbedtls_ecp_restart_ctx *rs_ctx)
2861:Libs/mbedtls/library/ecp.c **** {
2862:Libs/mbedtls/library/ecp.c ****     int ret = MBEDTLS_ERR_ERROR_CORRUPTION_DETECTED;
2863:Libs/mbedtls/library/ecp.c ****     mbedtls_ecp_point mP;
2864:Libs/mbedtls/library/ecp.c ****     mbedtls_ecp_point *pmP = &mP;
2865:Libs/mbedtls/library/ecp.c ****     mbedtls_ecp_point *pR = R;
2866:Libs/mbedtls/library/ecp.c **** #if defined(MBEDTLS_ECP_INTERNAL_ALT)
2867:Libs/mbedtls/library/ecp.c ****     char is_grp_capable = 0;
2868:Libs/mbedtls/library/ecp.c **** #endif
2869:Libs/mbedtls/library/ecp.c ****     ECP_VALIDATE_RET(grp != NULL);
2870:Libs/mbedtls/library/ecp.c ****     ECP_VALIDATE_RET(R   != NULL);
2871:Libs/mbedtls/library/ecp.c ****     ECP_VALIDATE_RET(m   != NULL);
ARM GAS  C:\Users\nicx5\AppData\Local\Temp\ccosdxRQ.s 			page 102


2872:Libs/mbedtls/library/ecp.c ****     ECP_VALIDATE_RET(P   != NULL);
2873:Libs/mbedtls/library/ecp.c ****     ECP_VALIDATE_RET(n   != NULL);
2874:Libs/mbedtls/library/ecp.c ****     ECP_VALIDATE_RET(Q   != NULL);
2875:Libs/mbedtls/library/ecp.c **** 
2876:Libs/mbedtls/library/ecp.c ****     if (mbedtls_ecp_get_type(grp) != MBEDTLS_ECP_TYPE_SHORT_WEIERSTRASS) {
2877:Libs/mbedtls/library/ecp.c ****         return MBEDTLS_ERR_ECP_FEATURE_UNAVAILABLE;
2878:Libs/mbedtls/library/ecp.c ****     }
2879:Libs/mbedtls/library/ecp.c **** 
2880:Libs/mbedtls/library/ecp.c ****     mbedtls_ecp_point_init(&mP);
2881:Libs/mbedtls/library/ecp.c **** 
2882:Libs/mbedtls/library/ecp.c ****     ECP_RS_ENTER(ma);
2883:Libs/mbedtls/library/ecp.c **** 
2884:Libs/mbedtls/library/ecp.c **** #if defined(MBEDTLS_ECP_RESTARTABLE)
2885:Libs/mbedtls/library/ecp.c ****     if (rs_ctx != NULL && rs_ctx->ma != NULL) {
2886:Libs/mbedtls/library/ecp.c ****         /* redirect intermediate results to restart context */
2887:Libs/mbedtls/library/ecp.c ****         pmP = &rs_ctx->ma->mP;
2888:Libs/mbedtls/library/ecp.c ****         pR  = &rs_ctx->ma->R;
2889:Libs/mbedtls/library/ecp.c **** 
2890:Libs/mbedtls/library/ecp.c ****         /* jump to next operation */
2891:Libs/mbedtls/library/ecp.c ****         if (rs_ctx->ma->state == ecp_rsma_mul2) {
2892:Libs/mbedtls/library/ecp.c ****             goto mul2;
2893:Libs/mbedtls/library/ecp.c ****         }
2894:Libs/mbedtls/library/ecp.c ****         if (rs_ctx->ma->state == ecp_rsma_add) {
2895:Libs/mbedtls/library/ecp.c ****             goto add;
2896:Libs/mbedtls/library/ecp.c ****         }
2897:Libs/mbedtls/library/ecp.c ****         if (rs_ctx->ma->state == ecp_rsma_norm) {
2898:Libs/mbedtls/library/ecp.c ****             goto norm;
2899:Libs/mbedtls/library/ecp.c ****         }
2900:Libs/mbedtls/library/ecp.c ****     }
2901:Libs/mbedtls/library/ecp.c **** #endif /* MBEDTLS_ECP_RESTARTABLE */
2902:Libs/mbedtls/library/ecp.c **** 
2903:Libs/mbedtls/library/ecp.c ****     MBEDTLS_MPI_CHK(mbedtls_ecp_mul_shortcuts(grp, pmP, m, P, rs_ctx));
2904:Libs/mbedtls/library/ecp.c **** #if defined(MBEDTLS_ECP_RESTARTABLE)
2905:Libs/mbedtls/library/ecp.c ****     if (rs_ctx != NULL && rs_ctx->ma != NULL) {
2906:Libs/mbedtls/library/ecp.c ****         rs_ctx->ma->state = ecp_rsma_mul2;
2907:Libs/mbedtls/library/ecp.c ****     }
2908:Libs/mbedtls/library/ecp.c **** 
2909:Libs/mbedtls/library/ecp.c **** mul2:
2910:Libs/mbedtls/library/ecp.c **** #endif
2911:Libs/mbedtls/library/ecp.c ****     MBEDTLS_MPI_CHK(mbedtls_ecp_mul_shortcuts(grp, pR,  n, Q, rs_ctx));
2912:Libs/mbedtls/library/ecp.c **** 
2913:Libs/mbedtls/library/ecp.c **** #if defined(MBEDTLS_ECP_INTERNAL_ALT)
2914:Libs/mbedtls/library/ecp.c ****     if ((is_grp_capable = mbedtls_internal_ecp_grp_capable(grp))) {
2915:Libs/mbedtls/library/ecp.c ****         MBEDTLS_MPI_CHK(mbedtls_internal_ecp_init(grp));
2916:Libs/mbedtls/library/ecp.c ****     }
2917:Libs/mbedtls/library/ecp.c **** #endif /* MBEDTLS_ECP_INTERNAL_ALT */
2918:Libs/mbedtls/library/ecp.c **** 
2919:Libs/mbedtls/library/ecp.c **** #if defined(MBEDTLS_ECP_RESTARTABLE)
2920:Libs/mbedtls/library/ecp.c ****     if (rs_ctx != NULL && rs_ctx->ma != NULL) {
2921:Libs/mbedtls/library/ecp.c ****         rs_ctx->ma->state = ecp_rsma_add;
2922:Libs/mbedtls/library/ecp.c ****     }
2923:Libs/mbedtls/library/ecp.c **** 
2924:Libs/mbedtls/library/ecp.c **** add:
2925:Libs/mbedtls/library/ecp.c **** #endif
2926:Libs/mbedtls/library/ecp.c ****     MBEDTLS_ECP_BUDGET(MBEDTLS_ECP_OPS_ADD);
2927:Libs/mbedtls/library/ecp.c ****     MBEDTLS_MPI_CHK(ecp_add_mixed(grp, pR, pmP, pR));
2928:Libs/mbedtls/library/ecp.c **** #if defined(MBEDTLS_ECP_RESTARTABLE)
ARM GAS  C:\Users\nicx5\AppData\Local\Temp\ccosdxRQ.s 			page 103


2929:Libs/mbedtls/library/ecp.c ****     if (rs_ctx != NULL && rs_ctx->ma != NULL) {
2930:Libs/mbedtls/library/ecp.c ****         rs_ctx->ma->state = ecp_rsma_norm;
2931:Libs/mbedtls/library/ecp.c ****     }
2932:Libs/mbedtls/library/ecp.c **** 
2933:Libs/mbedtls/library/ecp.c **** norm:
2934:Libs/mbedtls/library/ecp.c **** #endif
2935:Libs/mbedtls/library/ecp.c ****     MBEDTLS_ECP_BUDGET(MBEDTLS_ECP_OPS_INV);
2936:Libs/mbedtls/library/ecp.c ****     MBEDTLS_MPI_CHK(ecp_normalize_jac(grp, pR));
2937:Libs/mbedtls/library/ecp.c **** 
2938:Libs/mbedtls/library/ecp.c **** #if defined(MBEDTLS_ECP_RESTARTABLE)
2939:Libs/mbedtls/library/ecp.c ****     if (rs_ctx != NULL && rs_ctx->ma != NULL) {
2940:Libs/mbedtls/library/ecp.c ****         MBEDTLS_MPI_CHK(mbedtls_ecp_copy(R, pR));
2941:Libs/mbedtls/library/ecp.c ****     }
2942:Libs/mbedtls/library/ecp.c **** #endif
2943:Libs/mbedtls/library/ecp.c **** 
2944:Libs/mbedtls/library/ecp.c **** cleanup:
2945:Libs/mbedtls/library/ecp.c **** #if defined(MBEDTLS_ECP_INTERNAL_ALT)
2946:Libs/mbedtls/library/ecp.c ****     if (is_grp_capable) {
2947:Libs/mbedtls/library/ecp.c ****         mbedtls_internal_ecp_free(grp);
2948:Libs/mbedtls/library/ecp.c ****     }
2949:Libs/mbedtls/library/ecp.c **** #endif /* MBEDTLS_ECP_INTERNAL_ALT */
2950:Libs/mbedtls/library/ecp.c **** 
2951:Libs/mbedtls/library/ecp.c ****     mbedtls_ecp_point_free(&mP);
2952:Libs/mbedtls/library/ecp.c **** 
2953:Libs/mbedtls/library/ecp.c ****     ECP_RS_LEAVE(ma);
2954:Libs/mbedtls/library/ecp.c **** 
2955:Libs/mbedtls/library/ecp.c ****     return ret;
2956:Libs/mbedtls/library/ecp.c **** }
2957:Libs/mbedtls/library/ecp.c **** 
2958:Libs/mbedtls/library/ecp.c **** /*
2959:Libs/mbedtls/library/ecp.c ****  * Linear combination
2960:Libs/mbedtls/library/ecp.c ****  * NOT constant-time
2961:Libs/mbedtls/library/ecp.c ****  */
2962:Libs/mbedtls/library/ecp.c **** int mbedtls_ecp_muladd(mbedtls_ecp_group *grp, mbedtls_ecp_point *R,
2963:Libs/mbedtls/library/ecp.c ****                        const mbedtls_mpi *m, const mbedtls_ecp_point *P,
2964:Libs/mbedtls/library/ecp.c ****                        const mbedtls_mpi *n, const mbedtls_ecp_point *Q)
2965:Libs/mbedtls/library/ecp.c **** {
2966:Libs/mbedtls/library/ecp.c ****     ECP_VALIDATE_RET(grp != NULL);
2967:Libs/mbedtls/library/ecp.c ****     ECP_VALIDATE_RET(R   != NULL);
2968:Libs/mbedtls/library/ecp.c ****     ECP_VALIDATE_RET(m   != NULL);
2969:Libs/mbedtls/library/ecp.c ****     ECP_VALIDATE_RET(P   != NULL);
2970:Libs/mbedtls/library/ecp.c ****     ECP_VALIDATE_RET(n   != NULL);
2971:Libs/mbedtls/library/ecp.c ****     ECP_VALIDATE_RET(Q   != NULL);
2972:Libs/mbedtls/library/ecp.c ****     return mbedtls_ecp_muladd_restartable(grp, R, m, P, n, Q, NULL);
2973:Libs/mbedtls/library/ecp.c **** }
2974:Libs/mbedtls/library/ecp.c **** #endif /* MBEDTLS_ECP_SHORT_WEIERSTRASS_ENABLED */
2975:Libs/mbedtls/library/ecp.c **** 
2976:Libs/mbedtls/library/ecp.c **** #if defined(MBEDTLS_ECP_MONTGOMERY_ENABLED)
2977:Libs/mbedtls/library/ecp.c **** #if defined(MBEDTLS_ECP_DP_CURVE25519_ENABLED)
2978:Libs/mbedtls/library/ecp.c **** #define ECP_MPI_INIT(s, n, p) { s, (n), (mbedtls_mpi_uint *) (p) }
2979:Libs/mbedtls/library/ecp.c **** #define ECP_MPI_INIT_ARRAY(x)   \
2980:Libs/mbedtls/library/ecp.c ****     ECP_MPI_INIT(1, sizeof(x) / sizeof(mbedtls_mpi_uint), x)
2981:Libs/mbedtls/library/ecp.c **** /*
2982:Libs/mbedtls/library/ecp.c ****  * Constants for the two points other than 0, 1, -1 (mod p) in
2983:Libs/mbedtls/library/ecp.c ****  * https://cr.yp.to/ecdh.html#validate
2984:Libs/mbedtls/library/ecp.c ****  * See ecp_check_pubkey_x25519().
2985:Libs/mbedtls/library/ecp.c ****  */
ARM GAS  C:\Users\nicx5\AppData\Local\Temp\ccosdxRQ.s 			page 104


2986:Libs/mbedtls/library/ecp.c **** static const mbedtls_mpi_uint x25519_bad_point_1[] = {
2987:Libs/mbedtls/library/ecp.c ****     MBEDTLS_BYTES_TO_T_UINT_8(0xe0, 0xeb, 0x7a, 0x7c, 0x3b, 0x41, 0xb8, 0xae),
2988:Libs/mbedtls/library/ecp.c ****     MBEDTLS_BYTES_TO_T_UINT_8(0x16, 0x56, 0xe3, 0xfa, 0xf1, 0x9f, 0xc4, 0x6a),
2989:Libs/mbedtls/library/ecp.c ****     MBEDTLS_BYTES_TO_T_UINT_8(0xda, 0x09, 0x8d, 0xeb, 0x9c, 0x32, 0xb1, 0xfd),
2990:Libs/mbedtls/library/ecp.c ****     MBEDTLS_BYTES_TO_T_UINT_8(0x86, 0x62, 0x05, 0x16, 0x5f, 0x49, 0xb8, 0x00),
2991:Libs/mbedtls/library/ecp.c **** };
2992:Libs/mbedtls/library/ecp.c **** static const mbedtls_mpi_uint x25519_bad_point_2[] = {
2993:Libs/mbedtls/library/ecp.c ****     MBEDTLS_BYTES_TO_T_UINT_8(0x5f, 0x9c, 0x95, 0xbc, 0xa3, 0x50, 0x8c, 0x24),
2994:Libs/mbedtls/library/ecp.c ****     MBEDTLS_BYTES_TO_T_UINT_8(0xb1, 0xd0, 0xb1, 0x55, 0x9c, 0x83, 0xef, 0x5b),
2995:Libs/mbedtls/library/ecp.c ****     MBEDTLS_BYTES_TO_T_UINT_8(0x04, 0x44, 0x5c, 0xc4, 0x58, 0x1c, 0x8e, 0x86),
2996:Libs/mbedtls/library/ecp.c ****     MBEDTLS_BYTES_TO_T_UINT_8(0xd8, 0x22, 0x4e, 0xdd, 0xd0, 0x9f, 0x11, 0x57),
2997:Libs/mbedtls/library/ecp.c **** };
2998:Libs/mbedtls/library/ecp.c **** static const mbedtls_mpi ecp_x25519_bad_point_1 = ECP_MPI_INIT_ARRAY(
2999:Libs/mbedtls/library/ecp.c ****     x25519_bad_point_1);
3000:Libs/mbedtls/library/ecp.c **** static const mbedtls_mpi ecp_x25519_bad_point_2 = ECP_MPI_INIT_ARRAY(
3001:Libs/mbedtls/library/ecp.c ****     x25519_bad_point_2);
3002:Libs/mbedtls/library/ecp.c **** #endif /* MBEDTLS_ECP_DP_CURVE25519_ENABLED */
3003:Libs/mbedtls/library/ecp.c **** 
3004:Libs/mbedtls/library/ecp.c **** /*
3005:Libs/mbedtls/library/ecp.c ****  * Check that the input point is not one of the low-order points.
3006:Libs/mbedtls/library/ecp.c ****  * This is recommended by the "May the Fourth" paper:
3007:Libs/mbedtls/library/ecp.c ****  * https://eprint.iacr.org/2017/806.pdf
3008:Libs/mbedtls/library/ecp.c ****  * Those points are never sent by an honest peer.
3009:Libs/mbedtls/library/ecp.c ****  */
3010:Libs/mbedtls/library/ecp.c **** static int ecp_check_bad_points_mx(const mbedtls_mpi *X, const mbedtls_mpi *P,
3011:Libs/mbedtls/library/ecp.c ****                                    const mbedtls_ecp_group_id grp_id)
3012:Libs/mbedtls/library/ecp.c **** {
3013:Libs/mbedtls/library/ecp.c ****     int ret;
3014:Libs/mbedtls/library/ecp.c ****     mbedtls_mpi XmP;
3015:Libs/mbedtls/library/ecp.c **** 
3016:Libs/mbedtls/library/ecp.c ****     mbedtls_mpi_init(&XmP);
3017:Libs/mbedtls/library/ecp.c **** 
3018:Libs/mbedtls/library/ecp.c ****     /* Reduce X mod P so that we only need to check values less than P.
3019:Libs/mbedtls/library/ecp.c ****      * We know X < 2^256 so we can proceed by subtraction. */
3020:Libs/mbedtls/library/ecp.c ****     MBEDTLS_MPI_CHK(mbedtls_mpi_copy(&XmP, X));
3021:Libs/mbedtls/library/ecp.c ****     while (mbedtls_mpi_cmp_mpi(&XmP, P) >= 0) {
3022:Libs/mbedtls/library/ecp.c ****         MBEDTLS_MPI_CHK(mbedtls_mpi_sub_mpi(&XmP, &XmP, P));
3023:Libs/mbedtls/library/ecp.c ****     }
3024:Libs/mbedtls/library/ecp.c **** 
3025:Libs/mbedtls/library/ecp.c ****     /* Check against the known bad values that are less than P. For Curve448
3026:Libs/mbedtls/library/ecp.c ****      * these are 0, 1 and -1. For Curve25519 we check the values less than P
3027:Libs/mbedtls/library/ecp.c ****      * from the following list: https://cr.yp.to/ecdh.html#validate */
3028:Libs/mbedtls/library/ecp.c ****     if (mbedtls_mpi_cmp_int(&XmP, 1) <= 0) {  /* takes care of 0 and 1 */
3029:Libs/mbedtls/library/ecp.c ****         ret = MBEDTLS_ERR_ECP_INVALID_KEY;
3030:Libs/mbedtls/library/ecp.c ****         goto cleanup;
3031:Libs/mbedtls/library/ecp.c ****     }
3032:Libs/mbedtls/library/ecp.c **** 
3033:Libs/mbedtls/library/ecp.c **** #if defined(MBEDTLS_ECP_DP_CURVE25519_ENABLED)
3034:Libs/mbedtls/library/ecp.c ****     if (grp_id == MBEDTLS_ECP_DP_CURVE25519) {
3035:Libs/mbedtls/library/ecp.c ****         if (mbedtls_mpi_cmp_mpi(&XmP, &ecp_x25519_bad_point_1) == 0) {
3036:Libs/mbedtls/library/ecp.c ****             ret = MBEDTLS_ERR_ECP_INVALID_KEY;
3037:Libs/mbedtls/library/ecp.c ****             goto cleanup;
3038:Libs/mbedtls/library/ecp.c ****         }
3039:Libs/mbedtls/library/ecp.c **** 
3040:Libs/mbedtls/library/ecp.c ****         if (mbedtls_mpi_cmp_mpi(&XmP, &ecp_x25519_bad_point_2) == 0) {
3041:Libs/mbedtls/library/ecp.c ****             ret = MBEDTLS_ERR_ECP_INVALID_KEY;
3042:Libs/mbedtls/library/ecp.c ****             goto cleanup;
ARM GAS  C:\Users\nicx5\AppData\Local\Temp\ccosdxRQ.s 			page 105


3043:Libs/mbedtls/library/ecp.c ****         }
3044:Libs/mbedtls/library/ecp.c ****     }
3045:Libs/mbedtls/library/ecp.c **** #else
3046:Libs/mbedtls/library/ecp.c ****     (void) grp_id;
3047:Libs/mbedtls/library/ecp.c **** #endif
3048:Libs/mbedtls/library/ecp.c **** 
3049:Libs/mbedtls/library/ecp.c ****     /* Final check: check if XmP + 1 is P (final because it changes XmP!) */
3050:Libs/mbedtls/library/ecp.c ****     MBEDTLS_MPI_CHK(mbedtls_mpi_add_int(&XmP, &XmP, 1));
3051:Libs/mbedtls/library/ecp.c ****     if (mbedtls_mpi_cmp_mpi(&XmP, P) == 0) {
3052:Libs/mbedtls/library/ecp.c ****         ret = MBEDTLS_ERR_ECP_INVALID_KEY;
3053:Libs/mbedtls/library/ecp.c ****         goto cleanup;
3054:Libs/mbedtls/library/ecp.c ****     }
3055:Libs/mbedtls/library/ecp.c **** 
3056:Libs/mbedtls/library/ecp.c ****     ret = 0;
3057:Libs/mbedtls/library/ecp.c **** 
3058:Libs/mbedtls/library/ecp.c **** cleanup:
3059:Libs/mbedtls/library/ecp.c ****     mbedtls_mpi_free(&XmP);
3060:Libs/mbedtls/library/ecp.c **** 
3061:Libs/mbedtls/library/ecp.c ****     return ret;
3062:Libs/mbedtls/library/ecp.c **** }
3063:Libs/mbedtls/library/ecp.c **** 
3064:Libs/mbedtls/library/ecp.c **** /*
3065:Libs/mbedtls/library/ecp.c ****  * Check validity of a public key for Montgomery curves with x-only schemes
3066:Libs/mbedtls/library/ecp.c ****  */
3067:Libs/mbedtls/library/ecp.c **** static int ecp_check_pubkey_mx(const mbedtls_ecp_group *grp, const mbedtls_ecp_point *pt)
3068:Libs/mbedtls/library/ecp.c **** {
3069:Libs/mbedtls/library/ecp.c ****     /* [Curve25519 p. 5] Just check X is the correct number of bytes */
3070:Libs/mbedtls/library/ecp.c ****     /* Allow any public value, if it's too big then we'll just reduce it mod p
3071:Libs/mbedtls/library/ecp.c ****      * (RFC 7748 sec. 5 para. 3). */
3072:Libs/mbedtls/library/ecp.c ****     if (mbedtls_mpi_size(&pt->X) > (grp->nbits + 7) / 8) {
3073:Libs/mbedtls/library/ecp.c ****         return MBEDTLS_ERR_ECP_INVALID_KEY;
3074:Libs/mbedtls/library/ecp.c ****     }
3075:Libs/mbedtls/library/ecp.c **** 
3076:Libs/mbedtls/library/ecp.c ****     /* Implicit in all standards (as they don't consider negative numbers):
3077:Libs/mbedtls/library/ecp.c ****      * X must be non-negative. This is normally ensured by the way it's
3078:Libs/mbedtls/library/ecp.c ****      * encoded for transmission, but let's be extra sure. */
3079:Libs/mbedtls/library/ecp.c ****     if (mbedtls_mpi_cmp_int(&pt->X, 0) < 0) {
3080:Libs/mbedtls/library/ecp.c ****         return MBEDTLS_ERR_ECP_INVALID_KEY;
3081:Libs/mbedtls/library/ecp.c ****     }
3082:Libs/mbedtls/library/ecp.c **** 
3083:Libs/mbedtls/library/ecp.c ****     return ecp_check_bad_points_mx(&pt->X, &grp->P, grp->id);
3084:Libs/mbedtls/library/ecp.c **** }
3085:Libs/mbedtls/library/ecp.c **** #endif /* MBEDTLS_ECP_MONTGOMERY_ENABLED */
3086:Libs/mbedtls/library/ecp.c **** 
3087:Libs/mbedtls/library/ecp.c **** /*
3088:Libs/mbedtls/library/ecp.c ****  * Check that a point is valid as a public key
3089:Libs/mbedtls/library/ecp.c ****  */
3090:Libs/mbedtls/library/ecp.c **** int mbedtls_ecp_check_pubkey(const mbedtls_ecp_group *grp,
3091:Libs/mbedtls/library/ecp.c ****                              const mbedtls_ecp_point *pt)
3092:Libs/mbedtls/library/ecp.c **** {
3093:Libs/mbedtls/library/ecp.c ****     ECP_VALIDATE_RET(grp != NULL);
3094:Libs/mbedtls/library/ecp.c ****     ECP_VALIDATE_RET(pt  != NULL);
3095:Libs/mbedtls/library/ecp.c **** 
3096:Libs/mbedtls/library/ecp.c ****     /* Must use affine coordinates */
3097:Libs/mbedtls/library/ecp.c ****     if (mbedtls_mpi_cmp_int(&pt->Z, 1) != 0) {
3098:Libs/mbedtls/library/ecp.c ****         return MBEDTLS_ERR_ECP_INVALID_KEY;
3099:Libs/mbedtls/library/ecp.c ****     }
ARM GAS  C:\Users\nicx5\AppData\Local\Temp\ccosdxRQ.s 			page 106


3100:Libs/mbedtls/library/ecp.c **** 
3101:Libs/mbedtls/library/ecp.c **** #if defined(MBEDTLS_ECP_MONTGOMERY_ENABLED)
3102:Libs/mbedtls/library/ecp.c ****     if (mbedtls_ecp_get_type(grp) == MBEDTLS_ECP_TYPE_MONTGOMERY) {
3103:Libs/mbedtls/library/ecp.c ****         return ecp_check_pubkey_mx(grp, pt);
3104:Libs/mbedtls/library/ecp.c ****     }
3105:Libs/mbedtls/library/ecp.c **** #endif
3106:Libs/mbedtls/library/ecp.c **** #if defined(MBEDTLS_ECP_SHORT_WEIERSTRASS_ENABLED)
3107:Libs/mbedtls/library/ecp.c ****     if (mbedtls_ecp_get_type(grp) == MBEDTLS_ECP_TYPE_SHORT_WEIERSTRASS) {
3108:Libs/mbedtls/library/ecp.c ****         return ecp_check_pubkey_sw(grp, pt);
3109:Libs/mbedtls/library/ecp.c ****     }
3110:Libs/mbedtls/library/ecp.c **** #endif
3111:Libs/mbedtls/library/ecp.c ****     return MBEDTLS_ERR_ECP_BAD_INPUT_DATA;
3112:Libs/mbedtls/library/ecp.c **** }
3113:Libs/mbedtls/library/ecp.c **** 
3114:Libs/mbedtls/library/ecp.c **** /*
3115:Libs/mbedtls/library/ecp.c ****  * Check that an mbedtls_mpi is valid as a private key
3116:Libs/mbedtls/library/ecp.c ****  */
3117:Libs/mbedtls/library/ecp.c **** int mbedtls_ecp_check_privkey(const mbedtls_ecp_group *grp,
3118:Libs/mbedtls/library/ecp.c ****                               const mbedtls_mpi *d)
3119:Libs/mbedtls/library/ecp.c **** {
3120:Libs/mbedtls/library/ecp.c ****     ECP_VALIDATE_RET(grp != NULL);
3121:Libs/mbedtls/library/ecp.c ****     ECP_VALIDATE_RET(d   != NULL);
3122:Libs/mbedtls/library/ecp.c **** 
3123:Libs/mbedtls/library/ecp.c **** #if defined(MBEDTLS_ECP_MONTGOMERY_ENABLED)
3124:Libs/mbedtls/library/ecp.c ****     if (mbedtls_ecp_get_type(grp) == MBEDTLS_ECP_TYPE_MONTGOMERY) {
3125:Libs/mbedtls/library/ecp.c ****         /* see RFC 7748 sec. 5 para. 5 */
3126:Libs/mbedtls/library/ecp.c ****         if (mbedtls_mpi_get_bit(d, 0) != 0 ||
3127:Libs/mbedtls/library/ecp.c ****             mbedtls_mpi_get_bit(d, 1) != 0 ||
3128:Libs/mbedtls/library/ecp.c ****             mbedtls_mpi_bitlen(d) - 1 != grp->nbits) {  /* mbedtls_mpi_bitlen is one-based! */
3129:Libs/mbedtls/library/ecp.c ****             return MBEDTLS_ERR_ECP_INVALID_KEY;
3130:Libs/mbedtls/library/ecp.c ****         }
3131:Libs/mbedtls/library/ecp.c **** 
3132:Libs/mbedtls/library/ecp.c ****         /* see [Curve25519] page 5 */
3133:Libs/mbedtls/library/ecp.c ****         if (grp->nbits == 254 && mbedtls_mpi_get_bit(d, 2) != 0) {
3134:Libs/mbedtls/library/ecp.c ****             return MBEDTLS_ERR_ECP_INVALID_KEY;
3135:Libs/mbedtls/library/ecp.c ****         }
3136:Libs/mbedtls/library/ecp.c **** 
3137:Libs/mbedtls/library/ecp.c ****         return 0;
3138:Libs/mbedtls/library/ecp.c ****     }
3139:Libs/mbedtls/library/ecp.c **** #endif /* MBEDTLS_ECP_MONTGOMERY_ENABLED */
3140:Libs/mbedtls/library/ecp.c **** #if defined(MBEDTLS_ECP_SHORT_WEIERSTRASS_ENABLED)
3141:Libs/mbedtls/library/ecp.c ****     if (mbedtls_ecp_get_type(grp) == MBEDTLS_ECP_TYPE_SHORT_WEIERSTRASS) {
3142:Libs/mbedtls/library/ecp.c ****         /* see SEC1 3.2 */
3143:Libs/mbedtls/library/ecp.c ****         if (mbedtls_mpi_cmp_int(d, 1) < 0 ||
3144:Libs/mbedtls/library/ecp.c ****             mbedtls_mpi_cmp_mpi(d, &grp->N) >= 0) {
3145:Libs/mbedtls/library/ecp.c ****             return MBEDTLS_ERR_ECP_INVALID_KEY;
3146:Libs/mbedtls/library/ecp.c ****         } else {
3147:Libs/mbedtls/library/ecp.c ****             return 0;
3148:Libs/mbedtls/library/ecp.c ****         }
3149:Libs/mbedtls/library/ecp.c ****     }
3150:Libs/mbedtls/library/ecp.c **** #endif /* MBEDTLS_ECP_SHORT_WEIERSTRASS_ENABLED */
3151:Libs/mbedtls/library/ecp.c **** 
3152:Libs/mbedtls/library/ecp.c ****     return MBEDTLS_ERR_ECP_BAD_INPUT_DATA;
3153:Libs/mbedtls/library/ecp.c **** }
3154:Libs/mbedtls/library/ecp.c **** 
3155:Libs/mbedtls/library/ecp.c **** #if defined(MBEDTLS_ECP_MONTGOMERY_ENABLED)
3156:Libs/mbedtls/library/ecp.c **** MBEDTLS_STATIC_TESTABLE
ARM GAS  C:\Users\nicx5\AppData\Local\Temp\ccosdxRQ.s 			page 107


3157:Libs/mbedtls/library/ecp.c **** int mbedtls_ecp_gen_privkey_mx(size_t high_bit,
3158:Libs/mbedtls/library/ecp.c ****                                mbedtls_mpi *d,
3159:Libs/mbedtls/library/ecp.c ****                                int (*f_rng)(void *, unsigned char *, size_t),
3160:Libs/mbedtls/library/ecp.c ****                                void *p_rng)
3161:Libs/mbedtls/library/ecp.c **** {
3162:Libs/mbedtls/library/ecp.c ****     int ret = MBEDTLS_ERR_ECP_BAD_INPUT_DATA;
3163:Libs/mbedtls/library/ecp.c ****     size_t n_random_bytes = high_bit / 8 + 1;
3164:Libs/mbedtls/library/ecp.c **** 
3165:Libs/mbedtls/library/ecp.c ****     /* [Curve25519] page 5 */
3166:Libs/mbedtls/library/ecp.c ****     /* Generate a (high_bit+1)-bit random number by generating just enough
3167:Libs/mbedtls/library/ecp.c ****      * random bytes, then shifting out extra bits from the top (necessary
3168:Libs/mbedtls/library/ecp.c ****      * when (high_bit+1) is not a multiple of 8). */
3169:Libs/mbedtls/library/ecp.c ****     MBEDTLS_MPI_CHK(mbedtls_mpi_fill_random(d, n_random_bytes,
3170:Libs/mbedtls/library/ecp.c ****                                             f_rng, p_rng));
3171:Libs/mbedtls/library/ecp.c ****     MBEDTLS_MPI_CHK(mbedtls_mpi_shift_r(d, 8 * n_random_bytes - high_bit - 1));
3172:Libs/mbedtls/library/ecp.c **** 
3173:Libs/mbedtls/library/ecp.c ****     MBEDTLS_MPI_CHK(mbedtls_mpi_set_bit(d, high_bit, 1));
3174:Libs/mbedtls/library/ecp.c **** 
3175:Libs/mbedtls/library/ecp.c ****     /* Make sure the last two bits are unset for Curve448, three bits for
3176:Libs/mbedtls/library/ecp.c ****        Curve25519 */
3177:Libs/mbedtls/library/ecp.c ****     MBEDTLS_MPI_CHK(mbedtls_mpi_set_bit(d, 0, 0));
3178:Libs/mbedtls/library/ecp.c ****     MBEDTLS_MPI_CHK(mbedtls_mpi_set_bit(d, 1, 0));
3179:Libs/mbedtls/library/ecp.c ****     if (high_bit == 254) {
3180:Libs/mbedtls/library/ecp.c ****         MBEDTLS_MPI_CHK(mbedtls_mpi_set_bit(d, 2, 0));
3181:Libs/mbedtls/library/ecp.c ****     }
3182:Libs/mbedtls/library/ecp.c **** 
3183:Libs/mbedtls/library/ecp.c **** cleanup:
3184:Libs/mbedtls/library/ecp.c ****     return ret;
3185:Libs/mbedtls/library/ecp.c **** }
3186:Libs/mbedtls/library/ecp.c **** #endif /* MBEDTLS_ECP_MONTGOMERY_ENABLED */
3187:Libs/mbedtls/library/ecp.c **** 
3188:Libs/mbedtls/library/ecp.c **** #if defined(MBEDTLS_ECP_SHORT_WEIERSTRASS_ENABLED)
3189:Libs/mbedtls/library/ecp.c **** static int mbedtls_ecp_gen_privkey_sw(
3190:Libs/mbedtls/library/ecp.c ****     const mbedtls_mpi *N, mbedtls_mpi *d,
3191:Libs/mbedtls/library/ecp.c ****     int (*f_rng)(void *, unsigned char *, size_t), void *p_rng)
3192:Libs/mbedtls/library/ecp.c **** {
 2292              		.loc 1 3192 1 is_stmt 1 view -0
 2293              		.cfi_startproc
 2294              		@ args = 0, pretend = 0, frame = 0
 2295              		@ frame_needed = 0, uses_anonymous_args = 0
 2296              		.loc 1 3192 1 is_stmt 0 view .LVU637
 2297 0000 00B5     		push	{lr}
 2298              	.LCFI33:
 2299              		.cfi_def_cfa_offset 4
 2300              		.cfi_offset 14, -4
 2301 0002 83B0     		sub	sp, sp, #12
 2302              	.LCFI34:
 2303              		.cfi_def_cfa_offset 16
 2304 0004 8446     		mov	ip, r0
 2305 0006 0846     		mov	r0, r1
 2306              	.LVL297:
3193:Libs/mbedtls/library/ecp.c ****     int ret = mbedtls_mpi_random(d, 1, N, f_rng, p_rng);
 2307              		.loc 1 3193 5 is_stmt 1 view .LVU638
 2308              		.loc 1 3193 15 is_stmt 0 view .LVU639
 2309 0008 0093     		str	r3, [sp]
 2310 000a 1346     		mov	r3, r2
 2311              	.LVL298:
ARM GAS  C:\Users\nicx5\AppData\Local\Temp\ccosdxRQ.s 			page 108


 2312              		.loc 1 3193 15 view .LVU640
 2313 000c 6246     		mov	r2, ip
 2314              	.LVL299:
 2315              		.loc 1 3193 15 view .LVU641
 2316 000e 0121     		movs	r1, #1
 2317              	.LVL300:
 2318              		.loc 1 3193 15 view .LVU642
 2319 0010 FFF7FEFF 		bl	mbedtls_mpi_random
 2320              	.LVL301:
3194:Libs/mbedtls/library/ecp.c ****     switch (ret) {
 2321              		.loc 1 3194 5 is_stmt 1 view .LVU643
 2322 0014 10F10E0F 		cmn	r0, #14
 2323 0018 02D0     		beq	.L116
 2324              	.LVL302:
 2325              	.L113:
3195:Libs/mbedtls/library/ecp.c ****         case MBEDTLS_ERR_MPI_NOT_ACCEPTABLE:
3196:Libs/mbedtls/library/ecp.c ****             return MBEDTLS_ERR_ECP_RANDOM_FAILED;
3197:Libs/mbedtls/library/ecp.c ****         default:
3198:Libs/mbedtls/library/ecp.c ****             return ret;
3199:Libs/mbedtls/library/ecp.c ****     }
3200:Libs/mbedtls/library/ecp.c **** }
 2326              		.loc 1 3200 1 is_stmt 0 view .LVU644
 2327 001a 03B0     		add	sp, sp, #12
 2328              	.LCFI35:
 2329              		.cfi_remember_state
 2330              		.cfi_def_cfa_offset 4
 2331              		@ sp needed
 2332 001c 5DF804FB 		ldr	pc, [sp], #4
 2333              	.LVL303:
 2334              	.L116:
 2335              	.LCFI36:
 2336              		.cfi_restore_state
3196:Libs/mbedtls/library/ecp.c ****         default:
 2337              		.loc 1 3196 20 view .LVU645
 2338 0020 0048     		ldr	r0, .L117
 2339              	.LVL304:
3196:Libs/mbedtls/library/ecp.c ****         default:
 2340              		.loc 1 3196 20 view .LVU646
 2341 0022 FAE7     		b	.L113
 2342              	.L118:
 2343              		.align	2
 2344              	.L117:
 2345 0024 00B3FFFF 		.word	-19712
 2346              		.cfi_endproc
 2347              	.LFE59:
 2349              		.section	.text.ecp_check_pubkey_sw,"ax",%progbits
 2350              		.align	1
 2351              		.syntax unified
 2352              		.thumb
 2353              		.thumb_func
 2355              	ecp_check_pubkey_sw:
 2356              	.LVL305:
 2357              	.LFB53:
2775:Libs/mbedtls/library/ecp.c ****     int ret = MBEDTLS_ERR_ERROR_CORRUPTION_DETECTED;
 2358              		.loc 1 2775 1 is_stmt 1 view -0
 2359              		.cfi_startproc
 2360              		@ args = 0, pretend = 0, frame = 24
ARM GAS  C:\Users\nicx5\AppData\Local\Temp\ccosdxRQ.s 			page 109


 2361              		@ frame_needed = 0, uses_anonymous_args = 0
2775:Libs/mbedtls/library/ecp.c ****     int ret = MBEDTLS_ERR_ERROR_CORRUPTION_DETECTED;
 2362              		.loc 1 2775 1 is_stmt 0 view .LVU648
 2363 0000 F0B5     		push	{r4, r5, r6, r7, lr}
 2364              	.LCFI37:
 2365              		.cfi_def_cfa_offset 20
 2366              		.cfi_offset 4, -20
 2367              		.cfi_offset 5, -16
 2368              		.cfi_offset 6, -12
 2369              		.cfi_offset 7, -8
 2370              		.cfi_offset 14, -4
 2371 0002 87B0     		sub	sp, sp, #28
 2372              	.LCFI38:
 2373              		.cfi_def_cfa_offset 48
 2374 0004 0746     		mov	r7, r0
 2375 0006 0C46     		mov	r4, r1
2776:Libs/mbedtls/library/ecp.c ****     mbedtls_mpi YY, RHS;
 2376              		.loc 1 2776 5 is_stmt 1 view .LVU649
 2377              	.LVL306:
2777:Libs/mbedtls/library/ecp.c **** 
 2378              		.loc 1 2777 5 view .LVU650
2780:Libs/mbedtls/library/ecp.c ****         mbedtls_mpi_cmp_int(&pt->Y, 0) < 0 ||
 2379              		.loc 1 2780 5 view .LVU651
2780:Libs/mbedtls/library/ecp.c ****         mbedtls_mpi_cmp_int(&pt->Y, 0) < 0 ||
 2380              		.loc 1 2780 9 is_stmt 0 view .LVU652
 2381 0008 0021     		movs	r1, #0
 2382              	.LVL307:
2780:Libs/mbedtls/library/ecp.c ****         mbedtls_mpi_cmp_int(&pt->Y, 0) < 0 ||
 2383              		.loc 1 2780 9 view .LVU653
 2384 000a 2046     		mov	r0, r4
 2385              	.LVL308:
2780:Libs/mbedtls/library/ecp.c ****         mbedtls_mpi_cmp_int(&pt->Y, 0) < 0 ||
 2386              		.loc 1 2780 9 view .LVU654
 2387 000c FFF7FEFF 		bl	mbedtls_mpi_cmp_int
 2388              	.LVL309:
2780:Libs/mbedtls/library/ecp.c ****         mbedtls_mpi_cmp_int(&pt->Y, 0) < 0 ||
 2389              		.loc 1 2780 8 discriminator 1 view .LVU655
 2390 0010 0028     		cmp	r0, #0
 2391 0012 2BDB     		blt	.L120
2781:Libs/mbedtls/library/ecp.c ****         mbedtls_mpi_cmp_mpi(&pt->X, &grp->P) >= 0 ||
 2392              		.loc 1 2781 9 view .LVU656
 2393 0014 04F10C05 		add	r5, r4, #12
 2394 0018 0021     		movs	r1, #0
 2395 001a 2846     		mov	r0, r5
 2396 001c FFF7FEFF 		bl	mbedtls_mpi_cmp_int
 2397              	.LVL310:
2780:Libs/mbedtls/library/ecp.c ****         mbedtls_mpi_cmp_int(&pt->Y, 0) < 0 ||
 2398              		.loc 1 2780 44 discriminator 1 view .LVU657
 2399 0020 0028     		cmp	r0, #0
 2400 0022 23DB     		blt	.L120
2782:Libs/mbedtls/library/ecp.c ****         mbedtls_mpi_cmp_mpi(&pt->Y, &grp->P) >= 0) {
 2401              		.loc 1 2782 9 view .LVU658
 2402 0024 3E1D     		adds	r6, r7, #4
 2403 0026 3146     		mov	r1, r6
 2404 0028 2046     		mov	r0, r4
 2405 002a FFF7FEFF 		bl	mbedtls_mpi_cmp_mpi
 2406              	.LVL311:
ARM GAS  C:\Users\nicx5\AppData\Local\Temp\ccosdxRQ.s 			page 110


2781:Libs/mbedtls/library/ecp.c ****         mbedtls_mpi_cmp_mpi(&pt->X, &grp->P) >= 0 ||
 2407              		.loc 1 2781 44 view .LVU659
 2408 002e 0028     		cmp	r0, #0
 2409 0030 1CDA     		bge	.L120
2783:Libs/mbedtls/library/ecp.c ****         return MBEDTLS_ERR_ECP_INVALID_KEY;
 2410              		.loc 1 2783 9 view .LVU660
 2411 0032 3146     		mov	r1, r6
 2412 0034 2846     		mov	r0, r5
 2413 0036 FFF7FEFF 		bl	mbedtls_mpi_cmp_mpi
 2414              	.LVL312:
2782:Libs/mbedtls/library/ecp.c ****         mbedtls_mpi_cmp_mpi(&pt->Y, &grp->P) >= 0) {
 2415              		.loc 1 2782 51 view .LVU661
 2416 003a 0028     		cmp	r0, #0
 2417 003c 16DA     		bge	.L120
2787:Libs/mbedtls/library/ecp.c **** 
 2418              		.loc 1 2787 5 is_stmt 1 view .LVU662
 2419 003e 03A8     		add	r0, sp, #12
 2420 0040 FFF7FEFF 		bl	mbedtls_mpi_init
 2421              	.LVL313:
2787:Libs/mbedtls/library/ecp.c **** 
 2422              		.loc 1 2787 28 discriminator 1 view .LVU663
 2423 0044 6846     		mov	r0, sp
 2424 0046 FFF7FEFF 		bl	mbedtls_mpi_init
 2425              	.LVL314:
2793:Libs/mbedtls/library/ecp.c ****     MBEDTLS_MPI_CHK(mbedtls_mpi_mul_mod(grp, &RHS, &pt->X,   &pt->X));
 2426              		.loc 1 2793 5 view .LVU664
2793:Libs/mbedtls/library/ecp.c ****     MBEDTLS_MPI_CHK(mbedtls_mpi_mul_mod(grp, &RHS, &pt->X,   &pt->X));
 2427              		.loc 1 2793 5 view .LVU665
 2428 004a 2B46     		mov	r3, r5
 2429 004c 2A46     		mov	r2, r5
 2430 004e 03A9     		add	r1, sp, #12
 2431 0050 3846     		mov	r0, r7
 2432 0052 FFF7FEFF 		bl	mbedtls_mpi_mul_mod
 2433              	.LVL315:
2793:Libs/mbedtls/library/ecp.c ****     MBEDTLS_MPI_CHK(mbedtls_mpi_mul_mod(grp, &RHS, &pt->X,   &pt->X));
 2434              		.loc 1 2793 5 is_stmt 0 discriminator 1 view .LVU666
 2435 0056 0546     		mov	r5, r0
 2436 0058 50B1     		cbz	r0, .L130
 2437              	.LVL316:
 2438              	.L123:
2812:Libs/mbedtls/library/ecp.c **** 
 2439              		.loc 1 2812 5 is_stmt 1 view .LVU667
 2440 005a 03A8     		add	r0, sp, #12
 2441 005c FFF7FEFF 		bl	mbedtls_mpi_free
 2442              	.LVL317:
2812:Libs/mbedtls/library/ecp.c **** 
 2443              		.loc 1 2812 28 discriminator 1 view .LVU668
 2444 0060 6846     		mov	r0, sp
 2445 0062 FFF7FEFF 		bl	mbedtls_mpi_free
 2446              	.LVL318:
2814:Libs/mbedtls/library/ecp.c **** }
 2447              		.loc 1 2814 5 view .LVU669
 2448              	.L119:
2815:Libs/mbedtls/library/ecp.c **** #endif /* MBEDTLS_ECP_SHORT_WEIERSTRASS_ENABLED */
 2449              		.loc 1 2815 1 is_stmt 0 view .LVU670
 2450 0066 2846     		mov	r0, r5
 2451 0068 07B0     		add	sp, sp, #28
ARM GAS  C:\Users\nicx5\AppData\Local\Temp\ccosdxRQ.s 			page 111


 2452              	.LCFI39:
 2453              		.cfi_remember_state
 2454              		.cfi_def_cfa_offset 20
 2455              		@ sp needed
 2456 006a F0BD     		pop	{r4, r5, r6, r7, pc}
 2457              	.LVL319:
 2458              	.L120:
 2459              	.LCFI40:
 2460              		.cfi_restore_state
2784:Libs/mbedtls/library/ecp.c ****     }
 2461              		.loc 1 2784 9 is_stmt 1 view .LVU671
2784:Libs/mbedtls/library/ecp.c ****     }
 2462              		.loc 1 2784 16 is_stmt 0 view .LVU672
 2463 006c 254D     		ldr	r5, .L132
 2464 006e FAE7     		b	.L119
 2465              	.LVL320:
 2466              	.L130:
2793:Libs/mbedtls/library/ecp.c ****     MBEDTLS_MPI_CHK(mbedtls_mpi_mul_mod(grp, &RHS, &pt->X,   &pt->X));
 2467              		.loc 1 2793 5 is_stmt 1 discriminator 2 view .LVU673
2794:Libs/mbedtls/library/ecp.c **** 
 2468              		.loc 1 2794 5 view .LVU674
2794:Libs/mbedtls/library/ecp.c **** 
 2469              		.loc 1 2794 5 view .LVU675
 2470 0070 2346     		mov	r3, r4
 2471 0072 2246     		mov	r2, r4
 2472 0074 6946     		mov	r1, sp
 2473 0076 3846     		mov	r0, r7
 2474              	.LVL321:
2794:Libs/mbedtls/library/ecp.c **** 
 2475              		.loc 1 2794 5 is_stmt 0 view .LVU676
 2476 0078 FFF7FEFF 		bl	mbedtls_mpi_mul_mod
 2477              	.LVL322:
2794:Libs/mbedtls/library/ecp.c **** 
 2478              		.loc 1 2794 5 discriminator 1 view .LVU677
 2479 007c 0546     		mov	r5, r0
 2480 007e 0028     		cmp	r0, #0
 2481 0080 EBD1     		bne	.L123
2794:Libs/mbedtls/library/ecp.c **** 
 2482              		.loc 1 2794 5 is_stmt 1 discriminator 2 view .LVU678
2797:Libs/mbedtls/library/ecp.c ****         MBEDTLS_MPI_CHK(mbedtls_mpi_sub_int(&RHS, &RHS, 3));  MOD_SUB(RHS);
 2483              		.loc 1 2797 5 view .LVU679
2797:Libs/mbedtls/library/ecp.c ****         MBEDTLS_MPI_CHK(mbedtls_mpi_sub_int(&RHS, &RHS, 3));  MOD_SUB(RHS);
 2484              		.loc 1 2797 15 is_stmt 0 view .LVU680
 2485 0082 BB69     		ldr	r3, [r7, #24]
2797:Libs/mbedtls/library/ecp.c ****         MBEDTLS_MPI_CHK(mbedtls_mpi_sub_int(&RHS, &RHS, 3));  MOD_SUB(RHS);
 2486              		.loc 1 2797 8 view .LVU681
 2487 0084 23B3     		cbz	r3, .L131
2800:Libs/mbedtls/library/ecp.c ****     }
 2488              		.loc 1 2800 9 is_stmt 1 view .LVU682
2800:Libs/mbedtls/library/ecp.c ****     }
 2489              		.loc 1 2800 9 view .LVU683
 2490 0086 07F11003 		add	r3, r7, #16
 2491 008a 6A46     		mov	r2, sp
 2492 008c 6946     		mov	r1, sp
 2493 008e 3846     		mov	r0, r7
 2494              	.LVL323:
2800:Libs/mbedtls/library/ecp.c ****     }
ARM GAS  C:\Users\nicx5\AppData\Local\Temp\ccosdxRQ.s 			page 112


 2495              		.loc 1 2800 9 is_stmt 0 view .LVU684
 2496 0090 FFF7FEFF 		bl	mbedtls_mpi_add_mod
 2497              	.LVL324:
2800:Libs/mbedtls/library/ecp.c ****     }
 2498              		.loc 1 2800 9 discriminator 1 view .LVU685
 2499 0094 0546     		mov	r5, r0
 2500 0096 0028     		cmp	r0, #0
 2501 0098 DFD1     		bne	.L123
 2502              	.LVL325:
 2503              	.L126:
2800:Libs/mbedtls/library/ecp.c ****     }
 2504              		.loc 1 2800 9 is_stmt 1 discriminator 2 view .LVU686
2803:Libs/mbedtls/library/ecp.c ****     MBEDTLS_MPI_CHK(mbedtls_mpi_add_mod(grp, &RHS, &RHS,     &grp->B));
 2505              		.loc 1 2803 5 view .LVU687
2803:Libs/mbedtls/library/ecp.c ****     MBEDTLS_MPI_CHK(mbedtls_mpi_add_mod(grp, &RHS, &RHS,     &grp->B));
 2506              		.loc 1 2803 5 view .LVU688
 2507 009a 2346     		mov	r3, r4
 2508 009c 6A46     		mov	r2, sp
 2509 009e 6946     		mov	r1, sp
 2510 00a0 3846     		mov	r0, r7
 2511 00a2 FFF7FEFF 		bl	mbedtls_mpi_mul_mod
 2512              	.LVL326:
2803:Libs/mbedtls/library/ecp.c ****     MBEDTLS_MPI_CHK(mbedtls_mpi_add_mod(grp, &RHS, &RHS,     &grp->B));
 2513              		.loc 1 2803 5 is_stmt 0 discriminator 1 view .LVU689
 2514 00a6 0546     		mov	r5, r0
 2515 00a8 0028     		cmp	r0, #0
 2516 00aa D6D1     		bne	.L123
2803:Libs/mbedtls/library/ecp.c ****     MBEDTLS_MPI_CHK(mbedtls_mpi_add_mod(grp, &RHS, &RHS,     &grp->B));
 2517              		.loc 1 2803 5 is_stmt 1 discriminator 2 view .LVU690
2804:Libs/mbedtls/library/ecp.c **** 
 2518              		.loc 1 2804 5 view .LVU691
2804:Libs/mbedtls/library/ecp.c **** 
 2519              		.loc 1 2804 5 view .LVU692
 2520 00ac 07F11C03 		add	r3, r7, #28
 2521 00b0 6A46     		mov	r2, sp
 2522 00b2 6946     		mov	r1, sp
 2523 00b4 3846     		mov	r0, r7
 2524              	.LVL327:
2804:Libs/mbedtls/library/ecp.c **** 
 2525              		.loc 1 2804 5 is_stmt 0 view .LVU693
 2526 00b6 FFF7FEFF 		bl	mbedtls_mpi_add_mod
 2527              	.LVL328:
2804:Libs/mbedtls/library/ecp.c **** 
 2528              		.loc 1 2804 5 discriminator 1 view .LVU694
 2529 00ba 0546     		mov	r5, r0
 2530 00bc 0028     		cmp	r0, #0
 2531 00be CCD1     		bne	.L123
2804:Libs/mbedtls/library/ecp.c **** 
 2532              		.loc 1 2804 5 is_stmt 1 discriminator 2 view .LVU695
2806:Libs/mbedtls/library/ecp.c ****         ret = MBEDTLS_ERR_ECP_INVALID_KEY;
 2533              		.loc 1 2806 5 view .LVU696
2806:Libs/mbedtls/library/ecp.c ****         ret = MBEDTLS_ERR_ECP_INVALID_KEY;
 2534              		.loc 1 2806 9 is_stmt 0 view .LVU697
 2535 00c0 6946     		mov	r1, sp
 2536 00c2 03A8     		add	r0, sp, #12
 2537              	.LVL329:
2806:Libs/mbedtls/library/ecp.c ****         ret = MBEDTLS_ERR_ECP_INVALID_KEY;
ARM GAS  C:\Users\nicx5\AppData\Local\Temp\ccosdxRQ.s 			page 113


 2538              		.loc 1 2806 9 view .LVU698
 2539 00c4 FFF7FEFF 		bl	mbedtls_mpi_cmp_mpi
 2540              	.LVL330:
2806:Libs/mbedtls/library/ecp.c ****         ret = MBEDTLS_ERR_ECP_INVALID_KEY;
 2541              		.loc 1 2806 8 discriminator 1 view .LVU699
 2542 00c8 0028     		cmp	r0, #0
 2543 00ca C6D0     		beq	.L123
2807:Libs/mbedtls/library/ecp.c ****     }
 2544              		.loc 1 2807 13 view .LVU700
 2545 00cc 0D4D     		ldr	r5, .L132
 2546              	.LVL331:
2807:Libs/mbedtls/library/ecp.c ****     }
 2547              		.loc 1 2807 13 view .LVU701
 2548 00ce C4E7     		b	.L123
 2549              	.LVL332:
 2550              	.L131:
2798:Libs/mbedtls/library/ecp.c ****     } else {
 2551              		.loc 1 2798 9 is_stmt 1 view .LVU702
2798:Libs/mbedtls/library/ecp.c ****     } else {
 2552              		.loc 1 2798 9 view .LVU703
 2553 00d0 0322     		movs	r2, #3
 2554 00d2 6946     		mov	r1, sp
 2555 00d4 6846     		mov	r0, sp
 2556              	.LVL333:
2798:Libs/mbedtls/library/ecp.c ****     } else {
 2557              		.loc 1 2798 9 is_stmt 0 view .LVU704
 2558 00d6 FFF7FEFF 		bl	mbedtls_mpi_sub_int
 2559              	.LVL334:
2798:Libs/mbedtls/library/ecp.c ****     } else {
 2560              		.loc 1 2798 9 discriminator 1 view .LVU705
 2561 00da 0546     		mov	r5, r0
 2562 00dc 0028     		cmp	r0, #0
 2563 00de BCD1     		bne	.L123
 2564              	.L125:
2798:Libs/mbedtls/library/ecp.c ****     } else {
 2565              		.loc 1 2798 63 is_stmt 1 discriminator 4 view .LVU706
2798:Libs/mbedtls/library/ecp.c ****     } else {
 2566              		.loc 1 2798 63 discriminator 4 view .LVU707
 2567 00e0 009B     		ldr	r3, [sp]
 2568 00e2 002B     		cmp	r3, #0
 2569 00e4 D9DA     		bge	.L126
2798:Libs/mbedtls/library/ecp.c ****     } else {
 2570              		.loc 1 2798 63 is_stmt 0 discriminator 5 view .LVU708
 2571 00e6 0021     		movs	r1, #0
 2572 00e8 6846     		mov	r0, sp
 2573              	.LVL335:
2798:Libs/mbedtls/library/ecp.c ****     } else {
 2574              		.loc 1 2798 63 discriminator 5 view .LVU709
 2575 00ea FFF7FEFF 		bl	mbedtls_mpi_cmp_int
 2576              	.LVL336:
2798:Libs/mbedtls/library/ecp.c ****     } else {
 2577              		.loc 1 2798 63 discriminator 1 view .LVU710
 2578 00ee 0028     		cmp	r0, #0
 2579 00f0 D3D0     		beq	.L126
2798:Libs/mbedtls/library/ecp.c ****     } else {
 2580              		.loc 1 2798 63 is_stmt 1 discriminator 6 view .LVU711
2798:Libs/mbedtls/library/ecp.c ****     } else {
ARM GAS  C:\Users\nicx5\AppData\Local\Temp\ccosdxRQ.s 			page 114


 2581              		.loc 1 2798 63 discriminator 6 view .LVU712
 2582 00f2 3246     		mov	r2, r6
 2583 00f4 6946     		mov	r1, sp
 2584 00f6 6846     		mov	r0, sp
 2585 00f8 FFF7FEFF 		bl	mbedtls_mpi_add_mpi
 2586              	.LVL337:
2798:Libs/mbedtls/library/ecp.c ****     } else {
 2587              		.loc 1 2798 63 is_stmt 0 discriminator 6 view .LVU713
 2588 00fc 0546     		mov	r5, r0
 2589 00fe 0028     		cmp	r0, #0
 2590 0100 EED0     		beq	.L125
 2591 0102 AAE7     		b	.L123
 2592              	.L133:
 2593              		.align	2
 2594              	.L132:
 2595 0104 80B3FFFF 		.word	-19584
 2596              		.cfi_endproc
 2597              	.LFE53:
 2599              		.section	.text.mbedtls_ecp_curve_list,"ax",%progbits
 2600              		.align	1
 2601              		.global	mbedtls_ecp_curve_list
 2602              		.syntax unified
 2603              		.thumb
 2604              		.thumb_func
 2606              	mbedtls_ecp_curve_list:
 2607              	.LFB7:
 548:Libs/mbedtls/library/ecp.c ****     return ecp_supported_curves;
 2608              		.loc 1 548 1 is_stmt 1 view -0
 2609              		.cfi_startproc
 2610              		@ args = 0, pretend = 0, frame = 0
 2611              		@ frame_needed = 0, uses_anonymous_args = 0
 2612              		@ link register save eliminated.
 549:Libs/mbedtls/library/ecp.c **** }
 2613              		.loc 1 549 5 view .LVU715
 550:Libs/mbedtls/library/ecp.c **** 
 2614              		.loc 1 550 1 is_stmt 0 view .LVU716
 2615 0000 0048     		ldr	r0, .L135
 2616 0002 7047     		bx	lr
 2617              	.L136:
 2618              		.align	2
 2619              	.L135:
 2620 0004 00000000 		.word	ecp_supported_curves
 2621              		.cfi_endproc
 2622              	.LFE7:
 2624              		.section	.text.mbedtls_ecp_grp_id_list,"ax",%progbits
 2625              		.align	1
 2626              		.global	mbedtls_ecp_grp_id_list
 2627              		.syntax unified
 2628              		.thumb
 2629              		.thumb_func
 2631              	mbedtls_ecp_grp_id_list:
 2632              	.LFB8:
 556:Libs/mbedtls/library/ecp.c ****     static int init_done = 0;
 2633              		.loc 1 556 1 is_stmt 1 view -0
 2634              		.cfi_startproc
 2635              		@ args = 0, pretend = 0, frame = 0
 2636              		@ frame_needed = 0, uses_anonymous_args = 0
ARM GAS  C:\Users\nicx5\AppData\Local\Temp\ccosdxRQ.s 			page 115


 2637 0000 08B5     		push	{r3, lr}
 2638              	.LCFI41:
 2639              		.cfi_def_cfa_offset 8
 2640              		.cfi_offset 3, -8
 2641              		.cfi_offset 14, -4
 557:Libs/mbedtls/library/ecp.c **** 
 2642              		.loc 1 557 5 view .LVU718
 559:Libs/mbedtls/library/ecp.c ****         size_t i = 0;
 2643              		.loc 1 559 5 view .LVU719
 559:Libs/mbedtls/library/ecp.c ****         size_t i = 0;
 2644              		.loc 1 559 9 is_stmt 0 view .LVU720
 2645 0002 0B4B     		ldr	r3, .L142
 2646 0004 1B68     		ldr	r3, [r3]
 559:Libs/mbedtls/library/ecp.c ****         size_t i = 0;
 2647              		.loc 1 559 8 view .LVU721
 2648 0006 83B9     		cbnz	r3, .L138
 2649              	.LBB2:
 560:Libs/mbedtls/library/ecp.c ****         const mbedtls_ecp_curve_info *curve_info;
 2650              		.loc 1 560 9 is_stmt 1 view .LVU722
 2651              	.LVL338:
 561:Libs/mbedtls/library/ecp.c **** 
 2652              		.loc 1 561 9 view .LVU723
 563:Libs/mbedtls/library/ecp.c ****              curve_info->grp_id != MBEDTLS_ECP_DP_NONE;
 2653              		.loc 1 563 9 view .LVU724
 563:Libs/mbedtls/library/ecp.c ****              curve_info->grp_id != MBEDTLS_ECP_DP_NONE;
 2654              		.loc 1 563 27 is_stmt 0 view .LVU725
 2655 0008 FFF7FEFF 		bl	mbedtls_ecp_curve_list
 2656              	.LVL339:
 560:Libs/mbedtls/library/ecp.c ****         const mbedtls_ecp_curve_info *curve_info;
 2657              		.loc 1 560 16 view .LVU726
 2658 000c 0022     		movs	r2, #0
 563:Libs/mbedtls/library/ecp.c ****              curve_info->grp_id != MBEDTLS_ECP_DP_NONE;
 2659              		.loc 1 563 9 view .LVU727
 2660 000e 03E0     		b	.L139
 2661              	.LVL340:
 2662              	.L140:
 566:Libs/mbedtls/library/ecp.c ****         }
 2663              		.loc 1 566 13 is_stmt 1 view .LVU728
 566:Libs/mbedtls/library/ecp.c ****         }
 2664              		.loc 1 566 39 is_stmt 0 view .LVU729
 2665 0010 0849     		ldr	r1, .L142+4
 2666 0012 8B54     		strb	r3, [r1, r2]
 565:Libs/mbedtls/library/ecp.c ****             ecp_supported_grp_id[i++] = curve_info->grp_id;
 2667              		.loc 1 565 24 is_stmt 1 view .LVU730
 2668 0014 0C30     		adds	r0, r0, #12
 2669              	.LVL341:
 566:Libs/mbedtls/library/ecp.c ****         }
 2670              		.loc 1 566 35 is_stmt 0 view .LVU731
 2671 0016 0132     		adds	r2, r2, #1
 2672              	.LVL342:
 2673              	.L139:
 564:Libs/mbedtls/library/ecp.c ****              curve_info++) {
 2674              		.loc 1 564 33 is_stmt 1 view .LVU732
 564:Libs/mbedtls/library/ecp.c ****              curve_info++) {
 2675              		.loc 1 564 24 is_stmt 0 view .LVU733
 2676 0018 0378     		ldrb	r3, [r0]	@ zero_extendqisi2
 564:Libs/mbedtls/library/ecp.c ****              curve_info++) {
ARM GAS  C:\Users\nicx5\AppData\Local\Temp\ccosdxRQ.s 			page 116


 2677              		.loc 1 564 33 view .LVU734
 2678 001a 002B     		cmp	r3, #0
 2679 001c F8D1     		bne	.L140
 568:Libs/mbedtls/library/ecp.c **** 
 2680              		.loc 1 568 9 is_stmt 1 view .LVU735
 568:Libs/mbedtls/library/ecp.c **** 
 2681              		.loc 1 568 33 is_stmt 0 view .LVU736
 2682 001e 054B     		ldr	r3, .L142+4
 2683 0020 0021     		movs	r1, #0
 2684 0022 9954     		strb	r1, [r3, r2]
 570:Libs/mbedtls/library/ecp.c ****     }
 2685              		.loc 1 570 9 is_stmt 1 view .LVU737
 570:Libs/mbedtls/library/ecp.c ****     }
 2686              		.loc 1 570 19 is_stmt 0 view .LVU738
 2687 0024 024B     		ldr	r3, .L142
 2688 0026 0122     		movs	r2, #1
 2689              	.LVL343:
 570:Libs/mbedtls/library/ecp.c ****     }
 2690              		.loc 1 570 19 view .LVU739
 2691 0028 1A60     		str	r2, [r3]
 2692              	.LVL344:
 2693              	.L138:
 570:Libs/mbedtls/library/ecp.c ****     }
 2694              		.loc 1 570 19 view .LVU740
 2695              	.LBE2:
 573:Libs/mbedtls/library/ecp.c **** }
 2696              		.loc 1 573 5 is_stmt 1 view .LVU741
 574:Libs/mbedtls/library/ecp.c **** 
 2697              		.loc 1 574 1 is_stmt 0 view .LVU742
 2698 002a 0248     		ldr	r0, .L142+4
 2699 002c 08BD     		pop	{r3, pc}
 2700              	.L143:
 2701 002e 00BF     		.align	2
 2702              	.L142:
 2703 0030 00000000 		.word	init_done.0
 2704 0034 00000000 		.word	ecp_supported_grp_id
 2705              		.cfi_endproc
 2706              	.LFE8:
 2708              		.section	.text.mbedtls_ecp_curve_info_from_grp_id,"ax",%progbits
 2709              		.align	1
 2710              		.global	mbedtls_ecp_curve_info_from_grp_id
 2711              		.syntax unified
 2712              		.thumb
 2713              		.thumb_func
 2715              	mbedtls_ecp_curve_info_from_grp_id:
 2716              	.LVL345:
 2717              	.LFB9:
 580:Libs/mbedtls/library/ecp.c ****     const mbedtls_ecp_curve_info *curve_info;
 2718              		.loc 1 580 1 is_stmt 1 view -0
 2719              		.cfi_startproc
 2720              		@ args = 0, pretend = 0, frame = 0
 2721              		@ frame_needed = 0, uses_anonymous_args = 0
 580:Libs/mbedtls/library/ecp.c ****     const mbedtls_ecp_curve_info *curve_info;
 2722              		.loc 1 580 1 is_stmt 0 view .LVU744
 2723 0000 10B5     		push	{r4, lr}
 2724              	.LCFI42:
 2725              		.cfi_def_cfa_offset 8
ARM GAS  C:\Users\nicx5\AppData\Local\Temp\ccosdxRQ.s 			page 117


 2726              		.cfi_offset 4, -8
 2727              		.cfi_offset 14, -4
 2728 0002 0446     		mov	r4, r0
 581:Libs/mbedtls/library/ecp.c **** 
 2729              		.loc 1 581 5 is_stmt 1 view .LVU745
 583:Libs/mbedtls/library/ecp.c ****          curve_info->grp_id != MBEDTLS_ECP_DP_NONE;
 2730              		.loc 1 583 5 view .LVU746
 583:Libs/mbedtls/library/ecp.c ****          curve_info->grp_id != MBEDTLS_ECP_DP_NONE;
 2731              		.loc 1 583 23 is_stmt 0 view .LVU747
 2732 0004 FFF7FEFF 		bl	mbedtls_ecp_curve_list
 2733              	.LVL346:
 583:Libs/mbedtls/library/ecp.c ****          curve_info->grp_id != MBEDTLS_ECP_DP_NONE;
 2734              		.loc 1 583 5 view .LVU748
 2735 0008 00E0     		b	.L145
 2736              	.L150:
 585:Libs/mbedtls/library/ecp.c ****         if (curve_info->grp_id == grp_id) {
 2737              		.loc 1 585 20 is_stmt 1 view .LVU749
 2738 000a 0C30     		adds	r0, r0, #12
 2739              	.LVL347:
 2740              	.L145:
 584:Libs/mbedtls/library/ecp.c ****          curve_info++) {
 2741              		.loc 1 584 29 view .LVU750
 584:Libs/mbedtls/library/ecp.c ****          curve_info++) {
 2742              		.loc 1 584 20 is_stmt 0 view .LVU751
 2743 000c 0378     		ldrb	r3, [r0]	@ zero_extendqisi2
 584:Libs/mbedtls/library/ecp.c ****          curve_info++) {
 2744              		.loc 1 584 29 view .LVU752
 2745 000e 13B1     		cbz	r3, .L149
 586:Libs/mbedtls/library/ecp.c ****             return curve_info;
 2746              		.loc 1 586 9 is_stmt 1 view .LVU753
 586:Libs/mbedtls/library/ecp.c ****             return curve_info;
 2747              		.loc 1 586 12 is_stmt 0 view .LVU754
 2748 0010 A342     		cmp	r3, r4
 2749 0012 FAD1     		bne	.L150
 2750 0014 00E0     		b	.L144
 2751              	.L149:
 591:Libs/mbedtls/library/ecp.c **** }
 2752              		.loc 1 591 12 view .LVU755
 2753 0016 0020     		movs	r0, #0
 2754              	.LVL348:
 2755              	.L144:
 592:Libs/mbedtls/library/ecp.c **** 
 2756              		.loc 1 592 1 view .LVU756
 2757 0018 10BD     		pop	{r4, pc}
 592:Libs/mbedtls/library/ecp.c **** 
 2758              		.loc 1 592 1 view .LVU757
 2759              		.cfi_endproc
 2760              	.LFE9:
 2762              		.section	.text.mbedtls_ecp_curve_info_from_tls_id,"ax",%progbits
 2763              		.align	1
 2764              		.global	mbedtls_ecp_curve_info_from_tls_id
 2765              		.syntax unified
 2766              		.thumb
 2767              		.thumb_func
 2769              	mbedtls_ecp_curve_info_from_tls_id:
 2770              	.LVL349:
 2771              	.LFB10:
ARM GAS  C:\Users\nicx5\AppData\Local\Temp\ccosdxRQ.s 			page 118


 598:Libs/mbedtls/library/ecp.c ****     const mbedtls_ecp_curve_info *curve_info;
 2772              		.loc 1 598 1 is_stmt 1 view -0
 2773              		.cfi_startproc
 2774              		@ args = 0, pretend = 0, frame = 0
 2775              		@ frame_needed = 0, uses_anonymous_args = 0
 598:Libs/mbedtls/library/ecp.c ****     const mbedtls_ecp_curve_info *curve_info;
 2776              		.loc 1 598 1 is_stmt 0 view .LVU759
 2777 0000 10B5     		push	{r4, lr}
 2778              	.LCFI43:
 2779              		.cfi_def_cfa_offset 8
 2780              		.cfi_offset 4, -8
 2781              		.cfi_offset 14, -4
 2782 0002 0446     		mov	r4, r0
 599:Libs/mbedtls/library/ecp.c **** 
 2783              		.loc 1 599 5 is_stmt 1 view .LVU760
 601:Libs/mbedtls/library/ecp.c ****          curve_info->grp_id != MBEDTLS_ECP_DP_NONE;
 2784              		.loc 1 601 5 view .LVU761
 601:Libs/mbedtls/library/ecp.c ****          curve_info->grp_id != MBEDTLS_ECP_DP_NONE;
 2785              		.loc 1 601 23 is_stmt 0 view .LVU762
 2786 0004 FFF7FEFF 		bl	mbedtls_ecp_curve_list
 2787              	.LVL350:
 601:Libs/mbedtls/library/ecp.c ****          curve_info->grp_id != MBEDTLS_ECP_DP_NONE;
 2788              		.loc 1 601 5 view .LVU763
 2789 0008 00E0     		b	.L152
 2790              	.L157:
 603:Libs/mbedtls/library/ecp.c ****         if (curve_info->tls_id == tls_id) {
 2791              		.loc 1 603 20 is_stmt 1 view .LVU764
 2792 000a 0C30     		adds	r0, r0, #12
 2793              	.LVL351:
 2794              	.L152:
 602:Libs/mbedtls/library/ecp.c ****          curve_info++) {
 2795              		.loc 1 602 29 view .LVU765
 602:Libs/mbedtls/library/ecp.c ****          curve_info++) {
 2796              		.loc 1 602 20 is_stmt 0 view .LVU766
 2797 000c 0378     		ldrb	r3, [r0]	@ zero_extendqisi2
 602:Libs/mbedtls/library/ecp.c ****          curve_info++) {
 2798              		.loc 1 602 29 view .LVU767
 2799 000e 1BB1     		cbz	r3, .L156
 604:Libs/mbedtls/library/ecp.c ****             return curve_info;
 2800              		.loc 1 604 9 is_stmt 1 view .LVU768
 604:Libs/mbedtls/library/ecp.c ****             return curve_info;
 2801              		.loc 1 604 23 is_stmt 0 view .LVU769
 2802 0010 4388     		ldrh	r3, [r0, #2]
 604:Libs/mbedtls/library/ecp.c ****             return curve_info;
 2803              		.loc 1 604 12 view .LVU770
 2804 0012 A342     		cmp	r3, r4
 2805 0014 F9D1     		bne	.L157
 2806 0016 00E0     		b	.L151
 2807              	.L156:
 609:Libs/mbedtls/library/ecp.c **** }
 2808              		.loc 1 609 12 view .LVU771
 2809 0018 0020     		movs	r0, #0
 2810              	.LVL352:
 2811              	.L151:
 610:Libs/mbedtls/library/ecp.c **** 
 2812              		.loc 1 610 1 view .LVU772
 2813 001a 10BD     		pop	{r4, pc}
ARM GAS  C:\Users\nicx5\AppData\Local\Temp\ccosdxRQ.s 			page 119


 610:Libs/mbedtls/library/ecp.c **** 
 2814              		.loc 1 610 1 view .LVU773
 2815              		.cfi_endproc
 2816              	.LFE10:
 2818              		.section	.text.mbedtls_ecp_curve_info_from_name,"ax",%progbits
 2819              		.align	1
 2820              		.global	mbedtls_ecp_curve_info_from_name
 2821              		.syntax unified
 2822              		.thumb
 2823              		.thumb_func
 2825              	mbedtls_ecp_curve_info_from_name:
 2826              	.LVL353:
 2827              	.LFB11:
 616:Libs/mbedtls/library/ecp.c ****     const mbedtls_ecp_curve_info *curve_info;
 2828              		.loc 1 616 1 is_stmt 1 view -0
 2829              		.cfi_startproc
 2830              		@ args = 0, pretend = 0, frame = 0
 2831              		@ frame_needed = 0, uses_anonymous_args = 0
 616:Libs/mbedtls/library/ecp.c ****     const mbedtls_ecp_curve_info *curve_info;
 2832              		.loc 1 616 1 is_stmt 0 view .LVU775
 2833 0000 38B5     		push	{r3, r4, r5, lr}
 2834              	.LCFI44:
 2835              		.cfi_def_cfa_offset 16
 2836              		.cfi_offset 3, -16
 2837              		.cfi_offset 4, -12
 2838              		.cfi_offset 5, -8
 2839              		.cfi_offset 14, -4
 617:Libs/mbedtls/library/ecp.c **** 
 2840              		.loc 1 617 5 is_stmt 1 view .LVU776
 619:Libs/mbedtls/library/ecp.c ****         return NULL;
 2841              		.loc 1 619 5 view .LVU777
 619:Libs/mbedtls/library/ecp.c ****         return NULL;
 2842              		.loc 1 619 8 is_stmt 0 view .LVU778
 2843 0002 0546     		mov	r5, r0
 2844 0004 70B1     		cbz	r0, .L162
 623:Libs/mbedtls/library/ecp.c ****          curve_info->grp_id != MBEDTLS_ECP_DP_NONE;
 2845              		.loc 1 623 5 is_stmt 1 view .LVU779
 623:Libs/mbedtls/library/ecp.c ****          curve_info->grp_id != MBEDTLS_ECP_DP_NONE;
 2846              		.loc 1 623 23 is_stmt 0 view .LVU780
 2847 0006 FFF7FEFF 		bl	mbedtls_ecp_curve_list
 2848              	.LVL354:
 623:Libs/mbedtls/library/ecp.c ****          curve_info->grp_id != MBEDTLS_ECP_DP_NONE;
 2849              		.loc 1 623 23 view .LVU781
 2850 000a 0446     		mov	r4, r0
 2851              	.LVL355:
 2852              	.L160:
 624:Libs/mbedtls/library/ecp.c ****          curve_info++) {
 2853              		.loc 1 624 29 is_stmt 1 view .LVU782
 624:Libs/mbedtls/library/ecp.c ****          curve_info++) {
 2854              		.loc 1 624 20 is_stmt 0 view .LVU783
 2855 000c 2378     		ldrb	r3, [r4]	@ zero_extendqisi2
 624:Libs/mbedtls/library/ecp.c ****          curve_info++) {
 2856              		.loc 1 624 29 view .LVU784
 2857 000e 33B1     		cbz	r3, .L164
 626:Libs/mbedtls/library/ecp.c ****             return curve_info;
 2858              		.loc 1 626 9 is_stmt 1 view .LVU785
 626:Libs/mbedtls/library/ecp.c ****             return curve_info;
ARM GAS  C:\Users\nicx5\AppData\Local\Temp\ccosdxRQ.s 			page 120


 2859              		.loc 1 626 13 is_stmt 0 view .LVU786
 2860 0010 2946     		mov	r1, r5
 2861 0012 A068     		ldr	r0, [r4, #8]
 2862 0014 FFF7FEFF 		bl	strcmp
 2863              	.LVL356:
 626:Libs/mbedtls/library/ecp.c ****             return curve_info;
 2864              		.loc 1 626 12 discriminator 1 view .LVU787
 2865 0018 10B1     		cbz	r0, .L158
 625:Libs/mbedtls/library/ecp.c ****         if (strcmp(curve_info->name, name) == 0) {
 2866              		.loc 1 625 20 is_stmt 1 view .LVU788
 2867 001a 0C34     		adds	r4, r4, #12
 2868              	.LVL357:
 625:Libs/mbedtls/library/ecp.c ****         if (strcmp(curve_info->name, name) == 0) {
 2869              		.loc 1 625 20 is_stmt 0 view .LVU789
 2870 001c F6E7     		b	.L160
 2871              	.L164:
 631:Libs/mbedtls/library/ecp.c **** }
 2872              		.loc 1 631 12 view .LVU790
 2873 001e 0024     		movs	r4, #0
 2874              	.LVL358:
 2875              	.L158:
 632:Libs/mbedtls/library/ecp.c **** 
 2876              		.loc 1 632 1 view .LVU791
 2877 0020 2046     		mov	r0, r4
 2878 0022 38BD     		pop	{r3, r4, r5, pc}
 2879              	.LVL359:
 2880              	.L162:
 620:Libs/mbedtls/library/ecp.c ****     }
 2881              		.loc 1 620 16 view .LVU792
 2882 0024 0446     		mov	r4, r0
 2883 0026 FBE7     		b	.L158
 2884              		.cfi_endproc
 2885              	.LFE11:
 2887              		.section	.text.mbedtls_ecp_get_type,"ax",%progbits
 2888              		.align	1
 2889              		.global	mbedtls_ecp_get_type
 2890              		.syntax unified
 2891              		.thumb
 2892              		.thumb_func
 2894              	mbedtls_ecp_get_type:
 2895              	.LVL360:
 2896              	.LFB12:
 638:Libs/mbedtls/library/ecp.c ****     if (grp->G.X.p == NULL) {
 2897              		.loc 1 638 1 is_stmt 1 view -0
 2898              		.cfi_startproc
 2899              		@ args = 0, pretend = 0, frame = 0
 2900              		@ frame_needed = 0, uses_anonymous_args = 0
 2901              		@ link register save eliminated.
 639:Libs/mbedtls/library/ecp.c ****         return MBEDTLS_ECP_TYPE_NONE;
 2902              		.loc 1 639 5 view .LVU794
 639:Libs/mbedtls/library/ecp.c ****         return MBEDTLS_ECP_TYPE_NONE;
 2903              		.loc 1 639 17 is_stmt 0 view .LVU795
 2904 0000 036B     		ldr	r3, [r0, #48]
 639:Libs/mbedtls/library/ecp.c ****         return MBEDTLS_ECP_TYPE_NONE;
 2905              		.loc 1 639 8 view .LVU796
 2906 0002 2BB1     		cbz	r3, .L167
 643:Libs/mbedtls/library/ecp.c ****         return MBEDTLS_ECP_TYPE_MONTGOMERY;
ARM GAS  C:\Users\nicx5\AppData\Local\Temp\ccosdxRQ.s 			page 121


 2907              		.loc 1 643 5 is_stmt 1 view .LVU797
 643:Libs/mbedtls/library/ecp.c ****         return MBEDTLS_ECP_TYPE_MONTGOMERY;
 2908              		.loc 1 643 17 is_stmt 0 view .LVU798
 2909 0004 C36B     		ldr	r3, [r0, #60]
 643:Libs/mbedtls/library/ecp.c ****         return MBEDTLS_ECP_TYPE_MONTGOMERY;
 2910              		.loc 1 643 8 view .LVU799
 2911 0006 0BB1     		cbz	r3, .L169
 646:Libs/mbedtls/library/ecp.c ****     }
 2912              		.loc 1 646 16 view .LVU800
 2913 0008 0120     		movs	r0, #1
 2914              	.LVL361:
 648:Libs/mbedtls/library/ecp.c **** 
 2915              		.loc 1 648 1 view .LVU801
 2916 000a 7047     		bx	lr
 2917              	.LVL362:
 2918              	.L169:
 644:Libs/mbedtls/library/ecp.c ****     } else {
 2919              		.loc 1 644 16 view .LVU802
 2920 000c 0220     		movs	r0, #2
 2921              	.LVL363:
 644:Libs/mbedtls/library/ecp.c ****     } else {
 2922              		.loc 1 644 16 view .LVU803
 2923 000e 7047     		bx	lr
 2924              	.LVL364:
 2925              	.L167:
 640:Libs/mbedtls/library/ecp.c ****     }
 2926              		.loc 1 640 16 view .LVU804
 2927 0010 0020     		movs	r0, #0
 2928              	.LVL365:
 640:Libs/mbedtls/library/ecp.c ****     }
 2929              		.loc 1 640 16 view .LVU805
 2930 0012 7047     		bx	lr
 2931              		.cfi_endproc
 2932              	.LFE12:
 2934              		.section	.text.mbedtls_ecp_point_init,"ax",%progbits
 2935              		.align	1
 2936              		.global	mbedtls_ecp_point_init
 2937              		.syntax unified
 2938              		.thumb
 2939              		.thumb_func
 2941              	mbedtls_ecp_point_init:
 2942              	.LVL366:
 2943              	.LFB13:
 654:Libs/mbedtls/library/ecp.c ****     ECP_VALIDATE(pt != NULL);
 2944              		.loc 1 654 1 is_stmt 1 view -0
 2945              		.cfi_startproc
 2946              		@ args = 0, pretend = 0, frame = 0
 2947              		@ frame_needed = 0, uses_anonymous_args = 0
 654:Libs/mbedtls/library/ecp.c ****     ECP_VALIDATE(pt != NULL);
 2948              		.loc 1 654 1 is_stmt 0 view .LVU807
 2949 0000 10B5     		push	{r4, lr}
 2950              	.LCFI45:
 2951              		.cfi_def_cfa_offset 8
 2952              		.cfi_offset 4, -8
 2953              		.cfi_offset 14, -4
 2954 0002 0446     		mov	r4, r0
 655:Libs/mbedtls/library/ecp.c **** 
ARM GAS  C:\Users\nicx5\AppData\Local\Temp\ccosdxRQ.s 			page 122


 2955              		.loc 1 655 5 is_stmt 1 view .LVU808
 655:Libs/mbedtls/library/ecp.c **** 
 2956              		.loc 1 655 5 view .LVU809
 655:Libs/mbedtls/library/ecp.c **** 
 2957              		.loc 1 655 5 view .LVU810
 657:Libs/mbedtls/library/ecp.c ****     mbedtls_mpi_init(&pt->Y);
 2958              		.loc 1 657 5 view .LVU811
 2959 0004 FFF7FEFF 		bl	mbedtls_mpi_init
 2960              	.LVL367:
 658:Libs/mbedtls/library/ecp.c ****     mbedtls_mpi_init(&pt->Z);
 2961              		.loc 1 658 5 view .LVU812
 2962 0008 04F10C00 		add	r0, r4, #12
 2963 000c FFF7FEFF 		bl	mbedtls_mpi_init
 2964              	.LVL368:
 659:Libs/mbedtls/library/ecp.c **** }
 2965              		.loc 1 659 5 view .LVU813
 2966 0010 04F11800 		add	r0, r4, #24
 2967 0014 FFF7FEFF 		bl	mbedtls_mpi_init
 2968              	.LVL369:
 660:Libs/mbedtls/library/ecp.c **** 
 2969              		.loc 1 660 1 is_stmt 0 view .LVU814
 2970 0018 10BD     		pop	{r4, pc}
 660:Libs/mbedtls/library/ecp.c **** 
 2971              		.loc 1 660 1 view .LVU815
 2972              		.cfi_endproc
 2973              	.LFE13:
 2975              		.section	.text.mbedtls_ecp_group_init,"ax",%progbits
 2976              		.align	1
 2977              		.global	mbedtls_ecp_group_init
 2978              		.syntax unified
 2979              		.thumb
 2980              		.thumb_func
 2982              	mbedtls_ecp_group_init:
 2983              	.LVL370:
 2984              	.LFB14:
 666:Libs/mbedtls/library/ecp.c ****     ECP_VALIDATE(grp != NULL);
 2985              		.loc 1 666 1 is_stmt 1 view -0
 2986              		.cfi_startproc
 2987              		@ args = 0, pretend = 0, frame = 0
 2988              		@ frame_needed = 0, uses_anonymous_args = 0
 666:Libs/mbedtls/library/ecp.c ****     ECP_VALIDATE(grp != NULL);
 2989              		.loc 1 666 1 is_stmt 0 view .LVU817
 2990 0000 38B5     		push	{r3, r4, r5, lr}
 2991              	.LCFI46:
 2992              		.cfi_def_cfa_offset 16
 2993              		.cfi_offset 3, -16
 2994              		.cfi_offset 4, -12
 2995              		.cfi_offset 5, -8
 2996              		.cfi_offset 14, -4
 2997 0002 0446     		mov	r4, r0
 667:Libs/mbedtls/library/ecp.c **** 
 2998              		.loc 1 667 5 is_stmt 1 view .LVU818
 667:Libs/mbedtls/library/ecp.c **** 
 2999              		.loc 1 667 5 view .LVU819
 667:Libs/mbedtls/library/ecp.c **** 
 3000              		.loc 1 667 5 view .LVU820
 669:Libs/mbedtls/library/ecp.c ****     mbedtls_mpi_init(&grp->P);
ARM GAS  C:\Users\nicx5\AppData\Local\Temp\ccosdxRQ.s 			page 123


 3001              		.loc 1 669 5 view .LVU821
 669:Libs/mbedtls/library/ecp.c ****     mbedtls_mpi_init(&grp->P);
 3002              		.loc 1 669 13 is_stmt 0 view .LVU822
 3003 0004 0025     		movs	r5, #0
 3004 0006 00F8045B 		strb	r5, [r0], #4
 3005              	.LVL371:
 670:Libs/mbedtls/library/ecp.c ****     mbedtls_mpi_init(&grp->A);
 3006              		.loc 1 670 5 is_stmt 1 view .LVU823
 3007 000a FFF7FEFF 		bl	mbedtls_mpi_init
 3008              	.LVL372:
 671:Libs/mbedtls/library/ecp.c ****     mbedtls_mpi_init(&grp->B);
 3009              		.loc 1 671 5 view .LVU824
 3010 000e 04F11000 		add	r0, r4, #16
 3011 0012 FFF7FEFF 		bl	mbedtls_mpi_init
 3012              	.LVL373:
 672:Libs/mbedtls/library/ecp.c ****     mbedtls_ecp_point_init(&grp->G);
 3013              		.loc 1 672 5 view .LVU825
 3014 0016 04F11C00 		add	r0, r4, #28
 3015 001a FFF7FEFF 		bl	mbedtls_mpi_init
 3016              	.LVL374:
 673:Libs/mbedtls/library/ecp.c ****     mbedtls_mpi_init(&grp->N);
 3017              		.loc 1 673 5 view .LVU826
 3018 001e 04F12800 		add	r0, r4, #40
 3019 0022 FFF7FEFF 		bl	mbedtls_ecp_point_init
 3020              	.LVL375:
 674:Libs/mbedtls/library/ecp.c ****     grp->pbits = 0;
 3021              		.loc 1 674 5 view .LVU827
 3022 0026 04F14C00 		add	r0, r4, #76
 3023 002a FFF7FEFF 		bl	mbedtls_mpi_init
 3024              	.LVL376:
 675:Libs/mbedtls/library/ecp.c ****     grp->nbits = 0;
 3025              		.loc 1 675 5 view .LVU828
 675:Libs/mbedtls/library/ecp.c ****     grp->nbits = 0;
 3026              		.loc 1 675 16 is_stmt 0 view .LVU829
 3027 002e A565     		str	r5, [r4, #88]
 676:Libs/mbedtls/library/ecp.c ****     grp->h = 0;
 3028              		.loc 1 676 5 is_stmt 1 view .LVU830
 676:Libs/mbedtls/library/ecp.c ****     grp->h = 0;
 3029              		.loc 1 676 16 is_stmt 0 view .LVU831
 3030 0030 E565     		str	r5, [r4, #92]
 677:Libs/mbedtls/library/ecp.c ****     grp->modp = NULL;
 3031              		.loc 1 677 5 is_stmt 1 view .LVU832
 677:Libs/mbedtls/library/ecp.c ****     grp->modp = NULL;
 3032              		.loc 1 677 12 is_stmt 0 view .LVU833
 3033 0032 2566     		str	r5, [r4, #96]
 678:Libs/mbedtls/library/ecp.c ****     grp->t_pre = NULL;
 3034              		.loc 1 678 5 is_stmt 1 view .LVU834
 678:Libs/mbedtls/library/ecp.c ****     grp->t_pre = NULL;
 3035              		.loc 1 678 15 is_stmt 0 view .LVU835
 3036 0034 6566     		str	r5, [r4, #100]
 679:Libs/mbedtls/library/ecp.c ****     grp->t_post = NULL;
 3037              		.loc 1 679 5 is_stmt 1 view .LVU836
 679:Libs/mbedtls/library/ecp.c ****     grp->t_post = NULL;
 3038              		.loc 1 679 16 is_stmt 0 view .LVU837
 3039 0036 A566     		str	r5, [r4, #104]
 680:Libs/mbedtls/library/ecp.c ****     grp->t_data = NULL;
 3040              		.loc 1 680 5 is_stmt 1 view .LVU838
ARM GAS  C:\Users\nicx5\AppData\Local\Temp\ccosdxRQ.s 			page 124


 680:Libs/mbedtls/library/ecp.c ****     grp->t_data = NULL;
 3041              		.loc 1 680 17 is_stmt 0 view .LVU839
 3042 0038 E566     		str	r5, [r4, #108]
 681:Libs/mbedtls/library/ecp.c ****     grp->T = NULL;
 3043              		.loc 1 681 5 is_stmt 1 view .LVU840
 681:Libs/mbedtls/library/ecp.c ****     grp->T = NULL;
 3044              		.loc 1 681 17 is_stmt 0 view .LVU841
 3045 003a 2567     		str	r5, [r4, #112]
 682:Libs/mbedtls/library/ecp.c ****     grp->T_size = 0;
 3046              		.loc 1 682 5 is_stmt 1 view .LVU842
 682:Libs/mbedtls/library/ecp.c ****     grp->T_size = 0;
 3047              		.loc 1 682 12 is_stmt 0 view .LVU843
 3048 003c 6567     		str	r5, [r4, #116]
 683:Libs/mbedtls/library/ecp.c **** }
 3049              		.loc 1 683 5 is_stmt 1 view .LVU844
 683:Libs/mbedtls/library/ecp.c **** }
 3050              		.loc 1 683 17 is_stmt 0 view .LVU845
 3051 003e A567     		str	r5, [r4, #120]
 684:Libs/mbedtls/library/ecp.c **** 
 3052              		.loc 1 684 1 view .LVU846
 3053 0040 38BD     		pop	{r3, r4, r5, pc}
 684:Libs/mbedtls/library/ecp.c **** 
 3054              		.loc 1 684 1 view .LVU847
 3055              		.cfi_endproc
 3056              	.LFE14:
 3058              		.section	.text.mbedtls_ecp_keypair_init,"ax",%progbits
 3059              		.align	1
 3060              		.global	mbedtls_ecp_keypair_init
 3061              		.syntax unified
 3062              		.thumb
 3063              		.thumb_func
 3065              	mbedtls_ecp_keypair_init:
 3066              	.LVL377:
 3067              	.LFB15:
 690:Libs/mbedtls/library/ecp.c ****     ECP_VALIDATE(key != NULL);
 3068              		.loc 1 690 1 is_stmt 1 view -0
 3069              		.cfi_startproc
 3070              		@ args = 0, pretend = 0, frame = 0
 3071              		@ frame_needed = 0, uses_anonymous_args = 0
 690:Libs/mbedtls/library/ecp.c ****     ECP_VALIDATE(key != NULL);
 3072              		.loc 1 690 1 is_stmt 0 view .LVU849
 3073 0000 10B5     		push	{r4, lr}
 3074              	.LCFI47:
 3075              		.cfi_def_cfa_offset 8
 3076              		.cfi_offset 4, -8
 3077              		.cfi_offset 14, -4
 3078 0002 0446     		mov	r4, r0
 691:Libs/mbedtls/library/ecp.c **** 
 3079              		.loc 1 691 5 is_stmt 1 view .LVU850
 691:Libs/mbedtls/library/ecp.c **** 
 3080              		.loc 1 691 5 view .LVU851
 691:Libs/mbedtls/library/ecp.c **** 
 3081              		.loc 1 691 5 view .LVU852
 693:Libs/mbedtls/library/ecp.c ****     mbedtls_mpi_init(&key->d);
 3082              		.loc 1 693 5 view .LVU853
 3083 0004 FFF7FEFF 		bl	mbedtls_ecp_group_init
 3084              	.LVL378:
ARM GAS  C:\Users\nicx5\AppData\Local\Temp\ccosdxRQ.s 			page 125


 694:Libs/mbedtls/library/ecp.c ****     mbedtls_ecp_point_init(&key->Q);
 3085              		.loc 1 694 5 view .LVU854
 3086 0008 04F17C00 		add	r0, r4, #124
 3087 000c FFF7FEFF 		bl	mbedtls_mpi_init
 3088              	.LVL379:
 695:Libs/mbedtls/library/ecp.c **** }
 3089              		.loc 1 695 5 view .LVU855
 3090 0010 04F18800 		add	r0, r4, #136
 3091 0014 FFF7FEFF 		bl	mbedtls_ecp_point_init
 3092              	.LVL380:
 696:Libs/mbedtls/library/ecp.c **** 
 3093              		.loc 1 696 1 is_stmt 0 view .LVU856
 3094 0018 10BD     		pop	{r4, pc}
 696:Libs/mbedtls/library/ecp.c **** 
 3095              		.loc 1 696 1 view .LVU857
 3096              		.cfi_endproc
 3097              	.LFE15:
 3099              		.section	.text.mbedtls_ecp_point_free,"ax",%progbits
 3100              		.align	1
 3101              		.global	mbedtls_ecp_point_free
 3102              		.syntax unified
 3103              		.thumb
 3104              		.thumb_func
 3106              	mbedtls_ecp_point_free:
 3107              	.LVL381:
 3108              	.LFB16:
 702:Libs/mbedtls/library/ecp.c ****     if (pt == NULL) {
 3109              		.loc 1 702 1 is_stmt 1 view -0
 3110              		.cfi_startproc
 3111              		@ args = 0, pretend = 0, frame = 0
 3112              		@ frame_needed = 0, uses_anonymous_args = 0
 703:Libs/mbedtls/library/ecp.c ****         return;
 3113              		.loc 1 703 5 view .LVU859
 703:Libs/mbedtls/library/ecp.c ****         return;
 3114              		.loc 1 703 8 is_stmt 0 view .LVU860
 3115 0000 60B1     		cbz	r0, .L179
 702:Libs/mbedtls/library/ecp.c ****     if (pt == NULL) {
 3116              		.loc 1 702 1 view .LVU861
 3117 0002 10B5     		push	{r4, lr}
 3118              	.LCFI48:
 3119              		.cfi_def_cfa_offset 8
 3120              		.cfi_offset 4, -8
 3121              		.cfi_offset 14, -4
 3122 0004 0446     		mov	r4, r0
 707:Libs/mbedtls/library/ecp.c ****     mbedtls_mpi_free(&(pt->Y));
 3123              		.loc 1 707 5 is_stmt 1 view .LVU862
 3124 0006 FFF7FEFF 		bl	mbedtls_mpi_free
 3125              	.LVL382:
 708:Libs/mbedtls/library/ecp.c ****     mbedtls_mpi_free(&(pt->Z));
 3126              		.loc 1 708 5 view .LVU863
 3127 000a 04F10C00 		add	r0, r4, #12
 3128 000e FFF7FEFF 		bl	mbedtls_mpi_free
 3129              	.LVL383:
 709:Libs/mbedtls/library/ecp.c **** }
 3130              		.loc 1 709 5 view .LVU864
 3131 0012 04F11800 		add	r0, r4, #24
 3132 0016 FFF7FEFF 		bl	mbedtls_mpi_free
ARM GAS  C:\Users\nicx5\AppData\Local\Temp\ccosdxRQ.s 			page 126


 3133              	.LVL384:
 710:Libs/mbedtls/library/ecp.c **** 
 3134              		.loc 1 710 1 is_stmt 0 view .LVU865
 3135 001a 10BD     		pop	{r4, pc}
 3136              	.LVL385:
 3137              	.L179:
 3138              	.LCFI49:
 3139              		.cfi_def_cfa_offset 0
 3140              		.cfi_restore 4
 3141              		.cfi_restore 14
 710:Libs/mbedtls/library/ecp.c **** 
 3142              		.loc 1 710 1 view .LVU866
 3143 001c 7047     		bx	lr
 3144              		.cfi_endproc
 3145              	.LFE16:
 3147              		.section	.text.mbedtls_ecp_group_free,"ax",%progbits
 3148              		.align	1
 3149              		.global	mbedtls_ecp_group_free
 3150              		.syntax unified
 3151              		.thumb
 3152              		.thumb_func
 3154              	mbedtls_ecp_group_free:
 3155              	.LVL386:
 3156              	.LFB17:
 716:Libs/mbedtls/library/ecp.c ****     size_t i;
 3157              		.loc 1 716 1 is_stmt 1 view -0
 3158              		.cfi_startproc
 3159              		@ args = 0, pretend = 0, frame = 0
 3160              		@ frame_needed = 0, uses_anonymous_args = 0
 717:Libs/mbedtls/library/ecp.c **** 
 3161              		.loc 1 717 5 view .LVU868
 719:Libs/mbedtls/library/ecp.c ****         return;
 3162              		.loc 1 719 5 view .LVU869
 719:Libs/mbedtls/library/ecp.c ****         return;
 3163              		.loc 1 719 8 is_stmt 0 view .LVU870
 3164 0000 78B3     		cbz	r0, .L190
 716:Libs/mbedtls/library/ecp.c ****     size_t i;
 3165              		.loc 1 716 1 view .LVU871
 3166 0002 38B5     		push	{r3, r4, r5, lr}
 3167              	.LCFI50:
 3168              		.cfi_def_cfa_offset 16
 3169              		.cfi_offset 3, -16
 3170              		.cfi_offset 4, -12
 3171              		.cfi_offset 5, -8
 3172              		.cfi_offset 14, -4
 3173 0004 0546     		mov	r5, r0
 723:Libs/mbedtls/library/ecp.c ****         mbedtls_mpi_free(&grp->P);
 3174              		.loc 1 723 5 is_stmt 1 view .LVU872
 723:Libs/mbedtls/library/ecp.c ****         mbedtls_mpi_free(&grp->P);
 3175              		.loc 1 723 12 is_stmt 0 view .LVU873
 3176 0006 036E     		ldr	r3, [r0, #96]
 723:Libs/mbedtls/library/ecp.c ****         mbedtls_mpi_free(&grp->P);
 3177              		.loc 1 723 8 view .LVU874
 3178 0008 012B     		cmp	r3, #1
 3179 000a 03D1     		bne	.L193
 3180              	.LVL387:
 3181              	.L184:
ARM GAS  C:\Users\nicx5\AppData\Local\Temp\ccosdxRQ.s 			page 127


 731:Libs/mbedtls/library/ecp.c ****         for (i = 0; i < grp->T_size; i++) {
 3182              		.loc 1 731 5 is_stmt 1 view .LVU875
 731:Libs/mbedtls/library/ecp.c ****         for (i = 0; i < grp->T_size; i++) {
 3183              		.loc 1 731 12 is_stmt 0 view .LVU876
 3184 000c 6B6F     		ldr	r3, [r5, #116]
 731:Libs/mbedtls/library/ecp.c ****         for (i = 0; i < grp->T_size; i++) {
 3185              		.loc 1 731 8 view .LVU877
 3186 000e 1BB3     		cbz	r3, .L186
 732:Libs/mbedtls/library/ecp.c ****             mbedtls_ecp_point_free(&grp->T[i]);
 3187              		.loc 1 732 16 view .LVU878
 3188 0010 0024     		movs	r4, #0
 3189 0012 1BE0     		b	.L185
 3190              	.LVL388:
 3191              	.L193:
 724:Libs/mbedtls/library/ecp.c ****         mbedtls_mpi_free(&grp->A);
 3192              		.loc 1 724 9 is_stmt 1 view .LVU879
 3193 0014 0430     		adds	r0, r0, #4
 3194              	.LVL389:
 724:Libs/mbedtls/library/ecp.c ****         mbedtls_mpi_free(&grp->A);
 3195              		.loc 1 724 9 is_stmt 0 view .LVU880
 3196 0016 FFF7FEFF 		bl	mbedtls_mpi_free
 3197              	.LVL390:
 725:Libs/mbedtls/library/ecp.c ****         mbedtls_mpi_free(&grp->B);
 3198              		.loc 1 725 9 is_stmt 1 view .LVU881
 3199 001a 05F11000 		add	r0, r5, #16
 3200 001e FFF7FEFF 		bl	mbedtls_mpi_free
 3201              	.LVL391:
 726:Libs/mbedtls/library/ecp.c ****         mbedtls_ecp_point_free(&grp->G);
 3202              		.loc 1 726 9 view .LVU882
 3203 0022 05F11C00 		add	r0, r5, #28
 3204 0026 FFF7FEFF 		bl	mbedtls_mpi_free
 3205              	.LVL392:
 727:Libs/mbedtls/library/ecp.c ****         mbedtls_mpi_free(&grp->N);
 3206              		.loc 1 727 9 view .LVU883
 3207 002a 05F12800 		add	r0, r5, #40
 3208 002e FFF7FEFF 		bl	mbedtls_ecp_point_free
 3209              	.LVL393:
 728:Libs/mbedtls/library/ecp.c ****     }
 3210              		.loc 1 728 9 view .LVU884
 3211 0032 05F14C00 		add	r0, r5, #76
 3212 0036 FFF7FEFF 		bl	mbedtls_mpi_free
 3213              	.LVL394:
 3214 003a E7E7     		b	.L184
 3215              	.LVL395:
 3216              	.L187:
 733:Libs/mbedtls/library/ecp.c ****         }
 3217              		.loc 1 733 13 view .LVU885
 733:Libs/mbedtls/library/ecp.c ****         }
 3218              		.loc 1 733 40 is_stmt 0 view .LVU886
 3219 003c 6B6F     		ldr	r3, [r5, #116]
 733:Libs/mbedtls/library/ecp.c ****         }
 3220              		.loc 1 733 43 view .LVU887
 3221 003e 04EBC400 		add	r0, r4, r4, lsl #3
 733:Libs/mbedtls/library/ecp.c ****         }
 3222              		.loc 1 733 13 view .LVU888
 3223 0042 03EB8000 		add	r0, r3, r0, lsl #2
 3224 0046 FFF7FEFF 		bl	mbedtls_ecp_point_free
ARM GAS  C:\Users\nicx5\AppData\Local\Temp\ccosdxRQ.s 			page 128


 3225              	.LVL396:
 732:Libs/mbedtls/library/ecp.c ****             mbedtls_ecp_point_free(&grp->T[i]);
 3226              		.loc 1 732 39 is_stmt 1 discriminator 3 view .LVU889
 3227 004a 0134     		adds	r4, r4, #1
 3228              	.LVL397:
 3229              	.L185:
 732:Libs/mbedtls/library/ecp.c ****             mbedtls_ecp_point_free(&grp->T[i]);
 3230              		.loc 1 732 23 discriminator 1 view .LVU890
 732:Libs/mbedtls/library/ecp.c ****             mbedtls_ecp_point_free(&grp->T[i]);
 3231              		.loc 1 732 28 is_stmt 0 discriminator 1 view .LVU891
 3232 004c AB6F     		ldr	r3, [r5, #120]
 732:Libs/mbedtls/library/ecp.c ****             mbedtls_ecp_point_free(&grp->T[i]);
 3233              		.loc 1 732 23 discriminator 1 view .LVU892
 3234 004e A342     		cmp	r3, r4
 3235 0050 F4D8     		bhi	.L187
 735:Libs/mbedtls/library/ecp.c ****     }
 3236              		.loc 1 735 9 is_stmt 1 view .LVU893
 3237 0052 686F     		ldr	r0, [r5, #116]
 3238 0054 FFF7FEFF 		bl	free
 3239              	.LVL398:
 3240              	.L186:
 738:Libs/mbedtls/library/ecp.c **** }
 3241              		.loc 1 738 5 view .LVU894
 3242 0058 7C21     		movs	r1, #124
 3243 005a 2846     		mov	r0, r5
 3244 005c FFF7FEFF 		bl	mbedtls_platform_zeroize
 3245              	.LVL399:
 739:Libs/mbedtls/library/ecp.c **** 
 3246              		.loc 1 739 1 is_stmt 0 view .LVU895
 3247 0060 38BD     		pop	{r3, r4, r5, pc}
 3248              	.LVL400:
 3249              	.L190:
 3250              	.LCFI51:
 3251              		.cfi_def_cfa_offset 0
 3252              		.cfi_restore 3
 3253              		.cfi_restore 4
 3254              		.cfi_restore 5
 3255              		.cfi_restore 14
 739:Libs/mbedtls/library/ecp.c **** 
 3256              		.loc 1 739 1 view .LVU896
 3257 0062 7047     		bx	lr
 3258              		.cfi_endproc
 3259              	.LFE17:
 3261              		.section	.text.mbedtls_ecp_keypair_free,"ax",%progbits
 3262              		.align	1
 3263              		.global	mbedtls_ecp_keypair_free
 3264              		.syntax unified
 3265              		.thumb
 3266              		.thumb_func
 3268              	mbedtls_ecp_keypair_free:
 3269              	.LVL401:
 3270              	.LFB18:
 745:Libs/mbedtls/library/ecp.c ****     if (key == NULL) {
 3271              		.loc 1 745 1 is_stmt 1 view -0
 3272              		.cfi_startproc
 3273              		@ args = 0, pretend = 0, frame = 0
 3274              		@ frame_needed = 0, uses_anonymous_args = 0
ARM GAS  C:\Users\nicx5\AppData\Local\Temp\ccosdxRQ.s 			page 129


 746:Libs/mbedtls/library/ecp.c ****         return;
 3275              		.loc 1 746 5 view .LVU898
 746:Libs/mbedtls/library/ecp.c ****         return;
 3276              		.loc 1 746 8 is_stmt 0 view .LVU899
 3277 0000 60B1     		cbz	r0, .L197
 745:Libs/mbedtls/library/ecp.c ****     if (key == NULL) {
 3278              		.loc 1 745 1 view .LVU900
 3279 0002 10B5     		push	{r4, lr}
 3280              	.LCFI52:
 3281              		.cfi_def_cfa_offset 8
 3282              		.cfi_offset 4, -8
 3283              		.cfi_offset 14, -4
 3284 0004 0446     		mov	r4, r0
 750:Libs/mbedtls/library/ecp.c ****     mbedtls_mpi_free(&key->d);
 3285              		.loc 1 750 5 is_stmt 1 view .LVU901
 3286 0006 FFF7FEFF 		bl	mbedtls_ecp_group_free
 3287              	.LVL402:
 751:Libs/mbedtls/library/ecp.c ****     mbedtls_ecp_point_free(&key->Q);
 3288              		.loc 1 751 5 view .LVU902
 3289 000a 04F17C00 		add	r0, r4, #124
 3290 000e FFF7FEFF 		bl	mbedtls_mpi_free
 3291              	.LVL403:
 752:Libs/mbedtls/library/ecp.c **** }
 3292              		.loc 1 752 5 view .LVU903
 3293 0012 04F18800 		add	r0, r4, #136
 3294 0016 FFF7FEFF 		bl	mbedtls_ecp_point_free
 3295              	.LVL404:
 753:Libs/mbedtls/library/ecp.c **** 
 3296              		.loc 1 753 1 is_stmt 0 view .LVU904
 3297 001a 10BD     		pop	{r4, pc}
 3298              	.LVL405:
 3299              	.L197:
 3300              	.LCFI53:
 3301              		.cfi_def_cfa_offset 0
 3302              		.cfi_restore 4
 3303              		.cfi_restore 14
 753:Libs/mbedtls/library/ecp.c **** 
 3304              		.loc 1 753 1 view .LVU905
 3305 001c 7047     		bx	lr
 3306              		.cfi_endproc
 3307              	.LFE18:
 3309              		.section	.text.mbedtls_ecp_copy,"ax",%progbits
 3310              		.align	1
 3311              		.global	mbedtls_ecp_copy
 3312              		.syntax unified
 3313              		.thumb
 3314              		.thumb_func
 3316              	mbedtls_ecp_copy:
 3317              	.LVL406:
 3318              	.LFB19:
 759:Libs/mbedtls/library/ecp.c ****     int ret = MBEDTLS_ERR_ERROR_CORRUPTION_DETECTED;
 3319              		.loc 1 759 1 is_stmt 1 view -0
 3320              		.cfi_startproc
 3321              		@ args = 0, pretend = 0, frame = 0
 3322              		@ frame_needed = 0, uses_anonymous_args = 0
 759:Libs/mbedtls/library/ecp.c ****     int ret = MBEDTLS_ERR_ERROR_CORRUPTION_DETECTED;
 3323              		.loc 1 759 1 is_stmt 0 view .LVU907
ARM GAS  C:\Users\nicx5\AppData\Local\Temp\ccosdxRQ.s 			page 130


 3324 0000 38B5     		push	{r3, r4, r5, lr}
 3325              	.LCFI54:
 3326              		.cfi_def_cfa_offset 16
 3327              		.cfi_offset 3, -16
 3328              		.cfi_offset 4, -12
 3329              		.cfi_offset 5, -8
 3330              		.cfi_offset 14, -4
 3331 0002 0446     		mov	r4, r0
 3332 0004 0D46     		mov	r5, r1
 760:Libs/mbedtls/library/ecp.c ****     ECP_VALIDATE_RET(P != NULL);
 3333              		.loc 1 760 5 is_stmt 1 view .LVU908
 3334              	.LVL407:
 761:Libs/mbedtls/library/ecp.c ****     ECP_VALIDATE_RET(Q != NULL);
 3335              		.loc 1 761 5 view .LVU909
 761:Libs/mbedtls/library/ecp.c ****     ECP_VALIDATE_RET(Q != NULL);
 3336              		.loc 1 761 5 view .LVU910
 761:Libs/mbedtls/library/ecp.c ****     ECP_VALIDATE_RET(Q != NULL);
 3337              		.loc 1 761 5 view .LVU911
 762:Libs/mbedtls/library/ecp.c **** 
 3338              		.loc 1 762 5 view .LVU912
 762:Libs/mbedtls/library/ecp.c **** 
 3339              		.loc 1 762 5 view .LVU913
 762:Libs/mbedtls/library/ecp.c **** 
 3340              		.loc 1 762 5 view .LVU914
 764:Libs/mbedtls/library/ecp.c ****     MBEDTLS_MPI_CHK(mbedtls_mpi_copy(&P->Y, &Q->Y));
 3341              		.loc 1 764 5 view .LVU915
 764:Libs/mbedtls/library/ecp.c ****     MBEDTLS_MPI_CHK(mbedtls_mpi_copy(&P->Y, &Q->Y));
 3342              		.loc 1 764 5 view .LVU916
 3343 0006 FFF7FEFF 		bl	mbedtls_mpi_copy
 3344              	.LVL408:
 764:Libs/mbedtls/library/ecp.c ****     MBEDTLS_MPI_CHK(mbedtls_mpi_copy(&P->Y, &Q->Y));
 3345              		.loc 1 764 5 is_stmt 0 discriminator 1 view .LVU917
 3346 000a 0346     		mov	r3, r0
 3347 000c 08B1     		cbz	r0, .L203
 3348              	.L200:
 770:Libs/mbedtls/library/ecp.c **** 
 3349              		.loc 1 770 1 view .LVU918
 3350 000e 1846     		mov	r0, r3
 3351              	.LVL409:
 770:Libs/mbedtls/library/ecp.c **** 
 3352              		.loc 1 770 1 view .LVU919
 3353 0010 38BD     		pop	{r3, r4, r5, pc}
 3354              	.LVL410:
 3355              	.L203:
 764:Libs/mbedtls/library/ecp.c ****     MBEDTLS_MPI_CHK(mbedtls_mpi_copy(&P->Y, &Q->Y));
 3356              		.loc 1 764 5 is_stmt 1 discriminator 2 view .LVU920
 765:Libs/mbedtls/library/ecp.c ****     MBEDTLS_MPI_CHK(mbedtls_mpi_copy(&P->Z, &Q->Z));
 3357              		.loc 1 765 5 view .LVU921
 765:Libs/mbedtls/library/ecp.c ****     MBEDTLS_MPI_CHK(mbedtls_mpi_copy(&P->Z, &Q->Z));
 3358              		.loc 1 765 5 view .LVU922
 3359 0012 05F10C01 		add	r1, r5, #12
 3360 0016 04F10C00 		add	r0, r4, #12
 3361              	.LVL411:
 765:Libs/mbedtls/library/ecp.c ****     MBEDTLS_MPI_CHK(mbedtls_mpi_copy(&P->Z, &Q->Z));
 3362              		.loc 1 765 5 is_stmt 0 view .LVU923
 3363 001a FFF7FEFF 		bl	mbedtls_mpi_copy
 3364              	.LVL412:
ARM GAS  C:\Users\nicx5\AppData\Local\Temp\ccosdxRQ.s 			page 131


 765:Libs/mbedtls/library/ecp.c ****     MBEDTLS_MPI_CHK(mbedtls_mpi_copy(&P->Z, &Q->Z));
 3365              		.loc 1 765 5 discriminator 1 view .LVU924
 3366 001e 0346     		mov	r3, r0
 3367 0020 0028     		cmp	r0, #0
 3368 0022 F4D1     		bne	.L200
 765:Libs/mbedtls/library/ecp.c ****     MBEDTLS_MPI_CHK(mbedtls_mpi_copy(&P->Z, &Q->Z));
 3369              		.loc 1 765 5 is_stmt 1 discriminator 2 view .LVU925
 766:Libs/mbedtls/library/ecp.c **** 
 3370              		.loc 1 766 5 view .LVU926
 766:Libs/mbedtls/library/ecp.c **** 
 3371              		.loc 1 766 5 view .LVU927
 3372 0024 05F11801 		add	r1, r5, #24
 3373 0028 04F11800 		add	r0, r4, #24
 3374              	.LVL413:
 766:Libs/mbedtls/library/ecp.c **** 
 3375              		.loc 1 766 5 is_stmt 0 view .LVU928
 3376 002c FFF7FEFF 		bl	mbedtls_mpi_copy
 3377              	.LVL414:
 766:Libs/mbedtls/library/ecp.c **** 
 3378              		.loc 1 766 5 view .LVU929
 3379 0030 0346     		mov	r3, r0
 3380              	.LVL415:
 766:Libs/mbedtls/library/ecp.c **** 
 3381              		.loc 1 766 5 is_stmt 1 discriminator 1 view .LVU930
 3382              	.L201:
 766:Libs/mbedtls/library/ecp.c **** 
 3383              		.loc 1 766 5 discriminator 3 view .LVU931
 769:Libs/mbedtls/library/ecp.c **** }
 3384              		.loc 1 769 5 view .LVU932
 769:Libs/mbedtls/library/ecp.c **** }
 3385              		.loc 1 769 12 is_stmt 0 view .LVU933
 3386 0032 ECE7     		b	.L200
 3387              		.cfi_endproc
 3388              	.LFE19:
 3390              		.section	.text.mbedtls_ecp_group_copy,"ax",%progbits
 3391              		.align	1
 3392              		.global	mbedtls_ecp_group_copy
 3393              		.syntax unified
 3394              		.thumb
 3395              		.thumb_func
 3397              	mbedtls_ecp_group_copy:
 3398              	.LVL416:
 3399              	.LFB20:
 776:Libs/mbedtls/library/ecp.c ****     ECP_VALIDATE_RET(dst != NULL);
 3400              		.loc 1 776 1 is_stmt 1 view -0
 3401              		.cfi_startproc
 3402              		@ args = 0, pretend = 0, frame = 0
 3403              		@ frame_needed = 0, uses_anonymous_args = 0
 776:Libs/mbedtls/library/ecp.c ****     ECP_VALIDATE_RET(dst != NULL);
 3404              		.loc 1 776 1 is_stmt 0 view .LVU935
 3405 0000 08B5     		push	{r3, lr}
 3406              	.LCFI55:
 3407              		.cfi_def_cfa_offset 8
 3408              		.cfi_offset 3, -8
 3409              		.cfi_offset 14, -4
 777:Libs/mbedtls/library/ecp.c ****     ECP_VALIDATE_RET(src != NULL);
 3410              		.loc 1 777 5 is_stmt 1 view .LVU936
ARM GAS  C:\Users\nicx5\AppData\Local\Temp\ccosdxRQ.s 			page 132


 777:Libs/mbedtls/library/ecp.c ****     ECP_VALIDATE_RET(src != NULL);
 3411              		.loc 1 777 5 view .LVU937
 777:Libs/mbedtls/library/ecp.c ****     ECP_VALIDATE_RET(src != NULL);
 3412              		.loc 1 777 5 view .LVU938
 778:Libs/mbedtls/library/ecp.c **** 
 3413              		.loc 1 778 5 view .LVU939
 778:Libs/mbedtls/library/ecp.c **** 
 3414              		.loc 1 778 5 view .LVU940
 778:Libs/mbedtls/library/ecp.c **** 
 3415              		.loc 1 778 5 view .LVU941
 780:Libs/mbedtls/library/ecp.c **** }
 3416              		.loc 1 780 5 view .LVU942
 780:Libs/mbedtls/library/ecp.c **** }
 3417              		.loc 1 780 12 is_stmt 0 view .LVU943
 3418 0002 0978     		ldrb	r1, [r1]	@ zero_extendqisi2
 3419              	.LVL417:
 780:Libs/mbedtls/library/ecp.c **** }
 3420              		.loc 1 780 12 view .LVU944
 3421 0004 FFF7FEFF 		bl	mbedtls_ecp_group_load
 3422              	.LVL418:
 781:Libs/mbedtls/library/ecp.c **** 
 3423              		.loc 1 781 1 view .LVU945
 3424 0008 08BD     		pop	{r3, pc}
 3425              		.cfi_endproc
 3426              	.LFE20:
 3428              		.section	.text.mbedtls_ecp_set_zero,"ax",%progbits
 3429              		.align	1
 3430              		.global	mbedtls_ecp_set_zero
 3431              		.syntax unified
 3432              		.thumb
 3433              		.thumb_func
 3435              	mbedtls_ecp_set_zero:
 3436              	.LVL419:
 3437              	.LFB21:
 787:Libs/mbedtls/library/ecp.c ****     int ret = MBEDTLS_ERR_ERROR_CORRUPTION_DETECTED;
 3438              		.loc 1 787 1 is_stmt 1 view -0
 3439              		.cfi_startproc
 3440              		@ args = 0, pretend = 0, frame = 0
 3441              		@ frame_needed = 0, uses_anonymous_args = 0
 787:Libs/mbedtls/library/ecp.c ****     int ret = MBEDTLS_ERR_ERROR_CORRUPTION_DETECTED;
 3442              		.loc 1 787 1 is_stmt 0 view .LVU947
 3443 0000 10B5     		push	{r4, lr}
 3444              	.LCFI56:
 3445              		.cfi_def_cfa_offset 8
 3446              		.cfi_offset 4, -8
 3447              		.cfi_offset 14, -4
 3448 0002 0446     		mov	r4, r0
 788:Libs/mbedtls/library/ecp.c ****     ECP_VALIDATE_RET(pt != NULL);
 3449              		.loc 1 788 5 is_stmt 1 view .LVU948
 3450              	.LVL420:
 789:Libs/mbedtls/library/ecp.c **** 
 3451              		.loc 1 789 5 view .LVU949
 789:Libs/mbedtls/library/ecp.c **** 
 3452              		.loc 1 789 5 view .LVU950
 789:Libs/mbedtls/library/ecp.c **** 
 3453              		.loc 1 789 5 view .LVU951
 791:Libs/mbedtls/library/ecp.c ****     MBEDTLS_MPI_CHK(mbedtls_mpi_lset(&pt->Y, 1));
ARM GAS  C:\Users\nicx5\AppData\Local\Temp\ccosdxRQ.s 			page 133


 3454              		.loc 1 791 5 view .LVU952
 791:Libs/mbedtls/library/ecp.c ****     MBEDTLS_MPI_CHK(mbedtls_mpi_lset(&pt->Y, 1));
 3455              		.loc 1 791 5 view .LVU953
 3456 0004 0121     		movs	r1, #1
 3457 0006 FFF7FEFF 		bl	mbedtls_mpi_lset
 3458              	.LVL421:
 791:Libs/mbedtls/library/ecp.c ****     MBEDTLS_MPI_CHK(mbedtls_mpi_lset(&pt->Y, 1));
 3459              		.loc 1 791 5 is_stmt 0 discriminator 1 view .LVU954
 3460 000a 0346     		mov	r3, r0
 3461 000c 08B1     		cbz	r0, .L209
 3462              	.L206:
 797:Libs/mbedtls/library/ecp.c **** 
 3463              		.loc 1 797 1 view .LVU955
 3464 000e 1846     		mov	r0, r3
 3465              	.LVL422:
 797:Libs/mbedtls/library/ecp.c **** 
 3466              		.loc 1 797 1 view .LVU956
 3467 0010 10BD     		pop	{r4, pc}
 3468              	.LVL423:
 3469              	.L209:
 791:Libs/mbedtls/library/ecp.c ****     MBEDTLS_MPI_CHK(mbedtls_mpi_lset(&pt->Y, 1));
 3470              		.loc 1 791 5 is_stmt 1 discriminator 2 view .LVU957
 792:Libs/mbedtls/library/ecp.c ****     MBEDTLS_MPI_CHK(mbedtls_mpi_lset(&pt->Z, 0));
 3471              		.loc 1 792 5 view .LVU958
 792:Libs/mbedtls/library/ecp.c ****     MBEDTLS_MPI_CHK(mbedtls_mpi_lset(&pt->Z, 0));
 3472              		.loc 1 792 5 view .LVU959
 3473 0012 0121     		movs	r1, #1
 3474 0014 04F10C00 		add	r0, r4, #12
 3475              	.LVL424:
 792:Libs/mbedtls/library/ecp.c ****     MBEDTLS_MPI_CHK(mbedtls_mpi_lset(&pt->Z, 0));
 3476              		.loc 1 792 5 is_stmt 0 view .LVU960
 3477 0018 FFF7FEFF 		bl	mbedtls_mpi_lset
 3478              	.LVL425:
 792:Libs/mbedtls/library/ecp.c ****     MBEDTLS_MPI_CHK(mbedtls_mpi_lset(&pt->Z, 0));
 3479              		.loc 1 792 5 discriminator 1 view .LVU961
 3480 001c 0346     		mov	r3, r0
 3481 001e 0028     		cmp	r0, #0
 3482 0020 F5D1     		bne	.L206
 792:Libs/mbedtls/library/ecp.c ****     MBEDTLS_MPI_CHK(mbedtls_mpi_lset(&pt->Z, 0));
 3483              		.loc 1 792 5 is_stmt 1 discriminator 2 view .LVU962
 793:Libs/mbedtls/library/ecp.c **** 
 3484              		.loc 1 793 5 view .LVU963
 793:Libs/mbedtls/library/ecp.c **** 
 3485              		.loc 1 793 5 view .LVU964
 3486 0022 0021     		movs	r1, #0
 3487 0024 04F11800 		add	r0, r4, #24
 3488              	.LVL426:
 793:Libs/mbedtls/library/ecp.c **** 
 3489              		.loc 1 793 5 is_stmt 0 view .LVU965
 3490 0028 FFF7FEFF 		bl	mbedtls_mpi_lset
 3491              	.LVL427:
 793:Libs/mbedtls/library/ecp.c **** 
 3492              		.loc 1 793 5 view .LVU966
 3493 002c 0346     		mov	r3, r0
 3494              	.LVL428:
 793:Libs/mbedtls/library/ecp.c **** 
 3495              		.loc 1 793 5 is_stmt 1 discriminator 1 view .LVU967
ARM GAS  C:\Users\nicx5\AppData\Local\Temp\ccosdxRQ.s 			page 134


 3496              	.L207:
 793:Libs/mbedtls/library/ecp.c **** 
 3497              		.loc 1 793 5 discriminator 3 view .LVU968
 796:Libs/mbedtls/library/ecp.c **** }
 3498              		.loc 1 796 5 view .LVU969
 796:Libs/mbedtls/library/ecp.c **** }
 3499              		.loc 1 796 12 is_stmt 0 view .LVU970
 3500 002e EEE7     		b	.L206
 3501              		.cfi_endproc
 3502              	.LFE21:
 3504              		.section	.text.ecp_add_mixed,"ax",%progbits
 3505              		.align	1
 3506              		.syntax unified
 3507              		.thumb
 3508              		.thumb_func
 3510              	ecp_add_mixed:
 3511              	.LVL429:
 3512              	.LFB41:
1596:Libs/mbedtls/library/ecp.c **** #if defined(MBEDTLS_SELF_TEST)
 3513              		.loc 1 1596 1 is_stmt 1 view -0
 3514              		.cfi_startproc
 3515              		@ args = 0, pretend = 0, frame = 88
 3516              		@ frame_needed = 0, uses_anonymous_args = 0
1596:Libs/mbedtls/library/ecp.c **** #if defined(MBEDTLS_SELF_TEST)
 3517              		.loc 1 1596 1 is_stmt 0 view .LVU972
 3518 0000 2DE9F043 		push	{r4, r5, r6, r7, r8, r9, lr}
 3519              	.LCFI57:
 3520              		.cfi_def_cfa_offset 28
 3521              		.cfi_offset 4, -28
 3522              		.cfi_offset 5, -24
 3523              		.cfi_offset 6, -20
 3524              		.cfi_offset 7, -16
 3525              		.cfi_offset 8, -12
 3526              		.cfi_offset 9, -8
 3527              		.cfi_offset 14, -4
 3528 0004 97B0     		sub	sp, sp, #92
 3529              	.LCFI58:
 3530              		.cfi_def_cfa_offset 120
 3531 0006 0546     		mov	r5, r0
 3532 0008 8846     		mov	r8, r1
 3533 000a 1646     		mov	r6, r2
 3534 000c 1C46     		mov	r4, r3
1610:Libs/mbedtls/library/ecp.c ****     mbedtls_mpi T1, T2, T3, T4, X, Y, Z;
 3535              		.loc 1 1610 5 is_stmt 1 view .LVU973
 3536              	.LVL430:
1611:Libs/mbedtls/library/ecp.c **** 
 3537              		.loc 1 1611 5 view .LVU974
1616:Libs/mbedtls/library/ecp.c ****         return mbedtls_ecp_copy(R, Q);
 3538              		.loc 1 1616 5 view .LVU975
1616:Libs/mbedtls/library/ecp.c ****         return mbedtls_ecp_copy(R, Q);
 3539              		.loc 1 1616 9 is_stmt 0 view .LVU976
 3540 000e 02F11807 		add	r7, r2, #24
 3541 0012 0021     		movs	r1, #0
 3542              	.LVL431:
1616:Libs/mbedtls/library/ecp.c ****         return mbedtls_ecp_copy(R, Q);
 3543              		.loc 1 1616 9 view .LVU977
 3544 0014 3846     		mov	r0, r7
ARM GAS  C:\Users\nicx5\AppData\Local\Temp\ccosdxRQ.s 			page 135


 3545              	.LVL432:
1616:Libs/mbedtls/library/ecp.c ****         return mbedtls_ecp_copy(R, Q);
 3546              		.loc 1 1616 9 view .LVU978
 3547 0016 FFF7FEFF 		bl	mbedtls_mpi_cmp_int
 3548              	.LVL433:
1616:Libs/mbedtls/library/ecp.c ****         return mbedtls_ecp_copy(R, Q);
 3549              		.loc 1 1616 8 discriminator 1 view .LVU979
 3550 001a 0028     		cmp	r0, #0
 3551 001c 48D0     		beq	.L220
1620:Libs/mbedtls/library/ecp.c ****         return mbedtls_ecp_copy(R, P);
 3552              		.loc 1 1620 5 is_stmt 1 view .LVU980
1620:Libs/mbedtls/library/ecp.c ****         return mbedtls_ecp_copy(R, P);
 3553              		.loc 1 1620 13 is_stmt 0 view .LVU981
 3554 001e 236A     		ldr	r3, [r4, #32]
1620:Libs/mbedtls/library/ecp.c ****         return mbedtls_ecp_copy(R, P);
 3555              		.loc 1 1620 8 view .LVU982
 3556 0020 33B1     		cbz	r3, .L213
1620:Libs/mbedtls/library/ecp.c ****         return mbedtls_ecp_copy(R, P);
 3557              		.loc 1 1620 27 discriminator 1 view .LVU983
 3558 0022 0021     		movs	r1, #0
 3559 0024 04F11800 		add	r0, r4, #24
 3560 0028 FFF7FEFF 		bl	mbedtls_mpi_cmp_int
 3561              	.LVL434:
1620:Libs/mbedtls/library/ecp.c ****         return mbedtls_ecp_copy(R, P);
 3562              		.loc 1 1620 24 discriminator 1 view .LVU984
 3563 002c 0028     		cmp	r0, #0
 3564 002e 45D0     		beq	.L221
 3565              	.L213:
1627:Libs/mbedtls/library/ecp.c ****         return MBEDTLS_ERR_ECP_BAD_INPUT_DATA;
 3566              		.loc 1 1627 5 is_stmt 1 view .LVU985
1627:Libs/mbedtls/library/ecp.c ****         return MBEDTLS_ERR_ECP_BAD_INPUT_DATA;
 3567              		.loc 1 1627 13 is_stmt 0 view .LVU986
 3568 0030 236A     		ldr	r3, [r4, #32]
1627:Libs/mbedtls/library/ecp.c ****         return MBEDTLS_ERR_ECP_BAD_INPUT_DATA;
 3569              		.loc 1 1627 8 view .LVU987
 3570 0032 3BB1     		cbz	r3, .L214
1627:Libs/mbedtls/library/ecp.c ****         return MBEDTLS_ERR_ECP_BAD_INPUT_DATA;
 3571              		.loc 1 1627 27 discriminator 1 view .LVU988
 3572 0034 0121     		movs	r1, #1
 3573 0036 04F11800 		add	r0, r4, #24
 3574 003a FFF7FEFF 		bl	mbedtls_mpi_cmp_int
 3575              	.LVL435:
1627:Libs/mbedtls/library/ecp.c ****         return MBEDTLS_ERR_ECP_BAD_INPUT_DATA;
 3576              		.loc 1 1627 24 discriminator 1 view .LVU989
 3577 003e 0028     		cmp	r0, #0
 3578 0040 40F01D81 		bne	.L218
 3579              	.L214:
1631:Libs/mbedtls/library/ecp.c ****     mbedtls_mpi_init(&X); mbedtls_mpi_init(&Y); mbedtls_mpi_init(&Z);
 3580              		.loc 1 1631 5 is_stmt 1 view .LVU990
 3581 0044 13A8     		add	r0, sp, #76
 3582 0046 FFF7FEFF 		bl	mbedtls_mpi_init
 3583              	.LVL436:
1631:Libs/mbedtls/library/ecp.c ****     mbedtls_mpi_init(&X); mbedtls_mpi_init(&Y); mbedtls_mpi_init(&Z);
 3584              		.loc 1 1631 28 discriminator 1 view .LVU991
 3585 004a 10A8     		add	r0, sp, #64
 3586 004c FFF7FEFF 		bl	mbedtls_mpi_init
 3587              	.LVL437:
ARM GAS  C:\Users\nicx5\AppData\Local\Temp\ccosdxRQ.s 			page 136


1631:Libs/mbedtls/library/ecp.c ****     mbedtls_mpi_init(&X); mbedtls_mpi_init(&Y); mbedtls_mpi_init(&Z);
 3588              		.loc 1 1631 51 discriminator 2 view .LVU992
 3589 0050 0DA8     		add	r0, sp, #52
 3590 0052 FFF7FEFF 		bl	mbedtls_mpi_init
 3591              	.LVL438:
1631:Libs/mbedtls/library/ecp.c ****     mbedtls_mpi_init(&X); mbedtls_mpi_init(&Y); mbedtls_mpi_init(&Z);
 3592              		.loc 1 1631 74 discriminator 3 view .LVU993
 3593 0056 0AA8     		add	r0, sp, #40
 3594 0058 FFF7FEFF 		bl	mbedtls_mpi_init
 3595              	.LVL439:
1632:Libs/mbedtls/library/ecp.c **** 
 3596              		.loc 1 1632 5 view .LVU994
 3597 005c 07A8     		add	r0, sp, #28
 3598 005e FFF7FEFF 		bl	mbedtls_mpi_init
 3599              	.LVL440:
1632:Libs/mbedtls/library/ecp.c **** 
 3600              		.loc 1 1632 27 discriminator 1 view .LVU995
 3601 0062 04A8     		add	r0, sp, #16
 3602 0064 FFF7FEFF 		bl	mbedtls_mpi_init
 3603              	.LVL441:
1632:Libs/mbedtls/library/ecp.c **** 
 3604              		.loc 1 1632 49 discriminator 2 view .LVU996
 3605 0068 01A8     		add	r0, sp, #4
 3606 006a FFF7FEFF 		bl	mbedtls_mpi_init
 3607              	.LVL442:
1634:Libs/mbedtls/library/ecp.c ****     MBEDTLS_MPI_CHK(mbedtls_mpi_mul_mod(grp, &T2,  &T1,    &P->Z));
 3608              		.loc 1 1634 5 view .LVU997
1634:Libs/mbedtls/library/ecp.c ****     MBEDTLS_MPI_CHK(mbedtls_mpi_mul_mod(grp, &T2,  &T1,    &P->Z));
 3609              		.loc 1 1634 5 view .LVU998
 3610 006e 3B46     		mov	r3, r7
 3611 0070 3A46     		mov	r2, r7
 3612 0072 13A9     		add	r1, sp, #76
 3613 0074 2846     		mov	r0, r5
 3614 0076 FFF7FEFF 		bl	mbedtls_mpi_mul_mod
 3615              	.LVL443:
1634:Libs/mbedtls/library/ecp.c ****     MBEDTLS_MPI_CHK(mbedtls_mpi_mul_mod(grp, &T2,  &T1,    &P->Z));
 3616              		.loc 1 1634 5 is_stmt 0 discriminator 1 view .LVU999
 3617 007a 8146     		mov	r9, r0
 3618 007c 20B3     		cbz	r0, .L222
 3619              	.LVL444:
 3620              	.L215:
1668:Libs/mbedtls/library/ecp.c **** 
 3621              		.loc 1 1668 5 is_stmt 1 discriminator 3 view .LVU1000
1672:Libs/mbedtls/library/ecp.c ****     mbedtls_mpi_free(&X); mbedtls_mpi_free(&Y); mbedtls_mpi_free(&Z);
 3622              		.loc 1 1672 5 view .LVU1001
 3623 007e 13A8     		add	r0, sp, #76
 3624              	.LVL445:
1672:Libs/mbedtls/library/ecp.c ****     mbedtls_mpi_free(&X); mbedtls_mpi_free(&Y); mbedtls_mpi_free(&Z);
 3625              		.loc 1 1672 5 is_stmt 0 view .LVU1002
 3626 0080 FFF7FEFF 		bl	mbedtls_mpi_free
 3627              	.LVL446:
1672:Libs/mbedtls/library/ecp.c ****     mbedtls_mpi_free(&X); mbedtls_mpi_free(&Y); mbedtls_mpi_free(&Z);
 3628              		.loc 1 1672 28 is_stmt 1 discriminator 1 view .LVU1003
 3629 0084 10A8     		add	r0, sp, #64
 3630 0086 FFF7FEFF 		bl	mbedtls_mpi_free
 3631              	.LVL447:
1672:Libs/mbedtls/library/ecp.c ****     mbedtls_mpi_free(&X); mbedtls_mpi_free(&Y); mbedtls_mpi_free(&Z);
ARM GAS  C:\Users\nicx5\AppData\Local\Temp\ccosdxRQ.s 			page 137


 3632              		.loc 1 1672 51 discriminator 2 view .LVU1004
 3633 008a 0DA8     		add	r0, sp, #52
 3634 008c FFF7FEFF 		bl	mbedtls_mpi_free
 3635              	.LVL448:
1672:Libs/mbedtls/library/ecp.c ****     mbedtls_mpi_free(&X); mbedtls_mpi_free(&Y); mbedtls_mpi_free(&Z);
 3636              		.loc 1 1672 74 discriminator 3 view .LVU1005
 3637 0090 0AA8     		add	r0, sp, #40
 3638 0092 FFF7FEFF 		bl	mbedtls_mpi_free
 3639              	.LVL449:
1673:Libs/mbedtls/library/ecp.c **** 
 3640              		.loc 1 1673 5 view .LVU1006
 3641 0096 07A8     		add	r0, sp, #28
 3642 0098 FFF7FEFF 		bl	mbedtls_mpi_free
 3643              	.LVL450:
1673:Libs/mbedtls/library/ecp.c **** 
 3644              		.loc 1 1673 27 discriminator 1 view .LVU1007
 3645 009c 04A8     		add	r0, sp, #16
 3646 009e FFF7FEFF 		bl	mbedtls_mpi_free
 3647              	.LVL451:
1673:Libs/mbedtls/library/ecp.c **** 
 3648              		.loc 1 1673 49 discriminator 2 view .LVU1008
 3649 00a2 01A8     		add	r0, sp, #4
 3650 00a4 FFF7FEFF 		bl	mbedtls_mpi_free
 3651              	.LVL452:
1675:Libs/mbedtls/library/ecp.c **** #endif /* !defined(MBEDTLS_ECP_NO_FALLBACK) || !defined(MBEDTLS_ECP_ADD_MIXED_ALT) */
 3652              		.loc 1 1675 5 view .LVU1009
 3653              	.L210:
1677:Libs/mbedtls/library/ecp.c **** 
 3654              		.loc 1 1677 1 is_stmt 0 view .LVU1010
 3655 00a8 4846     		mov	r0, r9
 3656 00aa 17B0     		add	sp, sp, #92
 3657              	.LCFI59:
 3658              		.cfi_remember_state
 3659              		.cfi_def_cfa_offset 28
 3660              		@ sp needed
 3661 00ac BDE8F083 		pop	{r4, r5, r6, r7, r8, r9, pc}
 3662              	.LVL453:
 3663              	.L220:
 3664              	.LCFI60:
 3665              		.cfi_restore_state
1617:Libs/mbedtls/library/ecp.c ****     }
 3666              		.loc 1 1617 9 is_stmt 1 view .LVU1011
1617:Libs/mbedtls/library/ecp.c ****     }
 3667              		.loc 1 1617 16 is_stmt 0 view .LVU1012
 3668 00b0 2146     		mov	r1, r4
 3669 00b2 4046     		mov	r0, r8
 3670 00b4 FFF7FEFF 		bl	mbedtls_ecp_copy
 3671              	.LVL454:
 3672 00b8 8146     		mov	r9, r0
 3673 00ba F5E7     		b	.L210
 3674              	.L221:
1621:Libs/mbedtls/library/ecp.c ****     }
 3675              		.loc 1 1621 9 is_stmt 1 view .LVU1013
1621:Libs/mbedtls/library/ecp.c ****     }
 3676              		.loc 1 1621 16 is_stmt 0 view .LVU1014
 3677 00bc 3146     		mov	r1, r6
 3678 00be 4046     		mov	r0, r8
ARM GAS  C:\Users\nicx5\AppData\Local\Temp\ccosdxRQ.s 			page 138


 3679 00c0 FFF7FEFF 		bl	mbedtls_ecp_copy
 3680              	.LVL455:
 3681 00c4 8146     		mov	r9, r0
 3682 00c6 EFE7     		b	.L210
 3683              	.LVL456:
 3684              	.L222:
1634:Libs/mbedtls/library/ecp.c ****     MBEDTLS_MPI_CHK(mbedtls_mpi_mul_mod(grp, &T2,  &T1,    &P->Z));
 3685              		.loc 1 1634 5 is_stmt 1 discriminator 2 view .LVU1015
1635:Libs/mbedtls/library/ecp.c ****     MBEDTLS_MPI_CHK(mbedtls_mpi_mul_mod(grp, &T1,  &T1,    &Q->X));
 3686              		.loc 1 1635 5 view .LVU1016
1635:Libs/mbedtls/library/ecp.c ****     MBEDTLS_MPI_CHK(mbedtls_mpi_mul_mod(grp, &T1,  &T1,    &Q->X));
 3687              		.loc 1 1635 5 view .LVU1017
 3688 00c8 3B46     		mov	r3, r7
 3689 00ca 13AA     		add	r2, sp, #76
 3690 00cc 10A9     		add	r1, sp, #64
 3691 00ce 2846     		mov	r0, r5
 3692              	.LVL457:
1635:Libs/mbedtls/library/ecp.c ****     MBEDTLS_MPI_CHK(mbedtls_mpi_mul_mod(grp, &T1,  &T1,    &Q->X));
 3693              		.loc 1 1635 5 is_stmt 0 view .LVU1018
 3694 00d0 FFF7FEFF 		bl	mbedtls_mpi_mul_mod
 3695              	.LVL458:
1635:Libs/mbedtls/library/ecp.c ****     MBEDTLS_MPI_CHK(mbedtls_mpi_mul_mod(grp, &T1,  &T1,    &Q->X));
 3696              		.loc 1 1635 5 discriminator 1 view .LVU1019
 3697 00d4 8146     		mov	r9, r0
 3698 00d6 0028     		cmp	r0, #0
 3699 00d8 D1D1     		bne	.L215
1635:Libs/mbedtls/library/ecp.c ****     MBEDTLS_MPI_CHK(mbedtls_mpi_mul_mod(grp, &T1,  &T1,    &Q->X));
 3700              		.loc 1 1635 5 is_stmt 1 discriminator 2 view .LVU1020
1636:Libs/mbedtls/library/ecp.c ****     MBEDTLS_MPI_CHK(mbedtls_mpi_mul_mod(grp, &T2,  &T2,    &Q->Y));
 3701              		.loc 1 1636 5 view .LVU1021
1636:Libs/mbedtls/library/ecp.c ****     MBEDTLS_MPI_CHK(mbedtls_mpi_mul_mod(grp, &T2,  &T2,    &Q->Y));
 3702              		.loc 1 1636 5 view .LVU1022
 3703 00da 2346     		mov	r3, r4
 3704 00dc 13AA     		add	r2, sp, #76
 3705 00de 1146     		mov	r1, r2
 3706 00e0 2846     		mov	r0, r5
 3707              	.LVL459:
1636:Libs/mbedtls/library/ecp.c ****     MBEDTLS_MPI_CHK(mbedtls_mpi_mul_mod(grp, &T2,  &T2,    &Q->Y));
 3708              		.loc 1 1636 5 is_stmt 0 view .LVU1023
 3709 00e2 FFF7FEFF 		bl	mbedtls_mpi_mul_mod
 3710              	.LVL460:
1636:Libs/mbedtls/library/ecp.c ****     MBEDTLS_MPI_CHK(mbedtls_mpi_mul_mod(grp, &T2,  &T2,    &Q->Y));
 3711              		.loc 1 1636 5 discriminator 1 view .LVU1024
 3712 00e6 8146     		mov	r9, r0
 3713 00e8 0028     		cmp	r0, #0
 3714 00ea C8D1     		bne	.L215
1636:Libs/mbedtls/library/ecp.c ****     MBEDTLS_MPI_CHK(mbedtls_mpi_mul_mod(grp, &T2,  &T2,    &Q->Y));
 3715              		.loc 1 1636 5 is_stmt 1 discriminator 2 view .LVU1025
1637:Libs/mbedtls/library/ecp.c ****     MBEDTLS_MPI_CHK(mbedtls_mpi_sub_mod(grp, &T1,  &T1,    &P->X));
 3716              		.loc 1 1637 5 view .LVU1026
1637:Libs/mbedtls/library/ecp.c ****     MBEDTLS_MPI_CHK(mbedtls_mpi_sub_mod(grp, &T1,  &T1,    &P->X));
 3717              		.loc 1 1637 5 view .LVU1027
 3718 00ec 04F10C03 		add	r3, r4, #12
 3719 00f0 10AA     		add	r2, sp, #64
 3720 00f2 1146     		mov	r1, r2
 3721 00f4 2846     		mov	r0, r5
 3722              	.LVL461:
ARM GAS  C:\Users\nicx5\AppData\Local\Temp\ccosdxRQ.s 			page 139


1637:Libs/mbedtls/library/ecp.c ****     MBEDTLS_MPI_CHK(mbedtls_mpi_sub_mod(grp, &T1,  &T1,    &P->X));
 3723              		.loc 1 1637 5 is_stmt 0 view .LVU1028
 3724 00f6 FFF7FEFF 		bl	mbedtls_mpi_mul_mod
 3725              	.LVL462:
1637:Libs/mbedtls/library/ecp.c ****     MBEDTLS_MPI_CHK(mbedtls_mpi_sub_mod(grp, &T1,  &T1,    &P->X));
 3726              		.loc 1 1637 5 discriminator 1 view .LVU1029
 3727 00fa 8146     		mov	r9, r0
 3728 00fc 0028     		cmp	r0, #0
 3729 00fe BED1     		bne	.L215
1637:Libs/mbedtls/library/ecp.c ****     MBEDTLS_MPI_CHK(mbedtls_mpi_sub_mod(grp, &T1,  &T1,    &P->X));
 3730              		.loc 1 1637 5 is_stmt 1 discriminator 2 view .LVU1030
1638:Libs/mbedtls/library/ecp.c ****     MBEDTLS_MPI_CHK(mbedtls_mpi_sub_mod(grp, &T2,  &T2,    &P->Y));
 3731              		.loc 1 1638 5 view .LVU1031
1638:Libs/mbedtls/library/ecp.c ****     MBEDTLS_MPI_CHK(mbedtls_mpi_sub_mod(grp, &T2,  &T2,    &P->Y));
 3732              		.loc 1 1638 5 view .LVU1032
 3733 0100 3346     		mov	r3, r6
 3734 0102 13AA     		add	r2, sp, #76
 3735 0104 1146     		mov	r1, r2
 3736 0106 2846     		mov	r0, r5
 3737              	.LVL463:
1638:Libs/mbedtls/library/ecp.c ****     MBEDTLS_MPI_CHK(mbedtls_mpi_sub_mod(grp, &T2,  &T2,    &P->Y));
 3738              		.loc 1 1638 5 is_stmt 0 view .LVU1033
 3739 0108 FFF7FEFF 		bl	mbedtls_mpi_sub_mod
 3740              	.LVL464:
1638:Libs/mbedtls/library/ecp.c ****     MBEDTLS_MPI_CHK(mbedtls_mpi_sub_mod(grp, &T2,  &T2,    &P->Y));
 3741              		.loc 1 1638 5 discriminator 1 view .LVU1034
 3742 010c 8146     		mov	r9, r0
 3743 010e 0028     		cmp	r0, #0
 3744 0110 B5D1     		bne	.L215
1638:Libs/mbedtls/library/ecp.c ****     MBEDTLS_MPI_CHK(mbedtls_mpi_sub_mod(grp, &T2,  &T2,    &P->Y));
 3745              		.loc 1 1638 5 is_stmt 1 discriminator 2 view .LVU1035
1639:Libs/mbedtls/library/ecp.c **** 
 3746              		.loc 1 1639 5 view .LVU1036
1639:Libs/mbedtls/library/ecp.c **** 
 3747              		.loc 1 1639 5 view .LVU1037
 3748 0112 06F10C04 		add	r4, r6, #12
 3749              	.LVL465:
1639:Libs/mbedtls/library/ecp.c **** 
 3750              		.loc 1 1639 5 is_stmt 0 view .LVU1038
 3751 0116 2346     		mov	r3, r4
 3752 0118 10AA     		add	r2, sp, #64
 3753 011a 1146     		mov	r1, r2
 3754 011c 2846     		mov	r0, r5
 3755              	.LVL466:
1639:Libs/mbedtls/library/ecp.c **** 
 3756              		.loc 1 1639 5 view .LVU1039
 3757 011e FFF7FEFF 		bl	mbedtls_mpi_sub_mod
 3758              	.LVL467:
1639:Libs/mbedtls/library/ecp.c **** 
 3759              		.loc 1 1639 5 discriminator 1 view .LVU1040
 3760 0122 8146     		mov	r9, r0
 3761 0124 0028     		cmp	r0, #0
 3762 0126 AAD1     		bne	.L215
1639:Libs/mbedtls/library/ecp.c **** 
 3763              		.loc 1 1639 5 is_stmt 1 discriminator 2 view .LVU1041
1642:Libs/mbedtls/library/ecp.c ****         if (mbedtls_mpi_cmp_int(&T2, 0) == 0) {
 3764              		.loc 1 1642 5 view .LVU1042
ARM GAS  C:\Users\nicx5\AppData\Local\Temp\ccosdxRQ.s 			page 140


1642:Libs/mbedtls/library/ecp.c ****         if (mbedtls_mpi_cmp_int(&T2, 0) == 0) {
 3765              		.loc 1 1642 9 is_stmt 0 view .LVU1043
 3766 0128 0021     		movs	r1, #0
 3767 012a 13A8     		add	r0, sp, #76
 3768              	.LVL468:
1642:Libs/mbedtls/library/ecp.c ****         if (mbedtls_mpi_cmp_int(&T2, 0) == 0) {
 3769              		.loc 1 1642 9 view .LVU1044
 3770 012c FFF7FEFF 		bl	mbedtls_mpi_cmp_int
 3771              	.LVL469:
1642:Libs/mbedtls/library/ecp.c ****         if (mbedtls_mpi_cmp_int(&T2, 0) == 0) {
 3772              		.loc 1 1642 8 discriminator 1 view .LVU1045
 3773 0130 80B9     		cbnz	r0, .L216
1643:Libs/mbedtls/library/ecp.c ****             ret = ecp_double_jac(grp, R, P);
 3774              		.loc 1 1643 9 is_stmt 1 view .LVU1046
1643:Libs/mbedtls/library/ecp.c ****             ret = ecp_double_jac(grp, R, P);
 3775              		.loc 1 1643 13 is_stmt 0 view .LVU1047
 3776 0132 0021     		movs	r1, #0
 3777 0134 10A8     		add	r0, sp, #64
 3778 0136 FFF7FEFF 		bl	mbedtls_mpi_cmp_int
 3779              	.LVL470:
1643:Libs/mbedtls/library/ecp.c ****             ret = ecp_double_jac(grp, R, P);
 3780              		.loc 1 1643 12 discriminator 1 view .LVU1048
 3781 013a 30B9     		cbnz	r0, .L217
1644:Libs/mbedtls/library/ecp.c ****             goto cleanup;
 3782              		.loc 1 1644 13 is_stmt 1 view .LVU1049
1644:Libs/mbedtls/library/ecp.c ****             goto cleanup;
 3783              		.loc 1 1644 19 is_stmt 0 view .LVU1050
 3784 013c 3246     		mov	r2, r6
 3785 013e 4146     		mov	r1, r8
 3786 0140 2846     		mov	r0, r5
 3787 0142 FFF7FEFF 		bl	ecp_double_jac
 3788              	.LVL471:
 3789 0146 8146     		mov	r9, r0
 3790              	.LVL472:
1645:Libs/mbedtls/library/ecp.c ****         } else {
 3791              		.loc 1 1645 13 is_stmt 1 view .LVU1051
 3792 0148 99E7     		b	.L215
 3793              	.LVL473:
 3794              	.L217:
1647:Libs/mbedtls/library/ecp.c ****             goto cleanup;
 3795              		.loc 1 1647 13 view .LVU1052
1647:Libs/mbedtls/library/ecp.c ****             goto cleanup;
 3796              		.loc 1 1647 19 is_stmt 0 view .LVU1053
 3797 014a 4046     		mov	r0, r8
 3798 014c FFF7FEFF 		bl	mbedtls_ecp_set_zero
 3799              	.LVL474:
 3800 0150 8146     		mov	r9, r0
 3801              	.LVL475:
1648:Libs/mbedtls/library/ecp.c ****         }
 3802              		.loc 1 1648 13 is_stmt 1 view .LVU1054
 3803 0152 94E7     		b	.L215
 3804              	.LVL476:
 3805              	.L216:
1652:Libs/mbedtls/library/ecp.c ****     MBEDTLS_MPI_CHK(mbedtls_mpi_mul_mod(grp, &T3,  &T1,    &T1));
 3806              		.loc 1 1652 5 view .LVU1055
1652:Libs/mbedtls/library/ecp.c ****     MBEDTLS_MPI_CHK(mbedtls_mpi_mul_mod(grp, &T3,  &T1,    &T1));
 3807              		.loc 1 1652 5 view .LVU1056
ARM GAS  C:\Users\nicx5\AppData\Local\Temp\ccosdxRQ.s 			page 141


 3808 0154 13AB     		add	r3, sp, #76
 3809 0156 3A46     		mov	r2, r7
 3810 0158 01A9     		add	r1, sp, #4
 3811 015a 2846     		mov	r0, r5
 3812 015c FFF7FEFF 		bl	mbedtls_mpi_mul_mod
 3813              	.LVL477:
1652:Libs/mbedtls/library/ecp.c ****     MBEDTLS_MPI_CHK(mbedtls_mpi_mul_mod(grp, &T3,  &T1,    &T1));
 3814              		.loc 1 1652 5 is_stmt 0 discriminator 1 view .LVU1057
 3815 0160 8146     		mov	r9, r0
 3816 0162 0028     		cmp	r0, #0
 3817 0164 8BD1     		bne	.L215
1652:Libs/mbedtls/library/ecp.c ****     MBEDTLS_MPI_CHK(mbedtls_mpi_mul_mod(grp, &T3,  &T1,    &T1));
 3818              		.loc 1 1652 5 is_stmt 1 discriminator 2 view .LVU1058
1653:Libs/mbedtls/library/ecp.c ****     MBEDTLS_MPI_CHK(mbedtls_mpi_mul_mod(grp, &T4,  &T3,    &T1));
 3819              		.loc 1 1653 5 view .LVU1059
1653:Libs/mbedtls/library/ecp.c ****     MBEDTLS_MPI_CHK(mbedtls_mpi_mul_mod(grp, &T4,  &T3,    &T1));
 3820              		.loc 1 1653 5 view .LVU1060
 3821 0166 13AB     		add	r3, sp, #76
 3822 0168 1A46     		mov	r2, r3
 3823 016a 0DA9     		add	r1, sp, #52
 3824 016c 2846     		mov	r0, r5
 3825              	.LVL478:
1653:Libs/mbedtls/library/ecp.c ****     MBEDTLS_MPI_CHK(mbedtls_mpi_mul_mod(grp, &T4,  &T3,    &T1));
 3826              		.loc 1 1653 5 is_stmt 0 view .LVU1061
 3827 016e FFF7FEFF 		bl	mbedtls_mpi_mul_mod
 3828              	.LVL479:
1653:Libs/mbedtls/library/ecp.c ****     MBEDTLS_MPI_CHK(mbedtls_mpi_mul_mod(grp, &T4,  &T3,    &T1));
 3829              		.loc 1 1653 5 discriminator 1 view .LVU1062
 3830 0172 8146     		mov	r9, r0
 3831 0174 0028     		cmp	r0, #0
 3832 0176 82D1     		bne	.L215
1653:Libs/mbedtls/library/ecp.c ****     MBEDTLS_MPI_CHK(mbedtls_mpi_mul_mod(grp, &T4,  &T3,    &T1));
 3833              		.loc 1 1653 5 is_stmt 1 discriminator 2 view .LVU1063
1654:Libs/mbedtls/library/ecp.c ****     MBEDTLS_MPI_CHK(mbedtls_mpi_mul_mod(grp, &T3,  &T3,    &P->X));
 3834              		.loc 1 1654 5 view .LVU1064
1654:Libs/mbedtls/library/ecp.c ****     MBEDTLS_MPI_CHK(mbedtls_mpi_mul_mod(grp, &T3,  &T3,    &P->X));
 3835              		.loc 1 1654 5 view .LVU1065
 3836 0178 13AB     		add	r3, sp, #76
 3837 017a 0DAA     		add	r2, sp, #52
 3838 017c 0AA9     		add	r1, sp, #40
 3839 017e 2846     		mov	r0, r5
 3840              	.LVL480:
1654:Libs/mbedtls/library/ecp.c ****     MBEDTLS_MPI_CHK(mbedtls_mpi_mul_mod(grp, &T3,  &T3,    &P->X));
 3841              		.loc 1 1654 5 is_stmt 0 view .LVU1066
 3842 0180 FFF7FEFF 		bl	mbedtls_mpi_mul_mod
 3843              	.LVL481:
1654:Libs/mbedtls/library/ecp.c ****     MBEDTLS_MPI_CHK(mbedtls_mpi_mul_mod(grp, &T3,  &T3,    &P->X));
 3844              		.loc 1 1654 5 discriminator 1 view .LVU1067
 3845 0184 8146     		mov	r9, r0
 3846 0186 0028     		cmp	r0, #0
 3847 0188 7FF479AF 		bne	.L215
1654:Libs/mbedtls/library/ecp.c ****     MBEDTLS_MPI_CHK(mbedtls_mpi_mul_mod(grp, &T3,  &T3,    &P->X));
 3848              		.loc 1 1654 5 is_stmt 1 discriminator 2 view .LVU1068
1655:Libs/mbedtls/library/ecp.c ****     MBEDTLS_MPI_CHK(mbedtls_mpi_copy(&T1, &T3));
 3849              		.loc 1 1655 5 view .LVU1069
1655:Libs/mbedtls/library/ecp.c ****     MBEDTLS_MPI_CHK(mbedtls_mpi_copy(&T1, &T3));
 3850              		.loc 1 1655 5 view .LVU1070
ARM GAS  C:\Users\nicx5\AppData\Local\Temp\ccosdxRQ.s 			page 142


 3851 018c 3346     		mov	r3, r6
 3852 018e 0DAA     		add	r2, sp, #52
 3853 0190 1146     		mov	r1, r2
 3854 0192 2846     		mov	r0, r5
 3855              	.LVL482:
1655:Libs/mbedtls/library/ecp.c ****     MBEDTLS_MPI_CHK(mbedtls_mpi_copy(&T1, &T3));
 3856              		.loc 1 1655 5 is_stmt 0 view .LVU1071
 3857 0194 FFF7FEFF 		bl	mbedtls_mpi_mul_mod
 3858              	.LVL483:
1655:Libs/mbedtls/library/ecp.c ****     MBEDTLS_MPI_CHK(mbedtls_mpi_copy(&T1, &T3));
 3859              		.loc 1 1655 5 discriminator 1 view .LVU1072
 3860 0198 8146     		mov	r9, r0
 3861 019a 0028     		cmp	r0, #0
 3862 019c 7FF46FAF 		bne	.L215
1655:Libs/mbedtls/library/ecp.c ****     MBEDTLS_MPI_CHK(mbedtls_mpi_copy(&T1, &T3));
 3863              		.loc 1 1655 5 is_stmt 1 discriminator 2 view .LVU1073
1656:Libs/mbedtls/library/ecp.c ****     MBEDTLS_MPI_CHK(mbedtls_mpi_shift_l_mod(grp, &T1,  1));
 3864              		.loc 1 1656 5 view .LVU1074
1656:Libs/mbedtls/library/ecp.c ****     MBEDTLS_MPI_CHK(mbedtls_mpi_shift_l_mod(grp, &T1,  1));
 3865              		.loc 1 1656 5 view .LVU1075
 3866 01a0 0DA9     		add	r1, sp, #52
 3867 01a2 13A8     		add	r0, sp, #76
 3868              	.LVL484:
1656:Libs/mbedtls/library/ecp.c ****     MBEDTLS_MPI_CHK(mbedtls_mpi_shift_l_mod(grp, &T1,  1));
 3869              		.loc 1 1656 5 is_stmt 0 view .LVU1076
 3870 01a4 FFF7FEFF 		bl	mbedtls_mpi_copy
 3871              	.LVL485:
1656:Libs/mbedtls/library/ecp.c ****     MBEDTLS_MPI_CHK(mbedtls_mpi_shift_l_mod(grp, &T1,  1));
 3872              		.loc 1 1656 5 discriminator 1 view .LVU1077
 3873 01a8 8146     		mov	r9, r0
 3874 01aa 0028     		cmp	r0, #0
 3875 01ac 7FF467AF 		bne	.L215
1656:Libs/mbedtls/library/ecp.c ****     MBEDTLS_MPI_CHK(mbedtls_mpi_shift_l_mod(grp, &T1,  1));
 3876              		.loc 1 1656 5 is_stmt 1 discriminator 2 view .LVU1078
1657:Libs/mbedtls/library/ecp.c ****     MBEDTLS_MPI_CHK(mbedtls_mpi_mul_mod(grp, &X,   &T2,    &T2));
 3877              		.loc 1 1657 5 view .LVU1079
1657:Libs/mbedtls/library/ecp.c ****     MBEDTLS_MPI_CHK(mbedtls_mpi_mul_mod(grp, &X,   &T2,    &T2));
 3878              		.loc 1 1657 5 view .LVU1080
 3879 01b0 0122     		movs	r2, #1
 3880 01b2 13A9     		add	r1, sp, #76
 3881 01b4 2846     		mov	r0, r5
 3882              	.LVL486:
1657:Libs/mbedtls/library/ecp.c ****     MBEDTLS_MPI_CHK(mbedtls_mpi_mul_mod(grp, &X,   &T2,    &T2));
 3883              		.loc 1 1657 5 is_stmt 0 view .LVU1081
 3884 01b6 FFF7FEFF 		bl	mbedtls_mpi_shift_l_mod
 3885              	.LVL487:
1657:Libs/mbedtls/library/ecp.c ****     MBEDTLS_MPI_CHK(mbedtls_mpi_mul_mod(grp, &X,   &T2,    &T2));
 3886              		.loc 1 1657 5 discriminator 1 view .LVU1082
 3887 01ba 8146     		mov	r9, r0
 3888 01bc 0028     		cmp	r0, #0
 3889 01be 7FF45EAF 		bne	.L215
1657:Libs/mbedtls/library/ecp.c ****     MBEDTLS_MPI_CHK(mbedtls_mpi_mul_mod(grp, &X,   &T2,    &T2));
 3890              		.loc 1 1657 5 is_stmt 1 discriminator 2 view .LVU1083
1658:Libs/mbedtls/library/ecp.c ****     MBEDTLS_MPI_CHK(mbedtls_mpi_sub_mod(grp, &X,   &X,     &T1));
 3891              		.loc 1 1658 5 view .LVU1084
1658:Libs/mbedtls/library/ecp.c ****     MBEDTLS_MPI_CHK(mbedtls_mpi_sub_mod(grp, &X,   &X,     &T1));
 3892              		.loc 1 1658 5 view .LVU1085
ARM GAS  C:\Users\nicx5\AppData\Local\Temp\ccosdxRQ.s 			page 143


 3893 01c2 10AB     		add	r3, sp, #64
 3894 01c4 1A46     		mov	r2, r3
 3895 01c6 07A9     		add	r1, sp, #28
 3896 01c8 2846     		mov	r0, r5
 3897              	.LVL488:
1658:Libs/mbedtls/library/ecp.c ****     MBEDTLS_MPI_CHK(mbedtls_mpi_sub_mod(grp, &X,   &X,     &T1));
 3898              		.loc 1 1658 5 is_stmt 0 view .LVU1086
 3899 01ca FFF7FEFF 		bl	mbedtls_mpi_mul_mod
 3900              	.LVL489:
1658:Libs/mbedtls/library/ecp.c ****     MBEDTLS_MPI_CHK(mbedtls_mpi_sub_mod(grp, &X,   &X,     &T1));
 3901              		.loc 1 1658 5 discriminator 1 view .LVU1087
 3902 01ce 8146     		mov	r9, r0
 3903 01d0 0028     		cmp	r0, #0
 3904 01d2 7FF454AF 		bne	.L215
1658:Libs/mbedtls/library/ecp.c ****     MBEDTLS_MPI_CHK(mbedtls_mpi_sub_mod(grp, &X,   &X,     &T1));
 3905              		.loc 1 1658 5 is_stmt 1 discriminator 2 view .LVU1088
1659:Libs/mbedtls/library/ecp.c ****     MBEDTLS_MPI_CHK(mbedtls_mpi_sub_mod(grp, &X,   &X,     &T4));
 3906              		.loc 1 1659 5 view .LVU1089
1659:Libs/mbedtls/library/ecp.c ****     MBEDTLS_MPI_CHK(mbedtls_mpi_sub_mod(grp, &X,   &X,     &T4));
 3907              		.loc 1 1659 5 view .LVU1090
 3908 01d6 13AB     		add	r3, sp, #76
 3909 01d8 07AA     		add	r2, sp, #28
 3910 01da 1146     		mov	r1, r2
 3911 01dc 2846     		mov	r0, r5
 3912              	.LVL490:
1659:Libs/mbedtls/library/ecp.c ****     MBEDTLS_MPI_CHK(mbedtls_mpi_sub_mod(grp, &X,   &X,     &T4));
 3913              		.loc 1 1659 5 is_stmt 0 view .LVU1091
 3914 01de FFF7FEFF 		bl	mbedtls_mpi_sub_mod
 3915              	.LVL491:
1659:Libs/mbedtls/library/ecp.c ****     MBEDTLS_MPI_CHK(mbedtls_mpi_sub_mod(grp, &X,   &X,     &T4));
 3916              		.loc 1 1659 5 discriminator 1 view .LVU1092
 3917 01e2 8146     		mov	r9, r0
 3918 01e4 0028     		cmp	r0, #0
 3919 01e6 7FF44AAF 		bne	.L215
1659:Libs/mbedtls/library/ecp.c ****     MBEDTLS_MPI_CHK(mbedtls_mpi_sub_mod(grp, &X,   &X,     &T4));
 3920              		.loc 1 1659 5 is_stmt 1 discriminator 2 view .LVU1093
1660:Libs/mbedtls/library/ecp.c ****     MBEDTLS_MPI_CHK(mbedtls_mpi_sub_mod(grp, &T3,  &T3,    &X));
 3921              		.loc 1 1660 5 view .LVU1094
1660:Libs/mbedtls/library/ecp.c ****     MBEDTLS_MPI_CHK(mbedtls_mpi_sub_mod(grp, &T3,  &T3,    &X));
 3922              		.loc 1 1660 5 view .LVU1095
 3923 01ea 0AAB     		add	r3, sp, #40
 3924 01ec 07AA     		add	r2, sp, #28
 3925 01ee 1146     		mov	r1, r2
 3926 01f0 2846     		mov	r0, r5
 3927              	.LVL492:
1660:Libs/mbedtls/library/ecp.c ****     MBEDTLS_MPI_CHK(mbedtls_mpi_sub_mod(grp, &T3,  &T3,    &X));
 3928              		.loc 1 1660 5 is_stmt 0 view .LVU1096
 3929 01f2 FFF7FEFF 		bl	mbedtls_mpi_sub_mod
 3930              	.LVL493:
1660:Libs/mbedtls/library/ecp.c ****     MBEDTLS_MPI_CHK(mbedtls_mpi_sub_mod(grp, &T3,  &T3,    &X));
 3931              		.loc 1 1660 5 discriminator 1 view .LVU1097
 3932 01f6 8146     		mov	r9, r0
 3933 01f8 0028     		cmp	r0, #0
 3934 01fa 7FF440AF 		bne	.L215
1660:Libs/mbedtls/library/ecp.c ****     MBEDTLS_MPI_CHK(mbedtls_mpi_sub_mod(grp, &T3,  &T3,    &X));
 3935              		.loc 1 1660 5 is_stmt 1 discriminator 2 view .LVU1098
1661:Libs/mbedtls/library/ecp.c ****     MBEDTLS_MPI_CHK(mbedtls_mpi_mul_mod(grp, &T3,  &T3,    &T2));
ARM GAS  C:\Users\nicx5\AppData\Local\Temp\ccosdxRQ.s 			page 144


 3936              		.loc 1 1661 5 view .LVU1099
1661:Libs/mbedtls/library/ecp.c ****     MBEDTLS_MPI_CHK(mbedtls_mpi_mul_mod(grp, &T3,  &T3,    &T2));
 3937              		.loc 1 1661 5 view .LVU1100
 3938 01fe 07AB     		add	r3, sp, #28
 3939 0200 0DAA     		add	r2, sp, #52
 3940 0202 1146     		mov	r1, r2
 3941 0204 2846     		mov	r0, r5
 3942              	.LVL494:
1661:Libs/mbedtls/library/ecp.c ****     MBEDTLS_MPI_CHK(mbedtls_mpi_mul_mod(grp, &T3,  &T3,    &T2));
 3943              		.loc 1 1661 5 is_stmt 0 view .LVU1101
 3944 0206 FFF7FEFF 		bl	mbedtls_mpi_sub_mod
 3945              	.LVL495:
1661:Libs/mbedtls/library/ecp.c ****     MBEDTLS_MPI_CHK(mbedtls_mpi_mul_mod(grp, &T3,  &T3,    &T2));
 3946              		.loc 1 1661 5 discriminator 1 view .LVU1102
 3947 020a 8146     		mov	r9, r0
 3948 020c 0028     		cmp	r0, #0
 3949 020e 7FF436AF 		bne	.L215
1661:Libs/mbedtls/library/ecp.c ****     MBEDTLS_MPI_CHK(mbedtls_mpi_mul_mod(grp, &T3,  &T3,    &T2));
 3950              		.loc 1 1661 5 is_stmt 1 discriminator 2 view .LVU1103
1662:Libs/mbedtls/library/ecp.c ****     MBEDTLS_MPI_CHK(mbedtls_mpi_mul_mod(grp, &T4,  &T4,    &P->Y));
 3951              		.loc 1 1662 5 view .LVU1104
1662:Libs/mbedtls/library/ecp.c ****     MBEDTLS_MPI_CHK(mbedtls_mpi_mul_mod(grp, &T4,  &T4,    &P->Y));
 3952              		.loc 1 1662 5 view .LVU1105
 3953 0212 10AB     		add	r3, sp, #64
 3954 0214 0DAA     		add	r2, sp, #52
 3955 0216 1146     		mov	r1, r2
 3956 0218 2846     		mov	r0, r5
 3957              	.LVL496:
1662:Libs/mbedtls/library/ecp.c ****     MBEDTLS_MPI_CHK(mbedtls_mpi_mul_mod(grp, &T4,  &T4,    &P->Y));
 3958              		.loc 1 1662 5 is_stmt 0 view .LVU1106
 3959 021a FFF7FEFF 		bl	mbedtls_mpi_mul_mod
 3960              	.LVL497:
1662:Libs/mbedtls/library/ecp.c ****     MBEDTLS_MPI_CHK(mbedtls_mpi_mul_mod(grp, &T4,  &T4,    &P->Y));
 3961              		.loc 1 1662 5 discriminator 1 view .LVU1107
 3962 021e 8146     		mov	r9, r0
 3963 0220 0028     		cmp	r0, #0
 3964 0222 7FF42CAF 		bne	.L215
1662:Libs/mbedtls/library/ecp.c ****     MBEDTLS_MPI_CHK(mbedtls_mpi_mul_mod(grp, &T4,  &T4,    &P->Y));
 3965              		.loc 1 1662 5 is_stmt 1 discriminator 2 view .LVU1108
1663:Libs/mbedtls/library/ecp.c ****     MBEDTLS_MPI_CHK(mbedtls_mpi_sub_mod(grp, &Y,   &T3,    &T4));
 3966              		.loc 1 1663 5 view .LVU1109
1663:Libs/mbedtls/library/ecp.c ****     MBEDTLS_MPI_CHK(mbedtls_mpi_sub_mod(grp, &Y,   &T3,    &T4));
 3967              		.loc 1 1663 5 view .LVU1110
 3968 0226 2346     		mov	r3, r4
 3969 0228 0AAA     		add	r2, sp, #40
 3970 022a 1146     		mov	r1, r2
 3971 022c 2846     		mov	r0, r5
 3972              	.LVL498:
1663:Libs/mbedtls/library/ecp.c ****     MBEDTLS_MPI_CHK(mbedtls_mpi_sub_mod(grp, &Y,   &T3,    &T4));
 3973              		.loc 1 1663 5 is_stmt 0 view .LVU1111
 3974 022e FFF7FEFF 		bl	mbedtls_mpi_mul_mod
 3975              	.LVL499:
1663:Libs/mbedtls/library/ecp.c ****     MBEDTLS_MPI_CHK(mbedtls_mpi_sub_mod(grp, &Y,   &T3,    &T4));
 3976              		.loc 1 1663 5 discriminator 1 view .LVU1112
 3977 0232 8146     		mov	r9, r0
 3978 0234 0028     		cmp	r0, #0
 3979 0236 7FF422AF 		bne	.L215
ARM GAS  C:\Users\nicx5\AppData\Local\Temp\ccosdxRQ.s 			page 145


1663:Libs/mbedtls/library/ecp.c ****     MBEDTLS_MPI_CHK(mbedtls_mpi_sub_mod(grp, &Y,   &T3,    &T4));
 3980              		.loc 1 1663 5 is_stmt 1 discriminator 2 view .LVU1113
1664:Libs/mbedtls/library/ecp.c **** 
 3981              		.loc 1 1664 5 view .LVU1114
1664:Libs/mbedtls/library/ecp.c **** 
 3982              		.loc 1 1664 5 view .LVU1115
 3983 023a 0AAB     		add	r3, sp, #40
 3984 023c 0DAA     		add	r2, sp, #52
 3985 023e 04A9     		add	r1, sp, #16
 3986 0240 2846     		mov	r0, r5
 3987              	.LVL500:
1664:Libs/mbedtls/library/ecp.c **** 
 3988              		.loc 1 1664 5 is_stmt 0 view .LVU1116
 3989 0242 FFF7FEFF 		bl	mbedtls_mpi_sub_mod
 3990              	.LVL501:
1664:Libs/mbedtls/library/ecp.c **** 
 3991              		.loc 1 1664 5 discriminator 1 view .LVU1117
 3992 0246 8146     		mov	r9, r0
 3993 0248 0028     		cmp	r0, #0
 3994 024a 7FF418AF 		bne	.L215
1664:Libs/mbedtls/library/ecp.c **** 
 3995              		.loc 1 1664 5 is_stmt 1 discriminator 2 view .LVU1118
1666:Libs/mbedtls/library/ecp.c ****     MBEDTLS_MPI_CHK(mbedtls_mpi_copy(&R->Y, &Y));
 3996              		.loc 1 1666 5 view .LVU1119
1666:Libs/mbedtls/library/ecp.c ****     MBEDTLS_MPI_CHK(mbedtls_mpi_copy(&R->Y, &Y));
 3997              		.loc 1 1666 5 view .LVU1120
 3998 024e 07A9     		add	r1, sp, #28
 3999 0250 4046     		mov	r0, r8
 4000              	.LVL502:
1666:Libs/mbedtls/library/ecp.c ****     MBEDTLS_MPI_CHK(mbedtls_mpi_copy(&R->Y, &Y));
 4001              		.loc 1 1666 5 is_stmt 0 view .LVU1121
 4002 0252 FFF7FEFF 		bl	mbedtls_mpi_copy
 4003              	.LVL503:
1666:Libs/mbedtls/library/ecp.c ****     MBEDTLS_MPI_CHK(mbedtls_mpi_copy(&R->Y, &Y));
 4004              		.loc 1 1666 5 discriminator 1 view .LVU1122
 4005 0256 8146     		mov	r9, r0
 4006 0258 0028     		cmp	r0, #0
 4007 025a 7FF410AF 		bne	.L215
1666:Libs/mbedtls/library/ecp.c ****     MBEDTLS_MPI_CHK(mbedtls_mpi_copy(&R->Y, &Y));
 4008              		.loc 1 1666 5 is_stmt 1 discriminator 2 view .LVU1123
1667:Libs/mbedtls/library/ecp.c ****     MBEDTLS_MPI_CHK(mbedtls_mpi_copy(&R->Z, &Z));
 4009              		.loc 1 1667 5 view .LVU1124
1667:Libs/mbedtls/library/ecp.c ****     MBEDTLS_MPI_CHK(mbedtls_mpi_copy(&R->Z, &Z));
 4010              		.loc 1 1667 5 view .LVU1125
 4011 025e 04A9     		add	r1, sp, #16
 4012 0260 08F10C00 		add	r0, r8, #12
 4013              	.LVL504:
1667:Libs/mbedtls/library/ecp.c ****     MBEDTLS_MPI_CHK(mbedtls_mpi_copy(&R->Z, &Z));
 4014              		.loc 1 1667 5 is_stmt 0 view .LVU1126
 4015 0264 FFF7FEFF 		bl	mbedtls_mpi_copy
 4016              	.LVL505:
1667:Libs/mbedtls/library/ecp.c ****     MBEDTLS_MPI_CHK(mbedtls_mpi_copy(&R->Z, &Z));
 4017              		.loc 1 1667 5 discriminator 1 view .LVU1127
 4018 0268 8146     		mov	r9, r0
 4019 026a 0028     		cmp	r0, #0
 4020 026c 7FF407AF 		bne	.L215
1667:Libs/mbedtls/library/ecp.c ****     MBEDTLS_MPI_CHK(mbedtls_mpi_copy(&R->Z, &Z));
ARM GAS  C:\Users\nicx5\AppData\Local\Temp\ccosdxRQ.s 			page 146


 4021              		.loc 1 1667 5 is_stmt 1 discriminator 2 view .LVU1128
1668:Libs/mbedtls/library/ecp.c **** 
 4022              		.loc 1 1668 5 view .LVU1129
1668:Libs/mbedtls/library/ecp.c **** 
 4023              		.loc 1 1668 5 view .LVU1130
 4024 0270 01A9     		add	r1, sp, #4
 4025 0272 08F11800 		add	r0, r8, #24
 4026              	.LVL506:
1668:Libs/mbedtls/library/ecp.c **** 
 4027              		.loc 1 1668 5 is_stmt 0 view .LVU1131
 4028 0276 FFF7FEFF 		bl	mbedtls_mpi_copy
 4029              	.LVL507:
 4030 027a 8146     		mov	r9, r0
 4031              	.LVL508:
1668:Libs/mbedtls/library/ecp.c **** 
 4032              		.loc 1 1668 5 is_stmt 1 discriminator 1 view .LVU1132
1670:Libs/mbedtls/library/ecp.c **** 
 4033              		.loc 1 1670 1 is_stmt 0 view .LVU1133
 4034 027c FFE6     		b	.L215
 4035              	.LVL509:
 4036              	.L218:
1628:Libs/mbedtls/library/ecp.c ****     }
 4037              		.loc 1 1628 16 view .LVU1134
 4038 027e DFF80490 		ldr	r9, .L223
 4039 0282 11E7     		b	.L210
 4040              	.L224:
 4041              		.align	2
 4042              	.L223:
 4043 0284 80B0FFFF 		.word	-20352
 4044              		.cfi_endproc
 4045              	.LFE41:
 4047              		.section	.text.ecp_precompute_comb,"ax",%progbits
 4048              		.align	1
 4049              		.syntax unified
 4050              		.thumb
 4051              		.thumb_func
 4053              	ecp_precompute_comb:
 4054              	.LVL510:
 4055              	.LFB44:
1856:Libs/mbedtls/library/ecp.c ****     int ret = MBEDTLS_ERR_ERROR_CORRUPTION_DETECTED;
 4056              		.loc 1 1856 1 is_stmt 1 view -0
 4057              		.cfi_startproc
 4058              		@ args = 8, pretend = 0, frame = 8
 4059              		@ frame_needed = 0, uses_anonymous_args = 0
1856:Libs/mbedtls/library/ecp.c ****     int ret = MBEDTLS_ERR_ERROR_CORRUPTION_DETECTED;
 4060              		.loc 1 1856 1 is_stmt 0 view .LVU1136
 4061 0000 2DE9F04F 		push	{r4, r5, r6, r7, r8, r9, r10, fp, lr}
 4062              	.LCFI61:
 4063              		.cfi_def_cfa_offset 36
 4064              		.cfi_offset 4, -36
 4065              		.cfi_offset 5, -32
 4066              		.cfi_offset 6, -28
 4067              		.cfi_offset 7, -24
 4068              		.cfi_offset 8, -20
 4069              		.cfi_offset 9, -16
 4070              		.cfi_offset 10, -12
 4071              		.cfi_offset 11, -8
ARM GAS  C:\Users\nicx5\AppData\Local\Temp\ccosdxRQ.s 			page 147


 4072              		.cfi_offset 14, -4
 4073 0004 83B0     		sub	sp, sp, #12
 4074              	.LCFI62:
 4075              		.cfi_def_cfa_offset 48
 4076 0006 8046     		mov	r8, r0
 4077 0008 0E46     		mov	r6, r1
 4078 000a 0C9F     		ldr	r7, [sp, #48]
1857:Libs/mbedtls/library/ecp.c ****     unsigned char i;
 4079              		.loc 1 1857 5 is_stmt 1 view .LVU1137
 4080              	.LVL511:
1858:Libs/mbedtls/library/ecp.c ****     size_t j = 0;
 4081              		.loc 1 1858 5 view .LVU1138
1859:Libs/mbedtls/library/ecp.c ****     const unsigned char T_size = 1U << (w - 1);
 4082              		.loc 1 1859 5 view .LVU1139
1860:Libs/mbedtls/library/ecp.c ****     mbedtls_ecp_point *cur, *TT[COMB_MAX_PRE - 1];
 4083              		.loc 1 1860 5 view .LVU1140
1860:Libs/mbedtls/library/ecp.c ****     mbedtls_ecp_point *cur, *TT[COMB_MAX_PRE - 1];
 4084              		.loc 1 1860 43 is_stmt 0 view .LVU1141
 4085 000c 03F1FF39 		add	r9, r3, #-1
1860:Libs/mbedtls/library/ecp.c ****     mbedtls_ecp_point *cur, *TT[COMB_MAX_PRE - 1];
 4086              		.loc 1 1860 37 view .LVU1142
 4087 0010 4FF0010A 		mov	r10, #1
 4088 0014 0AFA09FA 		lsl	r10, r10, r9
 4089              	.LVL512:
1861:Libs/mbedtls/library/ecp.c **** 
 4090              		.loc 1 1861 5 is_stmt 1 view .LVU1143
1879:Libs/mbedtls/library/ecp.c **** #endif
 4091              		.loc 1 1879 5 view .LVU1144
1896:Libs/mbedtls/library/ecp.c **** 
 4092              		.loc 1 1896 5 view .LVU1145
1896:Libs/mbedtls/library/ecp.c **** 
 4093              		.loc 1 1896 5 view .LVU1146
 4094 0018 1146     		mov	r1, r2
 4095              	.LVL513:
1896:Libs/mbedtls/library/ecp.c **** 
 4096              		.loc 1 1896 5 is_stmt 0 view .LVU1147
 4097 001a 3046     		mov	r0, r6
 4098              	.LVL514:
1896:Libs/mbedtls/library/ecp.c **** 
 4099              		.loc 1 1896 5 view .LVU1148
 4100 001c FFF7FEFF 		bl	mbedtls_ecp_copy
 4101              	.LVL515:
1896:Libs/mbedtls/library/ecp.c **** 
 4102              		.loc 1 1896 5 discriminator 1 view .LVU1149
 4103 0020 0346     		mov	r3, r0
 4104 0022 0028     		cmp	r0, #0
 4105 0024 4ED1     		bne	.L225
 4106 0026 5FFA8AFB 		uxtb	fp, r10
1903:Libs/mbedtls/library/ecp.c **** 
 4107              		.loc 1 1903 7 view .LVU1150
 4108 002a 0025     		movs	r5, #0
 4109 002c 08E0     		b	.L227
 4110              	.LVL516:
 4111              	.L228:
1912:Libs/mbedtls/library/ecp.c ****         }
 4112              		.loc 1 1912 13 is_stmt 1 discriminator 2 view .LVU1151
1915:Libs/mbedtls/library/ecp.c ****     }
ARM GAS  C:\Users\nicx5\AppData\Local\Temp\ccosdxRQ.s 			page 148


 4113              		.loc 1 1915 9 view .LVU1152
1915:Libs/mbedtls/library/ecp.c ****     }
 4114              		.loc 1 1915 9 view .LVU1153
 4115 002e 2246     		mov	r2, r4
 4116 0030 2146     		mov	r1, r4
 4117 0032 4046     		mov	r0, r8
 4118              	.LVL517:
1915:Libs/mbedtls/library/ecp.c ****     }
 4119              		.loc 1 1915 9 is_stmt 0 view .LVU1154
 4120 0034 FFF7FEFF 		bl	ecp_double_jac
 4121              	.LVL518:
1915:Libs/mbedtls/library/ecp.c ****     }
 4122              		.loc 1 1915 9 discriminator 1 view .LVU1155
 4123 0038 0346     		mov	r3, r0
 4124 003a 0028     		cmp	r0, #0
 4125 003c 42D1     		bne	.L225
1915:Libs/mbedtls/library/ecp.c ****     }
 4126              		.loc 1 1915 9 is_stmt 1 discriminator 2 view .LVU1156
1905:Libs/mbedtls/library/ecp.c ****         MBEDTLS_ECP_BUDGET(MBEDTLS_ECP_OPS_DBL);
 4127              		.loc 1 1905 30 view .LVU1157
 4128 003e 0135     		adds	r5, r5, #1
 4129              	.LVL519:
 4130              	.L227:
1905:Libs/mbedtls/library/ecp.c ****         MBEDTLS_ECP_BUDGET(MBEDTLS_ECP_OPS_DBL);
 4131              		.loc 1 1905 14 discriminator 1 view .LVU1158
1905:Libs/mbedtls/library/ecp.c ****         MBEDTLS_ECP_BUDGET(MBEDTLS_ECP_OPS_DBL);
 4132              		.loc 1 1905 18 is_stmt 0 discriminator 1 view .LVU1159
 4133 0040 07FB09F3 		mul	r3, r7, r9
1905:Libs/mbedtls/library/ecp.c ****         MBEDTLS_ECP_BUDGET(MBEDTLS_ECP_OPS_DBL);
 4134              		.loc 1 1905 14 discriminator 1 view .LVU1160
 4135 0044 AB42     		cmp	r3, r5
 4136 0046 18D9     		bls	.L239
1906:Libs/mbedtls/library/ecp.c **** 
 4137              		.loc 1 1906 48 is_stmt 1 view .LVU1161
1908:Libs/mbedtls/library/ecp.c ****         cur = T + i;
 4138              		.loc 1 1908 9 view .LVU1162
1908:Libs/mbedtls/library/ecp.c ****         cur = T + i;
 4139              		.loc 1 1908 22 is_stmt 0 view .LVU1163
 4140 0048 B5FBF7F3 		udiv	r3, r5, r7
1908:Libs/mbedtls/library/ecp.c ****         cur = T + i;
 4141              		.loc 1 1908 16 view .LVU1164
 4142 004c 0121     		movs	r1, #1
 4143 004e 9940     		lsls	r1, r1, r3
1908:Libs/mbedtls/library/ecp.c ****         cur = T + i;
 4144              		.loc 1 1908 11 view .LVU1165
 4145 0050 C9B2     		uxtb	r1, r1
 4146              	.LVL520:
1909:Libs/mbedtls/library/ecp.c **** 
 4147              		.loc 1 1909 9 is_stmt 1 view .LVU1166
1909:Libs/mbedtls/library/ecp.c **** 
 4148              		.loc 1 1909 17 is_stmt 0 view .LVU1167
 4149 0052 01EBC104 		add	r4, r1, r1, lsl #3
1909:Libs/mbedtls/library/ecp.c **** 
 4150              		.loc 1 1909 13 view .LVU1168
 4151 0056 06EB8404 		add	r4, r6, r4, lsl #2
 4152              	.LVL521:
1911:Libs/mbedtls/library/ecp.c ****             MBEDTLS_MPI_CHK(mbedtls_ecp_copy(cur, T + (i >> 1)));
ARM GAS  C:\Users\nicx5\AppData\Local\Temp\ccosdxRQ.s 			page 149


 4153              		.loc 1 1911 9 is_stmt 1 view .LVU1169
1911:Libs/mbedtls/library/ecp.c ****             MBEDTLS_MPI_CHK(mbedtls_ecp_copy(cur, T + (i >> 1)));
 4154              		.loc 1 1911 15 is_stmt 0 view .LVU1170
 4155 005a 07FB1353 		mls	r3, r7, r3, r5
1911:Libs/mbedtls/library/ecp.c ****             MBEDTLS_MPI_CHK(mbedtls_ecp_copy(cur, T + (i >> 1)));
 4156              		.loc 1 1911 12 view .LVU1171
 4157 005e 002B     		cmp	r3, #0
 4158 0060 E5D1     		bne	.L228
1912:Libs/mbedtls/library/ecp.c ****         }
 4159              		.loc 1 1912 13 is_stmt 1 view .LVU1172
1912:Libs/mbedtls/library/ecp.c ****         }
 4160              		.loc 1 1912 13 view .LVU1173
 4161 0062 4908     		lsrs	r1, r1, #1
 4162              	.LVL522:
1912:Libs/mbedtls/library/ecp.c ****         }
 4163              		.loc 1 1912 13 is_stmt 0 view .LVU1174
 4164 0064 01EBC101 		add	r1, r1, r1, lsl #3
 4165 0068 06EB8101 		add	r1, r6, r1, lsl #2
 4166 006c 2046     		mov	r0, r4
 4167              	.LVL523:
1912:Libs/mbedtls/library/ecp.c ****         }
 4168              		.loc 1 1912 13 view .LVU1175
 4169 006e FFF7FEFF 		bl	mbedtls_ecp_copy
 4170              	.LVL524:
1912:Libs/mbedtls/library/ecp.c ****         }
 4171              		.loc 1 1912 13 discriminator 1 view .LVU1176
 4172 0072 0346     		mov	r3, r0
 4173 0074 0028     		cmp	r0, #0
 4174 0076 DAD0     		beq	.L228
 4175 0078 24E0     		b	.L225
 4176              	.LVL525:
 4177              	.L239:
1929:Libs/mbedtls/library/ecp.c ****     for (i = 1; i < T_size; i <<= 1) {
 4178              		.loc 1 1929 7 view .LVU1177
 4179 007a 0022     		movs	r2, #0
1930:Libs/mbedtls/library/ecp.c ****         TT[j++] = T + i;
 4180              		.loc 1 1930 12 view .LVU1178
 4181 007c 0123     		movs	r3, #1
 4182              	.LVL526:
 4183              	.L230:
1930:Libs/mbedtls/library/ecp.c ****         TT[j++] = T + i;
 4184              		.loc 1 1930 19 is_stmt 1 discriminator 1 view .LVU1179
 4185 007e 5B45     		cmp	r3, fp
 4186 0080 24D3     		bcc	.L231
1934:Libs/mbedtls/library/ecp.c **** 
 4187              		.loc 1 1934 56 view .LVU1180
1936:Libs/mbedtls/library/ecp.c **** 
 4188              		.loc 1 1936 5 view .LVU1181
1936:Libs/mbedtls/library/ecp.c **** 
 4189              		.loc 1 1936 5 view .LVU1182
 4190 0082 01A9     		add	r1, sp, #4
 4191 0084 4046     		mov	r0, r8
 4192 0086 FFF7FEFF 		bl	ecp_normalize_jac_many
 4193              	.LVL527:
1936:Libs/mbedtls/library/ecp.c **** 
 4194              		.loc 1 1936 5 is_stmt 0 discriminator 1 view .LVU1183
 4195 008a 0346     		mov	r3, r0
ARM GAS  C:\Users\nicx5\AppData\Local\Temp\ccosdxRQ.s 			page 150


 4196 008c D0B9     		cbnz	r0, .L225
1951:Libs/mbedtls/library/ecp.c ****         j = i;
 4197              		.loc 1 1951 12 view .LVU1184
 4198 008e 0127     		movs	r7, #1
 4199              	.LVL528:
 4200              	.L232:
1951:Libs/mbedtls/library/ecp.c ****         j = i;
 4201              		.loc 1 1951 19 is_stmt 1 discriminator 1 view .LVU1185
 4202 0090 5F45     		cmp	r7, fp
 4203 0092 2BD2     		bcs	.L240
1952:Libs/mbedtls/library/ecp.c ****         while (j--) {
 4204              		.loc 1 1952 9 view .LVU1186
1952:Libs/mbedtls/library/ecp.c ****         while (j--) {
 4205              		.loc 1 1952 11 is_stmt 0 view .LVU1187
 4206 0094 3D46     		mov	r5, r7
 4207              	.LVL529:
1953:Libs/mbedtls/library/ecp.c ****             MBEDTLS_MPI_CHK(ecp_add_mixed(grp, &T[i + j], &T[j], &T[i]));
 4208              		.loc 1 1953 9 is_stmt 1 view .LVU1188
1952:Libs/mbedtls/library/ecp.c ****         while (j--) {
 4209              		.loc 1 1952 11 is_stmt 0 view .LVU1189
 4210 0096 3C46     		mov	r4, r7
 4211              	.LVL530:
 4212              	.L233:
1954:Libs/mbedtls/library/ecp.c ****         }
 4213              		.loc 1 1954 13 is_stmt 1 discriminator 2 view .LVU1190
1953:Libs/mbedtls/library/ecp.c ****             MBEDTLS_MPI_CHK(ecp_add_mixed(grp, &T[i + j], &T[j], &T[i]));
 4214              		.loc 1 1953 16 view .LVU1191
 4215 0098 2346     		mov	r3, r4
1953:Libs/mbedtls/library/ecp.c ****             MBEDTLS_MPI_CHK(ecp_add_mixed(grp, &T[i + j], &T[j], &T[i]));
 4216              		.loc 1 1953 17 is_stmt 0 view .LVU1192
 4217 009a 013C     		subs	r4, r4, #1
 4218              	.LVL531:
1953:Libs/mbedtls/library/ecp.c ****             MBEDTLS_MPI_CHK(ecp_add_mixed(grp, &T[i + j], &T[j], &T[i]));
 4219              		.loc 1 1953 16 view .LVU1193
 4220 009c 1BB3     		cbz	r3, .L241
1954:Libs/mbedtls/library/ecp.c ****         }
 4221              		.loc 1 1954 13 is_stmt 1 view .LVU1194
1954:Libs/mbedtls/library/ecp.c ****         }
 4222              		.loc 1 1954 13 view .LVU1195
 4223 009e 2919     		adds	r1, r5, r4
 4224 00a0 01EBC101 		add	r1, r1, r1, lsl #3
 4225 00a4 04EBC402 		add	r2, r4, r4, lsl #3
 4226 00a8 05EBC503 		add	r3, r5, r5, lsl #3
 4227 00ac 06EB8303 		add	r3, r6, r3, lsl #2
 4228 00b0 06EB8202 		add	r2, r6, r2, lsl #2
 4229 00b4 06EB8101 		add	r1, r6, r1, lsl #2
 4230 00b8 4046     		mov	r0, r8
 4231              	.LVL532:
1954:Libs/mbedtls/library/ecp.c ****         }
 4232              		.loc 1 1954 13 is_stmt 0 view .LVU1196
 4233 00ba FFF7FEFF 		bl	ecp_add_mixed
 4234              	.LVL533:
1954:Libs/mbedtls/library/ecp.c ****         }
 4235              		.loc 1 1954 13 discriminator 1 view .LVU1197
 4236 00be 0346     		mov	r3, r0
 4237 00c0 0028     		cmp	r0, #0
 4238 00c2 E9D0     		beq	.L233
ARM GAS  C:\Users\nicx5\AppData\Local\Temp\ccosdxRQ.s 			page 151


 4239              	.LVL534:
 4240              	.L225:
1989:Libs/mbedtls/library/ecp.c **** 
 4241              		.loc 1 1989 1 view .LVU1198
 4242 00c4 1846     		mov	r0, r3
 4243              	.LVL535:
1989:Libs/mbedtls/library/ecp.c **** 
 4244              		.loc 1 1989 1 view .LVU1199
 4245 00c6 03B0     		add	sp, sp, #12
 4246              	.LCFI63:
 4247              		.cfi_remember_state
 4248              		.cfi_def_cfa_offset 36
 4249              		@ sp needed
 4250 00c8 BDE8F08F 		pop	{r4, r5, r6, r7, r8, r9, r10, fp, pc}
 4251              	.LVL536:
 4252              	.L231:
 4253              	.LCFI64:
 4254              		.cfi_restore_state
1931:Libs/mbedtls/library/ecp.c ****     }
 4255              		.loc 1 1931 9 is_stmt 1 view .LVU1200
1931:Libs/mbedtls/library/ecp.c ****     }
 4256              		.loc 1 1931 21 is_stmt 0 view .LVU1201
 4257 00cc 03EBC301 		add	r1, r3, r3, lsl #3
 4258 00d0 06EB8101 		add	r1, r6, r1, lsl #2
1931:Libs/mbedtls/library/ecp.c ****     }
 4259              		.loc 1 1931 17 view .LVU1202
 4260 00d4 02A8     		add	r0, sp, #8
 4261 00d6 00EB8200 		add	r0, r0, r2, lsl #2
 4262 00da 40F8041C 		str	r1, [r0, #-4]
1930:Libs/mbedtls/library/ecp.c ****         TT[j++] = T + i;
 4263              		.loc 1 1930 31 is_stmt 1 discriminator 3 view .LVU1203
 4264 00de 5B00     		lsls	r3, r3, #1
 4265              	.LVL537:
1930:Libs/mbedtls/library/ecp.c ****         TT[j++] = T + i;
 4266              		.loc 1 1930 31 is_stmt 0 discriminator 3 view .LVU1204
 4267 00e0 DBB2     		uxtb	r3, r3
 4268              	.LVL538:
1931:Libs/mbedtls/library/ecp.c ****     }
 4269              		.loc 1 1931 13 view .LVU1205
 4270 00e2 0132     		adds	r2, r2, #1
 4271              	.LVL539:
1931:Libs/mbedtls/library/ecp.c ****     }
 4272              		.loc 1 1931 13 view .LVU1206
 4273 00e4 CBE7     		b	.L230
 4274              	.LVL540:
 4275              	.L241:
1951:Libs/mbedtls/library/ecp.c ****         j = i;
 4276              		.loc 1 1951 31 is_stmt 1 discriminator 2 view .LVU1207
 4277 00e6 7F00     		lsls	r7, r7, #1
 4278              	.LVL541:
1951:Libs/mbedtls/library/ecp.c ****         j = i;
 4279              		.loc 1 1951 31 is_stmt 0 discriminator 2 view .LVU1208
 4280 00e8 FFB2     		uxtb	r7, r7
 4281              	.LVL542:
1951:Libs/mbedtls/library/ecp.c ****         j = i;
 4282              		.loc 1 1951 31 discriminator 2 view .LVU1209
 4283 00ea D1E7     		b	.L232
ARM GAS  C:\Users\nicx5\AppData\Local\Temp\ccosdxRQ.s 			page 152


 4284              	.LVL543:
 4285              	.L240:
1970:Libs/mbedtls/library/ecp.c ****         TT[j] = T + j + 1;
 4286              		.loc 1 1970 12 view .LVU1210
 4287 00ec 0022     		movs	r2, #0
 4288              	.LVL544:
 4289              	.L236:
1970:Libs/mbedtls/library/ecp.c ****         TT[j] = T + j + 1;
 4290              		.loc 1 1970 23 is_stmt 1 discriminator 1 view .LVU1211
1970:Libs/mbedtls/library/ecp.c ****         TT[j] = T + j + 1;
 4291              		.loc 1 1970 19 is_stmt 0 discriminator 1 view .LVU1212
 4292 00ee 531C     		adds	r3, r2, #1
1970:Libs/mbedtls/library/ecp.c ****         TT[j] = T + j + 1;
 4293              		.loc 1 1970 23 discriminator 1 view .LVU1213
 4294 00f0 5FFA8AF1 		uxtb	r1, r10
 4295 00f4 8B42     		cmp	r3, r1
 4296 00f6 05D3     		bcc	.L237
1974:Libs/mbedtls/library/ecp.c **** 
 4297              		.loc 1 1974 56 is_stmt 1 view .LVU1214
1976:Libs/mbedtls/library/ecp.c **** 
 4298              		.loc 1 1976 5 view .LVU1215
1976:Libs/mbedtls/library/ecp.c **** 
 4299              		.loc 1 1976 5 view .LVU1216
 4300 00f8 01A9     		add	r1, sp, #4
 4301 00fa 4046     		mov	r0, r8
 4302 00fc FFF7FEFF 		bl	ecp_normalize_jac_many
 4303              	.LVL545:
1976:Libs/mbedtls/library/ecp.c **** 
 4304              		.loc 1 1976 5 is_stmt 0 view .LVU1217
 4305 0100 0346     		mov	r3, r0
 4306              	.LVL546:
1976:Libs/mbedtls/library/ecp.c **** 
 4307              		.loc 1 1976 5 is_stmt 1 discriminator 1 view .LVU1218
 4308              	.L226:
1976:Libs/mbedtls/library/ecp.c **** 
 4309              		.loc 1 1976 5 discriminator 3 view .LVU1219
1988:Libs/mbedtls/library/ecp.c **** }
 4310              		.loc 1 1988 5 view .LVU1220
1988:Libs/mbedtls/library/ecp.c **** }
 4311              		.loc 1 1988 12 is_stmt 0 view .LVU1221
 4312 0102 DFE7     		b	.L225
 4313              	.LVL547:
 4314              	.L237:
1971:Libs/mbedtls/library/ecp.c ****     }
 4315              		.loc 1 1971 9 is_stmt 1 view .LVU1222
1971:Libs/mbedtls/library/ecp.c ****     }
 4316              		.loc 1 1971 23 is_stmt 0 view .LVU1223
 4317 0104 03EBC301 		add	r1, r3, r3, lsl #3
 4318 0108 06EB8101 		add	r1, r6, r1, lsl #2
1971:Libs/mbedtls/library/ecp.c ****     }
 4319              		.loc 1 1971 15 view .LVU1224
 4320 010c 02A8     		add	r0, sp, #8
 4321 010e 00EB8202 		add	r2, r0, r2, lsl #2
 4322              	.LVL548:
1971:Libs/mbedtls/library/ecp.c ****     }
 4323              		.loc 1 1971 15 view .LVU1225
 4324 0112 42F8041C 		str	r1, [r2, #-4]
ARM GAS  C:\Users\nicx5\AppData\Local\Temp\ccosdxRQ.s 			page 153


1970:Libs/mbedtls/library/ecp.c ****         TT[j] = T + j + 1;
 4325              		.loc 1 1970 34 is_stmt 1 discriminator 3 view .LVU1226
 4326              	.LVL549:
1970:Libs/mbedtls/library/ecp.c ****         TT[j] = T + j + 1;
 4327              		.loc 1 1970 34 is_stmt 0 discriminator 3 view .LVU1227
 4328 0116 1A46     		mov	r2, r3
 4329 0118 E9E7     		b	.L236
 4330              		.cfi_endproc
 4331              	.LFE44:
 4333              		.section	.text.ecp_mul_comb_core,"ax",%progbits
 4334              		.align	1
 4335              		.syntax unified
 4336              		.thumb
 4337              		.thumb_func
 4339              	ecp_mul_comb_core:
 4340              	.LVL550:
 4341              	.LFB46:
2031:Libs/mbedtls/library/ecp.c ****     int ret = MBEDTLS_ERR_ERROR_CORRUPTION_DETECTED;
 4342              		.loc 1 2031 1 is_stmt 1 view -0
 4343              		.cfi_startproc
 4344              		@ args = 20, pretend = 0, frame = 40
 4345              		@ frame_needed = 0, uses_anonymous_args = 0
2031:Libs/mbedtls/library/ecp.c ****     int ret = MBEDTLS_ERR_ERROR_CORRUPTION_DETECTED;
 4346              		.loc 1 2031 1 is_stmt 0 view .LVU1229
 4347 0000 2DE9F047 		push	{r4, r5, r6, r7, r8, r9, r10, lr}
 4348              	.LCFI65:
 4349              		.cfi_def_cfa_offset 32
 4350              		.cfi_offset 4, -32
 4351              		.cfi_offset 5, -28
 4352              		.cfi_offset 6, -24
 4353              		.cfi_offset 7, -20
 4354              		.cfi_offset 8, -16
 4355              		.cfi_offset 9, -12
 4356              		.cfi_offset 10, -8
 4357              		.cfi_offset 14, -4
 4358 0004 8CB0     		sub	sp, sp, #48
 4359              	.LCFI66:
 4360              		.cfi_def_cfa_offset 80
 4361 0006 0646     		mov	r6, r0
 4362 0008 0C46     		mov	r4, r1
 4363 000a 9046     		mov	r8, r2
 4364 000c 9946     		mov	r9, r3
 4365 000e DDF850A0 		ldr	r10, [sp, #80]
 4366 0012 159D     		ldr	r5, [sp, #84]
2032:Libs/mbedtls/library/ecp.c ****     mbedtls_ecp_point Txi;
 4367              		.loc 1 2032 5 is_stmt 1 view .LVU1230
 4368              	.LVL551:
2033:Libs/mbedtls/library/ecp.c ****     size_t i;
 4369              		.loc 1 2033 5 view .LVU1231
2034:Libs/mbedtls/library/ecp.c **** 
 4370              		.loc 1 2034 5 view .LVU1232
2036:Libs/mbedtls/library/ecp.c **** 
 4371              		.loc 1 2036 5 view .LVU1233
 4372 0014 03A8     		add	r0, sp, #12
 4373              	.LVL552:
2036:Libs/mbedtls/library/ecp.c **** 
 4374              		.loc 1 2036 5 is_stmt 0 view .LVU1234
ARM GAS  C:\Users\nicx5\AppData\Local\Temp\ccosdxRQ.s 			page 154


 4375 0016 FFF7FEFF 		bl	mbedtls_ecp_point_init
 4376              	.LVL553:
2039:Libs/mbedtls/library/ecp.c **** #endif
 4377              		.loc 1 2039 5 is_stmt 1 view .LVU1235
 4378              	.LBB3:
2056:Libs/mbedtls/library/ecp.c **** 
 4379              		.loc 1 2056 9 view .LVU1236
2059:Libs/mbedtls/library/ecp.c ****         MBEDTLS_MPI_CHK(ecp_select_comb(grp, R, T, T_size, x[i]));
 4380              		.loc 1 2059 9 view .LVU1237
2060:Libs/mbedtls/library/ecp.c ****         MBEDTLS_MPI_CHK(mbedtls_mpi_lset(&R->Z, 1));
 4381              		.loc 1 2060 9 view .LVU1238
2060:Libs/mbedtls/library/ecp.c ****         MBEDTLS_MPI_CHK(mbedtls_mpi_lset(&R->Z, 1));
 4382              		.loc 1 2060 9 view .LVU1239
 4383 001a 1AF80530 		ldrb	r3, [r10, r5]	@ zero_extendqisi2
 4384 001e 0093     		str	r3, [sp]
 4385 0020 4B46     		mov	r3, r9
 4386 0022 4246     		mov	r2, r8
 4387 0024 2146     		mov	r1, r4
 4388 0026 3046     		mov	r0, r6
 4389 0028 FFF7FEFF 		bl	ecp_select_comb
 4390              	.LVL554:
2060:Libs/mbedtls/library/ecp.c ****         MBEDTLS_MPI_CHK(mbedtls_mpi_lset(&R->Z, 1));
 4391              		.loc 1 2060 9 is_stmt 0 discriminator 1 view .LVU1240
 4392 002c 0746     		mov	r7, r0
 4393 002e 30B1     		cbz	r0, .L248
 4394              	.LVL555:
 4395              	.L243:
2060:Libs/mbedtls/library/ecp.c ****         MBEDTLS_MPI_CHK(mbedtls_mpi_lset(&R->Z, 1));
 4396              		.loc 1 2060 9 discriminator 1 view .LVU1241
 4397              	.LBE3:
2084:Libs/mbedtls/library/ecp.c **** 
 4398              		.loc 1 2084 5 is_stmt 1 view .LVU1242
 4399 0030 03A8     		add	r0, sp, #12
 4400              	.LVL556:
2084:Libs/mbedtls/library/ecp.c **** 
 4401              		.loc 1 2084 5 is_stmt 0 view .LVU1243
 4402 0032 FFF7FEFF 		bl	mbedtls_ecp_point_free
 4403              	.LVL557:
2094:Libs/mbedtls/library/ecp.c **** }
 4404              		.loc 1 2094 5 is_stmt 1 view .LVU1244
2095:Libs/mbedtls/library/ecp.c **** 
 4405              		.loc 1 2095 1 is_stmt 0 view .LVU1245
 4406 0036 3846     		mov	r0, r7
 4407 0038 0CB0     		add	sp, sp, #48
 4408              	.LCFI67:
 4409              		.cfi_remember_state
 4410              		.cfi_def_cfa_offset 32
 4411              		@ sp needed
 4412 003a BDE8F087 		pop	{r4, r5, r6, r7, r8, r9, r10, pc}
 4413              	.LVL558:
 4414              	.L248:
 4415              	.LCFI68:
 4416              		.cfi_restore_state
 4417              	.LBB4:
2060:Libs/mbedtls/library/ecp.c ****         MBEDTLS_MPI_CHK(mbedtls_mpi_lset(&R->Z, 1));
 4418              		.loc 1 2060 9 is_stmt 1 discriminator 2 view .LVU1246
2061:Libs/mbedtls/library/ecp.c **** 
ARM GAS  C:\Users\nicx5\AppData\Local\Temp\ccosdxRQ.s 			page 155


 4419              		.loc 1 2061 9 view .LVU1247
2061:Libs/mbedtls/library/ecp.c **** 
 4420              		.loc 1 2061 9 view .LVU1248
 4421 003e 0121     		movs	r1, #1
 4422 0040 04F11800 		add	r0, r4, #24
 4423              	.LVL559:
2061:Libs/mbedtls/library/ecp.c **** 
 4424              		.loc 1 2061 9 is_stmt 0 view .LVU1249
 4425 0044 FFF7FEFF 		bl	mbedtls_mpi_lset
 4426              	.LVL560:
2061:Libs/mbedtls/library/ecp.c **** 
 4427              		.loc 1 2061 9 discriminator 1 view .LVU1250
 4428 0048 0746     		mov	r7, r0
 4429 004a 0028     		cmp	r0, #0
 4430 004c F0D1     		bne	.L243
2061:Libs/mbedtls/library/ecp.c **** 
 4431              		.loc 1 2061 9 is_stmt 1 discriminator 2 view .LVU1251
2064:Libs/mbedtls/library/ecp.c ****             have_rng = 0;
 4432              		.loc 1 2064 9 view .LVU1252
2064:Libs/mbedtls/library/ecp.c ****             have_rng = 0;
 4433              		.loc 1 2064 12 is_stmt 0 view .LVU1253
 4434 004e 169B     		ldr	r3, [sp, #88]
 4435 0050 43B1     		cbz	r3, .L245
2068:Libs/mbedtls/library/ecp.c ****             MBEDTLS_MPI_CHK(ecp_randomize_jac(grp, R, f_rng, p_rng));
 4436              		.loc 1 2068 9 is_stmt 1 view .LVU1254
2069:Libs/mbedtls/library/ecp.c ****         }
 4437              		.loc 1 2069 13 view .LVU1255
2069:Libs/mbedtls/library/ecp.c ****         }
 4438              		.loc 1 2069 13 view .LVU1256
 4439 0052 179B     		ldr	r3, [sp, #92]
 4440 0054 169A     		ldr	r2, [sp, #88]
 4441 0056 2146     		mov	r1, r4
 4442 0058 3046     		mov	r0, r6
 4443              	.LVL561:
2069:Libs/mbedtls/library/ecp.c ****         }
 4444              		.loc 1 2069 13 is_stmt 0 view .LVU1257
 4445 005a FFF7FEFF 		bl	ecp_randomize_jac
 4446              	.LVL562:
2069:Libs/mbedtls/library/ecp.c ****         }
 4447              		.loc 1 2069 13 discriminator 1 view .LVU1258
 4448 005e 0746     		mov	r7, r0
 4449 0060 0028     		cmp	r0, #0
 4450 0062 E5D1     		bne	.L243
 4451              	.LVL563:
 4452              	.L245:
2069:Libs/mbedtls/library/ecp.c ****         }
 4453              		.loc 1 2069 13 discriminator 1 view .LVU1259
 4454              	.LBE4:
2079:Libs/mbedtls/library/ecp.c ****     }
 4455              		.loc 1 2079 9 is_stmt 1 discriminator 2 view .LVU1260
2073:Libs/mbedtls/library/ecp.c ****         MBEDTLS_ECP_BUDGET(MBEDTLS_ECP_OPS_DBL + MBEDTLS_ECP_OPS_ADD);
 4456              		.loc 1 2073 14 view .LVU1261
 4457 0064 002D     		cmp	r5, #0
 4458 0066 E3D0     		beq	.L243
2074:Libs/mbedtls/library/ecp.c ****         --i;
 4459              		.loc 1 2074 70 view .LVU1262
2075:Libs/mbedtls/library/ecp.c **** 
ARM GAS  C:\Users\nicx5\AppData\Local\Temp\ccosdxRQ.s 			page 156


 4460              		.loc 1 2075 9 view .LVU1263
 4461 0068 013D     		subs	r5, r5, #1
 4462              	.LVL564:
2077:Libs/mbedtls/library/ecp.c ****         MBEDTLS_MPI_CHK(ecp_select_comb(grp, &Txi, T, T_size, x[i]));
 4463              		.loc 1 2077 9 view .LVU1264
2077:Libs/mbedtls/library/ecp.c ****         MBEDTLS_MPI_CHK(ecp_select_comb(grp, &Txi, T, T_size, x[i]));
 4464              		.loc 1 2077 9 view .LVU1265
 4465 006a 2246     		mov	r2, r4
 4466 006c 2146     		mov	r1, r4
 4467 006e 3046     		mov	r0, r6
 4468              	.LVL565:
2077:Libs/mbedtls/library/ecp.c ****         MBEDTLS_MPI_CHK(ecp_select_comb(grp, &Txi, T, T_size, x[i]));
 4469              		.loc 1 2077 9 is_stmt 0 view .LVU1266
 4470 0070 FFF7FEFF 		bl	ecp_double_jac
 4471              	.LVL566:
2077:Libs/mbedtls/library/ecp.c ****         MBEDTLS_MPI_CHK(ecp_select_comb(grp, &Txi, T, T_size, x[i]));
 4472              		.loc 1 2077 9 discriminator 1 view .LVU1267
 4473 0074 0746     		mov	r7, r0
 4474 0076 0028     		cmp	r0, #0
 4475 0078 DAD1     		bne	.L243
2077:Libs/mbedtls/library/ecp.c ****         MBEDTLS_MPI_CHK(ecp_select_comb(grp, &Txi, T, T_size, x[i]));
 4476              		.loc 1 2077 9 is_stmt 1 discriminator 2 view .LVU1268
2078:Libs/mbedtls/library/ecp.c ****         MBEDTLS_MPI_CHK(ecp_add_mixed(grp, R, R, &Txi));
 4477              		.loc 1 2078 9 view .LVU1269
2078:Libs/mbedtls/library/ecp.c ****         MBEDTLS_MPI_CHK(ecp_add_mixed(grp, R, R, &Txi));
 4478              		.loc 1 2078 9 view .LVU1270
 4479 007a 1AF80530 		ldrb	r3, [r10, r5]	@ zero_extendqisi2
 4480 007e 0093     		str	r3, [sp]
 4481 0080 4B46     		mov	r3, r9
 4482 0082 4246     		mov	r2, r8
 4483 0084 03A9     		add	r1, sp, #12
 4484 0086 3046     		mov	r0, r6
 4485              	.LVL567:
2078:Libs/mbedtls/library/ecp.c ****         MBEDTLS_MPI_CHK(ecp_add_mixed(grp, R, R, &Txi));
 4486              		.loc 1 2078 9 is_stmt 0 view .LVU1271
 4487 0088 FFF7FEFF 		bl	ecp_select_comb
 4488              	.LVL568:
2078:Libs/mbedtls/library/ecp.c ****         MBEDTLS_MPI_CHK(ecp_add_mixed(grp, R, R, &Txi));
 4489              		.loc 1 2078 9 discriminator 1 view .LVU1272
 4490 008c 0746     		mov	r7, r0
 4491 008e 0028     		cmp	r0, #0
 4492 0090 CED1     		bne	.L243
2078:Libs/mbedtls/library/ecp.c ****         MBEDTLS_MPI_CHK(ecp_add_mixed(grp, R, R, &Txi));
 4493              		.loc 1 2078 9 is_stmt 1 discriminator 2 view .LVU1273
2079:Libs/mbedtls/library/ecp.c ****     }
 4494              		.loc 1 2079 9 view .LVU1274
2079:Libs/mbedtls/library/ecp.c ****     }
 4495              		.loc 1 2079 9 view .LVU1275
 4496 0092 03AB     		add	r3, sp, #12
 4497 0094 2246     		mov	r2, r4
 4498 0096 2146     		mov	r1, r4
 4499 0098 3046     		mov	r0, r6
 4500              	.LVL569:
2079:Libs/mbedtls/library/ecp.c ****     }
 4501              		.loc 1 2079 9 is_stmt 0 view .LVU1276
 4502 009a FFF7FEFF 		bl	ecp_add_mixed
 4503              	.LVL570:
ARM GAS  C:\Users\nicx5\AppData\Local\Temp\ccosdxRQ.s 			page 157


2079:Libs/mbedtls/library/ecp.c ****     }
 4504              		.loc 1 2079 9 discriminator 1 view .LVU1277
 4505 009e 0746     		mov	r7, r0
 4506 00a0 0028     		cmp	r0, #0
 4507 00a2 DFD0     		beq	.L245
 4508 00a4 C4E7     		b	.L243
 4509              		.cfi_endproc
 4510              	.LFE46:
 4512              		.section	.text.ecp_mul_comb_after_precomp,"ax",%progbits
 4513              		.align	1
 4514              		.syntax unified
 4515              		.thumb
 4516              		.thumb_func
 4518              	ecp_mul_comb_after_precomp:
 4519              	.LVL571:
 4520              	.LFB48:
2162:Libs/mbedtls/library/ecp.c ****     int ret = MBEDTLS_ERR_ERROR_CORRUPTION_DETECTED;
 4521              		.loc 1 2162 1 is_stmt 1 view -0
 4522              		.cfi_startproc
 4523              		@ args = 24, pretend = 0, frame = 136
 4524              		@ frame_needed = 0, uses_anonymous_args = 0
2162:Libs/mbedtls/library/ecp.c ****     int ret = MBEDTLS_ERR_ERROR_CORRUPTION_DETECTED;
 4525              		.loc 1 2162 1 is_stmt 0 view .LVU1279
 4526 0000 F0B5     		push	{r4, r5, r6, r7, lr}
 4527              	.LCFI69:
 4528              		.cfi_def_cfa_offset 20
 4529              		.cfi_offset 4, -20
 4530              		.cfi_offset 5, -16
 4531              		.cfi_offset 6, -12
 4532              		.cfi_offset 7, -8
 4533              		.cfi_offset 14, -4
 4534 0002 A9B0     		sub	sp, sp, #164
 4535              	.LCFI70:
 4536              		.cfi_def_cfa_offset 184
 4537 0004 0446     		mov	r4, r0
 4538 0006 0D46     		mov	r5, r1
 4539 0008 1146     		mov	r1, r2
 4540              	.LVL572:
2162:Libs/mbedtls/library/ecp.c ****     int ret = MBEDTLS_ERR_ERROR_CORRUPTION_DETECTED;
 4541              		.loc 1 2162 1 view .LVU1280
 4542 000a 1E46     		mov	r6, r3
 4543 000c 309F     		ldr	r7, [sp, #192]
2163:Libs/mbedtls/library/ecp.c ****     unsigned char parity_trick;
 4544              		.loc 1 2163 5 is_stmt 1 view .LVU1281
 4545              	.LVL573:
2164:Libs/mbedtls/library/ecp.c ****     unsigned char k[COMB_MAX_D + 1];
 4546              		.loc 1 2164 5 view .LVU1282
2165:Libs/mbedtls/library/ecp.c ****     mbedtls_ecp_point *RR = R;
 4547              		.loc 1 2165 5 view .LVU1283
2166:Libs/mbedtls/library/ecp.c ****     int have_rng = 1;
 4548              		.loc 1 2166 5 view .LVU1284
2167:Libs/mbedtls/library/ecp.c **** 
 4549              		.loc 1 2167 5 view .LVU1285
2179:Libs/mbedtls/library/ecp.c ****                                            &parity_trick));
 4550              		.loc 1 2179 5 view .LVU1286
2179:Libs/mbedtls/library/ecp.c ****                                            &parity_trick));
 4551              		.loc 1 2179 5 view .LVU1287
ARM GAS  C:\Users\nicx5\AppData\Local\Temp\ccosdxRQ.s 			page 158


 4552 000e 0DF19F03 		add	r3, sp, #159
 4553              	.LVL574:
2179:Libs/mbedtls/library/ecp.c ****                                            &parity_trick));
 4554              		.loc 1 2179 5 is_stmt 0 view .LVU1288
 4555 0012 0193     		str	r3, [sp, #4]
 4556 0014 9DF8BC30 		ldrb	r3, [sp, #188]	@ zero_extendqisi2
 4557 0018 0093     		str	r3, [sp]
 4558 001a 3B46     		mov	r3, r7
 4559 001c 07AA     		add	r2, sp, #28
 4560              	.LVL575:
2179:Libs/mbedtls/library/ecp.c ****                                            &parity_trick));
 4561              		.loc 1 2179 5 view .LVU1289
 4562 001e FFF7FEFF 		bl	ecp_comb_recode_scalar
 4563              	.LVL576:
2179:Libs/mbedtls/library/ecp.c ****                                            &parity_trick));
 4564              		.loc 1 2179 5 discriminator 1 view .LVU1290
 4565 0022 0346     		mov	r3, r0
 4566 0024 10B1     		cbz	r0, .L253
 4567              	.LVL577:
 4568              	.L249:
2223:Libs/mbedtls/library/ecp.c **** 
 4569              		.loc 1 2223 1 view .LVU1291
 4570 0026 1846     		mov	r0, r3
 4571              	.LVL578:
2223:Libs/mbedtls/library/ecp.c **** 
 4572              		.loc 1 2223 1 view .LVU1292
 4573 0028 29B0     		add	sp, sp, #164
 4574              	.LCFI71:
 4575              		.cfi_remember_state
 4576              		.cfi_def_cfa_offset 20
 4577              		@ sp needed
 4578 002a F0BD     		pop	{r4, r5, r6, r7, pc}
 4579              	.LVL579:
 4580              	.L253:
 4581              	.LCFI72:
 4582              		.cfi_restore_state
2179:Libs/mbedtls/library/ecp.c ****                                            &parity_trick));
 4583              		.loc 1 2179 5 is_stmt 1 discriminator 2 view .LVU1293
2181:Libs/mbedtls/library/ecp.c ****                                       f_rng, p_rng, rs_ctx));
 4584              		.loc 1 2181 5 view .LVU1294
2181:Libs/mbedtls/library/ecp.c ****                                       f_rng, p_rng, rs_ctx));
 4585              		.loc 1 2181 5 view .LVU1295
 4586 002c 339B     		ldr	r3, [sp, #204]
 4587 002e 0493     		str	r3, [sp, #16]
 4588 0030 329B     		ldr	r3, [sp, #200]
 4589 0032 0393     		str	r3, [sp, #12]
 4590 0034 319B     		ldr	r3, [sp, #196]
 4591 0036 0293     		str	r3, [sp, #8]
 4592 0038 0197     		str	r7, [sp, #4]
 4593 003a 07AB     		add	r3, sp, #28
 4594 003c 0093     		str	r3, [sp]
 4595 003e 9DF8B830 		ldrb	r3, [sp, #184]	@ zero_extendqisi2
 4596 0042 3246     		mov	r2, r6
 4597 0044 2946     		mov	r1, r5
 4598 0046 2046     		mov	r0, r4
 4599              	.LVL580:
2181:Libs/mbedtls/library/ecp.c ****                                       f_rng, p_rng, rs_ctx));
ARM GAS  C:\Users\nicx5\AppData\Local\Temp\ccosdxRQ.s 			page 159


 4600              		.loc 1 2181 5 is_stmt 0 view .LVU1296
 4601 0048 FFF7FEFF 		bl	ecp_mul_comb_core
 4602              	.LVL581:
2181:Libs/mbedtls/library/ecp.c ****                                       f_rng, p_rng, rs_ctx));
 4603              		.loc 1 2181 5 discriminator 1 view .LVU1297
 4604 004c 0346     		mov	r3, r0
 4605 004e 0028     		cmp	r0, #0
 4606 0050 E9D1     		bne	.L249
2181:Libs/mbedtls/library/ecp.c ****                                       f_rng, p_rng, rs_ctx));
 4607              		.loc 1 2181 5 is_stmt 1 discriminator 2 view .LVU1298
2183:Libs/mbedtls/library/ecp.c **** 
 4608              		.loc 1 2183 5 view .LVU1299
2183:Libs/mbedtls/library/ecp.c **** 
 4609              		.loc 1 2183 5 view .LVU1300
 4610 0052 9DF89F20 		ldrb	r2, [sp, #159]	@ zero_extendqisi2
 4611 0056 2946     		mov	r1, r5
 4612 0058 2046     		mov	r0, r4
 4613              	.LVL582:
2183:Libs/mbedtls/library/ecp.c **** 
 4614              		.loc 1 2183 5 is_stmt 0 view .LVU1301
 4615 005a FFF7FEFF 		bl	ecp_safe_invert_jac
 4616              	.LVL583:
2183:Libs/mbedtls/library/ecp.c **** 
 4617              		.loc 1 2183 5 discriminator 1 view .LVU1302
 4618 005e 0346     		mov	r3, r0
 4619 0060 0028     		cmp	r0, #0
 4620 0062 E0D1     		bne	.L249
2183:Libs/mbedtls/library/ecp.c **** 
 4621              		.loc 1 2183 5 is_stmt 1 discriminator 2 view .LVU1303
2205:Libs/mbedtls/library/ecp.c ****         have_rng = 0;
 4622              		.loc 1 2205 5 view .LVU1304
2205:Libs/mbedtls/library/ecp.c ****         have_rng = 0;
 4623              		.loc 1 2205 8 is_stmt 0 view .LVU1305
 4624 0064 319B     		ldr	r3, [sp, #196]
 4625 0066 43B1     		cbz	r3, .L251
2209:Libs/mbedtls/library/ecp.c ****         MBEDTLS_MPI_CHK(ecp_randomize_jac(grp, RR, f_rng, p_rng));
 4626              		.loc 1 2209 5 is_stmt 1 view .LVU1306
2210:Libs/mbedtls/library/ecp.c ****     }
 4627              		.loc 1 2210 9 view .LVU1307
2210:Libs/mbedtls/library/ecp.c ****     }
 4628              		.loc 1 2210 9 view .LVU1308
 4629 0068 329B     		ldr	r3, [sp, #200]
 4630 006a 319A     		ldr	r2, [sp, #196]
 4631 006c 2946     		mov	r1, r5
 4632 006e 2046     		mov	r0, r4
 4633              	.LVL584:
2210:Libs/mbedtls/library/ecp.c ****     }
 4634              		.loc 1 2210 9 is_stmt 0 view .LVU1309
 4635 0070 FFF7FEFF 		bl	ecp_randomize_jac
 4636              	.LVL585:
2210:Libs/mbedtls/library/ecp.c ****     }
 4637              		.loc 1 2210 9 discriminator 1 view .LVU1310
 4638 0074 0346     		mov	r3, r0
 4639 0076 0028     		cmp	r0, #0
 4640 0078 D5D1     		bne	.L249
 4641              	.L251:
 4642              	.LVL586:
ARM GAS  C:\Users\nicx5\AppData\Local\Temp\ccosdxRQ.s 			page 160


2210:Libs/mbedtls/library/ecp.c ****     }
 4643              		.loc 1 2210 9 is_stmt 1 discriminator 2 view .LVU1311
2213:Libs/mbedtls/library/ecp.c **** 
 4644              		.loc 1 2213 5 view .LVU1312
2213:Libs/mbedtls/library/ecp.c **** 
 4645              		.loc 1 2213 5 view .LVU1313
 4646 007a 2946     		mov	r1, r5
 4647 007c 2046     		mov	r0, r4
 4648              	.LVL587:
2213:Libs/mbedtls/library/ecp.c **** 
 4649              		.loc 1 2213 5 is_stmt 0 view .LVU1314
 4650 007e FFF7FEFF 		bl	ecp_normalize_jac
 4651              	.LVL588:
 4652 0082 0346     		mov	r3, r0
 4653              	.LVL589:
2213:Libs/mbedtls/library/ecp.c **** 
 4654              		.loc 1 2213 5 is_stmt 1 discriminator 1 view .LVU1315
 4655              	.L250:
2213:Libs/mbedtls/library/ecp.c **** 
 4656              		.loc 1 2213 5 discriminator 3 view .LVU1316
2222:Libs/mbedtls/library/ecp.c **** }
 4657              		.loc 1 2222 5 view .LVU1317
2222:Libs/mbedtls/library/ecp.c **** }
 4658              		.loc 1 2222 12 is_stmt 0 view .LVU1318
 4659 0084 CFE7     		b	.L249
 4660              		.cfi_endproc
 4661              	.LFE48:
 4663              		.section	.text.ecp_mul_comb,"ax",%progbits
 4664              		.align	1
 4665              		.syntax unified
 4666              		.thumb
 4667              		.thumb_func
 4669              	ecp_mul_comb:
 4670              	.LVL590:
 4671              	.LFB50:
2283:Libs/mbedtls/library/ecp.c ****     int ret = MBEDTLS_ERR_ERROR_CORRUPTION_DETECTED;
 4672              		.loc 1 2283 1 is_stmt 1 view -0
 4673              		.cfi_startproc
 4674              		@ args = 12, pretend = 0, frame = 8
 4675              		@ frame_needed = 0, uses_anonymous_args = 0
2283:Libs/mbedtls/library/ecp.c ****     int ret = MBEDTLS_ERR_ERROR_CORRUPTION_DETECTED;
 4676              		.loc 1 2283 1 is_stmt 0 view .LVU1320
 4677 0000 2DE9F04F 		push	{r4, r5, r6, r7, r8, r9, r10, fp, lr}
 4678              	.LCFI73:
 4679              		.cfi_def_cfa_offset 36
 4680              		.cfi_offset 4, -36
 4681              		.cfi_offset 5, -32
 4682              		.cfi_offset 6, -28
 4683              		.cfi_offset 7, -24
 4684              		.cfi_offset 8, -20
 4685              		.cfi_offset 9, -16
 4686              		.cfi_offset 10, -12
 4687              		.cfi_offset 11, -8
 4688              		.cfi_offset 14, -4
 4689 0004 89B0     		sub	sp, sp, #36
 4690              	.LCFI74:
 4691              		.cfi_def_cfa_offset 72
ARM GAS  C:\Users\nicx5\AppData\Local\Temp\ccosdxRQ.s 			page 161


 4692 0006 8146     		mov	r9, r0
 4693 0008 8B46     		mov	fp, r1
 4694 000a 0792     		str	r2, [sp, #28]
 4695 000c 9A46     		mov	r10, r3
2284:Libs/mbedtls/library/ecp.c ****     unsigned char w, p_eq_g, i;
 4696              		.loc 1 2284 5 is_stmt 1 view .LVU1321
 4697              	.LVL591:
2285:Libs/mbedtls/library/ecp.c ****     size_t d;
 4698              		.loc 1 2285 5 view .LVU1322
2286:Libs/mbedtls/library/ecp.c ****     unsigned char T_size = 0, T_ok = 0;
 4699              		.loc 1 2286 5 view .LVU1323
2287:Libs/mbedtls/library/ecp.c ****     mbedtls_ecp_point *T = NULL;
 4700              		.loc 1 2287 5 view .LVU1324
2288:Libs/mbedtls/library/ecp.c **** #if !defined(MBEDTLS_ECP_NO_INTERNAL_RNG)
 4701              		.loc 1 2288 5 view .LVU1325
2295:Libs/mbedtls/library/ecp.c **** 
 4702              		.loc 1 2295 5 view .LVU1326
2295:Libs/mbedtls/library/ecp.c **** 
 4703              		.loc 1 2295 22 view .LVU1327
2330:Libs/mbedtls/library/ecp.c **** #endif
 4704              		.loc 1 2330 5 view .LVU1328
2334:Libs/mbedtls/library/ecp.c ****     T_size = 1U << (w - 1);
 4705              		.loc 1 2334 5 view .LVU1329
2334:Libs/mbedtls/library/ecp.c ****     T_size = 1U << (w - 1);
 4706              		.loc 1 2334 9 is_stmt 0 view .LVU1330
 4707 000e 0021     		movs	r1, #0
 4708              	.LVL592:
2334:Libs/mbedtls/library/ecp.c ****     T_size = 1U << (w - 1);
 4709              		.loc 1 2334 9 view .LVU1331
 4710 0010 FFF7FEFF 		bl	ecp_pick_window_size
 4711              	.LVL593:
2334:Libs/mbedtls/library/ecp.c ****     T_size = 1U << (w - 1);
 4712              		.loc 1 2334 9 view .LVU1332
 4713 0014 8046     		mov	r8, r0
 4714              	.LVL594:
2335:Libs/mbedtls/library/ecp.c ****     d = (grp->nbits + w - 1) / w;
 4715              		.loc 1 2335 5 is_stmt 1 view .LVU1333
2335:Libs/mbedtls/library/ecp.c ****     d = (grp->nbits + w - 1) / w;
 4716              		.loc 1 2335 23 is_stmt 0 view .LVU1334
 4717 0016 431E     		subs	r3, r0, #1
2335:Libs/mbedtls/library/ecp.c ****     d = (grp->nbits + w - 1) / w;
 4718              		.loc 1 2335 17 view .LVU1335
 4719 0018 0125     		movs	r5, #1
 4720 001a 9D40     		lsls	r5, r5, r3
2335:Libs/mbedtls/library/ecp.c ****     d = (grp->nbits + w - 1) / w;
 4721              		.loc 1 2335 12 view .LVU1336
 4722 001c EDB2     		uxtb	r5, r5
 4723              	.LVL595:
2336:Libs/mbedtls/library/ecp.c **** 
 4724              		.loc 1 2336 5 is_stmt 1 view .LVU1337
2336:Libs/mbedtls/library/ecp.c **** 
 4725              		.loc 1 2336 13 is_stmt 0 view .LVU1338
 4726 001e D9F85C70 		ldr	r7, [r9, #92]
2336:Libs/mbedtls/library/ecp.c **** 
 4727              		.loc 1 2336 21 view .LVU1339
 4728 0022 0744     		add	r7, r7, r0
2336:Libs/mbedtls/library/ecp.c **** 
ARM GAS  C:\Users\nicx5\AppData\Local\Temp\ccosdxRQ.s 			page 162


 4729              		.loc 1 2336 25 view .LVU1340
 4730 0024 013F     		subs	r7, r7, #1
2336:Libs/mbedtls/library/ecp.c **** 
 4731              		.loc 1 2336 7 view .LVU1341
 4732 0026 B7FBF0F7 		udiv	r7, r7, r0
 4733              	.LVL596:
2339:Libs/mbedtls/library/ecp.c ****         /* second pointer to the same table, will be deleted on exit */
 4734              		.loc 1 2339 5 is_stmt 1 view .LVU1342
2358:Libs/mbedtls/library/ecp.c ****         if (T == NULL) {
 4735              		.loc 1 2358 9 view .LVU1343
2358:Libs/mbedtls/library/ecp.c ****         if (T == NULL) {
 4736              		.loc 1 2358 13 is_stmt 0 view .LVU1344
 4737 002a 2421     		movs	r1, #36
 4738 002c 2846     		mov	r0, r5
 4739              	.LVL597:
2358:Libs/mbedtls/library/ecp.c ****         if (T == NULL) {
 4740              		.loc 1 2358 13 view .LVU1345
 4741 002e FFF7FEFF 		bl	calloc
 4742              	.LVL598:
2359:Libs/mbedtls/library/ecp.c ****             ret = MBEDTLS_ERR_ECP_ALLOC_FAILED;
 4743              		.loc 1 2359 9 is_stmt 1 view .LVU1346
2359:Libs/mbedtls/library/ecp.c ****             ret = MBEDTLS_ERR_ECP_ALLOC_FAILED;
 4744              		.loc 1 2359 12 is_stmt 0 view .LVU1347
 4745 0032 0646     		mov	r6, r0
 4746 0034 78B3     		cbz	r0, .L262
2364:Libs/mbedtls/library/ecp.c ****             mbedtls_ecp_point_init(&T[i]);
 4747              		.loc 1 2364 16 view .LVU1348
 4748 0036 0024     		movs	r4, #0
 4749 0038 07E0     		b	.L256
 4750              	.LVL599:
 4751              	.L257:
2365:Libs/mbedtls/library/ecp.c ****         }
 4752              		.loc 1 2365 13 is_stmt 1 view .LVU1349
2365:Libs/mbedtls/library/ecp.c ****         }
 4753              		.loc 1 2365 38 is_stmt 0 view .LVU1350
 4754 003a 04EBC400 		add	r0, r4, r4, lsl #3
2365:Libs/mbedtls/library/ecp.c ****         }
 4755              		.loc 1 2365 13 view .LVU1351
 4756 003e 06EB8000 		add	r0, r6, r0, lsl #2
 4757 0042 FFF7FEFF 		bl	mbedtls_ecp_point_init
 4758              	.LVL600:
2364:Libs/mbedtls/library/ecp.c ****             mbedtls_ecp_point_init(&T[i]);
 4759              		.loc 1 2364 34 is_stmt 1 discriminator 3 view .LVU1352
 4760 0046 0134     		adds	r4, r4, #1
 4761              	.LVL601:
2364:Libs/mbedtls/library/ecp.c ****             mbedtls_ecp_point_init(&T[i]);
 4762              		.loc 1 2364 34 is_stmt 0 discriminator 3 view .LVU1353
 4763 0048 E4B2     		uxtb	r4, r4
 4764              	.LVL602:
 4765              	.L256:
2364:Libs/mbedtls/library/ecp.c ****             mbedtls_ecp_point_init(&T[i]);
 4766              		.loc 1 2364 23 is_stmt 1 discriminator 1 view .LVU1354
 4767 004a AC42     		cmp	r4, r5
 4768 004c F5D3     		bcc	.L257
2368:Libs/mbedtls/library/ecp.c ****     }
 4769              		.loc 1 2368 9 view .LVU1355
2372:Libs/mbedtls/library/ecp.c ****         MBEDTLS_MPI_CHK(ecp_precompute_comb(grp, T, P, w, d, rs_ctx));
ARM GAS  C:\Users\nicx5\AppData\Local\Temp\ccosdxRQ.s 			page 163


 4770              		.loc 1 2372 5 view .LVU1356
2373:Libs/mbedtls/library/ecp.c **** 
 4771              		.loc 1 2373 9 view .LVU1357
2373:Libs/mbedtls/library/ecp.c **** 
 4772              		.loc 1 2373 9 view .LVU1358
 4773 004e 149B     		ldr	r3, [sp, #80]
 4774 0050 0193     		str	r3, [sp, #4]
 4775 0052 0097     		str	r7, [sp]
 4776 0054 4346     		mov	r3, r8
 4777 0056 5246     		mov	r2, r10
 4778 0058 3146     		mov	r1, r6
 4779 005a 4846     		mov	r0, r9
 4780 005c FFF7FEFF 		bl	ecp_precompute_comb
 4781              	.LVL603:
2373:Libs/mbedtls/library/ecp.c **** 
 4782              		.loc 1 2373 9 is_stmt 0 discriminator 1 view .LVU1359
 4783 0060 0446     		mov	r4, r0
 4784              	.LVL604:
2373:Libs/mbedtls/library/ecp.c **** 
 4785              		.loc 1 2373 9 discriminator 1 view .LVU1360
 4786 0062 30B1     		cbz	r0, .L265
 4787              	.LVL605:
 4788              	.L255:
2384:Libs/mbedtls/library/ecp.c ****                                                T, T_size, w, d,
 4789              		.loc 1 2384 5 is_stmt 1 discriminator 3 view .LVU1361
2395:Libs/mbedtls/library/ecp.c ****         T = NULL;
 4790              		.loc 1 2395 5 view .LVU1362
2395:Libs/mbedtls/library/ecp.c ****         T = NULL;
 4791              		.loc 1 2395 17 is_stmt 0 view .LVU1363
 4792 0064 D9F87430 		ldr	r3, [r9, #116]
2395:Libs/mbedtls/library/ecp.c ****         T = NULL;
 4793              		.loc 1 2395 8 view .LVU1364
 4794 0068 B342     		cmp	r3, r6
 4795 006a 23D0     		beq	.L258
2410:Libs/mbedtls/library/ecp.c ****         for (i = 0; i < T_size; i++) {
 4796              		.loc 1 2410 5 is_stmt 1 view .LVU1365
2410:Libs/mbedtls/library/ecp.c ****         for (i = 0; i < T_size; i++) {
 4797              		.loc 1 2410 8 is_stmt 0 view .LVU1366
 4798 006c 16B3     		cbz	r6, .L258
2411:Libs/mbedtls/library/ecp.c ****             mbedtls_ecp_point_free(&T[i]);
 4799              		.loc 1 2411 16 view .LVU1367
 4800 006e 0027     		movs	r7, #0
 4801              	.LVL606:
2411:Libs/mbedtls/library/ecp.c ****             mbedtls_ecp_point_free(&T[i]);
 4802              		.loc 1 2411 16 view .LVU1368
 4803 0070 1BE0     		b	.L259
 4804              	.LVL607:
 4805              	.L265:
2373:Libs/mbedtls/library/ecp.c **** 
 4806              		.loc 1 2373 9 is_stmt 1 discriminator 2 view .LVU1369
2375:Libs/mbedtls/library/ecp.c ****             /* almost transfer ownership of T to the group, but keep a copy of
 4807              		.loc 1 2375 9 view .LVU1370
2384:Libs/mbedtls/library/ecp.c ****                                                T, T_size, w, d,
 4808              		.loc 1 2384 5 view .LVU1371
2384:Libs/mbedtls/library/ecp.c ****                                                T, T_size, w, d,
 4809              		.loc 1 2384 5 view .LVU1372
 4810 0072 149B     		ldr	r3, [sp, #80]
ARM GAS  C:\Users\nicx5\AppData\Local\Temp\ccosdxRQ.s 			page 164


 4811 0074 0593     		str	r3, [sp, #20]
 4812 0076 139B     		ldr	r3, [sp, #76]
 4813 0078 0493     		str	r3, [sp, #16]
 4814 007a 129B     		ldr	r3, [sp, #72]
 4815 007c 0393     		str	r3, [sp, #12]
 4816 007e 0297     		str	r7, [sp, #8]
 4817 0080 CDF80480 		str	r8, [sp, #4]
 4818 0084 0095     		str	r5, [sp]
 4819 0086 3346     		mov	r3, r6
 4820 0088 079A     		ldr	r2, [sp, #28]
 4821 008a 5946     		mov	r1, fp
 4822 008c 4846     		mov	r0, r9
 4823              	.LVL608:
2384:Libs/mbedtls/library/ecp.c ****                                                T, T_size, w, d,
 4824              		.loc 1 2384 5 is_stmt 0 view .LVU1373
 4825 008e FFF7FEFF 		bl	ecp_mul_comb_after_precomp
 4826              	.LVL609:
 4827 0092 0446     		mov	r4, r0
 4828              	.LVL610:
2384:Libs/mbedtls/library/ecp.c ****                                                T, T_size, w, d,
 4829              		.loc 1 2384 5 is_stmt 1 discriminator 1 view .LVU1374
2388:Libs/mbedtls/library/ecp.c **** 
 4830              		.loc 1 2388 1 is_stmt 0 view .LVU1375
 4831 0094 E6E7     		b	.L255
 4832              	.LVL611:
 4833              	.L262:
2360:Libs/mbedtls/library/ecp.c ****             goto cleanup;
 4834              		.loc 1 2360 17 view .LVU1376
 4835 0096 0C4C     		ldr	r4, .L267
 4836 0098 E4E7     		b	.L255
 4837              	.LVL612:
 4838              	.L260:
2412:Libs/mbedtls/library/ecp.c ****         }
 4839              		.loc 1 2412 13 is_stmt 1 view .LVU1377
2412:Libs/mbedtls/library/ecp.c ****         }
 4840              		.loc 1 2412 38 is_stmt 0 view .LVU1378
 4841 009a 07EBC700 		add	r0, r7, r7, lsl #3
2412:Libs/mbedtls/library/ecp.c ****         }
 4842              		.loc 1 2412 13 view .LVU1379
 4843 009e 06EB8000 		add	r0, r6, r0, lsl #2
 4844 00a2 FFF7FEFF 		bl	mbedtls_ecp_point_free
 4845              	.LVL613:
2411:Libs/mbedtls/library/ecp.c ****             mbedtls_ecp_point_free(&T[i]);
 4846              		.loc 1 2411 34 is_stmt 1 discriminator 3 view .LVU1380
 4847 00a6 0137     		adds	r7, r7, #1
 4848              	.LVL614:
2411:Libs/mbedtls/library/ecp.c ****             mbedtls_ecp_point_free(&T[i]);
 4849              		.loc 1 2411 34 is_stmt 0 discriminator 3 view .LVU1381
 4850 00a8 FFB2     		uxtb	r7, r7
 4851              	.LVL615:
 4852              	.L259:
2411:Libs/mbedtls/library/ecp.c ****             mbedtls_ecp_point_free(&T[i]);
 4853              		.loc 1 2411 23 is_stmt 1 discriminator 1 view .LVU1382
 4854 00aa AF42     		cmp	r7, r5
 4855 00ac F5D3     		bcc	.L260
2414:Libs/mbedtls/library/ecp.c ****     }
 4856              		.loc 1 2414 9 view .LVU1383
ARM GAS  C:\Users\nicx5\AppData\Local\Temp\ccosdxRQ.s 			page 165


 4857 00ae 3046     		mov	r0, r6
 4858 00b0 FFF7FEFF 		bl	free
 4859              	.LVL616:
 4860              	.L258:
2418:Libs/mbedtls/library/ecp.c **** #if defined(MBEDTLS_ECP_RESTARTABLE)
 4861              		.loc 1 2418 5 view .LVU1384
2425:Libs/mbedtls/library/ecp.c ****         mbedtls_ecp_point_free(R);
 4862              		.loc 1 2425 5 view .LVU1385
2425:Libs/mbedtls/library/ecp.c ****         mbedtls_ecp_point_free(R);
 4863              		.loc 1 2425 8 is_stmt 0 view .LVU1386
 4864 00b4 1CB9     		cbnz	r4, .L266
 4865              	.L254:
2432:Libs/mbedtls/library/ecp.c **** 
 4866              		.loc 1 2432 1 view .LVU1387
 4867 00b6 2046     		mov	r0, r4
 4868 00b8 09B0     		add	sp, sp, #36
 4869              	.LCFI75:
 4870              		.cfi_remember_state
 4871              		.cfi_def_cfa_offset 36
 4872              		@ sp needed
 4873 00ba BDE8F08F 		pop	{r4, r5, r6, r7, r8, r9, r10, fp, pc}
 4874              	.LVL617:
 4875              	.L266:
 4876              	.LCFI76:
 4877              		.cfi_restore_state
2426:Libs/mbedtls/library/ecp.c ****     }
 4878              		.loc 1 2426 9 is_stmt 1 view .LVU1388
 4879 00be 5846     		mov	r0, fp
 4880 00c0 FFF7FEFF 		bl	mbedtls_ecp_point_free
 4881              	.LVL618:
2429:Libs/mbedtls/library/ecp.c **** 
 4882              		.loc 1 2429 5 view .LVU1389
2429:Libs/mbedtls/library/ecp.c **** 
 4883              		.loc 1 2429 22 view .LVU1390
2431:Libs/mbedtls/library/ecp.c **** }
 4884              		.loc 1 2431 5 view .LVU1391
2431:Libs/mbedtls/library/ecp.c **** }
 4885              		.loc 1 2431 12 is_stmt 0 view .LVU1392
 4886 00c4 F7E7     		b	.L254
 4887              	.L268:
 4888 00c6 00BF     		.align	2
 4889              	.L267:
 4890 00c8 80B2FFFF 		.word	-19840
 4891              		.cfi_endproc
 4892              	.LFE50:
 4894              		.section	.text.mbedtls_ecp_is_zero,"ax",%progbits
 4895              		.align	1
 4896              		.global	mbedtls_ecp_is_zero
 4897              		.syntax unified
 4898              		.thumb
 4899              		.thumb_func
 4901              	mbedtls_ecp_is_zero:
 4902              	.LVL619:
 4903              	.LFB22:
 803:Libs/mbedtls/library/ecp.c ****     ECP_VALIDATE_RET(pt != NULL);
 4904              		.loc 1 803 1 is_stmt 1 view -0
 4905              		.cfi_startproc
ARM GAS  C:\Users\nicx5\AppData\Local\Temp\ccosdxRQ.s 			page 166


 4906              		@ args = 0, pretend = 0, frame = 0
 4907              		@ frame_needed = 0, uses_anonymous_args = 0
 803:Libs/mbedtls/library/ecp.c ****     ECP_VALIDATE_RET(pt != NULL);
 4908              		.loc 1 803 1 is_stmt 0 view .LVU1394
 4909 0000 08B5     		push	{r3, lr}
 4910              	.LCFI77:
 4911              		.cfi_def_cfa_offset 8
 4912              		.cfi_offset 3, -8
 4913              		.cfi_offset 14, -4
 804:Libs/mbedtls/library/ecp.c **** 
 4914              		.loc 1 804 5 is_stmt 1 view .LVU1395
 804:Libs/mbedtls/library/ecp.c **** 
 4915              		.loc 1 804 5 view .LVU1396
 804:Libs/mbedtls/library/ecp.c **** 
 4916              		.loc 1 804 5 view .LVU1397
 806:Libs/mbedtls/library/ecp.c **** }
 4917              		.loc 1 806 5 view .LVU1398
 806:Libs/mbedtls/library/ecp.c **** }
 4918              		.loc 1 806 12 is_stmt 0 view .LVU1399
 4919 0002 0021     		movs	r1, #0
 4920 0004 1830     		adds	r0, r0, #24
 4921              	.LVL620:
 806:Libs/mbedtls/library/ecp.c **** }
 4922              		.loc 1 806 12 view .LVU1400
 4923 0006 FFF7FEFF 		bl	mbedtls_mpi_cmp_int
 4924              	.LVL621:
 807:Libs/mbedtls/library/ecp.c **** 
 4925              		.loc 1 807 1 view .LVU1401
 4926 000a B0FA80F0 		clz	r0, r0
 4927 000e 4009     		lsrs	r0, r0, #5
 4928 0010 08BD     		pop	{r3, pc}
 4929              		.cfi_endproc
 4930              	.LFE22:
 4932              		.section	.text.mbedtls_ecp_point_cmp,"ax",%progbits
 4933              		.align	1
 4934              		.global	mbedtls_ecp_point_cmp
 4935              		.syntax unified
 4936              		.thumb
 4937              		.thumb_func
 4939              	mbedtls_ecp_point_cmp:
 4940              	.LVL622:
 4941              	.LFB23:
 814:Libs/mbedtls/library/ecp.c ****     ECP_VALIDATE_RET(P != NULL);
 4942              		.loc 1 814 1 is_stmt 1 view -0
 4943              		.cfi_startproc
 4944              		@ args = 0, pretend = 0, frame = 0
 4945              		@ frame_needed = 0, uses_anonymous_args = 0
 814:Libs/mbedtls/library/ecp.c ****     ECP_VALIDATE_RET(P != NULL);
 4946              		.loc 1 814 1 is_stmt 0 view .LVU1403
 4947 0000 38B5     		push	{r3, r4, r5, lr}
 4948              	.LCFI78:
 4949              		.cfi_def_cfa_offset 16
 4950              		.cfi_offset 3, -16
 4951              		.cfi_offset 4, -12
 4952              		.cfi_offset 5, -8
 4953              		.cfi_offset 14, -4
 4954 0002 0446     		mov	r4, r0
ARM GAS  C:\Users\nicx5\AppData\Local\Temp\ccosdxRQ.s 			page 167


 4955 0004 0D46     		mov	r5, r1
 815:Libs/mbedtls/library/ecp.c ****     ECP_VALIDATE_RET(Q != NULL);
 4956              		.loc 1 815 5 is_stmt 1 view .LVU1404
 815:Libs/mbedtls/library/ecp.c ****     ECP_VALIDATE_RET(Q != NULL);
 4957              		.loc 1 815 5 view .LVU1405
 815:Libs/mbedtls/library/ecp.c ****     ECP_VALIDATE_RET(Q != NULL);
 4958              		.loc 1 815 5 view .LVU1406
 816:Libs/mbedtls/library/ecp.c **** 
 4959              		.loc 1 816 5 view .LVU1407
 816:Libs/mbedtls/library/ecp.c **** 
 4960              		.loc 1 816 5 view .LVU1408
 816:Libs/mbedtls/library/ecp.c **** 
 4961              		.loc 1 816 5 view .LVU1409
 818:Libs/mbedtls/library/ecp.c ****         mbedtls_mpi_cmp_mpi(&P->Y, &Q->Y) == 0 &&
 4962              		.loc 1 818 5 view .LVU1410
 818:Libs/mbedtls/library/ecp.c ****         mbedtls_mpi_cmp_mpi(&P->Y, &Q->Y) == 0 &&
 4963              		.loc 1 818 9 is_stmt 0 view .LVU1411
 4964 0006 FFF7FEFF 		bl	mbedtls_mpi_cmp_mpi
 4965              	.LVL623:
 818:Libs/mbedtls/library/ecp.c ****         mbedtls_mpi_cmp_mpi(&P->Y, &Q->Y) == 0 &&
 4966              		.loc 1 818 8 discriminator 1 view .LVU1412
 4967 000a 80B9     		cbnz	r0, .L273
 819:Libs/mbedtls/library/ecp.c ****         mbedtls_mpi_cmp_mpi(&P->Z, &Q->Z) == 0) {
 4968              		.loc 1 819 9 view .LVU1413
 4969 000c 05F10C01 		add	r1, r5, #12
 4970 0010 04F10C00 		add	r0, r4, #12
 4971 0014 FFF7FEFF 		bl	mbedtls_mpi_cmp_mpi
 4972              	.LVL624:
 818:Libs/mbedtls/library/ecp.c ****         mbedtls_mpi_cmp_mpi(&P->Y, &Q->Y) == 0 &&
 4973              		.loc 1 818 48 discriminator 1 view .LVU1414
 4974 0018 58B9     		cbnz	r0, .L274
 820:Libs/mbedtls/library/ecp.c ****         return 0;
 4975              		.loc 1 820 9 view .LVU1415
 4976 001a 05F11801 		add	r1, r5, #24
 4977 001e 04F11800 		add	r0, r4, #24
 4978 0022 FFF7FEFF 		bl	mbedtls_mpi_cmp_mpi
 4979              	.LVL625:
 819:Libs/mbedtls/library/ecp.c ****         mbedtls_mpi_cmp_mpi(&P->Z, &Q->Z) == 0) {
 4980              		.loc 1 819 48 view .LVU1416
 4981 0026 00B9     		cbnz	r0, .L276
 4982              	.L271:
 825:Libs/mbedtls/library/ecp.c **** 
 4983              		.loc 1 825 1 view .LVU1417
 4984 0028 38BD     		pop	{r3, r4, r5, pc}
 4985              	.LVL626:
 4986              	.L276:
 824:Libs/mbedtls/library/ecp.c **** }
 4987              		.loc 1 824 12 view .LVU1418
 4988 002a 0348     		ldr	r0, .L277
 4989 002c FCE7     		b	.L271
 4990              	.L273:
 4991 002e 0248     		ldr	r0, .L277
 4992 0030 FAE7     		b	.L271
 4993              	.L274:
 4994 0032 0148     		ldr	r0, .L277
 4995 0034 F8E7     		b	.L271
 4996              	.L278:
ARM GAS  C:\Users\nicx5\AppData\Local\Temp\ccosdxRQ.s 			page 168


 4997 0036 00BF     		.align	2
 4998              	.L277:
 4999 0038 80B0FFFF 		.word	-20352
 5000              		.cfi_endproc
 5001              	.LFE23:
 5003              		.section	.text.mbedtls_ecp_point_read_string,"ax",%progbits
 5004              		.align	1
 5005              		.global	mbedtls_ecp_point_read_string
 5006              		.syntax unified
 5007              		.thumb
 5008              		.thumb_func
 5010              	mbedtls_ecp_point_read_string:
 5011              	.LVL627:
 5012              	.LFB24:
 832:Libs/mbedtls/library/ecp.c ****     int ret = MBEDTLS_ERR_ERROR_CORRUPTION_DETECTED;
 5013              		.loc 1 832 1 is_stmt 1 view -0
 5014              		.cfi_startproc
 5015              		@ args = 0, pretend = 0, frame = 0
 5016              		@ frame_needed = 0, uses_anonymous_args = 0
 832:Libs/mbedtls/library/ecp.c ****     int ret = MBEDTLS_ERR_ERROR_CORRUPTION_DETECTED;
 5017              		.loc 1 832 1 is_stmt 0 view .LVU1420
 5018 0000 70B5     		push	{r4, r5, r6, lr}
 5019              	.LCFI79:
 5020              		.cfi_def_cfa_offset 16
 5021              		.cfi_offset 4, -16
 5022              		.cfi_offset 5, -12
 5023              		.cfi_offset 6, -8
 5024              		.cfi_offset 14, -4
 5025 0002 0446     		mov	r4, r0
 5026 0004 0D46     		mov	r5, r1
 5027 0006 1E46     		mov	r6, r3
 833:Libs/mbedtls/library/ecp.c ****     ECP_VALIDATE_RET(P != NULL);
 5028              		.loc 1 833 5 is_stmt 1 view .LVU1421
 5029              	.LVL628:
 834:Libs/mbedtls/library/ecp.c ****     ECP_VALIDATE_RET(x != NULL);
 5030              		.loc 1 834 5 view .LVU1422
 834:Libs/mbedtls/library/ecp.c ****     ECP_VALIDATE_RET(x != NULL);
 5031              		.loc 1 834 5 view .LVU1423
 834:Libs/mbedtls/library/ecp.c ****     ECP_VALIDATE_RET(x != NULL);
 5032              		.loc 1 834 5 view .LVU1424
 835:Libs/mbedtls/library/ecp.c ****     ECP_VALIDATE_RET(y != NULL);
 5033              		.loc 1 835 5 view .LVU1425
 835:Libs/mbedtls/library/ecp.c ****     ECP_VALIDATE_RET(y != NULL);
 5034              		.loc 1 835 5 view .LVU1426
 835:Libs/mbedtls/library/ecp.c ****     ECP_VALIDATE_RET(y != NULL);
 5035              		.loc 1 835 5 view .LVU1427
 836:Libs/mbedtls/library/ecp.c **** 
 5036              		.loc 1 836 5 view .LVU1428
 836:Libs/mbedtls/library/ecp.c **** 
 5037              		.loc 1 836 5 view .LVU1429
 836:Libs/mbedtls/library/ecp.c **** 
 5038              		.loc 1 836 5 view .LVU1430
 838:Libs/mbedtls/library/ecp.c ****     MBEDTLS_MPI_CHK(mbedtls_mpi_read_string(&P->Y, radix, y));
 5039              		.loc 1 838 5 view .LVU1431
 838:Libs/mbedtls/library/ecp.c ****     MBEDTLS_MPI_CHK(mbedtls_mpi_read_string(&P->Y, radix, y));
 5040              		.loc 1 838 5 view .LVU1432
 5041 0008 FFF7FEFF 		bl	mbedtls_mpi_read_string
ARM GAS  C:\Users\nicx5\AppData\Local\Temp\ccosdxRQ.s 			page 169


 5042              	.LVL629:
 838:Libs/mbedtls/library/ecp.c ****     MBEDTLS_MPI_CHK(mbedtls_mpi_read_string(&P->Y, radix, y));
 5043              		.loc 1 838 5 is_stmt 0 discriminator 1 view .LVU1433
 5044 000c 0346     		mov	r3, r0
 5045 000e 08B1     		cbz	r0, .L282
 5046              	.L279:
 844:Libs/mbedtls/library/ecp.c **** 
 5047              		.loc 1 844 1 view .LVU1434
 5048 0010 1846     		mov	r0, r3
 5049              	.LVL630:
 844:Libs/mbedtls/library/ecp.c **** 
 5050              		.loc 1 844 1 view .LVU1435
 5051 0012 70BD     		pop	{r4, r5, r6, pc}
 5052              	.LVL631:
 5053              	.L282:
 838:Libs/mbedtls/library/ecp.c ****     MBEDTLS_MPI_CHK(mbedtls_mpi_read_string(&P->Y, radix, y));
 5054              		.loc 1 838 5 is_stmt 1 discriminator 2 view .LVU1436
 839:Libs/mbedtls/library/ecp.c ****     MBEDTLS_MPI_CHK(mbedtls_mpi_lset(&P->Z, 1));
 5055              		.loc 1 839 5 view .LVU1437
 839:Libs/mbedtls/library/ecp.c ****     MBEDTLS_MPI_CHK(mbedtls_mpi_lset(&P->Z, 1));
 5056              		.loc 1 839 5 view .LVU1438
 5057 0014 3246     		mov	r2, r6
 5058 0016 2946     		mov	r1, r5
 5059 0018 04F10C00 		add	r0, r4, #12
 5060              	.LVL632:
 839:Libs/mbedtls/library/ecp.c ****     MBEDTLS_MPI_CHK(mbedtls_mpi_lset(&P->Z, 1));
 5061              		.loc 1 839 5 is_stmt 0 view .LVU1439
 5062 001c FFF7FEFF 		bl	mbedtls_mpi_read_string
 5063              	.LVL633:
 839:Libs/mbedtls/library/ecp.c ****     MBEDTLS_MPI_CHK(mbedtls_mpi_lset(&P->Z, 1));
 5064              		.loc 1 839 5 discriminator 1 view .LVU1440
 5065 0020 0346     		mov	r3, r0
 5066 0022 0028     		cmp	r0, #0
 5067 0024 F4D1     		bne	.L279
 839:Libs/mbedtls/library/ecp.c ****     MBEDTLS_MPI_CHK(mbedtls_mpi_lset(&P->Z, 1));
 5068              		.loc 1 839 5 is_stmt 1 discriminator 2 view .LVU1441
 840:Libs/mbedtls/library/ecp.c **** 
 5069              		.loc 1 840 5 view .LVU1442
 840:Libs/mbedtls/library/ecp.c **** 
 5070              		.loc 1 840 5 view .LVU1443
 5071 0026 0121     		movs	r1, #1
 5072 0028 04F11800 		add	r0, r4, #24
 5073              	.LVL634:
 840:Libs/mbedtls/library/ecp.c **** 
 5074              		.loc 1 840 5 is_stmt 0 view .LVU1444
 5075 002c FFF7FEFF 		bl	mbedtls_mpi_lset
 5076              	.LVL635:
 840:Libs/mbedtls/library/ecp.c **** 
 5077              		.loc 1 840 5 view .LVU1445
 5078 0030 0346     		mov	r3, r0
 5079              	.LVL636:
 840:Libs/mbedtls/library/ecp.c **** 
 5080              		.loc 1 840 5 is_stmt 1 discriminator 1 view .LVU1446
 5081              	.L280:
 840:Libs/mbedtls/library/ecp.c **** 
 5082              		.loc 1 840 5 discriminator 3 view .LVU1447
 843:Libs/mbedtls/library/ecp.c **** }
ARM GAS  C:\Users\nicx5\AppData\Local\Temp\ccosdxRQ.s 			page 170


 5083              		.loc 1 843 5 view .LVU1448
 843:Libs/mbedtls/library/ecp.c **** }
 5084              		.loc 1 843 12 is_stmt 0 view .LVU1449
 5085 0032 EDE7     		b	.L279
 5086              		.cfi_endproc
 5087              	.LFE24:
 5089              		.section	.text.mbedtls_ecp_point_write_binary,"ax",%progbits
 5090              		.align	1
 5091              		.global	mbedtls_ecp_point_write_binary
 5092              		.syntax unified
 5093              		.thumb
 5094              		.thumb_func
 5096              	mbedtls_ecp_point_write_binary:
 5097              	.LVL637:
 5098              	.LFB25:
 853:Libs/mbedtls/library/ecp.c ****     int ret = MBEDTLS_ERR_ECP_FEATURE_UNAVAILABLE;
 5099              		.loc 1 853 1 is_stmt 1 view -0
 5100              		.cfi_startproc
 5101              		@ args = 8, pretend = 0, frame = 0
 5102              		@ frame_needed = 0, uses_anonymous_args = 0
 853:Libs/mbedtls/library/ecp.c ****     int ret = MBEDTLS_ERR_ECP_FEATURE_UNAVAILABLE;
 5103              		.loc 1 853 1 is_stmt 0 view .LVU1451
 5104 0000 2DE9F041 		push	{r4, r5, r6, r7, r8, lr}
 5105              	.LCFI80:
 5106              		.cfi_def_cfa_offset 24
 5107              		.cfi_offset 4, -24
 5108              		.cfi_offset 5, -20
 5109              		.cfi_offset 6, -16
 5110              		.cfi_offset 7, -12
 5111              		.cfi_offset 8, -8
 5112              		.cfi_offset 14, -4
 5113 0004 0446     		mov	r4, r0
 5114 0006 0D46     		mov	r5, r1
 5115 0008 9046     		mov	r8, r2
 5116 000a 1F46     		mov	r7, r3
 854:Libs/mbedtls/library/ecp.c ****     size_t plen;
 5117              		.loc 1 854 5 is_stmt 1 view .LVU1452
 5118              	.LVL638:
 855:Libs/mbedtls/library/ecp.c ****     ECP_VALIDATE_RET(grp  != NULL);
 5119              		.loc 1 855 5 view .LVU1453
 856:Libs/mbedtls/library/ecp.c ****     ECP_VALIDATE_RET(P    != NULL);
 5120              		.loc 1 856 5 view .LVU1454
 856:Libs/mbedtls/library/ecp.c ****     ECP_VALIDATE_RET(P    != NULL);
 5121              		.loc 1 856 5 view .LVU1455
 856:Libs/mbedtls/library/ecp.c ****     ECP_VALIDATE_RET(P    != NULL);
 5122              		.loc 1 856 5 view .LVU1456
 857:Libs/mbedtls/library/ecp.c ****     ECP_VALIDATE_RET(olen != NULL);
 5123              		.loc 1 857 5 view .LVU1457
 857:Libs/mbedtls/library/ecp.c ****     ECP_VALIDATE_RET(olen != NULL);
 5124              		.loc 1 857 5 view .LVU1458
 857:Libs/mbedtls/library/ecp.c ****     ECP_VALIDATE_RET(olen != NULL);
 5125              		.loc 1 857 5 view .LVU1459
 858:Libs/mbedtls/library/ecp.c ****     ECP_VALIDATE_RET(buf  != NULL);
 5126              		.loc 1 858 5 view .LVU1460
 858:Libs/mbedtls/library/ecp.c ****     ECP_VALIDATE_RET(buf  != NULL);
 5127              		.loc 1 858 5 view .LVU1461
 858:Libs/mbedtls/library/ecp.c ****     ECP_VALIDATE_RET(buf  != NULL);
ARM GAS  C:\Users\nicx5\AppData\Local\Temp\ccosdxRQ.s 			page 171


 5128              		.loc 1 858 5 view .LVU1462
 859:Libs/mbedtls/library/ecp.c ****     ECP_VALIDATE_RET(format == MBEDTLS_ECP_PF_UNCOMPRESSED ||
 5129              		.loc 1 859 5 view .LVU1463
 859:Libs/mbedtls/library/ecp.c ****     ECP_VALIDATE_RET(format == MBEDTLS_ECP_PF_UNCOMPRESSED ||
 5130              		.loc 1 859 5 view .LVU1464
 859:Libs/mbedtls/library/ecp.c ****     ECP_VALIDATE_RET(format == MBEDTLS_ECP_PF_UNCOMPRESSED ||
 5131              		.loc 1 859 5 view .LVU1465
 860:Libs/mbedtls/library/ecp.c ****                      format == MBEDTLS_ECP_PF_COMPRESSED);
 5132              		.loc 1 860 5 view .LVU1466
 860:Libs/mbedtls/library/ecp.c ****                      format == MBEDTLS_ECP_PF_COMPRESSED);
 5133              		.loc 1 860 5 view .LVU1467
 860:Libs/mbedtls/library/ecp.c ****                      format == MBEDTLS_ECP_PF_COMPRESSED);
 5134              		.loc 1 860 5 view .LVU1468
 863:Libs/mbedtls/library/ecp.c **** 
 5135              		.loc 1 863 5 view .LVU1469
 863:Libs/mbedtls/library/ecp.c **** 
 5136              		.loc 1 863 12 is_stmt 0 view .LVU1470
 5137 000c 0430     		adds	r0, r0, #4
 5138              	.LVL639:
 863:Libs/mbedtls/library/ecp.c **** 
 5139              		.loc 1 863 12 view .LVU1471
 5140 000e FFF7FEFF 		bl	mbedtls_mpi_size
 5141              	.LVL640:
 863:Libs/mbedtls/library/ecp.c **** 
 5142              		.loc 1 863 12 view .LVU1472
 5143 0012 0646     		mov	r6, r0
 5144              	.LVL641:
 877:Libs/mbedtls/library/ecp.c ****         /*
 5145              		.loc 1 877 5 is_stmt 1 view .LVU1473
 877:Libs/mbedtls/library/ecp.c ****         /*
 5146              		.loc 1 877 9 is_stmt 0 view .LVU1474
 5147 0014 2046     		mov	r0, r4
 5148              	.LVL642:
 877:Libs/mbedtls/library/ecp.c ****         /*
 5149              		.loc 1 877 9 view .LVU1475
 5150 0016 FFF7FEFF 		bl	mbedtls_ecp_get_type
 5151              	.LVL643:
 877:Libs/mbedtls/library/ecp.c ****         /*
 5152              		.loc 1 877 8 discriminator 1 view .LVU1476
 5153 001a 0128     		cmp	r0, #1
 5154 001c 46D1     		bne	.L287
 881:Libs/mbedtls/library/ecp.c ****             if (buflen < 1) {
 5155              		.loc 1 881 9 is_stmt 1 view .LVU1477
 881:Libs/mbedtls/library/ecp.c ****             if (buflen < 1) {
 5156              		.loc 1 881 13 is_stmt 0 view .LVU1478
 5157 001e 0021     		movs	r1, #0
 5158 0020 05F11800 		add	r0, r5, #24
 5159 0024 FFF7FEFF 		bl	mbedtls_mpi_cmp_int
 5160              	.LVL644:
 881:Libs/mbedtls/library/ecp.c ****             if (buflen < 1) {
 5161              		.loc 1 881 12 discriminator 1 view .LVU1479
 5162 0028 0346     		mov	r3, r0
 5163 002a 50B9     		cbnz	r0, .L285
 882:Libs/mbedtls/library/ecp.c ****                 return MBEDTLS_ERR_ECP_BUFFER_TOO_SMALL;
 5164              		.loc 1 882 13 is_stmt 1 view .LVU1480
 882:Libs/mbedtls/library/ecp.c ****                 return MBEDTLS_ERR_ECP_BUFFER_TOO_SMALL;
 5165              		.loc 1 882 16 is_stmt 0 view .LVU1481
ARM GAS  C:\Users\nicx5\AppData\Local\Temp\ccosdxRQ.s 			page 172


 5166 002c 079A     		ldr	r2, [sp, #28]
 5167 002e 002A     		cmp	r2, #0
 5168 0030 3ED0     		beq	.L288
 886:Libs/mbedtls/library/ecp.c ****             *olen = 1;
 5169              		.loc 1 886 13 is_stmt 1 view .LVU1482
 886:Libs/mbedtls/library/ecp.c ****             *olen = 1;
 5170              		.loc 1 886 20 is_stmt 0 view .LVU1483
 5171 0032 0022     		movs	r2, #0
 5172 0034 0699     		ldr	r1, [sp, #24]
 5173 0036 0A70     		strb	r2, [r1]
 887:Libs/mbedtls/library/ecp.c **** 
 5174              		.loc 1 887 13 is_stmt 1 view .LVU1484
 887:Libs/mbedtls/library/ecp.c **** 
 5175              		.loc 1 887 19 is_stmt 0 view .LVU1485
 5176 0038 0122     		movs	r2, #1
 5177 003a 3A60     		str	r2, [r7]
 889:Libs/mbedtls/library/ecp.c ****         }
 5178              		.loc 1 889 13 is_stmt 1 view .LVU1486
 5179              	.LVL645:
 5180              	.L283:
 917:Libs/mbedtls/library/ecp.c **** 
 5181              		.loc 1 917 1 is_stmt 0 view .LVU1487
 5182 003c 1846     		mov	r0, r3
 5183 003e BDE8F081 		pop	{r4, r5, r6, r7, r8, pc}
 5184              	.LVL646:
 5185              	.L285:
 892:Libs/mbedtls/library/ecp.c ****             *olen = 2 * plen + 1;
 5186              		.loc 1 892 9 is_stmt 1 view .LVU1488
 892:Libs/mbedtls/library/ecp.c ****             *olen = 2 * plen + 1;
 5187              		.loc 1 892 12 is_stmt 0 view .LVU1489
 5188 0042 B8F1000F 		cmp	r8, #0
 5189 0046 1AD1     		bne	.L286
 893:Libs/mbedtls/library/ecp.c **** 
 5190              		.loc 1 893 13 is_stmt 1 view .LVU1490
 893:Libs/mbedtls/library/ecp.c **** 
 5191              		.loc 1 893 23 is_stmt 0 view .LVU1491
 5192 0048 7300     		lsls	r3, r6, #1
 893:Libs/mbedtls/library/ecp.c **** 
 5193              		.loc 1 893 30 view .LVU1492
 5194 004a 0133     		adds	r3, r3, #1
 893:Libs/mbedtls/library/ecp.c **** 
 5195              		.loc 1 893 19 view .LVU1493
 5196 004c 3B60     		str	r3, [r7]
 895:Libs/mbedtls/library/ecp.c ****                 return MBEDTLS_ERR_ECP_BUFFER_TOO_SMALL;
 5197              		.loc 1 895 13 is_stmt 1 view .LVU1494
 895:Libs/mbedtls/library/ecp.c ****                 return MBEDTLS_ERR_ECP_BUFFER_TOO_SMALL;
 5198              		.loc 1 895 16 is_stmt 0 view .LVU1495
 5199 004e 079A     		ldr	r2, [sp, #28]
 5200 0050 9342     		cmp	r3, r2
 5201 0052 2FD8     		bhi	.L289
 899:Libs/mbedtls/library/ecp.c ****             MBEDTLS_MPI_CHK(mbedtls_mpi_write_binary(&P->X, buf + 1, plen));
 5202              		.loc 1 899 13 is_stmt 1 view .LVU1496
 899:Libs/mbedtls/library/ecp.c ****             MBEDTLS_MPI_CHK(mbedtls_mpi_write_binary(&P->X, buf + 1, plen));
 5203              		.loc 1 899 20 is_stmt 0 view .LVU1497
 5204 0054 0699     		ldr	r1, [sp, #24]
 5205 0056 0423     		movs	r3, #4
 5206 0058 01F8013B 		strb	r3, [r1], #1
ARM GAS  C:\Users\nicx5\AppData\Local\Temp\ccosdxRQ.s 			page 173


 900:Libs/mbedtls/library/ecp.c ****             MBEDTLS_MPI_CHK(mbedtls_mpi_write_binary(&P->Y, buf + 1 + plen, plen));
 5207              		.loc 1 900 13 is_stmt 1 view .LVU1498
 900:Libs/mbedtls/library/ecp.c ****             MBEDTLS_MPI_CHK(mbedtls_mpi_write_binary(&P->Y, buf + 1 + plen, plen));
 5208              		.loc 1 900 13 view .LVU1499
 5209 005c 3246     		mov	r2, r6
 5210 005e 2846     		mov	r0, r5
 5211 0060 FFF7FEFF 		bl	mbedtls_mpi_write_binary
 5212              	.LVL647:
 900:Libs/mbedtls/library/ecp.c ****             MBEDTLS_MPI_CHK(mbedtls_mpi_write_binary(&P->Y, buf + 1 + plen, plen));
 5213              		.loc 1 900 13 is_stmt 0 discriminator 1 view .LVU1500
 5214 0064 0346     		mov	r3, r0
 5215 0066 0028     		cmp	r0, #0
 5216 0068 E8D1     		bne	.L283
 900:Libs/mbedtls/library/ecp.c ****             MBEDTLS_MPI_CHK(mbedtls_mpi_write_binary(&P->Y, buf + 1 + plen, plen));
 5217              		.loc 1 900 13 is_stmt 1 discriminator 2 view .LVU1501
 901:Libs/mbedtls/library/ecp.c ****         } else if (format == MBEDTLS_ECP_PF_COMPRESSED) {
 5218              		.loc 1 901 13 view .LVU1502
 901:Libs/mbedtls/library/ecp.c ****         } else if (format == MBEDTLS_ECP_PF_COMPRESSED) {
 5219              		.loc 1 901 13 view .LVU1503
 5220 006a 711C     		adds	r1, r6, #1
 5221 006c 3246     		mov	r2, r6
 5222 006e 069B     		ldr	r3, [sp, #24]
 5223 0070 1944     		add	r1, r1, r3
 5224 0072 05F10C00 		add	r0, r5, #12
 5225              	.LVL648:
 901:Libs/mbedtls/library/ecp.c ****         } else if (format == MBEDTLS_ECP_PF_COMPRESSED) {
 5226              		.loc 1 901 13 is_stmt 0 view .LVU1504
 5227 0076 FFF7FEFF 		bl	mbedtls_mpi_write_binary
 5228              	.LVL649:
 5229 007a 0346     		mov	r3, r0
 5230              	.LVL650:
 901:Libs/mbedtls/library/ecp.c ****         } else if (format == MBEDTLS_ECP_PF_COMPRESSED) {
 5231              		.loc 1 901 13 is_stmt 1 discriminator 1 view .LVU1505
 5232 007c DEE7     		b	.L283
 5233              	.LVL651:
 5234              	.L286:
 902:Libs/mbedtls/library/ecp.c ****             *olen = plen + 1;
 5235              		.loc 1 902 16 view .LVU1506
 902:Libs/mbedtls/library/ecp.c ****             *olen = plen + 1;
 5236              		.loc 1 902 19 is_stmt 0 view .LVU1507
 5237 007e B8F1010F 		cmp	r8, #1
 5238 0082 19D1     		bne	.L290
 903:Libs/mbedtls/library/ecp.c **** 
 5239              		.loc 1 903 13 is_stmt 1 view .LVU1508
 903:Libs/mbedtls/library/ecp.c **** 
 5240              		.loc 1 903 26 is_stmt 0 view .LVU1509
 5241 0084 731C     		adds	r3, r6, #1
 903:Libs/mbedtls/library/ecp.c **** 
 5242              		.loc 1 903 19 view .LVU1510
 5243 0086 3B60     		str	r3, [r7]
 905:Libs/mbedtls/library/ecp.c ****                 return MBEDTLS_ERR_ECP_BUFFER_TOO_SMALL;
 5244              		.loc 1 905 13 is_stmt 1 view .LVU1511
 905:Libs/mbedtls/library/ecp.c ****                 return MBEDTLS_ERR_ECP_BUFFER_TOO_SMALL;
 5245              		.loc 1 905 16 is_stmt 0 view .LVU1512
 5246 0088 079A     		ldr	r2, [sp, #28]
 5247 008a 9342     		cmp	r3, r2
 5248 008c 16D8     		bhi	.L291
ARM GAS  C:\Users\nicx5\AppData\Local\Temp\ccosdxRQ.s 			page 174


 909:Libs/mbedtls/library/ecp.c ****             MBEDTLS_MPI_CHK(mbedtls_mpi_write_binary(&P->X, buf + 1, plen));
 5249              		.loc 1 909 13 is_stmt 1 view .LVU1513
 909:Libs/mbedtls/library/ecp.c ****             MBEDTLS_MPI_CHK(mbedtls_mpi_write_binary(&P->X, buf + 1, plen));
 5250              		.loc 1 909 29 is_stmt 0 view .LVU1514
 5251 008e 0021     		movs	r1, #0
 5252 0090 05F10C00 		add	r0, r5, #12
 5253 0094 FFF7FEFF 		bl	mbedtls_mpi_get_bit
 5254              	.LVL652:
 909:Libs/mbedtls/library/ecp.c ****             MBEDTLS_MPI_CHK(mbedtls_mpi_write_binary(&P->X, buf + 1, plen));
 5255              		.loc 1 909 27 discriminator 1 view .LVU1515
 5256 0098 0230     		adds	r0, r0, #2
 909:Libs/mbedtls/library/ecp.c ****             MBEDTLS_MPI_CHK(mbedtls_mpi_write_binary(&P->X, buf + 1, plen));
 5257              		.loc 1 909 20 discriminator 1 view .LVU1516
 5258 009a 0699     		ldr	r1, [sp, #24]
 5259 009c 01F8010B 		strb	r0, [r1], #1
 910:Libs/mbedtls/library/ecp.c ****         }
 5260              		.loc 1 910 13 is_stmt 1 view .LVU1517
 910:Libs/mbedtls/library/ecp.c ****         }
 5261              		.loc 1 910 13 view .LVU1518
 5262 00a0 3246     		mov	r2, r6
 5263 00a2 2846     		mov	r0, r5
 5264 00a4 FFF7FEFF 		bl	mbedtls_mpi_write_binary
 5265              	.LVL653:
 5266 00a8 0346     		mov	r3, r0
 5267              	.LVL654:
 910:Libs/mbedtls/library/ecp.c ****         }
 5268              		.loc 1 910 13 discriminator 1 view .LVU1519
 915:Libs/mbedtls/library/ecp.c ****     return ret;
 5269              		.loc 1 915 1 is_stmt 0 view .LVU1520
 5270 00aa C7E7     		b	.L283
 5271              	.LVL655:
 5272              	.L287:
 854:Libs/mbedtls/library/ecp.c ****     size_t plen;
 5273              		.loc 1 854 9 view .LVU1521
 5274 00ac 044B     		ldr	r3, .L293
 5275 00ae C5E7     		b	.L283
 5276              	.L288:
 883:Libs/mbedtls/library/ecp.c ****             }
 5277              		.loc 1 883 24 view .LVU1522
 5278 00b0 044B     		ldr	r3, .L293+4
 5279 00b2 C3E7     		b	.L283
 5280              	.L289:
 896:Libs/mbedtls/library/ecp.c ****             }
 5281              		.loc 1 896 24 view .LVU1523
 5282 00b4 034B     		ldr	r3, .L293+4
 5283 00b6 C1E7     		b	.L283
 5284              	.L290:
 854:Libs/mbedtls/library/ecp.c ****     size_t plen;
 5285              		.loc 1 854 9 view .LVU1524
 5286 00b8 014B     		ldr	r3, .L293
 5287 00ba BFE7     		b	.L283
 5288              	.L291:
 906:Libs/mbedtls/library/ecp.c ****             }
 5289              		.loc 1 906 24 view .LVU1525
 5290 00bc 014B     		ldr	r3, .L293+4
 5291              	.LVL656:
 906:Libs/mbedtls/library/ecp.c ****             }
ARM GAS  C:\Users\nicx5\AppData\Local\Temp\ccosdxRQ.s 			page 175


 5292              		.loc 1 906 24 view .LVU1526
 5293 00be BDE7     		b	.L283
 5294              	.L294:
 5295              		.align	2
 5296              	.L293:
 5297 00c0 80B1FFFF 		.word	-20096
 5298 00c4 00B1FFFF 		.word	-20224
 5299              		.cfi_endproc
 5300              	.LFE25:
 5302              		.section	.text.mbedtls_ecp_point_read_binary,"ax",%progbits
 5303              		.align	1
 5304              		.global	mbedtls_ecp_point_read_binary
 5305              		.syntax unified
 5306              		.thumb
 5307              		.thumb_func
 5309              	mbedtls_ecp_point_read_binary:
 5310              	.LVL657:
 5311              	.LFB26:
 925:Libs/mbedtls/library/ecp.c ****     int ret = MBEDTLS_ERR_ECP_FEATURE_UNAVAILABLE;
 5312              		.loc 1 925 1 is_stmt 1 view -0
 5313              		.cfi_startproc
 5314              		@ args = 0, pretend = 0, frame = 0
 5315              		@ frame_needed = 0, uses_anonymous_args = 0
 926:Libs/mbedtls/library/ecp.c ****     size_t plen;
 5316              		.loc 1 926 5 view .LVU1528
 927:Libs/mbedtls/library/ecp.c ****     ECP_VALIDATE_RET(grp != NULL);
 5317              		.loc 1 927 5 view .LVU1529
 928:Libs/mbedtls/library/ecp.c ****     ECP_VALIDATE_RET(pt  != NULL);
 5318              		.loc 1 928 5 view .LVU1530
 928:Libs/mbedtls/library/ecp.c ****     ECP_VALIDATE_RET(pt  != NULL);
 5319              		.loc 1 928 5 view .LVU1531
 928:Libs/mbedtls/library/ecp.c ****     ECP_VALIDATE_RET(pt  != NULL);
 5320              		.loc 1 928 5 view .LVU1532
 929:Libs/mbedtls/library/ecp.c ****     ECP_VALIDATE_RET(ilen == 0 || buf != NULL);
 5321              		.loc 1 929 5 view .LVU1533
 929:Libs/mbedtls/library/ecp.c ****     ECP_VALIDATE_RET(ilen == 0 || buf != NULL);
 5322              		.loc 1 929 5 view .LVU1534
 929:Libs/mbedtls/library/ecp.c ****     ECP_VALIDATE_RET(ilen == 0 || buf != NULL);
 5323              		.loc 1 929 5 view .LVU1535
 930:Libs/mbedtls/library/ecp.c **** 
 5324              		.loc 1 930 5 view .LVU1536
 930:Libs/mbedtls/library/ecp.c **** 
 5325              		.loc 1 930 5 view .LVU1537
 930:Libs/mbedtls/library/ecp.c **** 
 5326              		.loc 1 930 5 view .LVU1538
 932:Libs/mbedtls/library/ecp.c ****         return MBEDTLS_ERR_ECP_BAD_INPUT_DATA;
 5327              		.loc 1 932 5 view .LVU1539
 932:Libs/mbedtls/library/ecp.c ****         return MBEDTLS_ERR_ECP_BAD_INPUT_DATA;
 5328              		.loc 1 932 8 is_stmt 0 view .LVU1540
 5329 0000 A3B3     		cbz	r3, .L298
 925:Libs/mbedtls/library/ecp.c ****     int ret = MBEDTLS_ERR_ECP_FEATURE_UNAVAILABLE;
 5330              		.loc 1 925 1 view .LVU1541
 5331 0002 2DE9F041 		push	{r4, r5, r6, r7, r8, lr}
 5332              	.LCFI81:
 5333              		.cfi_def_cfa_offset 24
 5334              		.cfi_offset 4, -24
 5335              		.cfi_offset 5, -20
ARM GAS  C:\Users\nicx5\AppData\Local\Temp\ccosdxRQ.s 			page 176


 5336              		.cfi_offset 6, -16
 5337              		.cfi_offset 7, -12
 5338              		.cfi_offset 8, -8
 5339              		.cfi_offset 14, -4
 5340 0006 0446     		mov	r4, r0
 5341 0008 0F46     		mov	r7, r1
 5342 000a 1646     		mov	r6, r2
 5343 000c 9846     		mov	r8, r3
 936:Libs/mbedtls/library/ecp.c **** 
 5344              		.loc 1 936 5 is_stmt 1 view .LVU1542
 936:Libs/mbedtls/library/ecp.c **** 
 5345              		.loc 1 936 12 is_stmt 0 view .LVU1543
 5346 000e 0430     		adds	r0, r0, #4
 5347              	.LVL658:
 936:Libs/mbedtls/library/ecp.c **** 
 5348              		.loc 1 936 12 view .LVU1544
 5349 0010 FFF7FEFF 		bl	mbedtls_mpi_size
 5350              	.LVL659:
 936:Libs/mbedtls/library/ecp.c **** 
 5351              		.loc 1 936 12 view .LVU1545
 5352 0014 0546     		mov	r5, r0
 5353              	.LVL660:
 956:Libs/mbedtls/library/ecp.c ****         if (buf[0] == 0x00) {
 5354              		.loc 1 956 5 is_stmt 1 view .LVU1546
 956:Libs/mbedtls/library/ecp.c ****         if (buf[0] == 0x00) {
 5355              		.loc 1 956 9 is_stmt 0 view .LVU1547
 5356 0016 2046     		mov	r0, r4
 5357              	.LVL661:
 956:Libs/mbedtls/library/ecp.c ****         if (buf[0] == 0x00) {
 5358              		.loc 1 956 9 view .LVU1548
 5359 0018 FFF7FEFF 		bl	mbedtls_ecp_get_type
 5360              	.LVL662:
 956:Libs/mbedtls/library/ecp.c ****         if (buf[0] == 0x00) {
 5361              		.loc 1 956 8 discriminator 1 view .LVU1549
 5362 001c 0128     		cmp	r0, #1
 5363 001e 27D1     		bne	.L299
 957:Libs/mbedtls/library/ecp.c ****             if (ilen == 1) {
 5364              		.loc 1 957 9 is_stmt 1 view .LVU1550
 957:Libs/mbedtls/library/ecp.c ****             if (ilen == 1) {
 5365              		.loc 1 957 16 is_stmt 0 view .LVU1551
 5366 0020 3378     		ldrb	r3, [r6]	@ zero_extendqisi2
 957:Libs/mbedtls/library/ecp.c ****             if (ilen == 1) {
 5367              		.loc 1 957 12 view .LVU1552
 5368 0022 3BB9     		cbnz	r3, .L297
 958:Libs/mbedtls/library/ecp.c ****                 return mbedtls_ecp_set_zero(pt);
 5369              		.loc 1 958 13 is_stmt 1 view .LVU1553
 958:Libs/mbedtls/library/ecp.c ****                 return mbedtls_ecp_set_zero(pt);
 5370              		.loc 1 958 16 is_stmt 0 view .LVU1554
 5371 0024 B8F1010F 		cmp	r8, #1
 5372 0028 24D1     		bne	.L300
 959:Libs/mbedtls/library/ecp.c ****             } else {
 5373              		.loc 1 959 17 is_stmt 1 view .LVU1555
 959:Libs/mbedtls/library/ecp.c ****             } else {
 5374              		.loc 1 959 24 is_stmt 0 view .LVU1556
 5375 002a 3846     		mov	r0, r7
 5376 002c FFF7FEFF 		bl	mbedtls_ecp_set_zero
 5377              	.LVL663:
ARM GAS  C:\Users\nicx5\AppData\Local\Temp\ccosdxRQ.s 			page 177


 5378              	.L295:
 982:Libs/mbedtls/library/ecp.c **** 
 5379              		.loc 1 982 1 view .LVU1557
 5380 0030 BDE8F081 		pop	{r4, r5, r6, r7, r8, pc}
 5381              	.LVL664:
 5382              	.L297:
 965:Libs/mbedtls/library/ecp.c ****             return MBEDTLS_ERR_ECP_FEATURE_UNAVAILABLE;
 5383              		.loc 1 965 9 is_stmt 1 view .LVU1558
 965:Libs/mbedtls/library/ecp.c ****             return MBEDTLS_ERR_ECP_FEATURE_UNAVAILABLE;
 5384              		.loc 1 965 12 is_stmt 0 view .LVU1559
 5385 0034 042B     		cmp	r3, #4
 5386 0036 1FD1     		bne	.L301
 969:Libs/mbedtls/library/ecp.c ****             return MBEDTLS_ERR_ECP_BAD_INPUT_DATA;
 5387              		.loc 1 969 9 is_stmt 1 view .LVU1560
 969:Libs/mbedtls/library/ecp.c ****             return MBEDTLS_ERR_ECP_BAD_INPUT_DATA;
 5388              		.loc 1 969 23 is_stmt 0 view .LVU1561
 5389 0038 6B00     		lsls	r3, r5, #1
 969:Libs/mbedtls/library/ecp.c ****             return MBEDTLS_ERR_ECP_BAD_INPUT_DATA;
 5390              		.loc 1 969 30 view .LVU1562
 5391 003a 0133     		adds	r3, r3, #1
 969:Libs/mbedtls/library/ecp.c ****             return MBEDTLS_ERR_ECP_BAD_INPUT_DATA;
 5392              		.loc 1 969 12 view .LVU1563
 5393 003c 4345     		cmp	r3, r8
 5394 003e 1DD1     		bne	.L302
 973:Libs/mbedtls/library/ecp.c ****         MBEDTLS_MPI_CHK(mbedtls_mpi_read_binary(&pt->Y,
 5395              		.loc 1 973 9 is_stmt 1 view .LVU1564
 973:Libs/mbedtls/library/ecp.c ****         MBEDTLS_MPI_CHK(mbedtls_mpi_read_binary(&pt->Y,
 5396              		.loc 1 973 9 view .LVU1565
 5397 0040 2A46     		mov	r2, r5
 5398 0042 711C     		adds	r1, r6, #1
 5399 0044 3846     		mov	r0, r7
 5400 0046 FFF7FEFF 		bl	mbedtls_mpi_read_binary
 5401              	.LVL665:
 973:Libs/mbedtls/library/ecp.c ****         MBEDTLS_MPI_CHK(mbedtls_mpi_read_binary(&pt->Y,
 5402              		.loc 1 973 9 is_stmt 0 discriminator 1 view .LVU1566
 5403 004a 0028     		cmp	r0, #0
 5404 004c F0D1     		bne	.L295
 973:Libs/mbedtls/library/ecp.c ****         MBEDTLS_MPI_CHK(mbedtls_mpi_read_binary(&pt->Y,
 5405              		.loc 1 973 9 is_stmt 1 discriminator 2 view .LVU1567
 974:Libs/mbedtls/library/ecp.c ****                                                 buf + 1 + plen, plen));
 5406              		.loc 1 974 9 view .LVU1568
 974:Libs/mbedtls/library/ecp.c ****                                                 buf + 1 + plen, plen));
 5407              		.loc 1 974 9 view .LVU1569
 5408 004e 691C     		adds	r1, r5, #1
 5409 0050 2A46     		mov	r2, r5
 5410 0052 3144     		add	r1, r1, r6
 5411 0054 07F10C00 		add	r0, r7, #12
 5412              	.LVL666:
 974:Libs/mbedtls/library/ecp.c ****                                                 buf + 1 + plen, plen));
 5413              		.loc 1 974 9 is_stmt 0 view .LVU1570
 5414 0058 FFF7FEFF 		bl	mbedtls_mpi_read_binary
 5415              	.LVL667:
 974:Libs/mbedtls/library/ecp.c ****                                                 buf + 1 + plen, plen));
 5416              		.loc 1 974 9 discriminator 1 view .LVU1571
 5417 005c 0028     		cmp	r0, #0
 5418 005e E7D1     		bne	.L295
 974:Libs/mbedtls/library/ecp.c ****                                                 buf + 1 + plen, plen));
ARM GAS  C:\Users\nicx5\AppData\Local\Temp\ccosdxRQ.s 			page 178


 5419              		.loc 1 974 9 is_stmt 1 discriminator 2 view .LVU1572
 976:Libs/mbedtls/library/ecp.c ****     }
 5420              		.loc 1 976 9 view .LVU1573
 976:Libs/mbedtls/library/ecp.c ****     }
 5421              		.loc 1 976 9 view .LVU1574
 5422 0060 0121     		movs	r1, #1
 5423 0062 07F11800 		add	r0, r7, #24
 5424              	.LVL668:
 976:Libs/mbedtls/library/ecp.c ****     }
 5425              		.loc 1 976 9 is_stmt 0 view .LVU1575
 5426 0066 FFF7FEFF 		bl	mbedtls_mpi_lset
 5427              	.LVL669:
 976:Libs/mbedtls/library/ecp.c ****     }
 5428              		.loc 1 976 9 is_stmt 1 discriminator 1 view .LVU1576
 980:Libs/mbedtls/library/ecp.c ****     return ret;
 5429              		.loc 1 980 1 is_stmt 0 view .LVU1577
 5430 006a E1E7     		b	.L295
 5431              	.LVL670:
 5432              	.L298:
 5433              	.LCFI82:
 5434              		.cfi_def_cfa_offset 0
 5435              		.cfi_restore 4
 5436              		.cfi_restore 5
 5437              		.cfi_restore 6
 5438              		.cfi_restore 7
 5439              		.cfi_restore 8
 5440              		.cfi_restore 14
 933:Libs/mbedtls/library/ecp.c ****     }
 5441              		.loc 1 933 16 view .LVU1578
 5442 006c 0448     		ldr	r0, .L307
 5443              	.LVL671:
 982:Libs/mbedtls/library/ecp.c **** 
 5444              		.loc 1 982 1 view .LVU1579
 5445 006e 7047     		bx	lr
 5446              	.LVL672:
 5447              	.L299:
 5448              	.LCFI83:
 5449              		.cfi_def_cfa_offset 24
 5450              		.cfi_offset 4, -24
 5451              		.cfi_offset 5, -20
 5452              		.cfi_offset 6, -16
 5453              		.cfi_offset 7, -12
 5454              		.cfi_offset 8, -8
 5455              		.cfi_offset 14, -4
 926:Libs/mbedtls/library/ecp.c ****     size_t plen;
 5456              		.loc 1 926 9 view .LVU1580
 5457 0070 0448     		ldr	r0, .L307+4
 5458 0072 DDE7     		b	.L295
 5459              	.L300:
 961:Libs/mbedtls/library/ecp.c ****             }
 5460              		.loc 1 961 24 view .LVU1581
 5461 0074 0248     		ldr	r0, .L307
 5462 0076 DBE7     		b	.L295
 5463              	.L301:
 966:Libs/mbedtls/library/ecp.c ****         }
 5464              		.loc 1 966 20 view .LVU1582
 5465 0078 0248     		ldr	r0, .L307+4
ARM GAS  C:\Users\nicx5\AppData\Local\Temp\ccosdxRQ.s 			page 179


 5466 007a D9E7     		b	.L295
 5467              	.L302:
 970:Libs/mbedtls/library/ecp.c ****         }
 5468              		.loc 1 970 20 view .LVU1583
 5469 007c 0048     		ldr	r0, .L307
 5470              	.LVL673:
 970:Libs/mbedtls/library/ecp.c ****         }
 5471              		.loc 1 970 20 view .LVU1584
 5472 007e D7E7     		b	.L295
 5473              	.L308:
 5474              		.align	2
 5475              	.L307:
 5476 0080 80B0FFFF 		.word	-20352
 5477 0084 80B1FFFF 		.word	-20096
 5478              		.cfi_endproc
 5479              	.LFE26:
 5481              		.section	.text.mbedtls_ecp_tls_read_point,"ax",%progbits
 5482              		.align	1
 5483              		.global	mbedtls_ecp_tls_read_point
 5484              		.syntax unified
 5485              		.thumb
 5486              		.thumb_func
 5488              	mbedtls_ecp_tls_read_point:
 5489              	.LVL674:
 5490              	.LFB27:
 993:Libs/mbedtls/library/ecp.c ****     unsigned char data_len;
 5491              		.loc 1 993 1 is_stmt 1 view -0
 5492              		.cfi_startproc
 5493              		@ args = 0, pretend = 0, frame = 0
 5494              		@ frame_needed = 0, uses_anonymous_args = 0
 994:Libs/mbedtls/library/ecp.c ****     const unsigned char *buf_start;
 5495              		.loc 1 994 5 view .LVU1586
 995:Libs/mbedtls/library/ecp.c ****     ECP_VALIDATE_RET(grp != NULL);
 5496              		.loc 1 995 5 view .LVU1587
 996:Libs/mbedtls/library/ecp.c ****     ECP_VALIDATE_RET(pt  != NULL);
 5497              		.loc 1 996 5 view .LVU1588
 996:Libs/mbedtls/library/ecp.c ****     ECP_VALIDATE_RET(pt  != NULL);
 5498              		.loc 1 996 5 view .LVU1589
 996:Libs/mbedtls/library/ecp.c ****     ECP_VALIDATE_RET(pt  != NULL);
 5499              		.loc 1 996 5 view .LVU1590
 997:Libs/mbedtls/library/ecp.c ****     ECP_VALIDATE_RET(buf != NULL);
 5500              		.loc 1 997 5 view .LVU1591
 997:Libs/mbedtls/library/ecp.c ****     ECP_VALIDATE_RET(buf != NULL);
 5501              		.loc 1 997 5 view .LVU1592
 997:Libs/mbedtls/library/ecp.c ****     ECP_VALIDATE_RET(buf != NULL);
 5502              		.loc 1 997 5 view .LVU1593
 998:Libs/mbedtls/library/ecp.c ****     ECP_VALIDATE_RET(buf_len == 0 || *buf != NULL);
 5503              		.loc 1 998 5 view .LVU1594
 998:Libs/mbedtls/library/ecp.c ****     ECP_VALIDATE_RET(buf_len == 0 || *buf != NULL);
 5504              		.loc 1 998 5 view .LVU1595
 998:Libs/mbedtls/library/ecp.c ****     ECP_VALIDATE_RET(buf_len == 0 || *buf != NULL);
 5505              		.loc 1 998 5 view .LVU1596
 999:Libs/mbedtls/library/ecp.c **** 
 5506              		.loc 1 999 5 view .LVU1597
 999:Libs/mbedtls/library/ecp.c **** 
 5507              		.loc 1 999 5 view .LVU1598
 999:Libs/mbedtls/library/ecp.c **** 
ARM GAS  C:\Users\nicx5\AppData\Local\Temp\ccosdxRQ.s 			page 180


 5508              		.loc 1 999 5 view .LVU1599
1004:Libs/mbedtls/library/ecp.c ****         return MBEDTLS_ERR_ECP_BAD_INPUT_DATA;
 5509              		.loc 1 1004 5 view .LVU1600
1004:Libs/mbedtls/library/ecp.c ****         return MBEDTLS_ERR_ECP_BAD_INPUT_DATA;
 5510              		.loc 1 1004 8 is_stmt 0 view .LVU1601
 5511 0000 012B     		cmp	r3, #1
 5512 0002 12D9     		bls	.L311
 993:Libs/mbedtls/library/ecp.c ****     unsigned char data_len;
 5513              		.loc 1 993 1 view .LVU1602
 5514 0004 10B5     		push	{r4, lr}
 5515              	.LCFI84:
 5516              		.cfi_def_cfa_offset 8
 5517              		.cfi_offset 4, -8
 5518              		.cfi_offset 14, -4
 5519 0006 9646     		mov	lr, r2
 5520 0008 9C46     		mov	ip, r3
1008:Libs/mbedtls/library/ecp.c ****     if (data_len < 1 || data_len > buf_len - 1) {
 5521              		.loc 1 1008 5 is_stmt 1 view .LVU1603
1008:Libs/mbedtls/library/ecp.c ****     if (data_len < 1 || data_len > buf_len - 1) {
 5522              		.loc 1 1008 18 is_stmt 0 view .LVU1604
 5523 000a 1368     		ldr	r3, [r2]
 5524              	.LVL675:
1008:Libs/mbedtls/library/ecp.c ****     if (data_len < 1 || data_len > buf_len - 1) {
 5525              		.loc 1 1008 23 view .LVU1605
 5526 000c 5A1C     		adds	r2, r3, #1
 5527              	.LVL676:
1008:Libs/mbedtls/library/ecp.c ****     if (data_len < 1 || data_len > buf_len - 1) {
 5528              		.loc 1 1008 23 view .LVU1606
 5529 000e CEF80020 		str	r2, [lr]
1008:Libs/mbedtls/library/ecp.c ****     if (data_len < 1 || data_len > buf_len - 1) {
 5530              		.loc 1 1008 14 view .LVU1607
 5531 0012 1B78     		ldrb	r3, [r3]	@ zero_extendqisi2
 5532              	.LVL677:
1009:Libs/mbedtls/library/ecp.c ****         return MBEDTLS_ERR_ECP_BAD_INPUT_DATA;
 5533              		.loc 1 1009 5 is_stmt 1 view .LVU1608
1009:Libs/mbedtls/library/ecp.c ****         return MBEDTLS_ERR_ECP_BAD_INPUT_DATA;
 5534              		.loc 1 1009 8 is_stmt 0 view .LVU1609
 5535 0014 5BB1     		cbz	r3, .L312
1009:Libs/mbedtls/library/ecp.c ****         return MBEDTLS_ERR_ECP_BAD_INPUT_DATA;
 5536              		.loc 1 1009 44 discriminator 1 view .LVU1610
 5537 0016 0CF1FF3C 		add	ip, ip, #-1
 5538              	.LVL678:
1009:Libs/mbedtls/library/ecp.c ****         return MBEDTLS_ERR_ECP_BAD_INPUT_DATA;
 5539              		.loc 1 1009 22 discriminator 1 view .LVU1611
 5540 001a 6345     		cmp	r3, ip
 5541 001c 09D8     		bhi	.L313
1016:Libs/mbedtls/library/ecp.c ****     *buf += data_len;
 5542              		.loc 1 1016 5 is_stmt 1 view .LVU1612
 5543              	.LVL679:
1017:Libs/mbedtls/library/ecp.c **** 
 5544              		.loc 1 1017 5 view .LVU1613
1017:Libs/mbedtls/library/ecp.c **** 
 5545              		.loc 1 1017 10 is_stmt 0 view .LVU1614
 5546 001e D418     		adds	r4, r2, r3
 5547 0020 CEF80040 		str	r4, [lr]
1019:Libs/mbedtls/library/ecp.c **** }
 5548              		.loc 1 1019 5 is_stmt 1 view .LVU1615
ARM GAS  C:\Users\nicx5\AppData\Local\Temp\ccosdxRQ.s 			page 181


1019:Libs/mbedtls/library/ecp.c **** }
 5549              		.loc 1 1019 12 is_stmt 0 view .LVU1616
 5550 0024 FFF7FEFF 		bl	mbedtls_ecp_point_read_binary
 5551              	.LVL680:
 5552              	.L309:
1020:Libs/mbedtls/library/ecp.c **** 
 5553              		.loc 1 1020 1 view .LVU1617
 5554 0028 10BD     		pop	{r4, pc}
 5555              	.LVL681:
 5556              	.L311:
 5557              	.LCFI85:
 5558              		.cfi_def_cfa_offset 0
 5559              		.cfi_restore 4
 5560              		.cfi_restore 14
1005:Libs/mbedtls/library/ecp.c ****     }
 5561              		.loc 1 1005 16 view .LVU1618
 5562 002a 0348     		ldr	r0, .L318
 5563              	.LVL682:
1020:Libs/mbedtls/library/ecp.c **** 
 5564              		.loc 1 1020 1 view .LVU1619
 5565 002c 7047     		bx	lr
 5566              	.LVL683:
 5567              	.L312:
 5568              	.LCFI86:
 5569              		.cfi_def_cfa_offset 8
 5570              		.cfi_offset 4, -8
 5571              		.cfi_offset 14, -4
1010:Libs/mbedtls/library/ecp.c ****     }
 5572              		.loc 1 1010 16 view .LVU1620
 5573 002e 0248     		ldr	r0, .L318
 5574              	.LVL684:
1010:Libs/mbedtls/library/ecp.c ****     }
 5575              		.loc 1 1010 16 view .LVU1621
 5576 0030 FAE7     		b	.L309
 5577              	.LVL685:
 5578              	.L313:
1010:Libs/mbedtls/library/ecp.c ****     }
 5579              		.loc 1 1010 16 view .LVU1622
 5580 0032 0148     		ldr	r0, .L318
 5581              	.LVL686:
1010:Libs/mbedtls/library/ecp.c ****     }
 5582              		.loc 1 1010 16 view .LVU1623
 5583 0034 F8E7     		b	.L309
 5584              	.L319:
 5585 0036 00BF     		.align	2
 5586              	.L318:
 5587 0038 80B0FFFF 		.word	-20352
 5588              		.cfi_endproc
 5589              	.LFE27:
 5591              		.section	.text.mbedtls_ecp_tls_write_point,"ax",%progbits
 5592              		.align	1
 5593              		.global	mbedtls_ecp_tls_write_point
 5594              		.syntax unified
 5595              		.thumb
 5596              		.thumb_func
 5598              	mbedtls_ecp_tls_write_point:
 5599              	.LVL687:
ARM GAS  C:\Users\nicx5\AppData\Local\Temp\ccosdxRQ.s 			page 182


 5600              	.LFB28:
1031:Libs/mbedtls/library/ecp.c ****     int ret = MBEDTLS_ERR_ERROR_CORRUPTION_DETECTED;
 5601              		.loc 1 1031 1 is_stmt 1 view -0
 5602              		.cfi_startproc
 5603              		@ args = 8, pretend = 0, frame = 0
 5604              		@ frame_needed = 0, uses_anonymous_args = 0
1031:Libs/mbedtls/library/ecp.c ****     int ret = MBEDTLS_ERR_ERROR_CORRUPTION_DETECTED;
 5605              		.loc 1 1031 1 is_stmt 0 view .LVU1625
 5606 0000 30B5     		push	{r4, r5, lr}
 5607              	.LCFI87:
 5608              		.cfi_def_cfa_offset 12
 5609              		.cfi_offset 4, -12
 5610              		.cfi_offset 5, -8
 5611              		.cfi_offset 14, -4
 5612 0002 83B0     		sub	sp, sp, #12
 5613              	.LCFI88:
 5614              		.cfi_def_cfa_offset 24
 5615 0004 1C46     		mov	r4, r3
 5616 0006 069D     		ldr	r5, [sp, #24]
 5617 0008 079B     		ldr	r3, [sp, #28]
 5618              	.LVL688:
1032:Libs/mbedtls/library/ecp.c ****     ECP_VALIDATE_RET(grp  != NULL);
 5619              		.loc 1 1032 5 is_stmt 1 view .LVU1626
1033:Libs/mbedtls/library/ecp.c ****     ECP_VALIDATE_RET(pt   != NULL);
 5620              		.loc 1 1033 5 view .LVU1627
1033:Libs/mbedtls/library/ecp.c ****     ECP_VALIDATE_RET(pt   != NULL);
 5621              		.loc 1 1033 5 view .LVU1628
1033:Libs/mbedtls/library/ecp.c ****     ECP_VALIDATE_RET(pt   != NULL);
 5622              		.loc 1 1033 5 view .LVU1629
1034:Libs/mbedtls/library/ecp.c ****     ECP_VALIDATE_RET(olen != NULL);
 5623              		.loc 1 1034 5 view .LVU1630
1034:Libs/mbedtls/library/ecp.c ****     ECP_VALIDATE_RET(olen != NULL);
 5624              		.loc 1 1034 5 view .LVU1631
1034:Libs/mbedtls/library/ecp.c ****     ECP_VALIDATE_RET(olen != NULL);
 5625              		.loc 1 1034 5 view .LVU1632
1035:Libs/mbedtls/library/ecp.c ****     ECP_VALIDATE_RET(buf  != NULL);
 5626              		.loc 1 1035 5 view .LVU1633
1035:Libs/mbedtls/library/ecp.c ****     ECP_VALIDATE_RET(buf  != NULL);
 5627              		.loc 1 1035 5 view .LVU1634
1035:Libs/mbedtls/library/ecp.c ****     ECP_VALIDATE_RET(buf  != NULL);
 5628              		.loc 1 1035 5 view .LVU1635
1036:Libs/mbedtls/library/ecp.c ****     ECP_VALIDATE_RET(format == MBEDTLS_ECP_PF_UNCOMPRESSED ||
 5629              		.loc 1 1036 5 view .LVU1636
1036:Libs/mbedtls/library/ecp.c ****     ECP_VALIDATE_RET(format == MBEDTLS_ECP_PF_UNCOMPRESSED ||
 5630              		.loc 1 1036 5 view .LVU1637
1036:Libs/mbedtls/library/ecp.c ****     ECP_VALIDATE_RET(format == MBEDTLS_ECP_PF_UNCOMPRESSED ||
 5631              		.loc 1 1036 5 view .LVU1638
1037:Libs/mbedtls/library/ecp.c ****                      format == MBEDTLS_ECP_PF_COMPRESSED);
 5632              		.loc 1 1037 5 view .LVU1639
1037:Libs/mbedtls/library/ecp.c ****                      format == MBEDTLS_ECP_PF_COMPRESSED);
 5633              		.loc 1 1037 5 view .LVU1640
1037:Libs/mbedtls/library/ecp.c ****                      format == MBEDTLS_ECP_PF_COMPRESSED);
 5634              		.loc 1 1037 5 view .LVU1641
1043:Libs/mbedtls/library/ecp.c ****         return MBEDTLS_ERR_ECP_BAD_INPUT_DATA;
 5635              		.loc 1 1043 5 view .LVU1642
1043:Libs/mbedtls/library/ecp.c ****         return MBEDTLS_ERR_ECP_BAD_INPUT_DATA;
 5636              		.loc 1 1043 8 is_stmt 0 view .LVU1643
ARM GAS  C:\Users\nicx5\AppData\Local\Temp\ccosdxRQ.s 			page 183


 5637 000a 73B1     		cbz	r3, .L322
1047:Libs/mbedtls/library/ecp.c ****                                               olen, buf + 1, blen - 1)) != 0) {
 5638              		.loc 1 1047 5 is_stmt 1 view .LVU1644
1047:Libs/mbedtls/library/ecp.c ****                                               olen, buf + 1, blen - 1)) != 0) {
 5639              		.loc 1 1047 16 is_stmt 0 view .LVU1645
 5640 000c 013B     		subs	r3, r3, #1
 5641 000e 0193     		str	r3, [sp, #4]
 5642 0010 6B1C     		adds	r3, r5, #1
 5643 0012 0093     		str	r3, [sp]
 5644 0014 2346     		mov	r3, r4
 5645 0016 FFF7FEFF 		bl	mbedtls_ecp_point_write_binary
 5646              	.LVL689:
1047:Libs/mbedtls/library/ecp.c ****                                               olen, buf + 1, blen - 1)) != 0) {
 5647              		.loc 1 1047 8 discriminator 1 view .LVU1646
 5648 001a 20B9     		cbnz	r0, .L320
1055:Libs/mbedtls/library/ecp.c ****     ++*olen;
 5649              		.loc 1 1055 5 is_stmt 1 view .LVU1647
1055:Libs/mbedtls/library/ecp.c ****     ++*olen;
 5650              		.loc 1 1055 14 is_stmt 0 view .LVU1648
 5651 001c 2378     		ldrb	r3, [r4]	@ zero_extendqisi2
1055:Libs/mbedtls/library/ecp.c ****     ++*olen;
 5652              		.loc 1 1055 12 view .LVU1649
 5653 001e 2B70     		strb	r3, [r5]
1056:Libs/mbedtls/library/ecp.c **** 
 5654              		.loc 1 1056 5 is_stmt 1 view .LVU1650
1056:Libs/mbedtls/library/ecp.c **** 
 5655              		.loc 1 1056 7 is_stmt 0 view .LVU1651
 5656 0020 2368     		ldr	r3, [r4]
1056:Libs/mbedtls/library/ecp.c **** 
 5657              		.loc 1 1056 5 view .LVU1652
 5658 0022 0133     		adds	r3, r3, #1
 5659 0024 2360     		str	r3, [r4]
1058:Libs/mbedtls/library/ecp.c **** }
 5660              		.loc 1 1058 5 is_stmt 1 view .LVU1653
 5661              	.LVL690:
 5662              	.L320:
1059:Libs/mbedtls/library/ecp.c **** 
 5663              		.loc 1 1059 1 is_stmt 0 view .LVU1654
 5664 0026 03B0     		add	sp, sp, #12
 5665              	.LCFI89:
 5666              		.cfi_remember_state
 5667              		.cfi_def_cfa_offset 12
 5668              		@ sp needed
 5669 0028 30BD     		pop	{r4, r5, pc}
 5670              	.LVL691:
 5671              	.L322:
 5672              	.LCFI90:
 5673              		.cfi_restore_state
1044:Libs/mbedtls/library/ecp.c ****     }
 5674              		.loc 1 1044 16 view .LVU1655
 5675 002a 0148     		ldr	r0, .L324
 5676              	.LVL692:
1044:Libs/mbedtls/library/ecp.c ****     }
 5677              		.loc 1 1044 16 view .LVU1656
 5678 002c FBE7     		b	.L320
 5679              	.L325:
 5680 002e 00BF     		.align	2
ARM GAS  C:\Users\nicx5\AppData\Local\Temp\ccosdxRQ.s 			page 184


 5681              	.L324:
 5682 0030 80B0FFFF 		.word	-20352
 5683              		.cfi_endproc
 5684              	.LFE28:
 5686              		.section	.text.mbedtls_ecp_tls_read_group_id,"ax",%progbits
 5687              		.align	1
 5688              		.global	mbedtls_ecp_tls_read_group_id
 5689              		.syntax unified
 5690              		.thumb
 5691              		.thumb_func
 5693              	mbedtls_ecp_tls_read_group_id:
 5694              	.LVL693:
 5695              	.LFB30:
1086:Libs/mbedtls/library/ecp.c ****     uint16_t tls_id;
 5696              		.loc 1 1086 1 is_stmt 1 view -0
 5697              		.cfi_startproc
 5698              		@ args = 0, pretend = 0, frame = 0
 5699              		@ frame_needed = 0, uses_anonymous_args = 0
1087:Libs/mbedtls/library/ecp.c ****     const mbedtls_ecp_curve_info *curve_info;
 5700              		.loc 1 1087 5 view .LVU1658
1088:Libs/mbedtls/library/ecp.c ****     ECP_VALIDATE_RET(grp  != NULL);
 5701              		.loc 1 1088 5 view .LVU1659
1089:Libs/mbedtls/library/ecp.c ****     ECP_VALIDATE_RET(buf  != NULL);
 5702              		.loc 1 1089 5 view .LVU1660
1089:Libs/mbedtls/library/ecp.c ****     ECP_VALIDATE_RET(buf  != NULL);
 5703              		.loc 1 1089 5 view .LVU1661
1089:Libs/mbedtls/library/ecp.c ****     ECP_VALIDATE_RET(buf  != NULL);
 5704              		.loc 1 1089 5 view .LVU1662
1090:Libs/mbedtls/library/ecp.c ****     ECP_VALIDATE_RET(len == 0 || *buf != NULL);
 5705              		.loc 1 1090 5 view .LVU1663
1090:Libs/mbedtls/library/ecp.c ****     ECP_VALIDATE_RET(len == 0 || *buf != NULL);
 5706              		.loc 1 1090 5 view .LVU1664
1090:Libs/mbedtls/library/ecp.c ****     ECP_VALIDATE_RET(len == 0 || *buf != NULL);
 5707              		.loc 1 1090 5 view .LVU1665
1091:Libs/mbedtls/library/ecp.c **** 
 5708              		.loc 1 1091 5 view .LVU1666
1091:Libs/mbedtls/library/ecp.c **** 
 5709              		.loc 1 1091 5 view .LVU1667
1091:Libs/mbedtls/library/ecp.c **** 
 5710              		.loc 1 1091 5 view .LVU1668
1096:Libs/mbedtls/library/ecp.c ****         return MBEDTLS_ERR_ECP_BAD_INPUT_DATA;
 5711              		.loc 1 1096 5 view .LVU1669
1096:Libs/mbedtls/library/ecp.c ****         return MBEDTLS_ERR_ECP_BAD_INPUT_DATA;
 5712              		.loc 1 1096 8 is_stmt 0 view .LVU1670
 5713 0000 022A     		cmp	r2, #2
 5714 0002 16D9     		bls	.L328
1086:Libs/mbedtls/library/ecp.c ****     uint16_t tls_id;
 5715              		.loc 1 1086 1 view .LVU1671
 5716 0004 10B5     		push	{r4, lr}
 5717              	.LCFI91:
 5718              		.cfi_def_cfa_offset 8
 5719              		.cfi_offset 4, -8
 5720              		.cfi_offset 14, -4
 5721 0006 0446     		mov	r4, r0
1103:Libs/mbedtls/library/ecp.c ****         return MBEDTLS_ERR_ECP_BAD_INPUT_DATA;
 5722              		.loc 1 1103 5 is_stmt 1 view .LVU1672
1103:Libs/mbedtls/library/ecp.c ****         return MBEDTLS_ERR_ECP_BAD_INPUT_DATA;
ARM GAS  C:\Users\nicx5\AppData\Local\Temp\ccosdxRQ.s 			page 185


 5723              		.loc 1 1103 11 is_stmt 0 view .LVU1673
 5724 0008 0B68     		ldr	r3, [r1]
1103:Libs/mbedtls/library/ecp.c ****         return MBEDTLS_ERR_ECP_BAD_INPUT_DATA;
 5725              		.loc 1 1103 16 view .LVU1674
 5726 000a 5A1C     		adds	r2, r3, #1
 5727              	.LVL694:
1103:Libs/mbedtls/library/ecp.c ****         return MBEDTLS_ERR_ECP_BAD_INPUT_DATA;
 5728              		.loc 1 1103 16 view .LVU1675
 5729 000c 0A60     		str	r2, [r1]
1103:Libs/mbedtls/library/ecp.c ****         return MBEDTLS_ERR_ECP_BAD_INPUT_DATA;
 5730              		.loc 1 1103 9 view .LVU1676
 5731 000e 1A78     		ldrb	r2, [r3]	@ zero_extendqisi2
1103:Libs/mbedtls/library/ecp.c ****         return MBEDTLS_ERR_ECP_BAD_INPUT_DATA;
 5732              		.loc 1 1103 8 view .LVU1677
 5733 0010 032A     		cmp	r2, #3
 5734 0012 10D1     		bne	.L329
1110:Libs/mbedtls/library/ecp.c ****     tls_id <<= 8;
 5735              		.loc 1 1110 5 is_stmt 1 view .LVU1678
1110:Libs/mbedtls/library/ecp.c ****     tls_id <<= 8;
 5736              		.loc 1 1110 21 is_stmt 0 view .LVU1679
 5737 0014 9A1C     		adds	r2, r3, #2
 5738 0016 0A60     		str	r2, [r1]
1110:Libs/mbedtls/library/ecp.c ****     tls_id <<= 8;
 5739              		.loc 1 1110 14 view .LVU1680
 5740 0018 5878     		ldrb	r0, [r3, #1]	@ zero_extendqisi2
 5741              	.LVL695:
1111:Libs/mbedtls/library/ecp.c ****     tls_id |= *(*buf)++;
 5742              		.loc 1 1111 5 is_stmt 1 view .LVU1681
1112:Libs/mbedtls/library/ecp.c **** 
 5743              		.loc 1 1112 5 view .LVU1682
1112:Libs/mbedtls/library/ecp.c **** 
 5744              		.loc 1 1112 22 is_stmt 0 view .LVU1683
 5745 001a DA1C     		adds	r2, r3, #3
 5746 001c 0A60     		str	r2, [r1]
1112:Libs/mbedtls/library/ecp.c **** 
 5747              		.loc 1 1112 15 view .LVU1684
 5748 001e 9B78     		ldrb	r3, [r3, #2]	@ zero_extendqisi2
 5749              	.LVL696:
1114:Libs/mbedtls/library/ecp.c ****         return MBEDTLS_ERR_ECP_FEATURE_UNAVAILABLE;
 5750              		.loc 1 1114 5 is_stmt 1 view .LVU1685
1114:Libs/mbedtls/library/ecp.c ****         return MBEDTLS_ERR_ECP_FEATURE_UNAVAILABLE;
 5751              		.loc 1 1114 23 is_stmt 0 view .LVU1686
 5752 0020 43EA0020 		orr	r0, r3, r0, lsl #8
 5753              	.LVL697:
1114:Libs/mbedtls/library/ecp.c ****         return MBEDTLS_ERR_ECP_FEATURE_UNAVAILABLE;
 5754              		.loc 1 1114 23 view .LVU1687
 5755 0024 FFF7FEFF 		bl	mbedtls_ecp_curve_info_from_tls_id
 5756              	.LVL698:
1114:Libs/mbedtls/library/ecp.c ****         return MBEDTLS_ERR_ECP_FEATURE_UNAVAILABLE;
 5757              		.loc 1 1114 8 discriminator 1 view .LVU1688
 5758 0028 38B1     		cbz	r0, .L330
1118:Libs/mbedtls/library/ecp.c **** 
 5759              		.loc 1 1118 5 is_stmt 1 view .LVU1689
1118:Libs/mbedtls/library/ecp.c **** 
 5760              		.loc 1 1118 22 is_stmt 0 view .LVU1690
 5761 002a 0378     		ldrb	r3, [r0]	@ zero_extendqisi2
1118:Libs/mbedtls/library/ecp.c **** 
ARM GAS  C:\Users\nicx5\AppData\Local\Temp\ccosdxRQ.s 			page 186


 5762              		.loc 1 1118 10 view .LVU1691
 5763 002c 2370     		strb	r3, [r4]
1120:Libs/mbedtls/library/ecp.c **** }
 5764              		.loc 1 1120 5 is_stmt 1 view .LVU1692
1120:Libs/mbedtls/library/ecp.c **** }
 5765              		.loc 1 1120 12 is_stmt 0 view .LVU1693
 5766 002e 0020     		movs	r0, #0
 5767              	.LVL699:
 5768              	.L326:
1121:Libs/mbedtls/library/ecp.c **** 
 5769              		.loc 1 1121 1 view .LVU1694
 5770 0030 10BD     		pop	{r4, pc}
 5771              	.LVL700:
 5772              	.L328:
 5773              	.LCFI92:
 5774              		.cfi_def_cfa_offset 0
 5775              		.cfi_restore 4
 5776              		.cfi_restore 14
1097:Libs/mbedtls/library/ecp.c ****     }
 5777              		.loc 1 1097 16 view .LVU1695
 5778 0032 0348     		ldr	r0, .L335
 5779              	.LVL701:
1121:Libs/mbedtls/library/ecp.c **** 
 5780              		.loc 1 1121 1 view .LVU1696
 5781 0034 7047     		bx	lr
 5782              	.LVL702:
 5783              	.L329:
 5784              	.LCFI93:
 5785              		.cfi_def_cfa_offset 8
 5786              		.cfi_offset 4, -8
 5787              		.cfi_offset 14, -4
1104:Libs/mbedtls/library/ecp.c ****     }
 5788              		.loc 1 1104 16 view .LVU1697
 5789 0036 0248     		ldr	r0, .L335
 5790              	.LVL703:
1104:Libs/mbedtls/library/ecp.c ****     }
 5791              		.loc 1 1104 16 view .LVU1698
 5792 0038 FAE7     		b	.L326
 5793              	.LVL704:
 5794              	.L330:
1115:Libs/mbedtls/library/ecp.c ****     }
 5795              		.loc 1 1115 16 view .LVU1699
 5796 003a 0248     		ldr	r0, .L335+4
 5797              	.LVL705:
1115:Libs/mbedtls/library/ecp.c ****     }
 5798              		.loc 1 1115 16 view .LVU1700
 5799 003c F8E7     		b	.L326
 5800              	.L336:
 5801 003e 00BF     		.align	2
 5802              	.L335:
 5803 0040 80B0FFFF 		.word	-20352
 5804 0044 80B1FFFF 		.word	-20096
 5805              		.cfi_endproc
 5806              	.LFE30:
 5808              		.section	.text.mbedtls_ecp_tls_read_group,"ax",%progbits
 5809              		.align	1
 5810              		.global	mbedtls_ecp_tls_read_group
ARM GAS  C:\Users\nicx5\AppData\Local\Temp\ccosdxRQ.s 			page 187


 5811              		.syntax unified
 5812              		.thumb
 5813              		.thumb_func
 5815              	mbedtls_ecp_tls_read_group:
 5816              	.LVL706:
 5817              	.LFB29:
1066:Libs/mbedtls/library/ecp.c ****     int ret = MBEDTLS_ERR_ERROR_CORRUPTION_DETECTED;
 5818              		.loc 1 1066 1 is_stmt 1 view -0
 5819              		.cfi_startproc
 5820              		@ args = 0, pretend = 0, frame = 8
 5821              		@ frame_needed = 0, uses_anonymous_args = 0
1066:Libs/mbedtls/library/ecp.c ****     int ret = MBEDTLS_ERR_ERROR_CORRUPTION_DETECTED;
 5822              		.loc 1 1066 1 is_stmt 0 view .LVU1702
 5823 0000 10B5     		push	{r4, lr}
 5824              	.LCFI94:
 5825              		.cfi_def_cfa_offset 8
 5826              		.cfi_offset 4, -8
 5827              		.cfi_offset 14, -4
 5828 0002 82B0     		sub	sp, sp, #8
 5829              	.LCFI95:
 5830              		.cfi_def_cfa_offset 16
 5831 0004 0446     		mov	r4, r0
1067:Libs/mbedtls/library/ecp.c ****     mbedtls_ecp_group_id grp_id;
 5832              		.loc 1 1067 5 is_stmt 1 view .LVU1703
 5833              	.LVL707:
1068:Libs/mbedtls/library/ecp.c ****     ECP_VALIDATE_RET(grp  != NULL);
 5834              		.loc 1 1068 5 view .LVU1704
1069:Libs/mbedtls/library/ecp.c ****     ECP_VALIDATE_RET(buf  != NULL);
 5835              		.loc 1 1069 5 view .LVU1705
1069:Libs/mbedtls/library/ecp.c ****     ECP_VALIDATE_RET(buf  != NULL);
 5836              		.loc 1 1069 5 view .LVU1706
1069:Libs/mbedtls/library/ecp.c ****     ECP_VALIDATE_RET(buf  != NULL);
 5837              		.loc 1 1069 5 view .LVU1707
1070:Libs/mbedtls/library/ecp.c ****     ECP_VALIDATE_RET(len == 0 || *buf != NULL);
 5838              		.loc 1 1070 5 view .LVU1708
1070:Libs/mbedtls/library/ecp.c ****     ECP_VALIDATE_RET(len == 0 || *buf != NULL);
 5839              		.loc 1 1070 5 view .LVU1709
1070:Libs/mbedtls/library/ecp.c ****     ECP_VALIDATE_RET(len == 0 || *buf != NULL);
 5840              		.loc 1 1070 5 view .LVU1710
1071:Libs/mbedtls/library/ecp.c **** 
 5841              		.loc 1 1071 5 view .LVU1711
1071:Libs/mbedtls/library/ecp.c **** 
 5842              		.loc 1 1071 5 view .LVU1712
1071:Libs/mbedtls/library/ecp.c **** 
 5843              		.loc 1 1071 5 view .LVU1713
1073:Libs/mbedtls/library/ecp.c ****         return ret;
 5844              		.loc 1 1073 5 view .LVU1714
1073:Libs/mbedtls/library/ecp.c ****         return ret;
 5845              		.loc 1 1073 16 is_stmt 0 view .LVU1715
 5846 0006 0DF10700 		add	r0, sp, #7
 5847              	.LVL708:
1073:Libs/mbedtls/library/ecp.c ****         return ret;
 5848              		.loc 1 1073 16 view .LVU1716
 5849 000a FFF7FEFF 		bl	mbedtls_ecp_tls_read_group_id
 5850              	.LVL709:
1073:Libs/mbedtls/library/ecp.c ****         return ret;
 5851              		.loc 1 1073 8 discriminator 1 view .LVU1717
ARM GAS  C:\Users\nicx5\AppData\Local\Temp\ccosdxRQ.s 			page 188


 5852 000e 08B1     		cbz	r0, .L340
 5853              	.L337:
1078:Libs/mbedtls/library/ecp.c **** 
 5854              		.loc 1 1078 1 view .LVU1718
 5855 0010 02B0     		add	sp, sp, #8
 5856              	.LCFI96:
 5857              		.cfi_remember_state
 5858              		.cfi_def_cfa_offset 8
 5859              		@ sp needed
 5860 0012 10BD     		pop	{r4, pc}
 5861              	.LVL710:
 5862              	.L340:
 5863              	.LCFI97:
 5864              		.cfi_restore_state
1077:Libs/mbedtls/library/ecp.c **** }
 5865              		.loc 1 1077 5 is_stmt 1 view .LVU1719
1077:Libs/mbedtls/library/ecp.c **** }
 5866              		.loc 1 1077 12 is_stmt 0 view .LVU1720
 5867 0014 9DF80710 		ldrb	r1, [sp, #7]	@ zero_extendqisi2
 5868 0018 2046     		mov	r0, r4
 5869 001a FFF7FEFF 		bl	mbedtls_ecp_group_load
 5870              	.LVL711:
 5871 001e F7E7     		b	.L337
 5872              		.cfi_endproc
 5873              	.LFE29:
 5875              		.section	.text.mbedtls_ecp_tls_write_group,"ax",%progbits
 5876              		.align	1
 5877              		.global	mbedtls_ecp_tls_write_group
 5878              		.syntax unified
 5879              		.thumb
 5880              		.thumb_func
 5882              	mbedtls_ecp_tls_write_group:
 5883              	.LVL712:
 5884              	.LFB31:
1128:Libs/mbedtls/library/ecp.c ****     const mbedtls_ecp_curve_info *curve_info;
 5885              		.loc 1 1128 1 is_stmt 1 view -0
 5886              		.cfi_startproc
 5887              		@ args = 0, pretend = 0, frame = 0
 5888              		@ frame_needed = 0, uses_anonymous_args = 0
1128:Libs/mbedtls/library/ecp.c ****     const mbedtls_ecp_curve_info *curve_info;
 5889              		.loc 1 1128 1 is_stmt 0 view .LVU1722
 5890 0000 70B5     		push	{r4, r5, r6, lr}
 5891              	.LCFI98:
 5892              		.cfi_def_cfa_offset 16
 5893              		.cfi_offset 4, -16
 5894              		.cfi_offset 5, -12
 5895              		.cfi_offset 6, -8
 5896              		.cfi_offset 14, -4
 5897 0002 0E46     		mov	r6, r1
 5898 0004 1446     		mov	r4, r2
 5899 0006 1D46     		mov	r5, r3
1129:Libs/mbedtls/library/ecp.c ****     ECP_VALIDATE_RET(grp  != NULL);
 5900              		.loc 1 1129 5 is_stmt 1 view .LVU1723
1130:Libs/mbedtls/library/ecp.c ****     ECP_VALIDATE_RET(buf  != NULL);
 5901              		.loc 1 1130 5 view .LVU1724
1130:Libs/mbedtls/library/ecp.c ****     ECP_VALIDATE_RET(buf  != NULL);
 5902              		.loc 1 1130 5 view .LVU1725
ARM GAS  C:\Users\nicx5\AppData\Local\Temp\ccosdxRQ.s 			page 189


1130:Libs/mbedtls/library/ecp.c ****     ECP_VALIDATE_RET(buf  != NULL);
 5903              		.loc 1 1130 5 view .LVU1726
1131:Libs/mbedtls/library/ecp.c ****     ECP_VALIDATE_RET(olen != NULL);
 5904              		.loc 1 1131 5 view .LVU1727
1131:Libs/mbedtls/library/ecp.c ****     ECP_VALIDATE_RET(olen != NULL);
 5905              		.loc 1 1131 5 view .LVU1728
1131:Libs/mbedtls/library/ecp.c ****     ECP_VALIDATE_RET(olen != NULL);
 5906              		.loc 1 1131 5 view .LVU1729
1132:Libs/mbedtls/library/ecp.c **** 
 5907              		.loc 1 1132 5 view .LVU1730
1132:Libs/mbedtls/library/ecp.c **** 
 5908              		.loc 1 1132 5 view .LVU1731
1132:Libs/mbedtls/library/ecp.c **** 
 5909              		.loc 1 1132 5 view .LVU1732
1134:Libs/mbedtls/library/ecp.c ****         return MBEDTLS_ERR_ECP_BAD_INPUT_DATA;
 5910              		.loc 1 1134 5 view .LVU1733
1134:Libs/mbedtls/library/ecp.c ****         return MBEDTLS_ERR_ECP_BAD_INPUT_DATA;
 5911              		.loc 1 1134 23 is_stmt 0 view .LVU1734
 5912 0008 0078     		ldrb	r0, [r0]	@ zero_extendqisi2
 5913              	.LVL713:
1134:Libs/mbedtls/library/ecp.c ****         return MBEDTLS_ERR_ECP_BAD_INPUT_DATA;
 5914              		.loc 1 1134 23 view .LVU1735
 5915 000a FFF7FEFF 		bl	mbedtls_ecp_curve_info_from_grp_id
 5916              	.LVL714:
1134:Libs/mbedtls/library/ecp.c ****         return MBEDTLS_ERR_ECP_BAD_INPUT_DATA;
 5917              		.loc 1 1134 8 discriminator 1 view .LVU1736
 5918 000e 58B1     		cbz	r0, .L343
1141:Libs/mbedtls/library/ecp.c ****     if (blen < *olen) {
 5919              		.loc 1 1141 5 is_stmt 1 view .LVU1737
1141:Libs/mbedtls/library/ecp.c ****     if (blen < *olen) {
 5920              		.loc 1 1141 11 is_stmt 0 view .LVU1738
 5921 0010 0323     		movs	r3, #3
 5922 0012 3360     		str	r3, [r6]
1142:Libs/mbedtls/library/ecp.c ****         return MBEDTLS_ERR_ECP_BUFFER_TOO_SMALL;
 5923              		.loc 1 1142 5 is_stmt 1 view .LVU1739
1142:Libs/mbedtls/library/ecp.c ****         return MBEDTLS_ERR_ECP_BUFFER_TOO_SMALL;
 5924              		.loc 1 1142 8 is_stmt 0 view .LVU1740
 5925 0014 022D     		cmp	r5, #2
 5926 0016 09D9     		bls	.L344
1149:Libs/mbedtls/library/ecp.c **** 
 5927              		.loc 1 1149 5 is_stmt 1 view .LVU1741
 5928              	.LVL715:
1149:Libs/mbedtls/library/ecp.c **** 
 5929              		.loc 1 1149 12 is_stmt 0 view .LVU1742
 5930 0018 2370     		strb	r3, [r4]
1154:Libs/mbedtls/library/ecp.c **** 
 5931              		.loc 1 1154 5 is_stmt 1 view .LVU1743
 5932 001a 4388     		ldrh	r3, [r0, #2]
 5933 001c 1B0A     		lsrs	r3, r3, #8
 5934 001e 6370     		strb	r3, [r4, #1]
1154:Libs/mbedtls/library/ecp.c **** 
 5935              		.loc 1 1154 5 view .LVU1744
 5936 0020 8378     		ldrb	r3, [r0, #2]	@ zero_extendqisi2
 5937 0022 A370     		strb	r3, [r4, #2]
1154:Libs/mbedtls/library/ecp.c **** 
 5938              		.loc 1 1154 54 view .LVU1745
1156:Libs/mbedtls/library/ecp.c **** }
ARM GAS  C:\Users\nicx5\AppData\Local\Temp\ccosdxRQ.s 			page 190


 5939              		.loc 1 1156 5 view .LVU1746
1156:Libs/mbedtls/library/ecp.c **** }
 5940              		.loc 1 1156 12 is_stmt 0 view .LVU1747
 5941 0024 0020     		movs	r0, #0
 5942              	.LVL716:
 5943              	.L341:
1157:Libs/mbedtls/library/ecp.c **** 
 5944              		.loc 1 1157 1 view .LVU1748
 5945 0026 70BD     		pop	{r4, r5, r6, pc}
 5946              	.LVL717:
 5947              	.L343:
1135:Libs/mbedtls/library/ecp.c ****     }
 5948              		.loc 1 1135 16 view .LVU1749
 5949 0028 0148     		ldr	r0, .L346
 5950              	.LVL718:
1135:Libs/mbedtls/library/ecp.c ****     }
 5951              		.loc 1 1135 16 view .LVU1750
 5952 002a FCE7     		b	.L341
 5953              	.LVL719:
 5954              	.L344:
1143:Libs/mbedtls/library/ecp.c ****     }
 5955              		.loc 1 1143 16 view .LVU1751
 5956 002c 0148     		ldr	r0, .L346+4
 5957              	.LVL720:
1143:Libs/mbedtls/library/ecp.c ****     }
 5958              		.loc 1 1143 16 view .LVU1752
 5959 002e FAE7     		b	.L341
 5960              	.L347:
 5961              		.align	2
 5962              	.L346:
 5963 0030 80B0FFFF 		.word	-20352
 5964 0034 00B1FFFF 		.word	-20224
 5965              		.cfi_endproc
 5966              	.LFE31:
 5968              		.section	.text.mbedtls_ecp_check_pubkey,"ax",%progbits
 5969              		.align	1
 5970              		.global	mbedtls_ecp_check_pubkey
 5971              		.syntax unified
 5972              		.thumb
 5973              		.thumb_func
 5975              	mbedtls_ecp_check_pubkey:
 5976              	.LVL721:
 5977              	.LFB57:
3092:Libs/mbedtls/library/ecp.c ****     ECP_VALIDATE_RET(grp != NULL);
 5978              		.loc 1 3092 1 is_stmt 1 view -0
 5979              		.cfi_startproc
 5980              		@ args = 0, pretend = 0, frame = 0
 5981              		@ frame_needed = 0, uses_anonymous_args = 0
3092:Libs/mbedtls/library/ecp.c ****     ECP_VALIDATE_RET(grp != NULL);
 5982              		.loc 1 3092 1 is_stmt 0 view .LVU1754
 5983 0000 38B5     		push	{r3, r4, r5, lr}
 5984              	.LCFI99:
 5985              		.cfi_def_cfa_offset 16
 5986              		.cfi_offset 3, -16
 5987              		.cfi_offset 4, -12
 5988              		.cfi_offset 5, -8
 5989              		.cfi_offset 14, -4
ARM GAS  C:\Users\nicx5\AppData\Local\Temp\ccosdxRQ.s 			page 191


 5990 0002 0546     		mov	r5, r0
 5991 0004 0C46     		mov	r4, r1
3093:Libs/mbedtls/library/ecp.c ****     ECP_VALIDATE_RET(pt  != NULL);
 5992              		.loc 1 3093 5 is_stmt 1 view .LVU1755
3093:Libs/mbedtls/library/ecp.c ****     ECP_VALIDATE_RET(pt  != NULL);
 5993              		.loc 1 3093 5 view .LVU1756
3093:Libs/mbedtls/library/ecp.c ****     ECP_VALIDATE_RET(pt  != NULL);
 5994              		.loc 1 3093 5 view .LVU1757
3094:Libs/mbedtls/library/ecp.c **** 
 5995              		.loc 1 3094 5 view .LVU1758
3094:Libs/mbedtls/library/ecp.c **** 
 5996              		.loc 1 3094 5 view .LVU1759
3094:Libs/mbedtls/library/ecp.c **** 
 5997              		.loc 1 3094 5 view .LVU1760
3097:Libs/mbedtls/library/ecp.c ****         return MBEDTLS_ERR_ECP_INVALID_KEY;
 5998              		.loc 1 3097 5 view .LVU1761
3097:Libs/mbedtls/library/ecp.c ****         return MBEDTLS_ERR_ECP_INVALID_KEY;
 5999              		.loc 1 3097 9 is_stmt 0 view .LVU1762
 6000 0006 0121     		movs	r1, #1
 6001              	.LVL722:
3097:Libs/mbedtls/library/ecp.c ****         return MBEDTLS_ERR_ECP_INVALID_KEY;
 6002              		.loc 1 3097 9 view .LVU1763
 6003 0008 04F11800 		add	r0, r4, #24
 6004              	.LVL723:
3097:Libs/mbedtls/library/ecp.c ****         return MBEDTLS_ERR_ECP_INVALID_KEY;
 6005              		.loc 1 3097 9 view .LVU1764
 6006 000c FFF7FEFF 		bl	mbedtls_mpi_cmp_int
 6007              	.LVL724:
3097:Libs/mbedtls/library/ecp.c ****         return MBEDTLS_ERR_ECP_INVALID_KEY;
 6008              		.loc 1 3097 8 discriminator 1 view .LVU1765
 6009 0010 48B9     		cbnz	r0, .L350
3107:Libs/mbedtls/library/ecp.c ****         return ecp_check_pubkey_sw(grp, pt);
 6010              		.loc 1 3107 5 is_stmt 1 view .LVU1766
3107:Libs/mbedtls/library/ecp.c ****         return ecp_check_pubkey_sw(grp, pt);
 6011              		.loc 1 3107 9 is_stmt 0 view .LVU1767
 6012 0012 2846     		mov	r0, r5
 6013 0014 FFF7FEFF 		bl	mbedtls_ecp_get_type
 6014              	.LVL725:
3107:Libs/mbedtls/library/ecp.c ****         return ecp_check_pubkey_sw(grp, pt);
 6015              		.loc 1 3107 8 discriminator 1 view .LVU1768
 6016 0018 0128     		cmp	r0, #1
 6017 001a 06D1     		bne	.L351
3108:Libs/mbedtls/library/ecp.c ****     }
 6018              		.loc 1 3108 9 is_stmt 1 view .LVU1769
3108:Libs/mbedtls/library/ecp.c ****     }
 6019              		.loc 1 3108 16 is_stmt 0 view .LVU1770
 6020 001c 2146     		mov	r1, r4
 6021 001e 2846     		mov	r0, r5
 6022 0020 FFF7FEFF 		bl	ecp_check_pubkey_sw
 6023              	.LVL726:
 6024              	.L348:
3112:Libs/mbedtls/library/ecp.c **** 
 6025              		.loc 1 3112 1 view .LVU1771
 6026 0024 38BD     		pop	{r3, r4, r5, pc}
 6027              	.LVL727:
 6028              	.L350:
3098:Libs/mbedtls/library/ecp.c ****     }
ARM GAS  C:\Users\nicx5\AppData\Local\Temp\ccosdxRQ.s 			page 192


 6029              		.loc 1 3098 16 view .LVU1772
 6030 0026 0248     		ldr	r0, .L353
 6031 0028 FCE7     		b	.L348
 6032              	.L351:
3111:Libs/mbedtls/library/ecp.c **** }
 6033              		.loc 1 3111 12 view .LVU1773
 6034 002a 0248     		ldr	r0, .L353+4
 6035 002c FAE7     		b	.L348
 6036              	.L354:
 6037 002e 00BF     		.align	2
 6038              	.L353:
 6039 0030 80B3FFFF 		.word	-19584
 6040 0034 80B0FFFF 		.word	-20352
 6041              		.cfi_endproc
 6042              	.LFE57:
 6044              		.section	.text.mbedtls_ecp_check_privkey,"ax",%progbits
 6045              		.align	1
 6046              		.global	mbedtls_ecp_check_privkey
 6047              		.syntax unified
 6048              		.thumb
 6049              		.thumb_func
 6051              	mbedtls_ecp_check_privkey:
 6052              	.LVL728:
 6053              	.LFB58:
3119:Libs/mbedtls/library/ecp.c ****     ECP_VALIDATE_RET(grp != NULL);
 6054              		.loc 1 3119 1 is_stmt 1 view -0
 6055              		.cfi_startproc
 6056              		@ args = 0, pretend = 0, frame = 0
 6057              		@ frame_needed = 0, uses_anonymous_args = 0
3119:Libs/mbedtls/library/ecp.c ****     ECP_VALIDATE_RET(grp != NULL);
 6058              		.loc 1 3119 1 is_stmt 0 view .LVU1775
 6059 0000 38B5     		push	{r3, r4, r5, lr}
 6060              	.LCFI100:
 6061              		.cfi_def_cfa_offset 16
 6062              		.cfi_offset 3, -16
 6063              		.cfi_offset 4, -12
 6064              		.cfi_offset 5, -8
 6065              		.cfi_offset 14, -4
 6066 0002 0546     		mov	r5, r0
 6067 0004 0C46     		mov	r4, r1
3120:Libs/mbedtls/library/ecp.c ****     ECP_VALIDATE_RET(d   != NULL);
 6068              		.loc 1 3120 5 is_stmt 1 view .LVU1776
3120:Libs/mbedtls/library/ecp.c ****     ECP_VALIDATE_RET(d   != NULL);
 6069              		.loc 1 3120 5 view .LVU1777
3120:Libs/mbedtls/library/ecp.c ****     ECP_VALIDATE_RET(d   != NULL);
 6070              		.loc 1 3120 5 view .LVU1778
3121:Libs/mbedtls/library/ecp.c **** 
 6071              		.loc 1 3121 5 view .LVU1779
3121:Libs/mbedtls/library/ecp.c **** 
 6072              		.loc 1 3121 5 view .LVU1780
3121:Libs/mbedtls/library/ecp.c **** 
 6073              		.loc 1 3121 5 view .LVU1781
3141:Libs/mbedtls/library/ecp.c ****         /* see SEC1 3.2 */
 6074              		.loc 1 3141 5 view .LVU1782
3141:Libs/mbedtls/library/ecp.c ****         /* see SEC1 3.2 */
 6075              		.loc 1 3141 9 is_stmt 0 view .LVU1783
 6076 0006 FFF7FEFF 		bl	mbedtls_ecp_get_type
ARM GAS  C:\Users\nicx5\AppData\Local\Temp\ccosdxRQ.s 			page 193


 6077              	.LVL729:
3141:Libs/mbedtls/library/ecp.c ****         /* see SEC1 3.2 */
 6078              		.loc 1 3141 8 discriminator 1 view .LVU1784
 6079 000a 0128     		cmp	r0, #1
 6080 000c 10D1     		bne	.L358
3143:Libs/mbedtls/library/ecp.c ****             mbedtls_mpi_cmp_mpi(d, &grp->N) >= 0) {
 6081              		.loc 1 3143 9 is_stmt 1 view .LVU1785
3143:Libs/mbedtls/library/ecp.c ****             mbedtls_mpi_cmp_mpi(d, &grp->N) >= 0) {
 6082              		.loc 1 3143 13 is_stmt 0 view .LVU1786
 6083 000e 0121     		movs	r1, #1
 6084 0010 2046     		mov	r0, r4
 6085 0012 FFF7FEFF 		bl	mbedtls_mpi_cmp_int
 6086              	.LVL730:
3143:Libs/mbedtls/library/ecp.c ****             mbedtls_mpi_cmp_mpi(d, &grp->N) >= 0) {
 6087              		.loc 1 3143 12 discriminator 1 view .LVU1787
 6088 0016 0028     		cmp	r0, #0
 6089 0018 08DB     		blt	.L357
3144:Libs/mbedtls/library/ecp.c ****             return MBEDTLS_ERR_ECP_INVALID_KEY;
 6090              		.loc 1 3144 13 view .LVU1788
 6091 001a 05F14C01 		add	r1, r5, #76
 6092 001e 2046     		mov	r0, r4
 6093 0020 FFF7FEFF 		bl	mbedtls_mpi_cmp_mpi
 6094              	.LVL731:
3143:Libs/mbedtls/library/ecp.c ****             mbedtls_mpi_cmp_mpi(d, &grp->N) >= 0) {
 6095              		.loc 1 3143 43 discriminator 1 view .LVU1789
 6096 0024 0028     		cmp	r0, #0
 6097 0026 01DA     		bge	.L357
3147:Libs/mbedtls/library/ecp.c ****         }
 6098              		.loc 1 3147 20 view .LVU1790
 6099 0028 0020     		movs	r0, #0
 6100              	.L355:
3153:Libs/mbedtls/library/ecp.c **** 
 6101              		.loc 1 3153 1 view .LVU1791
 6102 002a 38BD     		pop	{r3, r4, r5, pc}
 6103              	.LVL732:
 6104              	.L357:
3145:Libs/mbedtls/library/ecp.c ****         } else {
 6105              		.loc 1 3145 13 is_stmt 1 view .LVU1792
3145:Libs/mbedtls/library/ecp.c ****         } else {
 6106              		.loc 1 3145 20 is_stmt 0 view .LVU1793
 6107 002c 0148     		ldr	r0, .L361
 6108 002e FCE7     		b	.L355
 6109              	.L358:
3152:Libs/mbedtls/library/ecp.c **** }
 6110              		.loc 1 3152 12 view .LVU1794
 6111 0030 0148     		ldr	r0, .L361+4
 6112 0032 FAE7     		b	.L355
 6113              	.L362:
 6114              		.align	2
 6115              	.L361:
 6116 0034 80B3FFFF 		.word	-19584
 6117 0038 80B0FFFF 		.word	-20352
 6118              		.cfi_endproc
 6119              	.LFE58:
 6121              		.section	.text.mbedtls_ecp_mul_restartable,"ax",%progbits
 6122              		.align	1
 6123              		.global	mbedtls_ecp_mul_restartable
ARM GAS  C:\Users\nicx5\AppData\Local\Temp\ccosdxRQ.s 			page 194


 6124              		.syntax unified
 6125              		.thumb
 6126              		.thumb_func
 6128              	mbedtls_ecp_mul_restartable:
 6129              	.LVL733:
 6130              	.LFB51:
2687:Libs/mbedtls/library/ecp.c ****     int ret = MBEDTLS_ERR_ECP_BAD_INPUT_DATA;
 6131              		.loc 1 2687 1 is_stmt 1 view -0
 6132              		.cfi_startproc
 6133              		@ args = 12, pretend = 0, frame = 0
 6134              		@ frame_needed = 0, uses_anonymous_args = 0
2687:Libs/mbedtls/library/ecp.c ****     int ret = MBEDTLS_ERR_ECP_BAD_INPUT_DATA;
 6135              		.loc 1 2687 1 is_stmt 0 view .LVU1796
 6136 0000 F0B5     		push	{r4, r5, r6, r7, lr}
 6137              	.LCFI101:
 6138              		.cfi_def_cfa_offset 20
 6139              		.cfi_offset 4, -20
 6140              		.cfi_offset 5, -16
 6141              		.cfi_offset 6, -12
 6142              		.cfi_offset 7, -8
 6143              		.cfi_offset 14, -4
 6144 0002 85B0     		sub	sp, sp, #20
 6145              	.LCFI102:
 6146              		.cfi_def_cfa_offset 40
 6147 0004 0646     		mov	r6, r0
 6148 0006 0F46     		mov	r7, r1
 6149 0008 1446     		mov	r4, r2
 6150 000a 1D46     		mov	r5, r3
2688:Libs/mbedtls/library/ecp.c **** #if defined(MBEDTLS_ECP_INTERNAL_ALT)
 6151              		.loc 1 2688 5 is_stmt 1 view .LVU1797
 6152              	.LVL734:
2692:Libs/mbedtls/library/ecp.c ****     ECP_VALIDATE_RET(R   != NULL);
 6153              		.loc 1 2692 5 view .LVU1798
2692:Libs/mbedtls/library/ecp.c ****     ECP_VALIDATE_RET(R   != NULL);
 6154              		.loc 1 2692 5 view .LVU1799
2692:Libs/mbedtls/library/ecp.c ****     ECP_VALIDATE_RET(R   != NULL);
 6155              		.loc 1 2692 5 view .LVU1800
2693:Libs/mbedtls/library/ecp.c ****     ECP_VALIDATE_RET(m   != NULL);
 6156              		.loc 1 2693 5 view .LVU1801
2693:Libs/mbedtls/library/ecp.c ****     ECP_VALIDATE_RET(m   != NULL);
 6157              		.loc 1 2693 5 view .LVU1802
2693:Libs/mbedtls/library/ecp.c ****     ECP_VALIDATE_RET(m   != NULL);
 6158              		.loc 1 2693 5 view .LVU1803
2694:Libs/mbedtls/library/ecp.c ****     ECP_VALIDATE_RET(P   != NULL);
 6159              		.loc 1 2694 5 view .LVU1804
2694:Libs/mbedtls/library/ecp.c ****     ECP_VALIDATE_RET(P   != NULL);
 6160              		.loc 1 2694 5 view .LVU1805
2694:Libs/mbedtls/library/ecp.c ****     ECP_VALIDATE_RET(P   != NULL);
 6161              		.loc 1 2694 5 view .LVU1806
2695:Libs/mbedtls/library/ecp.c **** 
 6162              		.loc 1 2695 5 view .LVU1807
2695:Libs/mbedtls/library/ecp.c **** 
 6163              		.loc 1 2695 5 view .LVU1808
2695:Libs/mbedtls/library/ecp.c **** 
 6164              		.loc 1 2695 5 view .LVU1809
2703:Libs/mbedtls/library/ecp.c **** #endif
 6165              		.loc 1 2703 5 view .LVU1810
ARM GAS  C:\Users\nicx5\AppData\Local\Temp\ccosdxRQ.s 			page 195


2712:Libs/mbedtls/library/ecp.c **** #if defined(MBEDTLS_ECP_RESTARTABLE)
 6166              		.loc 1 2712 5 view .LVU1811
2717:Libs/mbedtls/library/ecp.c ****         /* check_privkey is free */
 6167              		.loc 1 2717 5 view .LVU1812
2719:Libs/mbedtls/library/ecp.c **** 
 6168              		.loc 1 2719 48 view .LVU1813
2722:Libs/mbedtls/library/ecp.c ****         MBEDTLS_MPI_CHK(mbedtls_ecp_check_pubkey(grp, P));
 6169              		.loc 1 2722 9 view .LVU1814
2722:Libs/mbedtls/library/ecp.c ****         MBEDTLS_MPI_CHK(mbedtls_ecp_check_pubkey(grp, P));
 6170              		.loc 1 2722 9 view .LVU1815
 6171 000c 1146     		mov	r1, r2
 6172              	.LVL735:
2722:Libs/mbedtls/library/ecp.c ****         MBEDTLS_MPI_CHK(mbedtls_ecp_check_pubkey(grp, P));
 6173              		.loc 1 2722 9 is_stmt 0 view .LVU1816
 6174 000e FFF7FEFF 		bl	mbedtls_ecp_check_privkey
 6175              	.LVL736:
2722:Libs/mbedtls/library/ecp.c ****         MBEDTLS_MPI_CHK(mbedtls_ecp_check_pubkey(grp, P));
 6176              		.loc 1 2722 9 discriminator 1 view .LVU1817
 6177 0012 0246     		mov	r2, r0
 6178 0014 10B1     		cbz	r0, .L367
 6179              	.LVL737:
 6180              	.L363:
2753:Libs/mbedtls/library/ecp.c **** 
 6181              		.loc 1 2753 1 view .LVU1818
 6182 0016 1046     		mov	r0, r2
 6183 0018 05B0     		add	sp, sp, #20
 6184              	.LCFI103:
 6185              		.cfi_remember_state
 6186              		.cfi_def_cfa_offset 20
 6187              		@ sp needed
 6188 001a F0BD     		pop	{r4, r5, r6, r7, pc}
 6189              	.LVL738:
 6190              	.L367:
 6191              	.LCFI104:
 6192              		.cfi_restore_state
2722:Libs/mbedtls/library/ecp.c ****         MBEDTLS_MPI_CHK(mbedtls_ecp_check_pubkey(grp, P));
 6193              		.loc 1 2722 9 is_stmt 1 discriminator 2 view .LVU1819
2723:Libs/mbedtls/library/ecp.c ****     }
 6194              		.loc 1 2723 9 view .LVU1820
2723:Libs/mbedtls/library/ecp.c ****     }
 6195              		.loc 1 2723 9 view .LVU1821
 6196 001c 2946     		mov	r1, r5
 6197 001e 3046     		mov	r0, r6
 6198              	.LVL739:
2723:Libs/mbedtls/library/ecp.c ****     }
 6199              		.loc 1 2723 9 is_stmt 0 view .LVU1822
 6200 0020 FFF7FEFF 		bl	mbedtls_ecp_check_pubkey
 6201              	.LVL740:
2723:Libs/mbedtls/library/ecp.c ****     }
 6202              		.loc 1 2723 9 discriminator 1 view .LVU1823
 6203 0024 0246     		mov	r2, r0
 6204 0026 0028     		cmp	r0, #0
 6205 0028 F5D1     		bne	.L363
2723:Libs/mbedtls/library/ecp.c ****     }
 6206              		.loc 1 2723 9 is_stmt 1 discriminator 2 view .LVU1824
2726:Libs/mbedtls/library/ecp.c **** #if defined(MBEDTLS_ECP_MONTGOMERY_ENABLED)
 6207              		.loc 1 2726 5 view .LVU1825
ARM GAS  C:\Users\nicx5\AppData\Local\Temp\ccosdxRQ.s 			page 196


 6208              	.LVL741:
2733:Libs/mbedtls/library/ecp.c ****         MBEDTLS_MPI_CHK(ecp_mul_comb(grp, R, m, P, f_rng, p_rng, rs_ctx));
 6209              		.loc 1 2733 5 view .LVU1826
2733:Libs/mbedtls/library/ecp.c ****         MBEDTLS_MPI_CHK(ecp_mul_comb(grp, R, m, P, f_rng, p_rng, rs_ctx));
 6210              		.loc 1 2733 9 is_stmt 0 view .LVU1827
 6211 002a 3046     		mov	r0, r6
 6212 002c FFF7FEFF 		bl	mbedtls_ecp_get_type
 6213              	.LVL742:
2733:Libs/mbedtls/library/ecp.c ****         MBEDTLS_MPI_CHK(ecp_mul_comb(grp, R, m, P, f_rng, p_rng, rs_ctx));
 6214              		.loc 1 2733 8 discriminator 1 view .LVU1828
 6215 0030 0128     		cmp	r0, #1
 6216 0032 0DD1     		bne	.L365
2734:Libs/mbedtls/library/ecp.c ****     }
 6217              		.loc 1 2734 9 is_stmt 1 view .LVU1829
2734:Libs/mbedtls/library/ecp.c ****     }
 6218              		.loc 1 2734 9 view .LVU1830
 6219 0034 0C9B     		ldr	r3, [sp, #48]
 6220 0036 0293     		str	r3, [sp, #8]
 6221 0038 0B9B     		ldr	r3, [sp, #44]
 6222 003a 0193     		str	r3, [sp, #4]
 6223 003c 0A9B     		ldr	r3, [sp, #40]
 6224 003e 0093     		str	r3, [sp]
 6225 0040 2B46     		mov	r3, r5
 6226 0042 2246     		mov	r2, r4
 6227 0044 3946     		mov	r1, r7
 6228 0046 3046     		mov	r0, r6
 6229 0048 FFF7FEFF 		bl	ecp_mul_comb
 6230              	.LVL743:
 6231 004c 0246     		mov	r2, r0
 6232              	.LVL744:
2734:Libs/mbedtls/library/ecp.c ****     }
 6233              		.loc 1 2734 9 discriminator 1 view .LVU1831
2738:Libs/mbedtls/library/ecp.c **** 
 6234              		.loc 1 2738 1 is_stmt 0 view .LVU1832
 6235 004e E2E7     		b	.L363
 6236              	.LVL745:
 6237              	.L365:
2726:Libs/mbedtls/library/ecp.c **** #if defined(MBEDTLS_ECP_MONTGOMERY_ENABLED)
 6238              		.loc 1 2726 9 view .LVU1833
 6239 0050 004A     		ldr	r2, .L368
 6240              	.L364:
2734:Libs/mbedtls/library/ecp.c ****     }
 6241              		.loc 1 2734 9 is_stmt 1 discriminator 3 view .LVU1834
2752:Libs/mbedtls/library/ecp.c **** }
 6242              		.loc 1 2752 5 view .LVU1835
2752:Libs/mbedtls/library/ecp.c **** }
 6243              		.loc 1 2752 12 is_stmt 0 view .LVU1836
 6244 0052 E0E7     		b	.L363
 6245              	.L369:
 6246              		.align	2
 6247              	.L368:
 6248 0054 80B0FFFF 		.word	-20352
 6249              		.cfi_endproc
 6250              	.LFE51:
 6252              		.section	.text.mbedtls_ecp_mul,"ax",%progbits
 6253              		.align	1
 6254              		.global	mbedtls_ecp_mul
ARM GAS  C:\Users\nicx5\AppData\Local\Temp\ccosdxRQ.s 			page 197


 6255              		.syntax unified
 6256              		.thumb
 6257              		.thumb_func
 6259              	mbedtls_ecp_mul:
 6260              	.LVL746:
 6261              	.LFB52:
2761:Libs/mbedtls/library/ecp.c ****     ECP_VALIDATE_RET(grp != NULL);
 6262              		.loc 1 2761 1 is_stmt 1 view -0
 6263              		.cfi_startproc
 6264              		@ args = 8, pretend = 0, frame = 0
 6265              		@ frame_needed = 0, uses_anonymous_args = 0
2761:Libs/mbedtls/library/ecp.c ****     ECP_VALIDATE_RET(grp != NULL);
 6266              		.loc 1 2761 1 is_stmt 0 view .LVU1838
 6267 0000 10B5     		push	{r4, lr}
 6268              	.LCFI105:
 6269              		.cfi_def_cfa_offset 8
 6270              		.cfi_offset 4, -8
 6271              		.cfi_offset 14, -4
 6272 0002 84B0     		sub	sp, sp, #16
 6273              	.LCFI106:
 6274              		.cfi_def_cfa_offset 24
2762:Libs/mbedtls/library/ecp.c ****     ECP_VALIDATE_RET(R   != NULL);
 6275              		.loc 1 2762 5 is_stmt 1 view .LVU1839
2762:Libs/mbedtls/library/ecp.c ****     ECP_VALIDATE_RET(R   != NULL);
 6276              		.loc 1 2762 5 view .LVU1840
2762:Libs/mbedtls/library/ecp.c ****     ECP_VALIDATE_RET(R   != NULL);
 6277              		.loc 1 2762 5 view .LVU1841
2763:Libs/mbedtls/library/ecp.c ****     ECP_VALIDATE_RET(m   != NULL);
 6278              		.loc 1 2763 5 view .LVU1842
2763:Libs/mbedtls/library/ecp.c ****     ECP_VALIDATE_RET(m   != NULL);
 6279              		.loc 1 2763 5 view .LVU1843
2763:Libs/mbedtls/library/ecp.c ****     ECP_VALIDATE_RET(m   != NULL);
 6280              		.loc 1 2763 5 view .LVU1844
2764:Libs/mbedtls/library/ecp.c ****     ECP_VALIDATE_RET(P   != NULL);
 6281              		.loc 1 2764 5 view .LVU1845
2764:Libs/mbedtls/library/ecp.c ****     ECP_VALIDATE_RET(P   != NULL);
 6282              		.loc 1 2764 5 view .LVU1846
2764:Libs/mbedtls/library/ecp.c ****     ECP_VALIDATE_RET(P   != NULL);
 6283              		.loc 1 2764 5 view .LVU1847
2765:Libs/mbedtls/library/ecp.c ****     return mbedtls_ecp_mul_restartable(grp, R, m, P, f_rng, p_rng, NULL);
 6284              		.loc 1 2765 5 view .LVU1848
2765:Libs/mbedtls/library/ecp.c ****     return mbedtls_ecp_mul_restartable(grp, R, m, P, f_rng, p_rng, NULL);
 6285              		.loc 1 2765 5 view .LVU1849
2765:Libs/mbedtls/library/ecp.c ****     return mbedtls_ecp_mul_restartable(grp, R, m, P, f_rng, p_rng, NULL);
 6286              		.loc 1 2765 5 view .LVU1850
2766:Libs/mbedtls/library/ecp.c **** }
 6287              		.loc 1 2766 5 view .LVU1851
2766:Libs/mbedtls/library/ecp.c **** }
 6288              		.loc 1 2766 12 is_stmt 0 view .LVU1852
 6289 0004 0024     		movs	r4, #0
 6290 0006 0294     		str	r4, [sp, #8]
 6291 0008 079C     		ldr	r4, [sp, #28]
 6292 000a 0194     		str	r4, [sp, #4]
 6293 000c 069C     		ldr	r4, [sp, #24]
 6294 000e 0094     		str	r4, [sp]
 6295 0010 FFF7FEFF 		bl	mbedtls_ecp_mul_restartable
 6296              	.LVL747:
ARM GAS  C:\Users\nicx5\AppData\Local\Temp\ccosdxRQ.s 			page 198


2767:Libs/mbedtls/library/ecp.c **** 
 6297              		.loc 1 2767 1 view .LVU1853
 6298 0014 04B0     		add	sp, sp, #16
 6299              	.LCFI107:
 6300              		.cfi_def_cfa_offset 8
 6301              		@ sp needed
 6302 0016 10BD     		pop	{r4, pc}
2767:Libs/mbedtls/library/ecp.c **** 
 6303              		.loc 1 2767 1 view .LVU1854
 6304              		.cfi_endproc
 6305              	.LFE52:
 6307              		.section	.text.mbedtls_ecp_mul_shortcuts,"ax",%progbits
 6308              		.align	1
 6309              		.syntax unified
 6310              		.thumb
 6311              		.thumb_func
 6313              	mbedtls_ecp_mul_shortcuts:
 6314              	.LVL748:
 6315              	.LFB54:
2828:Libs/mbedtls/library/ecp.c ****     int ret = MBEDTLS_ERR_ERROR_CORRUPTION_DETECTED;
 6316              		.loc 1 2828 1 is_stmt 1 view -0
 6317              		.cfi_startproc
 6318              		@ args = 4, pretend = 0, frame = 0
 6319              		@ frame_needed = 0, uses_anonymous_args = 0
2828:Libs/mbedtls/library/ecp.c ****     int ret = MBEDTLS_ERR_ERROR_CORRUPTION_DETECTED;
 6320              		.loc 1 2828 1 is_stmt 0 view .LVU1856
 6321 0000 F0B5     		push	{r4, r5, r6, r7, lr}
 6322              	.LCFI108:
 6323              		.cfi_def_cfa_offset 20
 6324              		.cfi_offset 4, -20
 6325              		.cfi_offset 5, -16
 6326              		.cfi_offset 6, -12
 6327              		.cfi_offset 7, -8
 6328              		.cfi_offset 14, -4
 6329 0002 85B0     		sub	sp, sp, #20
 6330              	.LCFI109:
 6331              		.cfi_def_cfa_offset 40
 6332 0004 0646     		mov	r6, r0
 6333 0006 0F46     		mov	r7, r1
 6334 0008 1446     		mov	r4, r2
 6335 000a 1D46     		mov	r5, r3
2829:Libs/mbedtls/library/ecp.c **** 
 6336              		.loc 1 2829 5 is_stmt 1 view .LVU1857
 6337              	.LVL749:
2831:Libs/mbedtls/library/ecp.c ****         MBEDTLS_MPI_CHK(mbedtls_ecp_check_pubkey(grp, P));
 6338              		.loc 1 2831 5 view .LVU1858
2831:Libs/mbedtls/library/ecp.c ****         MBEDTLS_MPI_CHK(mbedtls_ecp_check_pubkey(grp, P));
 6339              		.loc 1 2831 9 is_stmt 0 view .LVU1859
 6340 000c 0021     		movs	r1, #0
 6341              	.LVL750:
2831:Libs/mbedtls/library/ecp.c ****         MBEDTLS_MPI_CHK(mbedtls_ecp_check_pubkey(grp, P));
 6342              		.loc 1 2831 9 view .LVU1860
 6343 000e 1046     		mov	r0, r2
 6344              	.LVL751:
2831:Libs/mbedtls/library/ecp.c ****         MBEDTLS_MPI_CHK(mbedtls_ecp_check_pubkey(grp, P));
 6345              		.loc 1 2831 9 view .LVU1861
 6346 0010 FFF7FEFF 		bl	mbedtls_mpi_cmp_int
ARM GAS  C:\Users\nicx5\AppData\Local\Temp\ccosdxRQ.s 			page 199


 6347              	.LVL752:
2831:Libs/mbedtls/library/ecp.c ****         MBEDTLS_MPI_CHK(mbedtls_ecp_check_pubkey(grp, P));
 6348              		.loc 1 2831 8 discriminator 1 view .LVU1862
 6349 0014 68B9     		cbnz	r0, .L373
2832:Libs/mbedtls/library/ecp.c ****         MBEDTLS_MPI_CHK(mbedtls_ecp_set_zero(R));
 6350              		.loc 1 2832 9 is_stmt 1 view .LVU1863
2832:Libs/mbedtls/library/ecp.c ****         MBEDTLS_MPI_CHK(mbedtls_ecp_set_zero(R));
 6351              		.loc 1 2832 9 view .LVU1864
 6352 0016 2946     		mov	r1, r5
 6353 0018 3046     		mov	r0, r6
 6354 001a FFF7FEFF 		bl	mbedtls_ecp_check_pubkey
 6355              	.LVL753:
2832:Libs/mbedtls/library/ecp.c ****         MBEDTLS_MPI_CHK(mbedtls_ecp_set_zero(R));
 6356              		.loc 1 2832 9 is_stmt 0 discriminator 1 view .LVU1865
 6357 001e 0446     		mov	r4, r0
 6358              	.LVL754:
2832:Libs/mbedtls/library/ecp.c ****         MBEDTLS_MPI_CHK(mbedtls_ecp_set_zero(R));
 6359              		.loc 1 2832 9 discriminator 1 view .LVU1866
 6360 0020 10B1     		cbz	r0, .L378
 6361              	.LVL755:
 6362              	.L372:
2850:Libs/mbedtls/library/ecp.c **** 
 6363              		.loc 1 2850 1 view .LVU1867
 6364 0022 2046     		mov	r0, r4
 6365 0024 05B0     		add	sp, sp, #20
 6366              	.LCFI110:
 6367              		.cfi_remember_state
 6368              		.cfi_def_cfa_offset 20
 6369              		@ sp needed
 6370 0026 F0BD     		pop	{r4, r5, r6, r7, pc}
 6371              	.LVL756:
 6372              	.L378:
 6373              	.LCFI111:
 6374              		.cfi_restore_state
2832:Libs/mbedtls/library/ecp.c ****         MBEDTLS_MPI_CHK(mbedtls_ecp_set_zero(R));
 6375              		.loc 1 2832 9 is_stmt 1 discriminator 2 view .LVU1868
2833:Libs/mbedtls/library/ecp.c ****     } else if (mbedtls_mpi_cmp_int(m, 1) == 0) {
 6376              		.loc 1 2833 9 view .LVU1869
2833:Libs/mbedtls/library/ecp.c ****     } else if (mbedtls_mpi_cmp_int(m, 1) == 0) {
 6377              		.loc 1 2833 9 view .LVU1870
 6378 0028 3846     		mov	r0, r7
 6379              	.LVL757:
2833:Libs/mbedtls/library/ecp.c ****     } else if (mbedtls_mpi_cmp_int(m, 1) == 0) {
 6380              		.loc 1 2833 9 is_stmt 0 view .LVU1871
 6381 002a FFF7FEFF 		bl	mbedtls_ecp_set_zero
 6382              	.LVL758:
 6383 002e 0446     		mov	r4, r0
 6384              	.LVL759:
2833:Libs/mbedtls/library/ecp.c ****     } else if (mbedtls_mpi_cmp_int(m, 1) == 0) {
 6385              		.loc 1 2833 9 is_stmt 1 discriminator 1 view .LVU1872
 6386 0030 F7E7     		b	.L372
 6387              	.LVL760:
 6388              	.L373:
2834:Libs/mbedtls/library/ecp.c ****         MBEDTLS_MPI_CHK(mbedtls_ecp_check_pubkey(grp, P));
 6389              		.loc 1 2834 12 view .LVU1873
2834:Libs/mbedtls/library/ecp.c ****         MBEDTLS_MPI_CHK(mbedtls_ecp_check_pubkey(grp, P));
 6390              		.loc 1 2834 16 is_stmt 0 view .LVU1874
ARM GAS  C:\Users\nicx5\AppData\Local\Temp\ccosdxRQ.s 			page 200


 6391 0032 0121     		movs	r1, #1
 6392 0034 2046     		mov	r0, r4
 6393 0036 FFF7FEFF 		bl	mbedtls_mpi_cmp_int
 6394              	.LVL761:
2834:Libs/mbedtls/library/ecp.c ****         MBEDTLS_MPI_CHK(mbedtls_ecp_check_pubkey(grp, P));
 6395              		.loc 1 2834 15 discriminator 1 view .LVU1875
 6396 003a 60B9     		cbnz	r0, .L375
2835:Libs/mbedtls/library/ecp.c ****         MBEDTLS_MPI_CHK(mbedtls_ecp_copy(R, P));
 6397              		.loc 1 2835 9 is_stmt 1 view .LVU1876
2835:Libs/mbedtls/library/ecp.c ****         MBEDTLS_MPI_CHK(mbedtls_ecp_copy(R, P));
 6398              		.loc 1 2835 9 view .LVU1877
 6399 003c 2946     		mov	r1, r5
 6400 003e 3046     		mov	r0, r6
 6401 0040 FFF7FEFF 		bl	mbedtls_ecp_check_pubkey
 6402              	.LVL762:
2835:Libs/mbedtls/library/ecp.c ****         MBEDTLS_MPI_CHK(mbedtls_ecp_copy(R, P));
 6403              		.loc 1 2835 9 is_stmt 0 discriminator 1 view .LVU1878
 6404 0044 0446     		mov	r4, r0
 6405              	.LVL763:
2835:Libs/mbedtls/library/ecp.c ****         MBEDTLS_MPI_CHK(mbedtls_ecp_copy(R, P));
 6406              		.loc 1 2835 9 discriminator 1 view .LVU1879
 6407 0046 0028     		cmp	r0, #0
 6408 0048 EBD1     		bne	.L372
2835:Libs/mbedtls/library/ecp.c ****         MBEDTLS_MPI_CHK(mbedtls_ecp_copy(R, P));
 6409              		.loc 1 2835 9 is_stmt 1 discriminator 2 view .LVU1880
2836:Libs/mbedtls/library/ecp.c ****     } else if (mbedtls_mpi_cmp_int(m, -1) == 0) {
 6410              		.loc 1 2836 9 view .LVU1881
2836:Libs/mbedtls/library/ecp.c ****     } else if (mbedtls_mpi_cmp_int(m, -1) == 0) {
 6411              		.loc 1 2836 9 view .LVU1882
 6412 004a 2946     		mov	r1, r5
 6413 004c 3846     		mov	r0, r7
 6414              	.LVL764:
2836:Libs/mbedtls/library/ecp.c ****     } else if (mbedtls_mpi_cmp_int(m, -1) == 0) {
 6415              		.loc 1 2836 9 is_stmt 0 view .LVU1883
 6416 004e FFF7FEFF 		bl	mbedtls_ecp_copy
 6417              	.LVL765:
 6418 0052 0446     		mov	r4, r0
 6419              	.LVL766:
2836:Libs/mbedtls/library/ecp.c ****     } else if (mbedtls_mpi_cmp_int(m, -1) == 0) {
 6420              		.loc 1 2836 9 is_stmt 1 discriminator 1 view .LVU1884
 6421 0054 E5E7     		b	.L372
 6422              	.LVL767:
 6423              	.L375:
2837:Libs/mbedtls/library/ecp.c ****         MBEDTLS_MPI_CHK(mbedtls_ecp_check_pubkey(grp, P));
 6424              		.loc 1 2837 12 view .LVU1885
2837:Libs/mbedtls/library/ecp.c ****         MBEDTLS_MPI_CHK(mbedtls_ecp_check_pubkey(grp, P));
 6425              		.loc 1 2837 16 is_stmt 0 view .LVU1886
 6426 0056 4FF0FF31 		mov	r1, #-1
 6427 005a 2046     		mov	r0, r4
 6428 005c FFF7FEFF 		bl	mbedtls_mpi_cmp_int
 6429              	.LVL768:
2837:Libs/mbedtls/library/ecp.c ****         MBEDTLS_MPI_CHK(mbedtls_ecp_check_pubkey(grp, P));
 6430              		.loc 1 2837 15 discriminator 1 view .LVU1887
 6431 0060 D8B9     		cbnz	r0, .L376
2838:Libs/mbedtls/library/ecp.c ****         MBEDTLS_MPI_CHK(mbedtls_ecp_copy(R, P));
 6432              		.loc 1 2838 9 is_stmt 1 view .LVU1888
2838:Libs/mbedtls/library/ecp.c ****         MBEDTLS_MPI_CHK(mbedtls_ecp_copy(R, P));
ARM GAS  C:\Users\nicx5\AppData\Local\Temp\ccosdxRQ.s 			page 201


 6433              		.loc 1 2838 9 view .LVU1889
 6434 0062 2946     		mov	r1, r5
 6435 0064 3046     		mov	r0, r6
 6436 0066 FFF7FEFF 		bl	mbedtls_ecp_check_pubkey
 6437              	.LVL769:
2838:Libs/mbedtls/library/ecp.c ****         MBEDTLS_MPI_CHK(mbedtls_ecp_copy(R, P));
 6438              		.loc 1 2838 9 is_stmt 0 discriminator 1 view .LVU1890
 6439 006a 0446     		mov	r4, r0
 6440              	.LVL770:
2838:Libs/mbedtls/library/ecp.c ****         MBEDTLS_MPI_CHK(mbedtls_ecp_copy(R, P));
 6441              		.loc 1 2838 9 discriminator 1 view .LVU1891
 6442 006c 0028     		cmp	r0, #0
 6443 006e D8D1     		bne	.L372
2838:Libs/mbedtls/library/ecp.c ****         MBEDTLS_MPI_CHK(mbedtls_ecp_copy(R, P));
 6444              		.loc 1 2838 9 is_stmt 1 discriminator 2 view .LVU1892
2839:Libs/mbedtls/library/ecp.c ****         if (mbedtls_mpi_cmp_int(&R->Y, 0) != 0) {
 6445              		.loc 1 2839 9 view .LVU1893
2839:Libs/mbedtls/library/ecp.c ****         if (mbedtls_mpi_cmp_int(&R->Y, 0) != 0) {
 6446              		.loc 1 2839 9 view .LVU1894
 6447 0070 2946     		mov	r1, r5
 6448 0072 3846     		mov	r0, r7
 6449              	.LVL771:
2839:Libs/mbedtls/library/ecp.c ****         if (mbedtls_mpi_cmp_int(&R->Y, 0) != 0) {
 6450              		.loc 1 2839 9 is_stmt 0 view .LVU1895
 6451 0074 FFF7FEFF 		bl	mbedtls_ecp_copy
 6452              	.LVL772:
2839:Libs/mbedtls/library/ecp.c ****         if (mbedtls_mpi_cmp_int(&R->Y, 0) != 0) {
 6453              		.loc 1 2839 9 discriminator 1 view .LVU1896
 6454 0078 0446     		mov	r4, r0
 6455 007a 0028     		cmp	r0, #0
 6456 007c D1D1     		bne	.L372
2839:Libs/mbedtls/library/ecp.c ****         if (mbedtls_mpi_cmp_int(&R->Y, 0) != 0) {
 6457              		.loc 1 2839 9 is_stmt 1 discriminator 2 view .LVU1897
2840:Libs/mbedtls/library/ecp.c ****             MBEDTLS_MPI_CHK(mbedtls_mpi_sub_mpi(&R->Y, &grp->P, &R->Y));
 6458              		.loc 1 2840 9 view .LVU1898
2840:Libs/mbedtls/library/ecp.c ****             MBEDTLS_MPI_CHK(mbedtls_mpi_sub_mpi(&R->Y, &grp->P, &R->Y));
 6459              		.loc 1 2840 33 is_stmt 0 view .LVU1899
 6460 007e 0C37     		adds	r7, r7, #12
 6461              	.LVL773:
2840:Libs/mbedtls/library/ecp.c ****             MBEDTLS_MPI_CHK(mbedtls_mpi_sub_mpi(&R->Y, &grp->P, &R->Y));
 6462              		.loc 1 2840 13 view .LVU1900
 6463 0080 0021     		movs	r1, #0
 6464 0082 3846     		mov	r0, r7
 6465              	.LVL774:
2840:Libs/mbedtls/library/ecp.c ****             MBEDTLS_MPI_CHK(mbedtls_mpi_sub_mpi(&R->Y, &grp->P, &R->Y));
 6466              		.loc 1 2840 13 view .LVU1901
 6467 0084 FFF7FEFF 		bl	mbedtls_mpi_cmp_int
 6468              	.LVL775:
2840:Libs/mbedtls/library/ecp.c ****             MBEDTLS_MPI_CHK(mbedtls_mpi_sub_mpi(&R->Y, &grp->P, &R->Y));
 6469              		.loc 1 2840 12 discriminator 1 view .LVU1902
 6470 0088 0028     		cmp	r0, #0
 6471 008a CAD0     		beq	.L372
2841:Libs/mbedtls/library/ecp.c ****         }
 6472              		.loc 1 2841 13 is_stmt 1 view .LVU1903
2841:Libs/mbedtls/library/ecp.c ****         }
 6473              		.loc 1 2841 13 view .LVU1904
 6474 008c 3A46     		mov	r2, r7
ARM GAS  C:\Users\nicx5\AppData\Local\Temp\ccosdxRQ.s 			page 202


 6475 008e 311D     		adds	r1, r6, #4
 6476 0090 3846     		mov	r0, r7
 6477 0092 FFF7FEFF 		bl	mbedtls_mpi_sub_mpi
 6478              	.LVL776:
 6479 0096 0446     		mov	r4, r0
 6480              	.LVL777:
2841:Libs/mbedtls/library/ecp.c ****         }
 6481              		.loc 1 2841 13 discriminator 1 view .LVU1905
 6482 0098 C3E7     		b	.L372
 6483              	.LVL778:
 6484              	.L376:
2844:Libs/mbedtls/library/ecp.c ****                                                     NULL, NULL, rs_ctx));
 6485              		.loc 1 2844 9 view .LVU1906
2844:Libs/mbedtls/library/ecp.c ****                                                     NULL, NULL, rs_ctx));
 6486              		.loc 1 2844 9 view .LVU1907
 6487 009a 0A9B     		ldr	r3, [sp, #40]
 6488 009c 0293     		str	r3, [sp, #8]
 6489 009e 0023     		movs	r3, #0
 6490 00a0 0193     		str	r3, [sp, #4]
 6491 00a2 0093     		str	r3, [sp]
 6492 00a4 2B46     		mov	r3, r5
 6493 00a6 2246     		mov	r2, r4
 6494 00a8 3946     		mov	r1, r7
 6495 00aa 3046     		mov	r0, r6
 6496 00ac FFF7FEFF 		bl	mbedtls_ecp_mul_restartable
 6497              	.LVL779:
 6498 00b0 0446     		mov	r4, r0
 6499              	.LVL780:
2844:Libs/mbedtls/library/ecp.c ****                                                     NULL, NULL, rs_ctx));
 6500              		.loc 1 2844 9 discriminator 1 view .LVU1908
 6501              	.L374:
2844:Libs/mbedtls/library/ecp.c ****                                                     NULL, NULL, rs_ctx));
 6502              		.loc 1 2844 9 discriminator 3 view .LVU1909
2849:Libs/mbedtls/library/ecp.c **** }
 6503              		.loc 1 2849 5 view .LVU1910
2849:Libs/mbedtls/library/ecp.c **** }
 6504              		.loc 1 2849 12 is_stmt 0 view .LVU1911
 6505 00b2 B6E7     		b	.L372
 6506              		.cfi_endproc
 6507              	.LFE54:
 6509              		.section	.text.mbedtls_ecp_muladd_restartable,"ax",%progbits
 6510              		.align	1
 6511              		.global	mbedtls_ecp_muladd_restartable
 6512              		.syntax unified
 6513              		.thumb
 6514              		.thumb_func
 6516              	mbedtls_ecp_muladd_restartable:
 6517              	.LVL781:
 6518              	.LFB55:
2861:Libs/mbedtls/library/ecp.c ****     int ret = MBEDTLS_ERR_ERROR_CORRUPTION_DETECTED;
 6519              		.loc 1 2861 1 is_stmt 1 view -0
 6520              		.cfi_startproc
 6521              		@ args = 12, pretend = 0, frame = 40
 6522              		@ frame_needed = 0, uses_anonymous_args = 0
2861:Libs/mbedtls/library/ecp.c ****     int ret = MBEDTLS_ERR_ERROR_CORRUPTION_DETECTED;
 6523              		.loc 1 2861 1 is_stmt 0 view .LVU1913
 6524 0000 2DE9F041 		push	{r4, r5, r6, r7, r8, lr}
ARM GAS  C:\Users\nicx5\AppData\Local\Temp\ccosdxRQ.s 			page 203


 6525              	.LCFI112:
 6526              		.cfi_def_cfa_offset 24
 6527              		.cfi_offset 4, -24
 6528              		.cfi_offset 5, -20
 6529              		.cfi_offset 6, -16
 6530              		.cfi_offset 7, -12
 6531              		.cfi_offset 8, -8
 6532              		.cfi_offset 14, -4
 6533 0004 8CB0     		sub	sp, sp, #48
 6534              	.LCFI113:
 6535              		.cfi_def_cfa_offset 72
 6536 0006 0446     		mov	r4, r0
 6537 0008 0D46     		mov	r5, r1
 6538 000a 1646     		mov	r6, r2
 6539 000c 9846     		mov	r8, r3
 6540 000e 149F     		ldr	r7, [sp, #80]
2862:Libs/mbedtls/library/ecp.c ****     mbedtls_ecp_point mP;
 6541              		.loc 1 2862 5 is_stmt 1 view .LVU1914
 6542              	.LVL782:
2863:Libs/mbedtls/library/ecp.c ****     mbedtls_ecp_point *pmP = &mP;
 6543              		.loc 1 2863 5 view .LVU1915
2864:Libs/mbedtls/library/ecp.c ****     mbedtls_ecp_point *pR = R;
 6544              		.loc 1 2864 5 view .LVU1916
2865:Libs/mbedtls/library/ecp.c **** #if defined(MBEDTLS_ECP_INTERNAL_ALT)
 6545              		.loc 1 2865 5 view .LVU1917
2869:Libs/mbedtls/library/ecp.c ****     ECP_VALIDATE_RET(R   != NULL);
 6546              		.loc 1 2869 5 view .LVU1918
2869:Libs/mbedtls/library/ecp.c ****     ECP_VALIDATE_RET(R   != NULL);
 6547              		.loc 1 2869 5 view .LVU1919
2869:Libs/mbedtls/library/ecp.c ****     ECP_VALIDATE_RET(R   != NULL);
 6548              		.loc 1 2869 5 view .LVU1920
2870:Libs/mbedtls/library/ecp.c ****     ECP_VALIDATE_RET(m   != NULL);
 6549              		.loc 1 2870 5 view .LVU1921
2870:Libs/mbedtls/library/ecp.c ****     ECP_VALIDATE_RET(m   != NULL);
 6550              		.loc 1 2870 5 view .LVU1922
2870:Libs/mbedtls/library/ecp.c ****     ECP_VALIDATE_RET(m   != NULL);
 6551              		.loc 1 2870 5 view .LVU1923
2871:Libs/mbedtls/library/ecp.c ****     ECP_VALIDATE_RET(P   != NULL);
 6552              		.loc 1 2871 5 view .LVU1924
2871:Libs/mbedtls/library/ecp.c ****     ECP_VALIDATE_RET(P   != NULL);
 6553              		.loc 1 2871 5 view .LVU1925
2871:Libs/mbedtls/library/ecp.c ****     ECP_VALIDATE_RET(P   != NULL);
 6554              		.loc 1 2871 5 view .LVU1926
2872:Libs/mbedtls/library/ecp.c ****     ECP_VALIDATE_RET(n   != NULL);
 6555              		.loc 1 2872 5 view .LVU1927
2872:Libs/mbedtls/library/ecp.c ****     ECP_VALIDATE_RET(n   != NULL);
 6556              		.loc 1 2872 5 view .LVU1928
2872:Libs/mbedtls/library/ecp.c ****     ECP_VALIDATE_RET(n   != NULL);
 6557              		.loc 1 2872 5 view .LVU1929
2873:Libs/mbedtls/library/ecp.c ****     ECP_VALIDATE_RET(Q   != NULL);
 6558              		.loc 1 2873 5 view .LVU1930
2873:Libs/mbedtls/library/ecp.c ****     ECP_VALIDATE_RET(Q   != NULL);
 6559              		.loc 1 2873 5 view .LVU1931
2873:Libs/mbedtls/library/ecp.c ****     ECP_VALIDATE_RET(Q   != NULL);
 6560              		.loc 1 2873 5 view .LVU1932
2874:Libs/mbedtls/library/ecp.c **** 
 6561              		.loc 1 2874 5 view .LVU1933
ARM GAS  C:\Users\nicx5\AppData\Local\Temp\ccosdxRQ.s 			page 204


2874:Libs/mbedtls/library/ecp.c **** 
 6562              		.loc 1 2874 5 view .LVU1934
2874:Libs/mbedtls/library/ecp.c **** 
 6563              		.loc 1 2874 5 view .LVU1935
2876:Libs/mbedtls/library/ecp.c ****         return MBEDTLS_ERR_ECP_FEATURE_UNAVAILABLE;
 6564              		.loc 1 2876 5 view .LVU1936
2876:Libs/mbedtls/library/ecp.c ****         return MBEDTLS_ERR_ECP_FEATURE_UNAVAILABLE;
 6565              		.loc 1 2876 9 is_stmt 0 view .LVU1937
 6566 0010 FFF7FEFF 		bl	mbedtls_ecp_get_type
 6567              	.LVL783:
2876:Libs/mbedtls/library/ecp.c ****         return MBEDTLS_ERR_ECP_FEATURE_UNAVAILABLE;
 6568              		.loc 1 2876 8 discriminator 1 view .LVU1938
 6569 0014 0128     		cmp	r0, #1
 6570 0016 2BD1     		bne	.L382
2880:Libs/mbedtls/library/ecp.c **** 
 6571              		.loc 1 2880 5 is_stmt 1 view .LVU1939
 6572 0018 03A8     		add	r0, sp, #12
 6573              	.LVL784:
2880:Libs/mbedtls/library/ecp.c **** 
 6574              		.loc 1 2880 5 is_stmt 0 view .LVU1940
 6575 001a FFF7FEFF 		bl	mbedtls_ecp_point_init
 6576              	.LVL785:
2882:Libs/mbedtls/library/ecp.c **** 
 6577              		.loc 1 2882 5 is_stmt 1 view .LVU1941
2882:Libs/mbedtls/library/ecp.c **** 
 6578              		.loc 1 2882 21 view .LVU1942
2903:Libs/mbedtls/library/ecp.c **** #if defined(MBEDTLS_ECP_RESTARTABLE)
 6579              		.loc 1 2903 5 view .LVU1943
2903:Libs/mbedtls/library/ecp.c **** #if defined(MBEDTLS_ECP_RESTARTABLE)
 6580              		.loc 1 2903 5 view .LVU1944
 6581 001e 0097     		str	r7, [sp]
 6582 0020 4346     		mov	r3, r8
 6583 0022 3246     		mov	r2, r6
 6584 0024 03A9     		add	r1, sp, #12
 6585              	.LVL786:
2903:Libs/mbedtls/library/ecp.c **** #if defined(MBEDTLS_ECP_RESTARTABLE)
 6586              		.loc 1 2903 5 is_stmt 0 view .LVU1945
 6587 0026 2046     		mov	r0, r4
 6588 0028 FFF7FEFF 		bl	mbedtls_ecp_mul_shortcuts
 6589              	.LVL787:
2903:Libs/mbedtls/library/ecp.c **** #if defined(MBEDTLS_ECP_RESTARTABLE)
 6590              		.loc 1 2903 5 discriminator 1 view .LVU1946
 6591 002c 0646     		mov	r6, r0
 6592              	.LVL788:
2903:Libs/mbedtls/library/ecp.c **** #if defined(MBEDTLS_ECP_RESTARTABLE)
 6593              		.loc 1 2903 5 discriminator 1 view .LVU1947
 6594 002e 30B1     		cbz	r0, .L384
 6595              	.L381:
2936:Libs/mbedtls/library/ecp.c **** 
 6596              		.loc 1 2936 5 is_stmt 1 discriminator 3 view .LVU1948
2951:Libs/mbedtls/library/ecp.c **** 
 6597              		.loc 1 2951 5 view .LVU1949
 6598 0030 03A8     		add	r0, sp, #12
 6599              	.LVL789:
2951:Libs/mbedtls/library/ecp.c **** 
 6600              		.loc 1 2951 5 is_stmt 0 view .LVU1950
 6601 0032 FFF7FEFF 		bl	mbedtls_ecp_point_free
ARM GAS  C:\Users\nicx5\AppData\Local\Temp\ccosdxRQ.s 			page 205


 6602              	.LVL790:
2953:Libs/mbedtls/library/ecp.c **** 
 6603              		.loc 1 2953 5 is_stmt 1 view .LVU1951
2953:Libs/mbedtls/library/ecp.c **** 
 6604              		.loc 1 2953 21 view .LVU1952
2955:Libs/mbedtls/library/ecp.c **** }
 6605              		.loc 1 2955 5 view .LVU1953
 6606              	.L379:
2956:Libs/mbedtls/library/ecp.c **** 
 6607              		.loc 1 2956 1 is_stmt 0 view .LVU1954
 6608 0036 3046     		mov	r0, r6
 6609 0038 0CB0     		add	sp, sp, #48
 6610              	.LCFI114:
 6611              		.cfi_remember_state
 6612              		.cfi_def_cfa_offset 24
 6613              		@ sp needed
 6614 003a BDE8F081 		pop	{r4, r5, r6, r7, r8, pc}
 6615              	.LVL791:
 6616              	.L384:
 6617              	.LCFI115:
 6618              		.cfi_restore_state
2903:Libs/mbedtls/library/ecp.c **** #if defined(MBEDTLS_ECP_RESTARTABLE)
 6619              		.loc 1 2903 5 is_stmt 1 discriminator 2 view .LVU1955
2911:Libs/mbedtls/library/ecp.c **** 
 6620              		.loc 1 2911 5 view .LVU1956
2911:Libs/mbedtls/library/ecp.c **** 
 6621              		.loc 1 2911 5 view .LVU1957
 6622 003e 0097     		str	r7, [sp]
 6623 0040 139B     		ldr	r3, [sp, #76]
 6624 0042 129A     		ldr	r2, [sp, #72]
 6625 0044 2946     		mov	r1, r5
 6626 0046 2046     		mov	r0, r4
 6627              	.LVL792:
2911:Libs/mbedtls/library/ecp.c **** 
 6628              		.loc 1 2911 5 is_stmt 0 view .LVU1958
 6629 0048 FFF7FEFF 		bl	mbedtls_ecp_mul_shortcuts
 6630              	.LVL793:
2911:Libs/mbedtls/library/ecp.c **** 
 6631              		.loc 1 2911 5 discriminator 1 view .LVU1959
 6632 004c 0646     		mov	r6, r0
 6633 004e 0028     		cmp	r0, #0
 6634 0050 EED1     		bne	.L381
2911:Libs/mbedtls/library/ecp.c **** 
 6635              		.loc 1 2911 5 is_stmt 1 discriminator 2 view .LVU1960
2926:Libs/mbedtls/library/ecp.c ****     MBEDTLS_MPI_CHK(ecp_add_mixed(grp, pR, pmP, pR));
 6636              		.loc 1 2926 44 view .LVU1961
2927:Libs/mbedtls/library/ecp.c **** #if defined(MBEDTLS_ECP_RESTARTABLE)
 6637              		.loc 1 2927 5 view .LVU1962
2927:Libs/mbedtls/library/ecp.c **** #if defined(MBEDTLS_ECP_RESTARTABLE)
 6638              		.loc 1 2927 5 view .LVU1963
 6639 0052 2B46     		mov	r3, r5
 6640 0054 03AA     		add	r2, sp, #12
 6641              	.LVL794:
2927:Libs/mbedtls/library/ecp.c **** #if defined(MBEDTLS_ECP_RESTARTABLE)
 6642              		.loc 1 2927 5 is_stmt 0 view .LVU1964
 6643 0056 2946     		mov	r1, r5
 6644 0058 2046     		mov	r0, r4
ARM GAS  C:\Users\nicx5\AppData\Local\Temp\ccosdxRQ.s 			page 206


 6645              	.LVL795:
2927:Libs/mbedtls/library/ecp.c **** #if defined(MBEDTLS_ECP_RESTARTABLE)
 6646              		.loc 1 2927 5 view .LVU1965
 6647 005a FFF7FEFF 		bl	ecp_add_mixed
 6648              	.LVL796:
2927:Libs/mbedtls/library/ecp.c **** #if defined(MBEDTLS_ECP_RESTARTABLE)
 6649              		.loc 1 2927 5 discriminator 1 view .LVU1966
 6650 005e 0646     		mov	r6, r0
 6651 0060 0028     		cmp	r0, #0
 6652 0062 E5D1     		bne	.L381
2927:Libs/mbedtls/library/ecp.c **** #if defined(MBEDTLS_ECP_RESTARTABLE)
 6653              		.loc 1 2927 5 is_stmt 1 discriminator 2 view .LVU1967
2935:Libs/mbedtls/library/ecp.c ****     MBEDTLS_MPI_CHK(ecp_normalize_jac(grp, pR));
 6654              		.loc 1 2935 44 view .LVU1968
2936:Libs/mbedtls/library/ecp.c **** 
 6655              		.loc 1 2936 5 view .LVU1969
2936:Libs/mbedtls/library/ecp.c **** 
 6656              		.loc 1 2936 5 view .LVU1970
 6657 0064 2946     		mov	r1, r5
 6658 0066 2046     		mov	r0, r4
 6659              	.LVL797:
2936:Libs/mbedtls/library/ecp.c **** 
 6660              		.loc 1 2936 5 is_stmt 0 view .LVU1971
 6661 0068 FFF7FEFF 		bl	ecp_normalize_jac
 6662              	.LVL798:
 6663 006c 0646     		mov	r6, r0
 6664              	.LVL799:
2936:Libs/mbedtls/library/ecp.c **** 
 6665              		.loc 1 2936 5 is_stmt 1 discriminator 1 view .LVU1972
2944:Libs/mbedtls/library/ecp.c **** #if defined(MBEDTLS_ECP_INTERNAL_ALT)
 6666              		.loc 1 2944 1 is_stmt 0 view .LVU1973
 6667 006e DFE7     		b	.L381
 6668              	.LVL800:
 6669              	.L382:
2877:Libs/mbedtls/library/ecp.c ****     }
 6670              		.loc 1 2877 16 view .LVU1974
 6671 0070 004E     		ldr	r6, .L385
 6672              	.LVL801:
2877:Libs/mbedtls/library/ecp.c ****     }
 6673              		.loc 1 2877 16 view .LVU1975
 6674 0072 E0E7     		b	.L379
 6675              	.L386:
 6676              		.align	2
 6677              	.L385:
 6678 0074 80B1FFFF 		.word	-20096
 6679              		.cfi_endproc
 6680              	.LFE55:
 6682              		.section	.text.mbedtls_ecp_muladd,"ax",%progbits
 6683              		.align	1
 6684              		.global	mbedtls_ecp_muladd
 6685              		.syntax unified
 6686              		.thumb
 6687              		.thumb_func
 6689              	mbedtls_ecp_muladd:
 6690              	.LVL802:
 6691              	.LFB56:
2965:Libs/mbedtls/library/ecp.c ****     ECP_VALIDATE_RET(grp != NULL);
ARM GAS  C:\Users\nicx5\AppData\Local\Temp\ccosdxRQ.s 			page 207


 6692              		.loc 1 2965 1 is_stmt 1 view -0
 6693              		.cfi_startproc
 6694              		@ args = 8, pretend = 0, frame = 0
 6695              		@ frame_needed = 0, uses_anonymous_args = 0
2965:Libs/mbedtls/library/ecp.c ****     ECP_VALIDATE_RET(grp != NULL);
 6696              		.loc 1 2965 1 is_stmt 0 view .LVU1977
 6697 0000 10B5     		push	{r4, lr}
 6698              	.LCFI116:
 6699              		.cfi_def_cfa_offset 8
 6700              		.cfi_offset 4, -8
 6701              		.cfi_offset 14, -4
 6702 0002 84B0     		sub	sp, sp, #16
 6703              	.LCFI117:
 6704              		.cfi_def_cfa_offset 24
2966:Libs/mbedtls/library/ecp.c ****     ECP_VALIDATE_RET(R   != NULL);
 6705              		.loc 1 2966 5 is_stmt 1 view .LVU1978
2966:Libs/mbedtls/library/ecp.c ****     ECP_VALIDATE_RET(R   != NULL);
 6706              		.loc 1 2966 5 view .LVU1979
2966:Libs/mbedtls/library/ecp.c ****     ECP_VALIDATE_RET(R   != NULL);
 6707              		.loc 1 2966 5 view .LVU1980
2967:Libs/mbedtls/library/ecp.c ****     ECP_VALIDATE_RET(m   != NULL);
 6708              		.loc 1 2967 5 view .LVU1981
2967:Libs/mbedtls/library/ecp.c ****     ECP_VALIDATE_RET(m   != NULL);
 6709              		.loc 1 2967 5 view .LVU1982
2967:Libs/mbedtls/library/ecp.c ****     ECP_VALIDATE_RET(m   != NULL);
 6710              		.loc 1 2967 5 view .LVU1983
2968:Libs/mbedtls/library/ecp.c ****     ECP_VALIDATE_RET(P   != NULL);
 6711              		.loc 1 2968 5 view .LVU1984
2968:Libs/mbedtls/library/ecp.c ****     ECP_VALIDATE_RET(P   != NULL);
 6712              		.loc 1 2968 5 view .LVU1985
2968:Libs/mbedtls/library/ecp.c ****     ECP_VALIDATE_RET(P   != NULL);
 6713              		.loc 1 2968 5 view .LVU1986
2969:Libs/mbedtls/library/ecp.c ****     ECP_VALIDATE_RET(n   != NULL);
 6714              		.loc 1 2969 5 view .LVU1987
2969:Libs/mbedtls/library/ecp.c ****     ECP_VALIDATE_RET(n   != NULL);
 6715              		.loc 1 2969 5 view .LVU1988
2969:Libs/mbedtls/library/ecp.c ****     ECP_VALIDATE_RET(n   != NULL);
 6716              		.loc 1 2969 5 view .LVU1989
2970:Libs/mbedtls/library/ecp.c ****     ECP_VALIDATE_RET(Q   != NULL);
 6717              		.loc 1 2970 5 view .LVU1990
2970:Libs/mbedtls/library/ecp.c ****     ECP_VALIDATE_RET(Q   != NULL);
 6718              		.loc 1 2970 5 view .LVU1991
2970:Libs/mbedtls/library/ecp.c ****     ECP_VALIDATE_RET(Q   != NULL);
 6719              		.loc 1 2970 5 view .LVU1992
2971:Libs/mbedtls/library/ecp.c ****     return mbedtls_ecp_muladd_restartable(grp, R, m, P, n, Q, NULL);
 6720              		.loc 1 2971 5 view .LVU1993
2971:Libs/mbedtls/library/ecp.c ****     return mbedtls_ecp_muladd_restartable(grp, R, m, P, n, Q, NULL);
 6721              		.loc 1 2971 5 view .LVU1994
2971:Libs/mbedtls/library/ecp.c ****     return mbedtls_ecp_muladd_restartable(grp, R, m, P, n, Q, NULL);
 6722              		.loc 1 2971 5 view .LVU1995
2972:Libs/mbedtls/library/ecp.c **** }
 6723              		.loc 1 2972 5 view .LVU1996
2972:Libs/mbedtls/library/ecp.c **** }
 6724              		.loc 1 2972 12 is_stmt 0 view .LVU1997
 6725 0004 0024     		movs	r4, #0
 6726 0006 0294     		str	r4, [sp, #8]
 6727 0008 079C     		ldr	r4, [sp, #28]
ARM GAS  C:\Users\nicx5\AppData\Local\Temp\ccosdxRQ.s 			page 208


 6728 000a 0194     		str	r4, [sp, #4]
 6729 000c 069C     		ldr	r4, [sp, #24]
 6730 000e 0094     		str	r4, [sp]
 6731 0010 FFF7FEFF 		bl	mbedtls_ecp_muladd_restartable
 6732              	.LVL803:
2973:Libs/mbedtls/library/ecp.c **** #endif /* MBEDTLS_ECP_SHORT_WEIERSTRASS_ENABLED */
 6733              		.loc 1 2973 1 view .LVU1998
 6734 0014 04B0     		add	sp, sp, #16
 6735              	.LCFI118:
 6736              		.cfi_def_cfa_offset 8
 6737              		@ sp needed
 6738 0016 10BD     		pop	{r4, pc}
2973:Libs/mbedtls/library/ecp.c **** #endif /* MBEDTLS_ECP_SHORT_WEIERSTRASS_ENABLED */
 6739              		.loc 1 2973 1 view .LVU1999
 6740              		.cfi_endproc
 6741              	.LFE56:
 6743              		.section	.text.mbedtls_ecp_gen_privkey,"ax",%progbits
 6744              		.align	1
 6745              		.global	mbedtls_ecp_gen_privkey
 6746              		.syntax unified
 6747              		.thumb
 6748              		.thumb_func
 6750              	mbedtls_ecp_gen_privkey:
 6751              	.LVL804:
 6752              	.LFB60:
3201:Libs/mbedtls/library/ecp.c **** #endif /* MBEDTLS_ECP_SHORT_WEIERSTRASS_ENABLED */
3202:Libs/mbedtls/library/ecp.c **** 
3203:Libs/mbedtls/library/ecp.c **** /*
3204:Libs/mbedtls/library/ecp.c ****  * Generate a private key
3205:Libs/mbedtls/library/ecp.c ****  */
3206:Libs/mbedtls/library/ecp.c **** int mbedtls_ecp_gen_privkey(const mbedtls_ecp_group *grp,
3207:Libs/mbedtls/library/ecp.c ****                             mbedtls_mpi *d,
3208:Libs/mbedtls/library/ecp.c ****                             int (*f_rng)(void *, unsigned char *, size_t),
3209:Libs/mbedtls/library/ecp.c ****                             void *p_rng)
3210:Libs/mbedtls/library/ecp.c **** {
 6753              		.loc 1 3210 1 is_stmt 1 view -0
 6754              		.cfi_startproc
 6755              		@ args = 0, pretend = 0, frame = 0
 6756              		@ frame_needed = 0, uses_anonymous_args = 0
 6757              		.loc 1 3210 1 is_stmt 0 view .LVU2001
 6758 0000 F8B5     		push	{r3, r4, r5, r6, r7, lr}
 6759              	.LCFI119:
 6760              		.cfi_def_cfa_offset 24
 6761              		.cfi_offset 3, -24
 6762              		.cfi_offset 4, -20
 6763              		.cfi_offset 5, -16
 6764              		.cfi_offset 6, -12
 6765              		.cfi_offset 7, -8
 6766              		.cfi_offset 14, -4
 6767 0002 0446     		mov	r4, r0
 6768 0004 0D46     		mov	r5, r1
 6769 0006 1646     		mov	r6, r2
 6770 0008 1F46     		mov	r7, r3
3211:Libs/mbedtls/library/ecp.c ****     ECP_VALIDATE_RET(grp   != NULL);
 6771              		.loc 1 3211 5 is_stmt 1 view .LVU2002
 6772              		.loc 1 3211 5 view .LVU2003
 6773              		.loc 1 3211 5 view .LVU2004
ARM GAS  C:\Users\nicx5\AppData\Local\Temp\ccosdxRQ.s 			page 209


3212:Libs/mbedtls/library/ecp.c ****     ECP_VALIDATE_RET(d     != NULL);
 6774              		.loc 1 3212 5 view .LVU2005
 6775              		.loc 1 3212 5 view .LVU2006
 6776              		.loc 1 3212 5 view .LVU2007
3213:Libs/mbedtls/library/ecp.c ****     ECP_VALIDATE_RET(f_rng != NULL);
 6777              		.loc 1 3213 5 view .LVU2008
 6778              		.loc 1 3213 5 view .LVU2009
 6779              		.loc 1 3213 5 view .LVU2010
3214:Libs/mbedtls/library/ecp.c **** 
3215:Libs/mbedtls/library/ecp.c **** #if defined(MBEDTLS_ECP_MONTGOMERY_ENABLED)
3216:Libs/mbedtls/library/ecp.c ****     if (mbedtls_ecp_get_type(grp) == MBEDTLS_ECP_TYPE_MONTGOMERY) {
3217:Libs/mbedtls/library/ecp.c ****         return mbedtls_ecp_gen_privkey_mx(grp->nbits, d, f_rng, p_rng);
3218:Libs/mbedtls/library/ecp.c ****     }
3219:Libs/mbedtls/library/ecp.c **** #endif /* MBEDTLS_ECP_MONTGOMERY_ENABLED */
3220:Libs/mbedtls/library/ecp.c **** 
3221:Libs/mbedtls/library/ecp.c **** #if defined(MBEDTLS_ECP_SHORT_WEIERSTRASS_ENABLED)
3222:Libs/mbedtls/library/ecp.c ****     if (mbedtls_ecp_get_type(grp) == MBEDTLS_ECP_TYPE_SHORT_WEIERSTRASS) {
 6780              		.loc 1 3222 5 view .LVU2011
 6781              		.loc 1 3222 9 is_stmt 0 view .LVU2012
 6782 000a FFF7FEFF 		bl	mbedtls_ecp_get_type
 6783              	.LVL805:
 6784              		.loc 1 3222 8 discriminator 1 view .LVU2013
 6785 000e 0128     		cmp	r0, #1
 6786 0010 07D1     		bne	.L391
3223:Libs/mbedtls/library/ecp.c ****         return mbedtls_ecp_gen_privkey_sw(&grp->N, d, f_rng, p_rng);
 6787              		.loc 1 3223 9 is_stmt 1 view .LVU2014
 6788              		.loc 1 3223 16 is_stmt 0 view .LVU2015
 6789 0012 3B46     		mov	r3, r7
 6790 0014 3246     		mov	r2, r6
 6791 0016 2946     		mov	r1, r5
 6792 0018 04F14C00 		add	r0, r4, #76
 6793 001c FFF7FEFF 		bl	mbedtls_ecp_gen_privkey_sw
 6794              	.LVL806:
 6795              	.L389:
3224:Libs/mbedtls/library/ecp.c ****     }
3225:Libs/mbedtls/library/ecp.c **** #endif /* MBEDTLS_ECP_SHORT_WEIERSTRASS_ENABLED */
3226:Libs/mbedtls/library/ecp.c **** 
3227:Libs/mbedtls/library/ecp.c ****     return MBEDTLS_ERR_ECP_BAD_INPUT_DATA;
3228:Libs/mbedtls/library/ecp.c **** }
 6796              		.loc 1 3228 1 view .LVU2016
 6797 0020 F8BD     		pop	{r3, r4, r5, r6, r7, pc}
 6798              	.LVL807:
 6799              	.L391:
3227:Libs/mbedtls/library/ecp.c **** }
 6800              		.loc 1 3227 12 view .LVU2017
 6801 0022 0148     		ldr	r0, .L393
 6802 0024 FCE7     		b	.L389
 6803              	.L394:
 6804 0026 00BF     		.align	2
 6805              	.L393:
 6806 0028 80B0FFFF 		.word	-20352
 6807              		.cfi_endproc
 6808              	.LFE60:
 6810              		.section	.text.mbedtls_ecp_gen_keypair_base,"ax",%progbits
 6811              		.align	1
 6812              		.global	mbedtls_ecp_gen_keypair_base
 6813              		.syntax unified
ARM GAS  C:\Users\nicx5\AppData\Local\Temp\ccosdxRQ.s 			page 210


 6814              		.thumb
 6815              		.thumb_func
 6817              	mbedtls_ecp_gen_keypair_base:
 6818              	.LVL808:
 6819              	.LFB61:
3229:Libs/mbedtls/library/ecp.c **** 
3230:Libs/mbedtls/library/ecp.c **** /*
3231:Libs/mbedtls/library/ecp.c ****  * Generate a keypair with configurable base point
3232:Libs/mbedtls/library/ecp.c ****  */
3233:Libs/mbedtls/library/ecp.c **** int mbedtls_ecp_gen_keypair_base(mbedtls_ecp_group *grp,
3234:Libs/mbedtls/library/ecp.c ****                                  const mbedtls_ecp_point *G,
3235:Libs/mbedtls/library/ecp.c ****                                  mbedtls_mpi *d, mbedtls_ecp_point *Q,
3236:Libs/mbedtls/library/ecp.c ****                                  int (*f_rng)(void *, unsigned char *, size_t),
3237:Libs/mbedtls/library/ecp.c ****                                  void *p_rng)
3238:Libs/mbedtls/library/ecp.c **** {
 6820              		.loc 1 3238 1 is_stmt 1 view -0
 6821              		.cfi_startproc
 6822              		@ args = 8, pretend = 0, frame = 0
 6823              		@ frame_needed = 0, uses_anonymous_args = 0
 6824              		.loc 1 3238 1 is_stmt 0 view .LVU2019
 6825 0000 2DE9F043 		push	{r4, r5, r6, r7, r8, r9, lr}
 6826              	.LCFI120:
 6827              		.cfi_def_cfa_offset 28
 6828              		.cfi_offset 4, -28
 6829              		.cfi_offset 5, -24
 6830              		.cfi_offset 6, -20
 6831              		.cfi_offset 7, -16
 6832              		.cfi_offset 8, -12
 6833              		.cfi_offset 9, -8
 6834              		.cfi_offset 14, -4
 6835 0004 83B0     		sub	sp, sp, #12
 6836              	.LCFI121:
 6837              		.cfi_def_cfa_offset 40
 6838 0006 0546     		mov	r5, r0
 6839 0008 8946     		mov	r9, r1
 6840 000a 1446     		mov	r4, r2
 6841 000c 9846     		mov	r8, r3
 6842 000e 0A9E     		ldr	r6, [sp, #40]
 6843 0010 0B9F     		ldr	r7, [sp, #44]
3239:Libs/mbedtls/library/ecp.c ****     int ret = MBEDTLS_ERR_ERROR_CORRUPTION_DETECTED;
 6844              		.loc 1 3239 5 is_stmt 1 view .LVU2020
 6845              	.LVL809:
3240:Libs/mbedtls/library/ecp.c ****     ECP_VALIDATE_RET(grp   != NULL);
 6846              		.loc 1 3240 5 view .LVU2021
 6847              		.loc 1 3240 5 view .LVU2022
 6848              		.loc 1 3240 5 view .LVU2023
3241:Libs/mbedtls/library/ecp.c ****     ECP_VALIDATE_RET(d     != NULL);
 6849              		.loc 1 3241 5 view .LVU2024
 6850              		.loc 1 3241 5 view .LVU2025
 6851              		.loc 1 3241 5 view .LVU2026
3242:Libs/mbedtls/library/ecp.c ****     ECP_VALIDATE_RET(G     != NULL);
 6852              		.loc 1 3242 5 view .LVU2027
 6853              		.loc 1 3242 5 view .LVU2028
 6854              		.loc 1 3242 5 view .LVU2029
3243:Libs/mbedtls/library/ecp.c ****     ECP_VALIDATE_RET(Q     != NULL);
 6855              		.loc 1 3243 5 view .LVU2030
 6856              		.loc 1 3243 5 view .LVU2031
ARM GAS  C:\Users\nicx5\AppData\Local\Temp\ccosdxRQ.s 			page 211


 6857              		.loc 1 3243 5 view .LVU2032
3244:Libs/mbedtls/library/ecp.c ****     ECP_VALIDATE_RET(f_rng != NULL);
 6858              		.loc 1 3244 5 view .LVU2033
 6859              		.loc 1 3244 5 view .LVU2034
 6860              		.loc 1 3244 5 view .LVU2035
3245:Libs/mbedtls/library/ecp.c **** 
3246:Libs/mbedtls/library/ecp.c ****     MBEDTLS_MPI_CHK(mbedtls_ecp_gen_privkey(grp, d, f_rng, p_rng));
 6861              		.loc 1 3246 5 view .LVU2036
 6862              		.loc 1 3246 5 view .LVU2037
 6863 0012 3B46     		mov	r3, r7
 6864              	.LVL810:
 6865              		.loc 1 3246 5 is_stmt 0 view .LVU2038
 6866 0014 3246     		mov	r2, r6
 6867              	.LVL811:
 6868              		.loc 1 3246 5 view .LVU2039
 6869 0016 2146     		mov	r1, r4
 6870              	.LVL812:
 6871              		.loc 1 3246 5 view .LVU2040
 6872 0018 FFF7FEFF 		bl	mbedtls_ecp_gen_privkey
 6873              	.LVL813:
 6874              		.loc 1 3246 5 discriminator 1 view .LVU2041
 6875 001c 10B1     		cbz	r0, .L398
 6876              	.LVL814:
 6877              	.L395:
3247:Libs/mbedtls/library/ecp.c ****     MBEDTLS_MPI_CHK(mbedtls_ecp_mul(grp, Q, d, G, f_rng, p_rng));
3248:Libs/mbedtls/library/ecp.c **** 
3249:Libs/mbedtls/library/ecp.c **** cleanup:
3250:Libs/mbedtls/library/ecp.c ****     return ret;
3251:Libs/mbedtls/library/ecp.c **** }
 6878              		.loc 1 3251 1 view .LVU2042
 6879 001e 03B0     		add	sp, sp, #12
 6880              	.LCFI122:
 6881              		.cfi_remember_state
 6882              		.cfi_def_cfa_offset 28
 6883              		@ sp needed
 6884 0020 BDE8F083 		pop	{r4, r5, r6, r7, r8, r9, pc}
 6885              	.LVL815:
 6886              	.L398:
 6887              	.LCFI123:
 6888              		.cfi_restore_state
3246:Libs/mbedtls/library/ecp.c ****     MBEDTLS_MPI_CHK(mbedtls_ecp_mul(grp, Q, d, G, f_rng, p_rng));
 6889              		.loc 1 3246 5 is_stmt 1 discriminator 2 view .LVU2043
3247:Libs/mbedtls/library/ecp.c ****     MBEDTLS_MPI_CHK(mbedtls_ecp_mul(grp, Q, d, G, f_rng, p_rng));
 6890              		.loc 1 3247 5 view .LVU2044
3247:Libs/mbedtls/library/ecp.c ****     MBEDTLS_MPI_CHK(mbedtls_ecp_mul(grp, Q, d, G, f_rng, p_rng));
 6891              		.loc 1 3247 5 view .LVU2045
 6892 0024 0197     		str	r7, [sp, #4]
 6893 0026 0096     		str	r6, [sp]
 6894 0028 4B46     		mov	r3, r9
 6895 002a 2246     		mov	r2, r4
 6896 002c 4146     		mov	r1, r8
 6897 002e 2846     		mov	r0, r5
 6898 0030 FFF7FEFF 		bl	mbedtls_ecp_mul
 6899              	.LVL816:
3247:Libs/mbedtls/library/ecp.c ****     MBEDTLS_MPI_CHK(mbedtls_ecp_mul(grp, Q, d, G, f_rng, p_rng));
 6900              		.loc 1 3247 5 discriminator 1 view .LVU2046
 6901              	.L396:
ARM GAS  C:\Users\nicx5\AppData\Local\Temp\ccosdxRQ.s 			page 212


3247:Libs/mbedtls/library/ecp.c ****     MBEDTLS_MPI_CHK(mbedtls_ecp_mul(grp, Q, d, G, f_rng, p_rng));
 6902              		.loc 1 3247 5 discriminator 3 view .LVU2047
3250:Libs/mbedtls/library/ecp.c **** }
 6903              		.loc 1 3250 5 view .LVU2048
3250:Libs/mbedtls/library/ecp.c **** }
 6904              		.loc 1 3250 12 is_stmt 0 view .LVU2049
 6905 0034 F3E7     		b	.L395
 6906              		.cfi_endproc
 6907              	.LFE61:
 6909              		.section	.text.mbedtls_ecp_gen_keypair,"ax",%progbits
 6910              		.align	1
 6911              		.global	mbedtls_ecp_gen_keypair
 6912              		.syntax unified
 6913              		.thumb
 6914              		.thumb_func
 6916              	mbedtls_ecp_gen_keypair:
 6917              	.LVL817:
 6918              	.LFB62:
3252:Libs/mbedtls/library/ecp.c **** 
3253:Libs/mbedtls/library/ecp.c **** /*
3254:Libs/mbedtls/library/ecp.c ****  * Generate key pair, wrapper for conventional base point
3255:Libs/mbedtls/library/ecp.c ****  */
3256:Libs/mbedtls/library/ecp.c **** int mbedtls_ecp_gen_keypair(mbedtls_ecp_group *grp,
3257:Libs/mbedtls/library/ecp.c ****                             mbedtls_mpi *d, mbedtls_ecp_point *Q,
3258:Libs/mbedtls/library/ecp.c ****                             int (*f_rng)(void *, unsigned char *, size_t),
3259:Libs/mbedtls/library/ecp.c ****                             void *p_rng)
3260:Libs/mbedtls/library/ecp.c **** {
 6919              		.loc 1 3260 1 is_stmt 1 view -0
 6920              		.cfi_startproc
 6921              		@ args = 4, pretend = 0, frame = 0
 6922              		@ frame_needed = 0, uses_anonymous_args = 0
 6923              		.loc 1 3260 1 is_stmt 0 view .LVU2051
 6924 0000 10B5     		push	{r4, lr}
 6925              	.LCFI124:
 6926              		.cfi_def_cfa_offset 8
 6927              		.cfi_offset 4, -8
 6928              		.cfi_offset 14, -4
 6929 0002 82B0     		sub	sp, sp, #8
 6930              	.LCFI125:
 6931              		.cfi_def_cfa_offset 16
3261:Libs/mbedtls/library/ecp.c ****     ECP_VALIDATE_RET(grp   != NULL);
 6932              		.loc 1 3261 5 is_stmt 1 view .LVU2052
 6933              		.loc 1 3261 5 view .LVU2053
 6934              		.loc 1 3261 5 view .LVU2054
3262:Libs/mbedtls/library/ecp.c ****     ECP_VALIDATE_RET(d     != NULL);
 6935              		.loc 1 3262 5 view .LVU2055
 6936              		.loc 1 3262 5 view .LVU2056
 6937              		.loc 1 3262 5 view .LVU2057
3263:Libs/mbedtls/library/ecp.c ****     ECP_VALIDATE_RET(Q     != NULL);
 6938              		.loc 1 3263 5 view .LVU2058
 6939              		.loc 1 3263 5 view .LVU2059
 6940              		.loc 1 3263 5 view .LVU2060
3264:Libs/mbedtls/library/ecp.c ****     ECP_VALIDATE_RET(f_rng != NULL);
 6941              		.loc 1 3264 5 view .LVU2061
 6942              		.loc 1 3264 5 view .LVU2062
 6943              		.loc 1 3264 5 view .LVU2063
3265:Libs/mbedtls/library/ecp.c **** 
ARM GAS  C:\Users\nicx5\AppData\Local\Temp\ccosdxRQ.s 			page 213


3266:Libs/mbedtls/library/ecp.c ****     return mbedtls_ecp_gen_keypair_base(grp, &grp->G, d, Q, f_rng, p_rng);
 6944              		.loc 1 3266 5 view .LVU2064
 6945              		.loc 1 3266 12 is_stmt 0 view .LVU2065
 6946 0004 049C     		ldr	r4, [sp, #16]
 6947 0006 0194     		str	r4, [sp, #4]
 6948 0008 0093     		str	r3, [sp]
 6949 000a 1346     		mov	r3, r2
 6950              	.LVL818:
 6951              		.loc 1 3266 12 view .LVU2066
 6952 000c 0A46     		mov	r2, r1
 6953              	.LVL819:
 6954              		.loc 1 3266 12 view .LVU2067
 6955 000e 00F12801 		add	r1, r0, #40
 6956              	.LVL820:
 6957              		.loc 1 3266 12 view .LVU2068
 6958 0012 FFF7FEFF 		bl	mbedtls_ecp_gen_keypair_base
 6959              	.LVL821:
3267:Libs/mbedtls/library/ecp.c **** }
 6960              		.loc 1 3267 1 view .LVU2069
 6961 0016 02B0     		add	sp, sp, #8
 6962              	.LCFI126:
 6963              		.cfi_def_cfa_offset 8
 6964              		@ sp needed
 6965 0018 10BD     		pop	{r4, pc}
 6966              		.loc 1 3267 1 view .LVU2070
 6967              		.cfi_endproc
 6968              	.LFE62:
 6970              		.section	.text.mbedtls_ecp_gen_key,"ax",%progbits
 6971              		.align	1
 6972              		.global	mbedtls_ecp_gen_key
 6973              		.syntax unified
 6974              		.thumb
 6975              		.thumb_func
 6977              	mbedtls_ecp_gen_key:
 6978              	.LVL822:
 6979              	.LFB63:
3268:Libs/mbedtls/library/ecp.c **** 
3269:Libs/mbedtls/library/ecp.c **** /*
3270:Libs/mbedtls/library/ecp.c ****  * Generate a keypair, prettier wrapper
3271:Libs/mbedtls/library/ecp.c ****  */
3272:Libs/mbedtls/library/ecp.c **** int mbedtls_ecp_gen_key(mbedtls_ecp_group_id grp_id, mbedtls_ecp_keypair *key,
3273:Libs/mbedtls/library/ecp.c ****                         int (*f_rng)(void *, unsigned char *, size_t), void *p_rng)
3274:Libs/mbedtls/library/ecp.c **** {
 6980              		.loc 1 3274 1 is_stmt 1 view -0
 6981              		.cfi_startproc
 6982              		@ args = 0, pretend = 0, frame = 0
 6983              		@ frame_needed = 0, uses_anonymous_args = 0
 6984              		.loc 1 3274 1 is_stmt 0 view .LVU2072
 6985 0000 70B5     		push	{r4, r5, r6, lr}
 6986              	.LCFI127:
 6987              		.cfi_def_cfa_offset 16
 6988              		.cfi_offset 4, -16
 6989              		.cfi_offset 5, -12
 6990              		.cfi_offset 6, -8
 6991              		.cfi_offset 14, -4
 6992 0002 82B0     		sub	sp, sp, #8
 6993              	.LCFI128:
ARM GAS  C:\Users\nicx5\AppData\Local\Temp\ccosdxRQ.s 			page 214


 6994              		.cfi_def_cfa_offset 24
 6995 0004 0C46     		mov	r4, r1
 6996 0006 1546     		mov	r5, r2
 6997 0008 1E46     		mov	r6, r3
3275:Libs/mbedtls/library/ecp.c ****     int ret = MBEDTLS_ERR_ERROR_CORRUPTION_DETECTED;
 6998              		.loc 1 3275 5 is_stmt 1 view .LVU2073
 6999              	.LVL823:
3276:Libs/mbedtls/library/ecp.c ****     ECP_VALIDATE_RET(key   != NULL);
 7000              		.loc 1 3276 5 view .LVU2074
 7001              		.loc 1 3276 5 view .LVU2075
 7002              		.loc 1 3276 5 view .LVU2076
3277:Libs/mbedtls/library/ecp.c ****     ECP_VALIDATE_RET(f_rng != NULL);
 7003              		.loc 1 3277 5 view .LVU2077
 7004              		.loc 1 3277 5 view .LVU2078
 7005              		.loc 1 3277 5 view .LVU2079
3278:Libs/mbedtls/library/ecp.c **** 
3279:Libs/mbedtls/library/ecp.c ****     if ((ret = mbedtls_ecp_group_load(&key->grp, grp_id)) != 0) {
 7006              		.loc 1 3279 5 view .LVU2080
 7007              		.loc 1 3279 16 is_stmt 0 view .LVU2081
 7008 000a 0146     		mov	r1, r0
 7009              	.LVL824:
 7010              		.loc 1 3279 16 view .LVU2082
 7011 000c 2046     		mov	r0, r4
 7012              	.LVL825:
 7013              		.loc 1 3279 16 view .LVU2083
 7014 000e FFF7FEFF 		bl	mbedtls_ecp_group_load
 7015              	.LVL826:
 7016              		.loc 1 3279 8 discriminator 1 view .LVU2084
 7017 0012 08B1     		cbz	r0, .L404
 7018              	.L401:
3280:Libs/mbedtls/library/ecp.c ****         return ret;
3281:Libs/mbedtls/library/ecp.c ****     }
3282:Libs/mbedtls/library/ecp.c **** 
3283:Libs/mbedtls/library/ecp.c ****     return mbedtls_ecp_gen_keypair(&key->grp, &key->d, &key->Q, f_rng, p_rng);
3284:Libs/mbedtls/library/ecp.c **** }
 7019              		.loc 1 3284 1 view .LVU2085
 7020 0014 02B0     		add	sp, sp, #8
 7021              	.LCFI129:
 7022              		.cfi_remember_state
 7023              		.cfi_def_cfa_offset 16
 7024              		@ sp needed
 7025 0016 70BD     		pop	{r4, r5, r6, pc}
 7026              	.LVL827:
 7027              	.L404:
 7028              	.LCFI130:
 7029              		.cfi_restore_state
3283:Libs/mbedtls/library/ecp.c **** }
 7030              		.loc 1 3283 5 is_stmt 1 view .LVU2086
3283:Libs/mbedtls/library/ecp.c **** }
 7031              		.loc 1 3283 12 is_stmt 0 view .LVU2087
 7032 0018 0096     		str	r6, [sp]
 7033 001a 2B46     		mov	r3, r5
 7034 001c 04F18802 		add	r2, r4, #136
 7035 0020 04F17C01 		add	r1, r4, #124
 7036 0024 2046     		mov	r0, r4
 7037 0026 FFF7FEFF 		bl	mbedtls_ecp_gen_keypair
 7038              	.LVL828:
ARM GAS  C:\Users\nicx5\AppData\Local\Temp\ccosdxRQ.s 			page 215


 7039 002a F3E7     		b	.L401
 7040              		.cfi_endproc
 7041              	.LFE63:
 7043              		.section	.text.mbedtls_ecp_read_key,"ax",%progbits
 7044              		.align	1
 7045              		.global	mbedtls_ecp_read_key
 7046              		.syntax unified
 7047              		.thumb
 7048              		.thumb_func
 7050              	mbedtls_ecp_read_key:
 7051              	.LVL829:
 7052              	.LFB64:
3285:Libs/mbedtls/library/ecp.c **** 
3286:Libs/mbedtls/library/ecp.c **** #define ECP_CURVE25519_KEY_SIZE 32
3287:Libs/mbedtls/library/ecp.c **** /*
3288:Libs/mbedtls/library/ecp.c ****  * Read a private key.
3289:Libs/mbedtls/library/ecp.c ****  */
3290:Libs/mbedtls/library/ecp.c **** int mbedtls_ecp_read_key(mbedtls_ecp_group_id grp_id, mbedtls_ecp_keypair *key,
3291:Libs/mbedtls/library/ecp.c ****                          const unsigned char *buf, size_t buflen)
3292:Libs/mbedtls/library/ecp.c **** {
 7053              		.loc 1 3292 1 is_stmt 1 view -0
 7054              		.cfi_startproc
 7055              		@ args = 0, pretend = 0, frame = 0
 7056              		@ frame_needed = 0, uses_anonymous_args = 0
 7057              		.loc 1 3292 1 is_stmt 0 view .LVU2089
 7058 0000 2DE9F041 		push	{r4, r5, r6, r7, r8, lr}
 7059              	.LCFI131:
 7060              		.cfi_def_cfa_offset 24
 7061              		.cfi_offset 4, -24
 7062              		.cfi_offset 5, -20
 7063              		.cfi_offset 6, -16
 7064              		.cfi_offset 7, -12
 7065              		.cfi_offset 8, -8
 7066              		.cfi_offset 14, -4
 7067 0004 0C46     		mov	r4, r1
 7068 0006 1746     		mov	r7, r2
 7069 0008 1D46     		mov	r5, r3
3293:Libs/mbedtls/library/ecp.c ****     int ret = 0;
 7070              		.loc 1 3293 5 is_stmt 1 view .LVU2090
 7071              	.LVL830:
3294:Libs/mbedtls/library/ecp.c **** 
3295:Libs/mbedtls/library/ecp.c ****     ECP_VALIDATE_RET(key  != NULL);
 7072              		.loc 1 3295 5 view .LVU2091
 7073              		.loc 1 3295 5 view .LVU2092
 7074              		.loc 1 3295 5 view .LVU2093
3296:Libs/mbedtls/library/ecp.c ****     ECP_VALIDATE_RET(buf  != NULL);
 7075              		.loc 1 3296 5 view .LVU2094
 7076              		.loc 1 3296 5 view .LVU2095
 7077              		.loc 1 3296 5 view .LVU2096
3297:Libs/mbedtls/library/ecp.c **** 
3298:Libs/mbedtls/library/ecp.c ****     if ((ret = mbedtls_ecp_group_load(&key->grp, grp_id)) != 0) {
 7078              		.loc 1 3298 5 view .LVU2097
 7079              		.loc 1 3298 16 is_stmt 0 view .LVU2098
 7080 000a 0146     		mov	r1, r0
 7081              	.LVL831:
 7082              		.loc 1 3298 16 view .LVU2099
 7083 000c 2046     		mov	r0, r4
ARM GAS  C:\Users\nicx5\AppData\Local\Temp\ccosdxRQ.s 			page 216


 7084              	.LVL832:
 7085              		.loc 1 3298 16 view .LVU2100
 7086 000e FFF7FEFF 		bl	mbedtls_ecp_group_load
 7087              	.LVL833:
 7088              		.loc 1 3298 8 discriminator 1 view .LVU2101
 7089 0012 0646     		mov	r6, r0
 7090 0014 48B9     		cbnz	r0, .L405
3299:Libs/mbedtls/library/ecp.c ****         return ret;
3300:Libs/mbedtls/library/ecp.c ****     }
3301:Libs/mbedtls/library/ecp.c **** 
3302:Libs/mbedtls/library/ecp.c ****     ret = MBEDTLS_ERR_ECP_FEATURE_UNAVAILABLE;
 7091              		.loc 1 3302 5 is_stmt 1 view .LVU2102
 7092              	.LVL834:
3303:Libs/mbedtls/library/ecp.c **** 
3304:Libs/mbedtls/library/ecp.c **** #if defined(MBEDTLS_ECP_MONTGOMERY_ENABLED)
3305:Libs/mbedtls/library/ecp.c ****     if (mbedtls_ecp_get_type(&key->grp) == MBEDTLS_ECP_TYPE_MONTGOMERY) {
3306:Libs/mbedtls/library/ecp.c ****         /*
3307:Libs/mbedtls/library/ecp.c ****          * If it is Curve25519 curve then mask the key as mandated by RFC7748
3308:Libs/mbedtls/library/ecp.c ****          */
3309:Libs/mbedtls/library/ecp.c ****         if (grp_id == MBEDTLS_ECP_DP_CURVE25519) {
3310:Libs/mbedtls/library/ecp.c ****             if (buflen != ECP_CURVE25519_KEY_SIZE) {
3311:Libs/mbedtls/library/ecp.c ****                 return MBEDTLS_ERR_ECP_INVALID_KEY;
3312:Libs/mbedtls/library/ecp.c ****             }
3313:Libs/mbedtls/library/ecp.c **** 
3314:Libs/mbedtls/library/ecp.c ****             MBEDTLS_MPI_CHK(mbedtls_mpi_read_binary_le(&key->d, buf, buflen));
3315:Libs/mbedtls/library/ecp.c **** 
3316:Libs/mbedtls/library/ecp.c ****             /* Set the three least significant bits to 0 */
3317:Libs/mbedtls/library/ecp.c ****             MBEDTLS_MPI_CHK(mbedtls_mpi_set_bit(&key->d, 0, 0));
3318:Libs/mbedtls/library/ecp.c ****             MBEDTLS_MPI_CHK(mbedtls_mpi_set_bit(&key->d, 1, 0));
3319:Libs/mbedtls/library/ecp.c ****             MBEDTLS_MPI_CHK(mbedtls_mpi_set_bit(&key->d, 2, 0));
3320:Libs/mbedtls/library/ecp.c **** 
3321:Libs/mbedtls/library/ecp.c ****             /* Set the most significant bit to 0 */
3322:Libs/mbedtls/library/ecp.c ****             MBEDTLS_MPI_CHK(
3323:Libs/mbedtls/library/ecp.c ****                 mbedtls_mpi_set_bit(&key->d,
3324:Libs/mbedtls/library/ecp.c ****                                     ECP_CURVE25519_KEY_SIZE * 8 - 1, 0)
3325:Libs/mbedtls/library/ecp.c ****                 );
3326:Libs/mbedtls/library/ecp.c **** 
3327:Libs/mbedtls/library/ecp.c ****             /* Set the second most significant bit to 1 */
3328:Libs/mbedtls/library/ecp.c ****             MBEDTLS_MPI_CHK(
3329:Libs/mbedtls/library/ecp.c ****                 mbedtls_mpi_set_bit(&key->d,
3330:Libs/mbedtls/library/ecp.c ****                                     ECP_CURVE25519_KEY_SIZE * 8 - 2, 1)
3331:Libs/mbedtls/library/ecp.c ****                 );
3332:Libs/mbedtls/library/ecp.c ****         } else {
3333:Libs/mbedtls/library/ecp.c ****             ret = MBEDTLS_ERR_ECP_FEATURE_UNAVAILABLE;
3334:Libs/mbedtls/library/ecp.c ****         }
3335:Libs/mbedtls/library/ecp.c ****     }
3336:Libs/mbedtls/library/ecp.c **** 
3337:Libs/mbedtls/library/ecp.c **** #endif
3338:Libs/mbedtls/library/ecp.c **** #if defined(MBEDTLS_ECP_SHORT_WEIERSTRASS_ENABLED)
3339:Libs/mbedtls/library/ecp.c ****     if (mbedtls_ecp_get_type(&key->grp) == MBEDTLS_ECP_TYPE_SHORT_WEIERSTRASS) {
 7093              		.loc 1 3339 5 view .LVU2103
 7094              		.loc 1 3339 9 is_stmt 0 view .LVU2104
 7095 0016 2046     		mov	r0, r4
 7096 0018 FFF7FEFF 		bl	mbedtls_ecp_get_type
 7097              	.LVL835:
 7098              		.loc 1 3339 8 discriminator 1 view .LVU2105
 7099 001c 0128     		cmp	r0, #1
ARM GAS  C:\Users\nicx5\AppData\Local\Temp\ccosdxRQ.s 			page 217


 7100 001e 07D0     		beq	.L410
3302:Libs/mbedtls/library/ecp.c **** 
 7101              		.loc 1 3302 9 view .LVU2106
 7102 0020 0C4E     		ldr	r6, .L411
 7103              	.LVL836:
 7104              	.L407:
3340:Libs/mbedtls/library/ecp.c ****         MBEDTLS_MPI_CHK(mbedtls_mpi_read_binary(&key->d, buf, buflen));
3341:Libs/mbedtls/library/ecp.c **** 
3342:Libs/mbedtls/library/ecp.c ****         MBEDTLS_MPI_CHK(mbedtls_ecp_check_privkey(&key->grp, &key->d));
3343:Libs/mbedtls/library/ecp.c ****     }
3344:Libs/mbedtls/library/ecp.c **** 
3345:Libs/mbedtls/library/ecp.c **** #endif
3346:Libs/mbedtls/library/ecp.c **** cleanup:
3347:Libs/mbedtls/library/ecp.c **** 
3348:Libs/mbedtls/library/ecp.c ****     if (ret != 0) {
3349:Libs/mbedtls/library/ecp.c ****         mbedtls_mpi_free(&key->d);
 7105              		.loc 1 3349 9 is_stmt 1 view .LVU2107
 7106 0022 04F17C00 		add	r0, r4, #124
 7107 0026 FFF7FEFF 		bl	mbedtls_mpi_free
 7108              	.LVL837:
 7109              	.L405:
3350:Libs/mbedtls/library/ecp.c ****     }
3351:Libs/mbedtls/library/ecp.c **** 
3352:Libs/mbedtls/library/ecp.c ****     return ret;
3353:Libs/mbedtls/library/ecp.c **** }
 7110              		.loc 1 3353 1 is_stmt 0 view .LVU2108
 7111 002a 3046     		mov	r0, r6
 7112 002c BDE8F081 		pop	{r4, r5, r6, r7, r8, pc}
 7113              	.LVL838:
 7114              	.L410:
3340:Libs/mbedtls/library/ecp.c ****         MBEDTLS_MPI_CHK(mbedtls_mpi_read_binary(&key->d, buf, buflen));
 7115              		.loc 1 3340 9 is_stmt 1 view .LVU2109
3340:Libs/mbedtls/library/ecp.c ****         MBEDTLS_MPI_CHK(mbedtls_mpi_read_binary(&key->d, buf, buflen));
 7116              		.loc 1 3340 9 view .LVU2110
 7117 0030 04F17C08 		add	r8, r4, #124
 7118 0034 2A46     		mov	r2, r5
 7119 0036 3946     		mov	r1, r7
 7120 0038 4046     		mov	r0, r8
 7121 003a FFF7FEFF 		bl	mbedtls_mpi_read_binary
 7122              	.LVL839:
3340:Libs/mbedtls/library/ecp.c ****         MBEDTLS_MPI_CHK(mbedtls_mpi_read_binary(&key->d, buf, buflen));
 7123              		.loc 1 3340 9 is_stmt 0 discriminator 1 view .LVU2111
 7124 003e 0646     		mov	r6, r0
 7125 0040 0028     		cmp	r0, #0
 7126 0042 EED1     		bne	.L407
3340:Libs/mbedtls/library/ecp.c ****         MBEDTLS_MPI_CHK(mbedtls_mpi_read_binary(&key->d, buf, buflen));
 7127              		.loc 1 3340 9 is_stmt 1 discriminator 2 view .LVU2112
3342:Libs/mbedtls/library/ecp.c ****     }
 7128              		.loc 1 3342 9 view .LVU2113
3342:Libs/mbedtls/library/ecp.c ****     }
 7129              		.loc 1 3342 9 view .LVU2114
 7130 0044 4146     		mov	r1, r8
 7131 0046 2046     		mov	r0, r4
 7132              	.LVL840:
3342:Libs/mbedtls/library/ecp.c ****     }
 7133              		.loc 1 3342 9 is_stmt 0 view .LVU2115
 7134 0048 FFF7FEFF 		bl	mbedtls_ecp_check_privkey
ARM GAS  C:\Users\nicx5\AppData\Local\Temp\ccosdxRQ.s 			page 218


 7135              	.LVL841:
3342:Libs/mbedtls/library/ecp.c ****     }
 7136              		.loc 1 3342 9 discriminator 1 view .LVU2116
 7137 004c 0646     		mov	r6, r0
 7138 004e 0028     		cmp	r0, #0
 7139 0050 EBD0     		beq	.L405
 7140 0052 E6E7     		b	.L407
 7141              	.L412:
 7142              		.align	2
 7143              	.L411:
 7144 0054 80B1FFFF 		.word	-20096
 7145              		.cfi_endproc
 7146              	.LFE64:
 7148              		.section	.text.mbedtls_ecp_write_key,"ax",%progbits
 7149              		.align	1
 7150              		.global	mbedtls_ecp_write_key
 7151              		.syntax unified
 7152              		.thumb
 7153              		.thumb_func
 7155              	mbedtls_ecp_write_key:
 7156              	.LVL842:
 7157              	.LFB65:
3354:Libs/mbedtls/library/ecp.c **** 
3355:Libs/mbedtls/library/ecp.c **** /*
3356:Libs/mbedtls/library/ecp.c ****  * Write a private key.
3357:Libs/mbedtls/library/ecp.c ****  */
3358:Libs/mbedtls/library/ecp.c **** int mbedtls_ecp_write_key(mbedtls_ecp_keypair *key,
3359:Libs/mbedtls/library/ecp.c ****                           unsigned char *buf, size_t buflen)
3360:Libs/mbedtls/library/ecp.c **** {
 7158              		.loc 1 3360 1 is_stmt 1 view -0
 7159              		.cfi_startproc
 7160              		@ args = 0, pretend = 0, frame = 0
 7161              		@ frame_needed = 0, uses_anonymous_args = 0
 7162              		.loc 1 3360 1 is_stmt 0 view .LVU2118
 7163 0000 70B5     		push	{r4, r5, r6, lr}
 7164              	.LCFI132:
 7165              		.cfi_def_cfa_offset 16
 7166              		.cfi_offset 4, -16
 7167              		.cfi_offset 5, -12
 7168              		.cfi_offset 6, -8
 7169              		.cfi_offset 14, -4
 7170 0002 0446     		mov	r4, r0
 7171 0004 0D46     		mov	r5, r1
 7172 0006 1646     		mov	r6, r2
3361:Libs/mbedtls/library/ecp.c ****     int ret = MBEDTLS_ERR_ERROR_CORRUPTION_DETECTED;
 7173              		.loc 1 3361 5 is_stmt 1 view .LVU2119
 7174              	.LVL843:
3362:Libs/mbedtls/library/ecp.c **** 
3363:Libs/mbedtls/library/ecp.c ****     ECP_VALIDATE_RET(key != NULL);
 7175              		.loc 1 3363 5 view .LVU2120
 7176              		.loc 1 3363 5 view .LVU2121
 7177              		.loc 1 3363 5 view .LVU2122
3364:Libs/mbedtls/library/ecp.c ****     ECP_VALIDATE_RET(buflen == 0 || buf != NULL);
 7178              		.loc 1 3364 5 view .LVU2123
 7179              		.loc 1 3364 5 view .LVU2124
 7180              		.loc 1 3364 5 view .LVU2125
3365:Libs/mbedtls/library/ecp.c **** 
ARM GAS  C:\Users\nicx5\AppData\Local\Temp\ccosdxRQ.s 			page 219


3366:Libs/mbedtls/library/ecp.c **** #if defined(MBEDTLS_ECP_MONTGOMERY_ENABLED)
3367:Libs/mbedtls/library/ecp.c ****     if (mbedtls_ecp_get_type(&key->grp) == MBEDTLS_ECP_TYPE_MONTGOMERY) {
3368:Libs/mbedtls/library/ecp.c ****         if (key->grp.id == MBEDTLS_ECP_DP_CURVE25519) {
3369:Libs/mbedtls/library/ecp.c ****             if (buflen < ECP_CURVE25519_KEY_SIZE) {
3370:Libs/mbedtls/library/ecp.c ****                 return MBEDTLS_ERR_ECP_BUFFER_TOO_SMALL;
3371:Libs/mbedtls/library/ecp.c ****             }
3372:Libs/mbedtls/library/ecp.c **** 
3373:Libs/mbedtls/library/ecp.c ****             MBEDTLS_MPI_CHK(mbedtls_mpi_write_binary_le(&key->d, buf, buflen));
3374:Libs/mbedtls/library/ecp.c ****         } else {
3375:Libs/mbedtls/library/ecp.c ****             ret = MBEDTLS_ERR_ECP_FEATURE_UNAVAILABLE;
3376:Libs/mbedtls/library/ecp.c ****         }
3377:Libs/mbedtls/library/ecp.c ****     }
3378:Libs/mbedtls/library/ecp.c **** 
3379:Libs/mbedtls/library/ecp.c **** #endif
3380:Libs/mbedtls/library/ecp.c **** #if defined(MBEDTLS_ECP_SHORT_WEIERSTRASS_ENABLED)
3381:Libs/mbedtls/library/ecp.c ****     if (mbedtls_ecp_get_type(&key->grp) == MBEDTLS_ECP_TYPE_SHORT_WEIERSTRASS) {
 7181              		.loc 1 3381 5 view .LVU2126
 7182              		.loc 1 3381 9 is_stmt 0 view .LVU2127
 7183 0008 FFF7FEFF 		bl	mbedtls_ecp_get_type
 7184              	.LVL844:
 7185              		.loc 1 3381 8 discriminator 1 view .LVU2128
 7186 000c 0128     		cmp	r0, #1
 7187 000e 06D1     		bne	.L415
3382:Libs/mbedtls/library/ecp.c ****         MBEDTLS_MPI_CHK(mbedtls_mpi_write_binary(&key->d, buf, buflen));
 7188              		.loc 1 3382 9 is_stmt 1 view .LVU2129
 7189              		.loc 1 3382 9 view .LVU2130
 7190 0010 3246     		mov	r2, r6
 7191 0012 2946     		mov	r1, r5
 7192 0014 04F17C00 		add	r0, r4, #124
 7193 0018 FFF7FEFF 		bl	mbedtls_mpi_write_binary
 7194              	.LVL845:
 7195              		.loc 1 3382 9 discriminator 1 view .LVU2131
 7196              	.L413:
3383:Libs/mbedtls/library/ecp.c ****     }
3384:Libs/mbedtls/library/ecp.c **** 
3385:Libs/mbedtls/library/ecp.c **** #endif
3386:Libs/mbedtls/library/ecp.c **** cleanup:
3387:Libs/mbedtls/library/ecp.c **** 
3388:Libs/mbedtls/library/ecp.c ****     return ret;
3389:Libs/mbedtls/library/ecp.c **** }
 7197              		.loc 1 3389 1 is_stmt 0 view .LVU2132
 7198 001c 70BD     		pop	{r4, r5, r6, pc}
 7199              	.LVL846:
 7200              	.L415:
3361:Libs/mbedtls/library/ecp.c **** 
 7201              		.loc 1 3361 9 view .LVU2133
 7202 001e 6FF06D00 		mvn	r0, #109
 7203              	.L414:
3382:Libs/mbedtls/library/ecp.c ****         MBEDTLS_MPI_CHK(mbedtls_mpi_write_binary(&key->d, buf, buflen));
 7204              		.loc 1 3382 9 is_stmt 1 discriminator 3 view .LVU2134
3388:Libs/mbedtls/library/ecp.c **** }
 7205              		.loc 1 3388 5 view .LVU2135
3388:Libs/mbedtls/library/ecp.c **** }
 7206              		.loc 1 3388 12 is_stmt 0 view .LVU2136
 7207 0022 FBE7     		b	.L413
 7208              		.cfi_endproc
 7209              	.LFE65:
ARM GAS  C:\Users\nicx5\AppData\Local\Temp\ccosdxRQ.s 			page 220


 7211              		.section	.text.mbedtls_ecp_check_pub_priv,"ax",%progbits
 7212              		.align	1
 7213              		.global	mbedtls_ecp_check_pub_priv
 7214              		.syntax unified
 7215              		.thumb
 7216              		.thumb_func
 7218              	mbedtls_ecp_check_pub_priv:
 7219              	.LVL847:
 7220              	.LFB66:
3390:Libs/mbedtls/library/ecp.c **** 
3391:Libs/mbedtls/library/ecp.c **** 
3392:Libs/mbedtls/library/ecp.c **** /*
3393:Libs/mbedtls/library/ecp.c ****  * Check a public-private key pair
3394:Libs/mbedtls/library/ecp.c ****  */
3395:Libs/mbedtls/library/ecp.c **** int mbedtls_ecp_check_pub_priv(const mbedtls_ecp_keypair *pub, const mbedtls_ecp_keypair *prv)
3396:Libs/mbedtls/library/ecp.c **** {
 7221              		.loc 1 3396 1 is_stmt 1 view -0
 7222              		.cfi_startproc
 7223              		@ args = 0, pretend = 0, frame = 160
 7224              		@ frame_needed = 0, uses_anonymous_args = 0
 7225              		.loc 1 3396 1 is_stmt 0 view .LVU2138
 7226 0000 2DE9F041 		push	{r4, r5, r6, r7, r8, lr}
 7227              	.LCFI133:
 7228              		.cfi_def_cfa_offset 24
 7229              		.cfi_offset 4, -24
 7230              		.cfi_offset 5, -20
 7231              		.cfi_offset 6, -16
 7232              		.cfi_offset 7, -12
 7233              		.cfi_offset 8, -8
 7234              		.cfi_offset 14, -4
 7235 0004 AAB0     		sub	sp, sp, #168
 7236              	.LCFI134:
 7237              		.cfi_def_cfa_offset 192
3397:Libs/mbedtls/library/ecp.c ****     int ret = MBEDTLS_ERR_ERROR_CORRUPTION_DETECTED;
 7238              		.loc 1 3397 5 is_stmt 1 view .LVU2139
 7239              	.LVL848:
3398:Libs/mbedtls/library/ecp.c ****     mbedtls_ecp_point Q;
 7240              		.loc 1 3398 5 view .LVU2140
3399:Libs/mbedtls/library/ecp.c ****     mbedtls_ecp_group grp;
 7241              		.loc 1 3399 5 view .LVU2141
3400:Libs/mbedtls/library/ecp.c ****     ECP_VALIDATE_RET(pub != NULL);
 7242              		.loc 1 3400 5 view .LVU2142
 7243              		.loc 1 3400 5 view .LVU2143
 7244              		.loc 1 3400 5 view .LVU2144
3401:Libs/mbedtls/library/ecp.c ****     ECP_VALIDATE_RET(prv != NULL);
 7245              		.loc 1 3401 5 view .LVU2145
 7246              		.loc 1 3401 5 view .LVU2146
 7247              		.loc 1 3401 5 view .LVU2147
3402:Libs/mbedtls/library/ecp.c **** 
3403:Libs/mbedtls/library/ecp.c ****     if (pub->grp.id == MBEDTLS_ECP_DP_NONE ||
 7248              		.loc 1 3403 5 view .LVU2148
 7249              		.loc 1 3403 17 is_stmt 0 view .LVU2149
 7250 0006 0378     		ldrb	r3, [r0]	@ zero_extendqisi2
 7251              		.loc 1 3403 8 view .LVU2150
 7252 0008 002B     		cmp	r3, #0
 7253 000a 3CD0     		beq	.L418
 7254 000c 0746     		mov	r7, r0
ARM GAS  C:\Users\nicx5\AppData\Local\Temp\ccosdxRQ.s 			page 221


 7255 000e 0C46     		mov	r4, r1
3404:Libs/mbedtls/library/ecp.c ****         pub->grp.id != prv->grp.id ||
 7256              		.loc 1 3404 32 view .LVU2151
 7257 0010 0A78     		ldrb	r2, [r1]	@ zero_extendqisi2
3403:Libs/mbedtls/library/ecp.c ****         pub->grp.id != prv->grp.id ||
 7258              		.loc 1 3403 44 discriminator 1 view .LVU2152
 7259 0012 9342     		cmp	r3, r2
 7260 0014 37D1     		bne	.L418
3405:Libs/mbedtls/library/ecp.c ****         mbedtls_mpi_cmp_mpi(&pub->Q.X, &prv->Q.X) ||
 7261              		.loc 1 3405 9 view .LVU2153
 7262 0016 01F18805 		add	r5, r1, #136
 7263 001a 2946     		mov	r1, r5
 7264              	.LVL849:
 7265              		.loc 1 3405 9 view .LVU2154
 7266 001c 8830     		adds	r0, r0, #136
 7267              	.LVL850:
 7268              		.loc 1 3405 9 view .LVU2155
 7269 001e FFF7FEFF 		bl	mbedtls_mpi_cmp_mpi
 7270              	.LVL851:
3404:Libs/mbedtls/library/ecp.c ****         pub->grp.id != prv->grp.id ||
 7271              		.loc 1 3404 36 view .LVU2156
 7272 0022 80BB     		cbnz	r0, .L418
3406:Libs/mbedtls/library/ecp.c ****         mbedtls_mpi_cmp_mpi(&pub->Q.Y, &prv->Q.Y) ||
 7273              		.loc 1 3406 9 view .LVU2157
 7274 0024 04F19406 		add	r6, r4, #148
 7275 0028 3146     		mov	r1, r6
 7276 002a 07F19400 		add	r0, r7, #148
 7277 002e FFF7FEFF 		bl	mbedtls_mpi_cmp_mpi
 7278              	.LVL852:
3405:Libs/mbedtls/library/ecp.c ****         mbedtls_mpi_cmp_mpi(&pub->Q.X, &prv->Q.X) ||
 7279              		.loc 1 3405 51 view .LVU2158
 7280 0032 40BB     		cbnz	r0, .L418
3407:Libs/mbedtls/library/ecp.c ****         mbedtls_mpi_cmp_mpi(&pub->Q.Z, &prv->Q.Z)) {
 7281              		.loc 1 3407 9 view .LVU2159
 7282 0034 04F1A008 		add	r8, r4, #160
 7283 0038 4146     		mov	r1, r8
 7284 003a 07F1A000 		add	r0, r7, #160
 7285 003e FFF7FEFF 		bl	mbedtls_mpi_cmp_mpi
 7286              	.LVL853:
3406:Libs/mbedtls/library/ecp.c ****         mbedtls_mpi_cmp_mpi(&pub->Q.Y, &prv->Q.Y) ||
 7287              		.loc 1 3406 51 view .LVU2160
 7288 0042 00BB     		cbnz	r0, .L418
3408:Libs/mbedtls/library/ecp.c ****         return MBEDTLS_ERR_ECP_BAD_INPUT_DATA;
3409:Libs/mbedtls/library/ecp.c ****     }
3410:Libs/mbedtls/library/ecp.c **** 
3411:Libs/mbedtls/library/ecp.c ****     mbedtls_ecp_point_init(&Q);
 7289              		.loc 1 3411 5 is_stmt 1 view .LVU2161
 7290 0044 21A8     		add	r0, sp, #132
 7291 0046 FFF7FEFF 		bl	mbedtls_ecp_point_init
 7292              	.LVL854:
3412:Libs/mbedtls/library/ecp.c ****     mbedtls_ecp_group_init(&grp);
 7293              		.loc 1 3412 5 view .LVU2162
 7294 004a 02A8     		add	r0, sp, #8
 7295 004c FFF7FEFF 		bl	mbedtls_ecp_group_init
 7296              	.LVL855:
3413:Libs/mbedtls/library/ecp.c **** 
3414:Libs/mbedtls/library/ecp.c ****     /* mbedtls_ecp_mul() needs a non-const group... */
ARM GAS  C:\Users\nicx5\AppData\Local\Temp\ccosdxRQ.s 			page 222


3415:Libs/mbedtls/library/ecp.c ****     mbedtls_ecp_group_copy(&grp, &prv->grp);
 7297              		.loc 1 3415 5 view .LVU2163
 7298 0050 2146     		mov	r1, r4
 7299 0052 02A8     		add	r0, sp, #8
 7300 0054 FFF7FEFF 		bl	mbedtls_ecp_group_copy
 7301              	.LVL856:
3416:Libs/mbedtls/library/ecp.c **** 
3417:Libs/mbedtls/library/ecp.c ****     /* Also checks d is valid */
3418:Libs/mbedtls/library/ecp.c ****     MBEDTLS_MPI_CHK(mbedtls_ecp_mul(&grp, &Q, &prv->d, &prv->grp.G, NULL, NULL));
 7302              		.loc 1 3418 5 view .LVU2164
 7303              		.loc 1 3418 5 view .LVU2165
 7304 0058 0023     		movs	r3, #0
 7305 005a 0193     		str	r3, [sp, #4]
 7306 005c 0093     		str	r3, [sp]
 7307 005e 04F12803 		add	r3, r4, #40
 7308 0062 04F17C02 		add	r2, r4, #124
 7309 0066 21A9     		add	r1, sp, #132
 7310 0068 02A8     		add	r0, sp, #8
 7311 006a FFF7FEFF 		bl	mbedtls_ecp_mul
 7312              	.LVL857:
 7313              		.loc 1 3418 5 is_stmt 0 discriminator 1 view .LVU2166
 7314 006e 0446     		mov	r4, r0
 7315              	.LVL858:
 7316              		.loc 1 3418 5 discriminator 1 view .LVU2167
 7317 0070 58B1     		cbz	r0, .L424
 7318              	.LVL859:
 7319              	.L421:
3419:Libs/mbedtls/library/ecp.c **** 
3420:Libs/mbedtls/library/ecp.c ****     if (mbedtls_mpi_cmp_mpi(&Q.X, &prv->Q.X) ||
3421:Libs/mbedtls/library/ecp.c ****         mbedtls_mpi_cmp_mpi(&Q.Y, &prv->Q.Y) ||
3422:Libs/mbedtls/library/ecp.c ****         mbedtls_mpi_cmp_mpi(&Q.Z, &prv->Q.Z)) {
3423:Libs/mbedtls/library/ecp.c ****         ret = MBEDTLS_ERR_ECP_BAD_INPUT_DATA;
3424:Libs/mbedtls/library/ecp.c ****         goto cleanup;
3425:Libs/mbedtls/library/ecp.c ****     }
3426:Libs/mbedtls/library/ecp.c **** 
3427:Libs/mbedtls/library/ecp.c **** cleanup:
3428:Libs/mbedtls/library/ecp.c ****     mbedtls_ecp_point_free(&Q);
 7320              		.loc 1 3428 5 is_stmt 1 view .LVU2168
 7321 0072 21A8     		add	r0, sp, #132
 7322 0074 FFF7FEFF 		bl	mbedtls_ecp_point_free
 7323              	.LVL860:
3429:Libs/mbedtls/library/ecp.c ****     mbedtls_ecp_group_free(&grp);
 7324              		.loc 1 3429 5 view .LVU2169
 7325 0078 02A8     		add	r0, sp, #8
 7326 007a FFF7FEFF 		bl	mbedtls_ecp_group_free
 7327              	.LVL861:
3430:Libs/mbedtls/library/ecp.c **** 
3431:Libs/mbedtls/library/ecp.c ****     return ret;
 7328              		.loc 1 3431 5 view .LVU2170
 7329              	.L417:
3432:Libs/mbedtls/library/ecp.c **** }
 7330              		.loc 1 3432 1 is_stmt 0 view .LVU2171
 7331 007e 2046     		mov	r0, r4
 7332 0080 2AB0     		add	sp, sp, #168
 7333              	.LCFI135:
 7334              		.cfi_remember_state
 7335              		.cfi_def_cfa_offset 24
ARM GAS  C:\Users\nicx5\AppData\Local\Temp\ccosdxRQ.s 			page 223


 7336              		@ sp needed
 7337 0082 BDE8F081 		pop	{r4, r5, r6, r7, r8, pc}
 7338              	.LVL862:
 7339              	.L418:
 7340              	.LCFI136:
 7341              		.cfi_restore_state
3408:Libs/mbedtls/library/ecp.c ****     }
 7342              		.loc 1 3408 9 is_stmt 1 view .LVU2172
3408:Libs/mbedtls/library/ecp.c ****     }
 7343              		.loc 1 3408 16 is_stmt 0 view .LVU2173
 7344 0086 0B4C     		ldr	r4, .L426
 7345 0088 F9E7     		b	.L417
 7346              	.LVL863:
 7347              	.L424:
3418:Libs/mbedtls/library/ecp.c **** 
 7348              		.loc 1 3418 5 is_stmt 1 discriminator 2 view .LVU2174
3420:Libs/mbedtls/library/ecp.c ****         mbedtls_mpi_cmp_mpi(&Q.Y, &prv->Q.Y) ||
 7349              		.loc 1 3420 5 view .LVU2175
3420:Libs/mbedtls/library/ecp.c ****         mbedtls_mpi_cmp_mpi(&Q.Y, &prv->Q.Y) ||
 7350              		.loc 1 3420 9 is_stmt 0 view .LVU2176
 7351 008a 2946     		mov	r1, r5
 7352 008c 21A8     		add	r0, sp, #132
 7353              	.LVL864:
3420:Libs/mbedtls/library/ecp.c ****         mbedtls_mpi_cmp_mpi(&Q.Y, &prv->Q.Y) ||
 7354              		.loc 1 3420 9 view .LVU2177
 7355 008e FFF7FEFF 		bl	mbedtls_mpi_cmp_mpi
 7356              	.LVL865:
3420:Libs/mbedtls/library/ecp.c ****         mbedtls_mpi_cmp_mpi(&Q.Y, &prv->Q.Y) ||
 7357              		.loc 1 3420 8 discriminator 1 view .LVU2178
 7358 0092 08B1     		cbz	r0, .L425
 7359              	.L422:
3423:Libs/mbedtls/library/ecp.c ****         goto cleanup;
 7360              		.loc 1 3423 9 is_stmt 1 view .LVU2179
 7361              	.LVL866:
3424:Libs/mbedtls/library/ecp.c ****     }
 7362              		.loc 1 3424 9 view .LVU2180
3423:Libs/mbedtls/library/ecp.c ****         goto cleanup;
 7363              		.loc 1 3423 13 is_stmt 0 view .LVU2181
 7364 0094 074C     		ldr	r4, .L426
3424:Libs/mbedtls/library/ecp.c ****     }
 7365              		.loc 1 3424 9 view .LVU2182
 7366 0096 ECE7     		b	.L421
 7367              	.LVL867:
 7368              	.L425:
3421:Libs/mbedtls/library/ecp.c ****         mbedtls_mpi_cmp_mpi(&Q.Z, &prv->Q.Z)) {
 7369              		.loc 1 3421 9 view .LVU2183
 7370 0098 3146     		mov	r1, r6
 7371 009a 24A8     		add	r0, sp, #144
 7372 009c FFF7FEFF 		bl	mbedtls_mpi_cmp_mpi
 7373              	.LVL868:
3420:Libs/mbedtls/library/ecp.c ****         mbedtls_mpi_cmp_mpi(&Q.Y, &prv->Q.Y) ||
 7374              		.loc 1 3420 46 discriminator 1 view .LVU2184
 7375 00a0 0028     		cmp	r0, #0
 7376 00a2 F7D1     		bne	.L422
3422:Libs/mbedtls/library/ecp.c ****         ret = MBEDTLS_ERR_ECP_BAD_INPUT_DATA;
 7377              		.loc 1 3422 9 view .LVU2185
 7378 00a4 4146     		mov	r1, r8
ARM GAS  C:\Users\nicx5\AppData\Local\Temp\ccosdxRQ.s 			page 224


 7379 00a6 27A8     		add	r0, sp, #156
 7380 00a8 FFF7FEFF 		bl	mbedtls_mpi_cmp_mpi
 7381              	.LVL869:
3421:Libs/mbedtls/library/ecp.c ****         mbedtls_mpi_cmp_mpi(&Q.Z, &prv->Q.Z)) {
 7382              		.loc 1 3421 46 view .LVU2186
 7383 00ac 0028     		cmp	r0, #0
 7384 00ae E0D0     		beq	.L421
 7385 00b0 F0E7     		b	.L422
 7386              	.L427:
 7387 00b2 00BF     		.align	2
 7388              	.L426:
 7389 00b4 80B0FFFF 		.word	-20352
 7390              		.cfi_endproc
 7391              	.LFE66:
 7393              		.section	.bss.init_done.0,"aw",%nobits
 7394              		.align	2
 7397              	init_done.0:
 7398 0000 00000000 		.space	4
 7399              		.section	.bss.ecp_supported_grp_id,"aw",%nobits
 7400              		.align	2
 7403              	ecp_supported_grp_id:
 7404 0000 0000     		.space	2
 7405              		.section	.rodata.str1.4,"aMS",%progbits,1
 7406              		.align	2
 7407              	.LC0:
 7408 0000 73656370 		.ascii	"secp256r1\000"
 7408      32353672 
 7408      3100
 7409              		.section	.rodata.ecp_supported_curves,"a"
 7410              		.align	2
 7413              	ecp_supported_curves:
 7414 0000 03       		.byte	3
 7415 0001 00       		.space	1
 7416 0002 1700     		.short	23
 7417 0004 0001     		.short	256
 7418 0006 0000     		.space	2
 7419 0008 00000000 		.word	.LC0
 7420 000c 00       		.byte	0
 7421 000d 00       		.space	1
 7422 000e 0000     		.short	0
 7423 0010 0000     		.short	0
 7424 0012 0000     		.space	2
 7425 0014 00000000 		.word	0
 7426              		.text
 7427              	.Letext0:
 7428              		.file 2 "D:/Program Files/msys64/mingw64/lib/gcc/arm-none-eabi/13.3.0/include/stddef.h"
 7429              		.file 3 "D:/Program Files/msys64/mingw64/arm-none-eabi/include/machine/_default_types.h"
 7430              		.file 4 "D:/Program Files/msys64/mingw64/arm-none-eabi/include/sys/_stdint.h"
 7431              		.file 5 "Libs/mbedtls/include/mbedtls/bignum.h"
 7432              		.file 6 "Libs/mbedtls/include/mbedtls/ecp.h"
 7433              		.file 7 "D:/Program Files/msys64/mingw64/arm-none-eabi/include/string.h"
 7434              		.file 8 "D:/Program Files/msys64/mingw64/arm-none-eabi/include/stdlib.h"
 7435              		.file 9 "Libs/mbedtls/include/mbedtls/platform_util.h"
 7436              		.file 10 "<built-in>"
ARM GAS  C:\Users\nicx5\AppData\Local\Temp\ccosdxRQ.s 			page 225


DEFINED SYMBOLS
                            *ABS*:00000000 ecp.c
C:\Users\nicx5\AppData\Local\Temp\ccosdxRQ.s:20     .text.ecp_pick_window_size:00000000 $t
C:\Users\nicx5\AppData\Local\Temp\ccosdxRQ.s:25     .text.ecp_pick_window_size:00000000 ecp_pick_window_size
C:\Users\nicx5\AppData\Local\Temp\ccosdxRQ.s:51     .text.mbedtls_mpi_add_mod:00000000 $t
C:\Users\nicx5\AppData\Local\Temp\ccosdxRQ.s:56     .text.mbedtls_mpi_add_mod:00000000 mbedtls_mpi_add_mod
C:\Users\nicx5\AppData\Local\Temp\ccosdxRQ.s:126    .text.mbedtls_mpi_sub_mod:00000000 $t
C:\Users\nicx5\AppData\Local\Temp\ccosdxRQ.s:131    .text.mbedtls_mpi_sub_mod:00000000 mbedtls_mpi_sub_mod
C:\Users\nicx5\AppData\Local\Temp\ccosdxRQ.s:201    .text.ecp_modp:00000000 $t
C:\Users\nicx5\AppData\Local\Temp\ccosdxRQ.s:206    .text.ecp_modp:00000000 ecp_modp
C:\Users\nicx5\AppData\Local\Temp\ccosdxRQ.s:350    .text.ecp_modp:00000088 $d
C:\Users\nicx5\AppData\Local\Temp\ccosdxRQ.s:355    .text.mbedtls_mpi_mul_mod:00000000 $t
C:\Users\nicx5\AppData\Local\Temp\ccosdxRQ.s:360    .text.mbedtls_mpi_mul_mod:00000000 mbedtls_mpi_mul_mod
C:\Users\nicx5\AppData\Local\Temp\ccosdxRQ.s:417    .text.mbedtls_mpi_shift_l_mod:00000000 $t
C:\Users\nicx5\AppData\Local\Temp\ccosdxRQ.s:422    .text.mbedtls_mpi_shift_l_mod:00000000 mbedtls_mpi_shift_l_mod
C:\Users\nicx5\AppData\Local\Temp\ccosdxRQ.s:491    .text.ecp_double_jac:00000000 $t
C:\Users\nicx5\AppData\Local\Temp\ccosdxRQ.s:496    .text.ecp_double_jac:00000000 ecp_double_jac
C:\Users\nicx5\AppData\Local\Temp\ccosdxRQ.s:1049   .text.ecp_normalize_jac:00000000 $t
C:\Users\nicx5\AppData\Local\Temp\ccosdxRQ.s:1054   .text.ecp_normalize_jac:00000000 ecp_normalize_jac
C:\Users\nicx5\AppData\Local\Temp\ccosdxRQ.s:1223   .text.ecp_normalize_jac_many:00000000 $t
C:\Users\nicx5\AppData\Local\Temp\ccosdxRQ.s:1228   .text.ecp_normalize_jac_many:00000000 ecp_normalize_jac_many
C:\Users\nicx5\AppData\Local\Temp\ccosdxRQ.s:1594   .text.ecp_normalize_jac_many:000001a8 $d
C:\Users\nicx5\AppData\Local\Temp\ccosdxRQ.s:1599   .text.ecp_safe_invert_jac:00000000 $t
C:\Users\nicx5\AppData\Local\Temp\ccosdxRQ.s:1604   .text.ecp_safe_invert_jac:00000000 ecp_safe_invert_jac
C:\Users\nicx5\AppData\Local\Temp\ccosdxRQ.s:1701   .text.ecp_select_comb:00000000 $t
C:\Users\nicx5\AppData\Local\Temp\ccosdxRQ.s:1706   .text.ecp_select_comb:00000000 ecp_select_comb
C:\Users\nicx5\AppData\Local\Temp\ccosdxRQ.s:1820   .text.ecp_comb_recode_core:00000000 $t
C:\Users\nicx5\AppData\Local\Temp\ccosdxRQ.s:1825   .text.ecp_comb_recode_core:00000000 ecp_comb_recode_core
C:\Users\nicx5\AppData\Local\Temp\ccosdxRQ.s:1955   .text.ecp_comb_recode_scalar:00000000 $t
C:\Users\nicx5\AppData\Local\Temp\ccosdxRQ.s:1960   .text.ecp_comb_recode_scalar:00000000 ecp_comb_recode_scalar
C:\Users\nicx5\AppData\Local\Temp\ccosdxRQ.s:2102   .text.ecp_comb_recode_scalar:00000090 $d
C:\Users\nicx5\AppData\Local\Temp\ccosdxRQ.s:2107   .text.ecp_randomize_jac:00000000 $t
C:\Users\nicx5\AppData\Local\Temp\ccosdxRQ.s:2112   .text.ecp_randomize_jac:00000000 ecp_randomize_jac
C:\Users\nicx5\AppData\Local\Temp\ccosdxRQ.s:2279   .text.ecp_randomize_jac:000000a4 $d
C:\Users\nicx5\AppData\Local\Temp\ccosdxRQ.s:2284   .text.mbedtls_ecp_gen_privkey_sw:00000000 $t
C:\Users\nicx5\AppData\Local\Temp\ccosdxRQ.s:2289   .text.mbedtls_ecp_gen_privkey_sw:00000000 mbedtls_ecp_gen_privkey_sw
C:\Users\nicx5\AppData\Local\Temp\ccosdxRQ.s:2345   .text.mbedtls_ecp_gen_privkey_sw:00000024 $d
C:\Users\nicx5\AppData\Local\Temp\ccosdxRQ.s:2350   .text.ecp_check_pubkey_sw:00000000 $t
C:\Users\nicx5\AppData\Local\Temp\ccosdxRQ.s:2355   .text.ecp_check_pubkey_sw:00000000 ecp_check_pubkey_sw
C:\Users\nicx5\AppData\Local\Temp\ccosdxRQ.s:2595   .text.ecp_check_pubkey_sw:00000104 $d
C:\Users\nicx5\AppData\Local\Temp\ccosdxRQ.s:2600   .text.mbedtls_ecp_curve_list:00000000 $t
C:\Users\nicx5\AppData\Local\Temp\ccosdxRQ.s:2606   .text.mbedtls_ecp_curve_list:00000000 mbedtls_ecp_curve_list
C:\Users\nicx5\AppData\Local\Temp\ccosdxRQ.s:2620   .text.mbedtls_ecp_curve_list:00000004 $d
C:\Users\nicx5\AppData\Local\Temp\ccosdxRQ.s:7413   .rodata.ecp_supported_curves:00000000 ecp_supported_curves
C:\Users\nicx5\AppData\Local\Temp\ccosdxRQ.s:2625   .text.mbedtls_ecp_grp_id_list:00000000 $t
C:\Users\nicx5\AppData\Local\Temp\ccosdxRQ.s:2631   .text.mbedtls_ecp_grp_id_list:00000000 mbedtls_ecp_grp_id_list
C:\Users\nicx5\AppData\Local\Temp\ccosdxRQ.s:2703   .text.mbedtls_ecp_grp_id_list:00000030 $d
C:\Users\nicx5\AppData\Local\Temp\ccosdxRQ.s:7397   .bss.init_done.0:00000000 init_done.0
C:\Users\nicx5\AppData\Local\Temp\ccosdxRQ.s:7403   .bss.ecp_supported_grp_id:00000000 ecp_supported_grp_id
C:\Users\nicx5\AppData\Local\Temp\ccosdxRQ.s:2709   .text.mbedtls_ecp_curve_info_from_grp_id:00000000 $t
C:\Users\nicx5\AppData\Local\Temp\ccosdxRQ.s:2715   .text.mbedtls_ecp_curve_info_from_grp_id:00000000 mbedtls_ecp_curve_info_from_grp_id
C:\Users\nicx5\AppData\Local\Temp\ccosdxRQ.s:2763   .text.mbedtls_ecp_curve_info_from_tls_id:00000000 $t
C:\Users\nicx5\AppData\Local\Temp\ccosdxRQ.s:2769   .text.mbedtls_ecp_curve_info_from_tls_id:00000000 mbedtls_ecp_curve_info_from_tls_id
C:\Users\nicx5\AppData\Local\Temp\ccosdxRQ.s:2819   .text.mbedtls_ecp_curve_info_from_name:00000000 $t
C:\Users\nicx5\AppData\Local\Temp\ccosdxRQ.s:2825   .text.mbedtls_ecp_curve_info_from_name:00000000 mbedtls_ecp_curve_info_from_name
C:\Users\nicx5\AppData\Local\Temp\ccosdxRQ.s:2888   .text.mbedtls_ecp_get_type:00000000 $t
C:\Users\nicx5\AppData\Local\Temp\ccosdxRQ.s:2894   .text.mbedtls_ecp_get_type:00000000 mbedtls_ecp_get_type
ARM GAS  C:\Users\nicx5\AppData\Local\Temp\ccosdxRQ.s 			page 226


C:\Users\nicx5\AppData\Local\Temp\ccosdxRQ.s:2935   .text.mbedtls_ecp_point_init:00000000 $t
C:\Users\nicx5\AppData\Local\Temp\ccosdxRQ.s:2941   .text.mbedtls_ecp_point_init:00000000 mbedtls_ecp_point_init
C:\Users\nicx5\AppData\Local\Temp\ccosdxRQ.s:2976   .text.mbedtls_ecp_group_init:00000000 $t
C:\Users\nicx5\AppData\Local\Temp\ccosdxRQ.s:2982   .text.mbedtls_ecp_group_init:00000000 mbedtls_ecp_group_init
C:\Users\nicx5\AppData\Local\Temp\ccosdxRQ.s:3059   .text.mbedtls_ecp_keypair_init:00000000 $t
C:\Users\nicx5\AppData\Local\Temp\ccosdxRQ.s:3065   .text.mbedtls_ecp_keypair_init:00000000 mbedtls_ecp_keypair_init
C:\Users\nicx5\AppData\Local\Temp\ccosdxRQ.s:3100   .text.mbedtls_ecp_point_free:00000000 $t
C:\Users\nicx5\AppData\Local\Temp\ccosdxRQ.s:3106   .text.mbedtls_ecp_point_free:00000000 mbedtls_ecp_point_free
C:\Users\nicx5\AppData\Local\Temp\ccosdxRQ.s:3148   .text.mbedtls_ecp_group_free:00000000 $t
C:\Users\nicx5\AppData\Local\Temp\ccosdxRQ.s:3154   .text.mbedtls_ecp_group_free:00000000 mbedtls_ecp_group_free
C:\Users\nicx5\AppData\Local\Temp\ccosdxRQ.s:3262   .text.mbedtls_ecp_keypair_free:00000000 $t
C:\Users\nicx5\AppData\Local\Temp\ccosdxRQ.s:3268   .text.mbedtls_ecp_keypair_free:00000000 mbedtls_ecp_keypair_free
C:\Users\nicx5\AppData\Local\Temp\ccosdxRQ.s:3310   .text.mbedtls_ecp_copy:00000000 $t
C:\Users\nicx5\AppData\Local\Temp\ccosdxRQ.s:3316   .text.mbedtls_ecp_copy:00000000 mbedtls_ecp_copy
C:\Users\nicx5\AppData\Local\Temp\ccosdxRQ.s:3391   .text.mbedtls_ecp_group_copy:00000000 $t
C:\Users\nicx5\AppData\Local\Temp\ccosdxRQ.s:3397   .text.mbedtls_ecp_group_copy:00000000 mbedtls_ecp_group_copy
C:\Users\nicx5\AppData\Local\Temp\ccosdxRQ.s:3429   .text.mbedtls_ecp_set_zero:00000000 $t
C:\Users\nicx5\AppData\Local\Temp\ccosdxRQ.s:3435   .text.mbedtls_ecp_set_zero:00000000 mbedtls_ecp_set_zero
C:\Users\nicx5\AppData\Local\Temp\ccosdxRQ.s:3505   .text.ecp_add_mixed:00000000 $t
C:\Users\nicx5\AppData\Local\Temp\ccosdxRQ.s:3510   .text.ecp_add_mixed:00000000 ecp_add_mixed
C:\Users\nicx5\AppData\Local\Temp\ccosdxRQ.s:4043   .text.ecp_add_mixed:00000284 $d
C:\Users\nicx5\AppData\Local\Temp\ccosdxRQ.s:4048   .text.ecp_precompute_comb:00000000 $t
C:\Users\nicx5\AppData\Local\Temp\ccosdxRQ.s:4053   .text.ecp_precompute_comb:00000000 ecp_precompute_comb
C:\Users\nicx5\AppData\Local\Temp\ccosdxRQ.s:4334   .text.ecp_mul_comb_core:00000000 $t
C:\Users\nicx5\AppData\Local\Temp\ccosdxRQ.s:4339   .text.ecp_mul_comb_core:00000000 ecp_mul_comb_core
C:\Users\nicx5\AppData\Local\Temp\ccosdxRQ.s:4513   .text.ecp_mul_comb_after_precomp:00000000 $t
C:\Users\nicx5\AppData\Local\Temp\ccosdxRQ.s:4518   .text.ecp_mul_comb_after_precomp:00000000 ecp_mul_comb_after_precomp
C:\Users\nicx5\AppData\Local\Temp\ccosdxRQ.s:4664   .text.ecp_mul_comb:00000000 $t
C:\Users\nicx5\AppData\Local\Temp\ccosdxRQ.s:4669   .text.ecp_mul_comb:00000000 ecp_mul_comb
C:\Users\nicx5\AppData\Local\Temp\ccosdxRQ.s:4890   .text.ecp_mul_comb:000000c8 $d
C:\Users\nicx5\AppData\Local\Temp\ccosdxRQ.s:4895   .text.mbedtls_ecp_is_zero:00000000 $t
C:\Users\nicx5\AppData\Local\Temp\ccosdxRQ.s:4901   .text.mbedtls_ecp_is_zero:00000000 mbedtls_ecp_is_zero
C:\Users\nicx5\AppData\Local\Temp\ccosdxRQ.s:4933   .text.mbedtls_ecp_point_cmp:00000000 $t
C:\Users\nicx5\AppData\Local\Temp\ccosdxRQ.s:4939   .text.mbedtls_ecp_point_cmp:00000000 mbedtls_ecp_point_cmp
C:\Users\nicx5\AppData\Local\Temp\ccosdxRQ.s:4999   .text.mbedtls_ecp_point_cmp:00000038 $d
C:\Users\nicx5\AppData\Local\Temp\ccosdxRQ.s:5004   .text.mbedtls_ecp_point_read_string:00000000 $t
C:\Users\nicx5\AppData\Local\Temp\ccosdxRQ.s:5010   .text.mbedtls_ecp_point_read_string:00000000 mbedtls_ecp_point_read_string
C:\Users\nicx5\AppData\Local\Temp\ccosdxRQ.s:5090   .text.mbedtls_ecp_point_write_binary:00000000 $t
C:\Users\nicx5\AppData\Local\Temp\ccosdxRQ.s:5096   .text.mbedtls_ecp_point_write_binary:00000000 mbedtls_ecp_point_write_binary
C:\Users\nicx5\AppData\Local\Temp\ccosdxRQ.s:5297   .text.mbedtls_ecp_point_write_binary:000000c0 $d
C:\Users\nicx5\AppData\Local\Temp\ccosdxRQ.s:5303   .text.mbedtls_ecp_point_read_binary:00000000 $t
C:\Users\nicx5\AppData\Local\Temp\ccosdxRQ.s:5309   .text.mbedtls_ecp_point_read_binary:00000000 mbedtls_ecp_point_read_binary
C:\Users\nicx5\AppData\Local\Temp\ccosdxRQ.s:5476   .text.mbedtls_ecp_point_read_binary:00000080 $d
C:\Users\nicx5\AppData\Local\Temp\ccosdxRQ.s:5482   .text.mbedtls_ecp_tls_read_point:00000000 $t
C:\Users\nicx5\AppData\Local\Temp\ccosdxRQ.s:5488   .text.mbedtls_ecp_tls_read_point:00000000 mbedtls_ecp_tls_read_point
C:\Users\nicx5\AppData\Local\Temp\ccosdxRQ.s:5587   .text.mbedtls_ecp_tls_read_point:00000038 $d
C:\Users\nicx5\AppData\Local\Temp\ccosdxRQ.s:5592   .text.mbedtls_ecp_tls_write_point:00000000 $t
C:\Users\nicx5\AppData\Local\Temp\ccosdxRQ.s:5598   .text.mbedtls_ecp_tls_write_point:00000000 mbedtls_ecp_tls_write_point
C:\Users\nicx5\AppData\Local\Temp\ccosdxRQ.s:5682   .text.mbedtls_ecp_tls_write_point:00000030 $d
C:\Users\nicx5\AppData\Local\Temp\ccosdxRQ.s:5687   .text.mbedtls_ecp_tls_read_group_id:00000000 $t
C:\Users\nicx5\AppData\Local\Temp\ccosdxRQ.s:5693   .text.mbedtls_ecp_tls_read_group_id:00000000 mbedtls_ecp_tls_read_group_id
C:\Users\nicx5\AppData\Local\Temp\ccosdxRQ.s:5803   .text.mbedtls_ecp_tls_read_group_id:00000040 $d
C:\Users\nicx5\AppData\Local\Temp\ccosdxRQ.s:5809   .text.mbedtls_ecp_tls_read_group:00000000 $t
C:\Users\nicx5\AppData\Local\Temp\ccosdxRQ.s:5815   .text.mbedtls_ecp_tls_read_group:00000000 mbedtls_ecp_tls_read_group
C:\Users\nicx5\AppData\Local\Temp\ccosdxRQ.s:5876   .text.mbedtls_ecp_tls_write_group:00000000 $t
C:\Users\nicx5\AppData\Local\Temp\ccosdxRQ.s:5882   .text.mbedtls_ecp_tls_write_group:00000000 mbedtls_ecp_tls_write_group
C:\Users\nicx5\AppData\Local\Temp\ccosdxRQ.s:5963   .text.mbedtls_ecp_tls_write_group:00000030 $d
ARM GAS  C:\Users\nicx5\AppData\Local\Temp\ccosdxRQ.s 			page 227


C:\Users\nicx5\AppData\Local\Temp\ccosdxRQ.s:5969   .text.mbedtls_ecp_check_pubkey:00000000 $t
C:\Users\nicx5\AppData\Local\Temp\ccosdxRQ.s:5975   .text.mbedtls_ecp_check_pubkey:00000000 mbedtls_ecp_check_pubkey
C:\Users\nicx5\AppData\Local\Temp\ccosdxRQ.s:6039   .text.mbedtls_ecp_check_pubkey:00000030 $d
C:\Users\nicx5\AppData\Local\Temp\ccosdxRQ.s:6045   .text.mbedtls_ecp_check_privkey:00000000 $t
C:\Users\nicx5\AppData\Local\Temp\ccosdxRQ.s:6051   .text.mbedtls_ecp_check_privkey:00000000 mbedtls_ecp_check_privkey
C:\Users\nicx5\AppData\Local\Temp\ccosdxRQ.s:6116   .text.mbedtls_ecp_check_privkey:00000034 $d
C:\Users\nicx5\AppData\Local\Temp\ccosdxRQ.s:6122   .text.mbedtls_ecp_mul_restartable:00000000 $t
C:\Users\nicx5\AppData\Local\Temp\ccosdxRQ.s:6128   .text.mbedtls_ecp_mul_restartable:00000000 mbedtls_ecp_mul_restartable
C:\Users\nicx5\AppData\Local\Temp\ccosdxRQ.s:6248   .text.mbedtls_ecp_mul_restartable:00000054 $d
C:\Users\nicx5\AppData\Local\Temp\ccosdxRQ.s:6253   .text.mbedtls_ecp_mul:00000000 $t
C:\Users\nicx5\AppData\Local\Temp\ccosdxRQ.s:6259   .text.mbedtls_ecp_mul:00000000 mbedtls_ecp_mul
C:\Users\nicx5\AppData\Local\Temp\ccosdxRQ.s:6308   .text.mbedtls_ecp_mul_shortcuts:00000000 $t
C:\Users\nicx5\AppData\Local\Temp\ccosdxRQ.s:6313   .text.mbedtls_ecp_mul_shortcuts:00000000 mbedtls_ecp_mul_shortcuts
C:\Users\nicx5\AppData\Local\Temp\ccosdxRQ.s:6510   .text.mbedtls_ecp_muladd_restartable:00000000 $t
C:\Users\nicx5\AppData\Local\Temp\ccosdxRQ.s:6516   .text.mbedtls_ecp_muladd_restartable:00000000 mbedtls_ecp_muladd_restartable
C:\Users\nicx5\AppData\Local\Temp\ccosdxRQ.s:6678   .text.mbedtls_ecp_muladd_restartable:00000074 $d
C:\Users\nicx5\AppData\Local\Temp\ccosdxRQ.s:6683   .text.mbedtls_ecp_muladd:00000000 $t
C:\Users\nicx5\AppData\Local\Temp\ccosdxRQ.s:6689   .text.mbedtls_ecp_muladd:00000000 mbedtls_ecp_muladd
C:\Users\nicx5\AppData\Local\Temp\ccosdxRQ.s:6744   .text.mbedtls_ecp_gen_privkey:00000000 $t
C:\Users\nicx5\AppData\Local\Temp\ccosdxRQ.s:6750   .text.mbedtls_ecp_gen_privkey:00000000 mbedtls_ecp_gen_privkey
C:\Users\nicx5\AppData\Local\Temp\ccosdxRQ.s:6806   .text.mbedtls_ecp_gen_privkey:00000028 $d
C:\Users\nicx5\AppData\Local\Temp\ccosdxRQ.s:6811   .text.mbedtls_ecp_gen_keypair_base:00000000 $t
C:\Users\nicx5\AppData\Local\Temp\ccosdxRQ.s:6817   .text.mbedtls_ecp_gen_keypair_base:00000000 mbedtls_ecp_gen_keypair_base
C:\Users\nicx5\AppData\Local\Temp\ccosdxRQ.s:6910   .text.mbedtls_ecp_gen_keypair:00000000 $t
C:\Users\nicx5\AppData\Local\Temp\ccosdxRQ.s:6916   .text.mbedtls_ecp_gen_keypair:00000000 mbedtls_ecp_gen_keypair
C:\Users\nicx5\AppData\Local\Temp\ccosdxRQ.s:6971   .text.mbedtls_ecp_gen_key:00000000 $t
C:\Users\nicx5\AppData\Local\Temp\ccosdxRQ.s:6977   .text.mbedtls_ecp_gen_key:00000000 mbedtls_ecp_gen_key
C:\Users\nicx5\AppData\Local\Temp\ccosdxRQ.s:7044   .text.mbedtls_ecp_read_key:00000000 $t
C:\Users\nicx5\AppData\Local\Temp\ccosdxRQ.s:7050   .text.mbedtls_ecp_read_key:00000000 mbedtls_ecp_read_key
C:\Users\nicx5\AppData\Local\Temp\ccosdxRQ.s:7144   .text.mbedtls_ecp_read_key:00000054 $d
C:\Users\nicx5\AppData\Local\Temp\ccosdxRQ.s:7149   .text.mbedtls_ecp_write_key:00000000 $t
C:\Users\nicx5\AppData\Local\Temp\ccosdxRQ.s:7155   .text.mbedtls_ecp_write_key:00000000 mbedtls_ecp_write_key
C:\Users\nicx5\AppData\Local\Temp\ccosdxRQ.s:7212   .text.mbedtls_ecp_check_pub_priv:00000000 $t
C:\Users\nicx5\AppData\Local\Temp\ccosdxRQ.s:7218   .text.mbedtls_ecp_check_pub_priv:00000000 mbedtls_ecp_check_pub_priv
C:\Users\nicx5\AppData\Local\Temp\ccosdxRQ.s:7389   .text.mbedtls_ecp_check_pub_priv:000000b4 $d
C:\Users\nicx5\AppData\Local\Temp\ccosdxRQ.s:7394   .bss.init_done.0:00000000 $d
C:\Users\nicx5\AppData\Local\Temp\ccosdxRQ.s:7400   .bss.ecp_supported_grp_id:00000000 $d
C:\Users\nicx5\AppData\Local\Temp\ccosdxRQ.s:7406   .rodata.str1.4:00000000 $d
C:\Users\nicx5\AppData\Local\Temp\ccosdxRQ.s:7410   .rodata.ecp_supported_curves:00000000 $d

UNDEFINED SYMBOLS
mbedtls_mpi_add_mpi
mbedtls_mpi_cmp_mpi
mbedtls_mpi_sub_abs
mbedtls_mpi_sub_mpi
mbedtls_mpi_cmp_int
mbedtls_mpi_bitlen
mbedtls_mpi_mod_mpi
mbedtls_mpi_mul_mpi
mbedtls_mpi_shift_l
mbedtls_mpi_init
mbedtls_mpi_free
mbedtls_mpi_mul_int
mbedtls_mpi_copy
mbedtls_mpi_inv_mod
mbedtls_mpi_lset
calloc
ARM GAS  C:\Users\nicx5\AppData\Local\Temp\ccosdxRQ.s 			page 228


mbedtls_mpi_shrink
free
mbedtls_mpi_safe_cond_assign
memset
mbedtls_mpi_get_bit
mbedtls_mpi_random
mbedtls_mpi_sub_int
strcmp
mbedtls_platform_zeroize
mbedtls_ecp_group_load
mbedtls_mpi_read_string
mbedtls_mpi_size
mbedtls_mpi_write_binary
mbedtls_mpi_read_binary
