ARM GAS  C:\Users\nicx5\AppData\Local\Temp\ccUpawvI.s 			page 1


   1              		.cpu cortex-m7
   2              		.arch armv7e-m
   3              		.fpu fpv5-d16
   4              		.eabi_attribute 28, 1
   5              		.eabi_attribute 20, 1
   6              		.eabi_attribute 21, 1
   7              		.eabi_attribute 23, 3
   8              		.eabi_attribute 24, 1
   9              		.eabi_attribute 25, 1
  10              		.eabi_attribute 26, 1
  11              		.eabi_attribute 30, 1
  12              		.eabi_attribute 34, 1
  13              		.eabi_attribute 18, 4
  14              		.file	"cJSON.c"
  15              		.text
  16              	.Ltext0:
  17              		.cfi_sections	.debug_frame
  18              		.file 1 "Libs/cJSON/cJSON.c"
  19              		.section	.text.case_insensitive_strcmp,"ax",%progbits
  20              		.align	1
  21              		.syntax unified
  22              		.thumb
  23              		.thumb_func
  25              	case_insensitive_strcmp:
  26              	.LVL0:
  27              	.LFB8:
   1:Libs/cJSON/cJSON.c **** /*
   2:Libs/cJSON/cJSON.c ****   Copyright (c) 2009-2017 Dave Gamble and cJSON contributors
   3:Libs/cJSON/cJSON.c **** 
   4:Libs/cJSON/cJSON.c ****   Permission is hereby granted, free of charge, to any person obtaining a copy
   5:Libs/cJSON/cJSON.c ****   of this software and associated documentation files (the "Software"), to deal
   6:Libs/cJSON/cJSON.c ****   in the Software without restriction, including without limitation the rights
   7:Libs/cJSON/cJSON.c ****   to use, copy, modify, merge, publish, distribute, sublicense, and/or sell
   8:Libs/cJSON/cJSON.c ****   copies of the Software, and to permit persons to whom the Software is
   9:Libs/cJSON/cJSON.c ****   furnished to do so, subject to the following conditions:
  10:Libs/cJSON/cJSON.c **** 
  11:Libs/cJSON/cJSON.c ****   The above copyright notice and this permission notice shall be included in
  12:Libs/cJSON/cJSON.c ****   all copies or substantial portions of the Software.
  13:Libs/cJSON/cJSON.c **** 
  14:Libs/cJSON/cJSON.c ****   THE SOFTWARE IS PROVIDED "AS IS", WITHOUT WARRANTY OF ANY KIND, EXPRESS OR
  15:Libs/cJSON/cJSON.c ****   IMPLIED, INCLUDING BUT NOT LIMITED TO THE WARRANTIES OF MERCHANTABILITY,
  16:Libs/cJSON/cJSON.c ****   FITNESS FOR A PARTICULAR PURPOSE AND NONINFRINGEMENT. IN NO EVENT SHALL THE
  17:Libs/cJSON/cJSON.c ****   AUTHORS OR COPYRIGHT HOLDERS BE LIABLE FOR ANY CLAIM, DAMAGES OR OTHER
  18:Libs/cJSON/cJSON.c ****   LIABILITY, WHETHER IN AN ACTION OF CONTRACT, TORT OR OTHERWISE, ARISING FROM,
  19:Libs/cJSON/cJSON.c ****   OUT OF OR IN CONNECTION WITH THE SOFTWARE OR THE USE OR OTHER DEALINGS IN
  20:Libs/cJSON/cJSON.c ****   THE SOFTWARE.
  21:Libs/cJSON/cJSON.c **** */
  22:Libs/cJSON/cJSON.c **** 
  23:Libs/cJSON/cJSON.c **** /* cJSON */
  24:Libs/cJSON/cJSON.c **** /* JSON parser in C. */
  25:Libs/cJSON/cJSON.c **** 
  26:Libs/cJSON/cJSON.c **** /* disable warnings about old C89 functions in MSVC */
  27:Libs/cJSON/cJSON.c **** #if !defined(_CRT_SECURE_NO_DEPRECATE) && defined(_MSC_VER)
  28:Libs/cJSON/cJSON.c **** #define _CRT_SECURE_NO_DEPRECATE
  29:Libs/cJSON/cJSON.c **** #endif
  30:Libs/cJSON/cJSON.c **** 
  31:Libs/cJSON/cJSON.c **** #ifdef __GNUC__
ARM GAS  C:\Users\nicx5\AppData\Local\Temp\ccUpawvI.s 			page 2


  32:Libs/cJSON/cJSON.c **** #pragma GCC visibility push(default)
  33:Libs/cJSON/cJSON.c **** #endif
  34:Libs/cJSON/cJSON.c **** #if defined(_MSC_VER)
  35:Libs/cJSON/cJSON.c **** #pragma warning (push)
  36:Libs/cJSON/cJSON.c **** /* disable warning about single line comments in system headers */
  37:Libs/cJSON/cJSON.c **** #pragma warning (disable : 4001)
  38:Libs/cJSON/cJSON.c **** #endif
  39:Libs/cJSON/cJSON.c **** 
  40:Libs/cJSON/cJSON.c **** #include <string.h>
  41:Libs/cJSON/cJSON.c **** #include <stdio.h>
  42:Libs/cJSON/cJSON.c **** #include <math.h>
  43:Libs/cJSON/cJSON.c **** #include <stdlib.h>
  44:Libs/cJSON/cJSON.c **** #include <limits.h>
  45:Libs/cJSON/cJSON.c **** #include <ctype.h>
  46:Libs/cJSON/cJSON.c **** #include <float.h>
  47:Libs/cJSON/cJSON.c **** 
  48:Libs/cJSON/cJSON.c **** #ifdef ENABLE_LOCALES
  49:Libs/cJSON/cJSON.c **** #include <locale.h>
  50:Libs/cJSON/cJSON.c **** #endif
  51:Libs/cJSON/cJSON.c **** 
  52:Libs/cJSON/cJSON.c **** #if defined(_MSC_VER)
  53:Libs/cJSON/cJSON.c **** #pragma warning (pop)
  54:Libs/cJSON/cJSON.c **** #endif
  55:Libs/cJSON/cJSON.c **** #ifdef __GNUC__
  56:Libs/cJSON/cJSON.c **** #pragma GCC visibility pop
  57:Libs/cJSON/cJSON.c **** #endif
  58:Libs/cJSON/cJSON.c **** 
  59:Libs/cJSON/cJSON.c **** #include "cJSON.h"
  60:Libs/cJSON/cJSON.c **** 
  61:Libs/cJSON/cJSON.c **** /* define our own boolean type */
  62:Libs/cJSON/cJSON.c **** #ifdef true
  63:Libs/cJSON/cJSON.c **** #undef true
  64:Libs/cJSON/cJSON.c **** #endif
  65:Libs/cJSON/cJSON.c **** #define true ((cJSON_bool)1)
  66:Libs/cJSON/cJSON.c **** 
  67:Libs/cJSON/cJSON.c **** #ifdef false
  68:Libs/cJSON/cJSON.c **** #undef false
  69:Libs/cJSON/cJSON.c **** #endif
  70:Libs/cJSON/cJSON.c **** #define false ((cJSON_bool)0)
  71:Libs/cJSON/cJSON.c **** 
  72:Libs/cJSON/cJSON.c **** /* define isnan and isinf for ANSI C, if in C99 or above, isnan and isinf has been defined in math.
  73:Libs/cJSON/cJSON.c **** #ifndef isinf
  74:Libs/cJSON/cJSON.c **** #define isinf(d) (isnan((d - d)) && !isnan(d))
  75:Libs/cJSON/cJSON.c **** #endif
  76:Libs/cJSON/cJSON.c **** #ifndef isnan
  77:Libs/cJSON/cJSON.c **** #define isnan(d) (d != d)
  78:Libs/cJSON/cJSON.c **** #endif
  79:Libs/cJSON/cJSON.c **** 
  80:Libs/cJSON/cJSON.c **** #ifndef NAN
  81:Libs/cJSON/cJSON.c **** #ifdef _WIN32
  82:Libs/cJSON/cJSON.c **** #define NAN sqrt(-1.0)
  83:Libs/cJSON/cJSON.c **** #else
  84:Libs/cJSON/cJSON.c **** #define NAN 0.0/0.0
  85:Libs/cJSON/cJSON.c **** #endif
  86:Libs/cJSON/cJSON.c **** #endif
  87:Libs/cJSON/cJSON.c **** 
  88:Libs/cJSON/cJSON.c **** typedef struct {
ARM GAS  C:\Users\nicx5\AppData\Local\Temp\ccUpawvI.s 			page 3


  89:Libs/cJSON/cJSON.c ****     const unsigned char *json;
  90:Libs/cJSON/cJSON.c ****     size_t position;
  91:Libs/cJSON/cJSON.c **** } error;
  92:Libs/cJSON/cJSON.c **** static error global_error = { NULL, 0 };
  93:Libs/cJSON/cJSON.c **** 
  94:Libs/cJSON/cJSON.c **** CJSON_PUBLIC(const char *) cJSON_GetErrorPtr(void)
  95:Libs/cJSON/cJSON.c **** {
  96:Libs/cJSON/cJSON.c ****     return (const char*) (global_error.json + global_error.position);
  97:Libs/cJSON/cJSON.c **** }
  98:Libs/cJSON/cJSON.c **** 
  99:Libs/cJSON/cJSON.c **** CJSON_PUBLIC(char *) cJSON_GetStringValue(const cJSON * const item)
 100:Libs/cJSON/cJSON.c **** {
 101:Libs/cJSON/cJSON.c ****     if (!cJSON_IsString(item))
 102:Libs/cJSON/cJSON.c ****     {
 103:Libs/cJSON/cJSON.c ****         return NULL;
 104:Libs/cJSON/cJSON.c ****     }
 105:Libs/cJSON/cJSON.c **** 
 106:Libs/cJSON/cJSON.c ****     return item->valuestring;
 107:Libs/cJSON/cJSON.c **** }
 108:Libs/cJSON/cJSON.c **** 
 109:Libs/cJSON/cJSON.c **** CJSON_PUBLIC(double) cJSON_GetNumberValue(const cJSON * const item)
 110:Libs/cJSON/cJSON.c **** {
 111:Libs/cJSON/cJSON.c ****     if (!cJSON_IsNumber(item))
 112:Libs/cJSON/cJSON.c ****     {
 113:Libs/cJSON/cJSON.c ****         return (double) NAN;
 114:Libs/cJSON/cJSON.c ****     }
 115:Libs/cJSON/cJSON.c **** 
 116:Libs/cJSON/cJSON.c ****     return item->valuedouble;
 117:Libs/cJSON/cJSON.c **** }
 118:Libs/cJSON/cJSON.c **** 
 119:Libs/cJSON/cJSON.c **** /* This is a safeguard to prevent copy-pasters from using incompatible C and header files */
 120:Libs/cJSON/cJSON.c **** #if (CJSON_VERSION_MAJOR != 1) || (CJSON_VERSION_MINOR != 7) || (CJSON_VERSION_PATCH != 18)
 121:Libs/cJSON/cJSON.c ****     #error cJSON.h and cJSON.c have different versions. Make sure that both have the same.
 122:Libs/cJSON/cJSON.c **** #endif
 123:Libs/cJSON/cJSON.c **** 
 124:Libs/cJSON/cJSON.c **** CJSON_PUBLIC(const char*) cJSON_Version(void)
 125:Libs/cJSON/cJSON.c **** {
 126:Libs/cJSON/cJSON.c ****     static char version[15];
 127:Libs/cJSON/cJSON.c ****     sprintf(version, "%i.%i.%i", CJSON_VERSION_MAJOR, CJSON_VERSION_MINOR, CJSON_VERSION_PATCH);
 128:Libs/cJSON/cJSON.c **** 
 129:Libs/cJSON/cJSON.c ****     return version;
 130:Libs/cJSON/cJSON.c **** }
 131:Libs/cJSON/cJSON.c **** 
 132:Libs/cJSON/cJSON.c **** /* Case insensitive string comparison, doesn't consider two NULL pointers equal though */
 133:Libs/cJSON/cJSON.c **** static int case_insensitive_strcmp(const unsigned char *string1, const unsigned char *string2)
 134:Libs/cJSON/cJSON.c **** {
  28              		.loc 1 134 1 view -0
  29              		.cfi_startproc
  30              		@ args = 0, pretend = 0, frame = 0
  31              		@ frame_needed = 0, uses_anonymous_args = 0
 135:Libs/cJSON/cJSON.c ****     if ((string1 == NULL) || (string2 == NULL))
  32              		.loc 1 135 5 view .LVU1
  33              		.loc 1 135 8 is_stmt 0 view .LVU2
  34 0000 0029     		cmp	r1, #0
  35 0002 18BF     		it	ne
  36 0004 0028     		cmpne	r0, #0
  37 0006 26D0     		beq	.L9
ARM GAS  C:\Users\nicx5\AppData\Local\Temp\ccUpawvI.s 			page 4


 134:Libs/cJSON/cJSON.c ****     if ((string1 == NULL) || (string2 == NULL))
  38              		.loc 1 134 1 view .LVU3
  39 0008 00B5     		push	{lr}
  40              	.LCFI0:
  41              		.cfi_def_cfa_offset 4
  42              		.cfi_offset 14, -4
  43 000a 8646     		mov	lr, r0
  44 000c 8C46     		mov	ip, r1
 136:Libs/cJSON/cJSON.c ****     {
 137:Libs/cJSON/cJSON.c ****         return 1;
 138:Libs/cJSON/cJSON.c ****     }
 139:Libs/cJSON/cJSON.c **** 
 140:Libs/cJSON/cJSON.c ****     if (string1 == string2)
  45              		.loc 1 140 5 is_stmt 1 view .LVU4
  46              		.loc 1 140 8 is_stmt 0 view .LVU5
  47 000e 8842     		cmp	r0, r1
  48 0010 0BD1     		bne	.L3
 141:Libs/cJSON/cJSON.c ****     {
 142:Libs/cJSON/cJSON.c ****         return 0;
  49              		.loc 1 142 16 view .LVU6
  50 0012 0020     		movs	r0, #0
  51              	.LVL1:
  52              		.loc 1 142 16 view .LVU7
  53 0014 1DE0     		b	.L1
  54              	.LVL2:
  55              	.L17:
  56              	.LBB2:
 143:Libs/cJSON/cJSON.c ****     }
 144:Libs/cJSON/cJSON.c **** 
 145:Libs/cJSON/cJSON.c ****     for(; tolower(*string1) == tolower(*string2); (void)string1++, string2++)
  57              		.loc 1 145 11 discriminator 2 view .LVU8
  58 0016 01F12000 		add	r0, r1, #32
  59 001a 0FE0     		b	.L5
  60              	.LVL3:
  61              	.L7:
  62              		.loc 1 145 11 discriminator 2 view .LVU9
  63              	.LBE2:
  64              		.loc 1 145 29 discriminator 9 view .LVU10
  65 001c 9842     		cmp	r0, r3
  66 001e 17D1     		bne	.L16
 146:Libs/cJSON/cJSON.c ****     {
 147:Libs/cJSON/cJSON.c ****         if (*string1 == '\0')
  67              		.loc 1 147 9 is_stmt 1 view .LVU11
  68              		.loc 1 147 12 is_stmt 0 view .LVU12
  69 0020 D9B1     		cbz	r1, .L11
 145:Libs/cJSON/cJSON.c ****     {
  70              		.loc 1 145 66 is_stmt 1 view .LVU13
 145:Libs/cJSON/cJSON.c ****     {
  71              		.loc 1 145 51 is_stmt 0 view .LVU14
  72 0022 0EF1010E 		add	lr, lr, #1
  73              	.LVL4:
 145:Libs/cJSON/cJSON.c ****     {
  74              		.loc 1 145 75 view .LVU15
  75 0026 0CF1010C 		add	ip, ip, #1
  76              	.LVL5:
  77              	.L3:
 145:Libs/cJSON/cJSON.c ****     {
ARM GAS  C:\Users\nicx5\AppData\Local\Temp\ccUpawvI.s 			page 5


  78              		.loc 1 145 29 is_stmt 1 discriminator 1 view .LVU16
  79              	.LBB3:
 145:Libs/cJSON/cJSON.c ****     {
  80              		.loc 1 145 11 discriminator 1 view .LVU17
  81 002a 9EF80010 		ldrb	r1, [lr]	@ zero_extendqisi2
  82              	.LVL6:
 145:Libs/cJSON/cJSON.c ****     {
  83              		.loc 1 145 11 discriminator 1 view .LVU18
  84 002e 0C4B     		ldr	r3, .L18
  85 0030 5B5C     		ldrb	r3, [r3, r1]	@ zero_extendqisi2
  86 0032 03F00303 		and	r3, r3, #3
  87 0036 012B     		cmp	r3, #1
  88 0038 EDD0     		beq	.L17
 145:Libs/cJSON/cJSON.c ****     {
  89              		.loc 1 145 11 is_stmt 0 discriminator 3 view .LVU19
  90 003a 0846     		mov	r0, r1
  91              	.L5:
 145:Libs/cJSON/cJSON.c ****     {
  92              		.loc 1 145 11 discriminator 3 view .LVU20
  93              	.LBE3:
  94              	.LBB4:
 145:Libs/cJSON/cJSON.c ****     {
  95              		.loc 1 145 32 is_stmt 1 discriminator 5 view .LVU21
  96 003c 9CF80030 		ldrb	r3, [ip]	@ zero_extendqisi2
  97              	.LVL7:
 145:Libs/cJSON/cJSON.c ****     {
  98              		.loc 1 145 32 discriminator 5 view .LVU22
  99 0040 074A     		ldr	r2, .L18
 100 0042 D25C     		ldrb	r2, [r2, r3]	@ zero_extendqisi2
 101 0044 02F00302 		and	r2, r2, #3
 102 0048 012A     		cmp	r2, #1
 103 004a E7D1     		bne	.L7
 145:Libs/cJSON/cJSON.c ****     {
 104              		.loc 1 145 32 is_stmt 0 discriminator 6 view .LVU23
 105 004c 2033     		adds	r3, r3, #32
 106              	.LVL8:
 145:Libs/cJSON/cJSON.c ****     {
 107              		.loc 1 145 32 discriminator 6 view .LVU24
 108 004e E5E7     		b	.L7
 109              	.LVL9:
 110              	.L16:
 145:Libs/cJSON/cJSON.c ****     {
 111              		.loc 1 145 32 discriminator 6 view .LVU25
 112              	.LBE4:
 148:Libs/cJSON/cJSON.c ****         {
 149:Libs/cJSON/cJSON.c ****             return 0;
 150:Libs/cJSON/cJSON.c ****         }
 151:Libs/cJSON/cJSON.c ****     }
 152:Libs/cJSON/cJSON.c **** 
 153:Libs/cJSON/cJSON.c ****     return tolower(*string1) - tolower(*string2);
 113              		.loc 1 153 5 is_stmt 1 view .LVU26
 114              		.loc 1 153 12 view .LVU27
 115              		.loc 1 153 12 view .LVU28
 116              		.loc 1 153 32 discriminator 4 view .LVU29
 117              		.loc 1 153 32 discriminator 4 view .LVU30
 118              		.loc 1 153 30 is_stmt 0 discriminator 8 view .LVU31
 119 0050 C01A     		subs	r0, r0, r3
ARM GAS  C:\Users\nicx5\AppData\Local\Temp\ccUpawvI.s 			page 6


 120              	.LVL10:
 121              	.L1:
 154:Libs/cJSON/cJSON.c **** }
 122              		.loc 1 154 1 view .LVU32
 123 0052 5DF804FB 		ldr	pc, [sp], #4
 124              	.LVL11:
 125              	.L9:
 126              	.LCFI1:
 127              		.cfi_def_cfa_offset 0
 128              		.cfi_restore 14
 137:Libs/cJSON/cJSON.c ****     }
 129              		.loc 1 137 16 view .LVU33
 130 0056 0120     		movs	r0, #1
 131              	.LVL12:
 132              		.loc 1 154 1 view .LVU34
 133 0058 7047     		bx	lr
 134              	.LVL13:
 135              	.L11:
 136              	.LCFI2:
 137              		.cfi_def_cfa_offset 4
 138              		.cfi_offset 14, -4
 149:Libs/cJSON/cJSON.c ****         }
 139              		.loc 1 149 20 view .LVU35
 140 005a 0020     		movs	r0, #0
 141 005c F9E7     		b	.L1
 142              	.L19:
 143 005e 00BF     		.align	2
 144              	.L18:
 145 0060 01000000 		.word	_ctype_+1
 146              		.cfi_endproc
 147              	.LFE8:
 149              		.section	.text.get_decimal_point,"ax",%progbits
 150              		.align	1
 151              		.syntax unified
 152              		.thumb
 153              		.thumb_func
 155              	get_decimal_point:
 156              	.LFB13:
 155:Libs/cJSON/cJSON.c **** 
 156:Libs/cJSON/cJSON.c **** typedef struct internal_hooks
 157:Libs/cJSON/cJSON.c **** {
 158:Libs/cJSON/cJSON.c ****     void *(CJSON_CDECL *allocate)(size_t size);
 159:Libs/cJSON/cJSON.c ****     void (CJSON_CDECL *deallocate)(void *pointer);
 160:Libs/cJSON/cJSON.c ****     void *(CJSON_CDECL *reallocate)(void *pointer, size_t size);
 161:Libs/cJSON/cJSON.c **** } internal_hooks;
 162:Libs/cJSON/cJSON.c **** 
 163:Libs/cJSON/cJSON.c **** #if defined(_MSC_VER)
 164:Libs/cJSON/cJSON.c **** /* work around MSVC error C2322: '...' address of dllimport '...' is not static */
 165:Libs/cJSON/cJSON.c **** static void * CJSON_CDECL internal_malloc(size_t size)
 166:Libs/cJSON/cJSON.c **** {
 167:Libs/cJSON/cJSON.c ****     return malloc(size);
 168:Libs/cJSON/cJSON.c **** }
 169:Libs/cJSON/cJSON.c **** static void CJSON_CDECL internal_free(void *pointer)
 170:Libs/cJSON/cJSON.c **** {
 171:Libs/cJSON/cJSON.c ****     free(pointer);
 172:Libs/cJSON/cJSON.c **** }
 173:Libs/cJSON/cJSON.c **** static void * CJSON_CDECL internal_realloc(void *pointer, size_t size)
ARM GAS  C:\Users\nicx5\AppData\Local\Temp\ccUpawvI.s 			page 7


 174:Libs/cJSON/cJSON.c **** {
 175:Libs/cJSON/cJSON.c ****     return realloc(pointer, size);
 176:Libs/cJSON/cJSON.c **** }
 177:Libs/cJSON/cJSON.c **** #else
 178:Libs/cJSON/cJSON.c **** #define internal_malloc malloc
 179:Libs/cJSON/cJSON.c **** #define internal_free free
 180:Libs/cJSON/cJSON.c **** #define internal_realloc realloc
 181:Libs/cJSON/cJSON.c **** #endif
 182:Libs/cJSON/cJSON.c **** 
 183:Libs/cJSON/cJSON.c **** /* strlen of character literals resolved at compile time */
 184:Libs/cJSON/cJSON.c **** #define static_strlen(string_literal) (sizeof(string_literal) - sizeof(""))
 185:Libs/cJSON/cJSON.c **** 
 186:Libs/cJSON/cJSON.c **** static internal_hooks global_hooks = { internal_malloc, internal_free, internal_realloc };
 187:Libs/cJSON/cJSON.c **** 
 188:Libs/cJSON/cJSON.c **** static unsigned char* cJSON_strdup(const unsigned char* string, const internal_hooks * const hooks)
 189:Libs/cJSON/cJSON.c **** {
 190:Libs/cJSON/cJSON.c ****     size_t length = 0;
 191:Libs/cJSON/cJSON.c ****     unsigned char *copy = NULL;
 192:Libs/cJSON/cJSON.c **** 
 193:Libs/cJSON/cJSON.c ****     if (string == NULL)
 194:Libs/cJSON/cJSON.c ****     {
 195:Libs/cJSON/cJSON.c ****         return NULL;
 196:Libs/cJSON/cJSON.c ****     }
 197:Libs/cJSON/cJSON.c **** 
 198:Libs/cJSON/cJSON.c ****     length = strlen((const char*)string) + sizeof("");
 199:Libs/cJSON/cJSON.c ****     copy = (unsigned char*)hooks->allocate(length);
 200:Libs/cJSON/cJSON.c ****     if (copy == NULL)
 201:Libs/cJSON/cJSON.c ****     {
 202:Libs/cJSON/cJSON.c ****         return NULL;
 203:Libs/cJSON/cJSON.c ****     }
 204:Libs/cJSON/cJSON.c ****     memcpy(copy, string, length);
 205:Libs/cJSON/cJSON.c **** 
 206:Libs/cJSON/cJSON.c ****     return copy;
 207:Libs/cJSON/cJSON.c **** }
 208:Libs/cJSON/cJSON.c **** 
 209:Libs/cJSON/cJSON.c **** CJSON_PUBLIC(void) cJSON_InitHooks(cJSON_Hooks* hooks)
 210:Libs/cJSON/cJSON.c **** {
 211:Libs/cJSON/cJSON.c ****     if (hooks == NULL)
 212:Libs/cJSON/cJSON.c ****     {
 213:Libs/cJSON/cJSON.c ****         /* Reset hooks */
 214:Libs/cJSON/cJSON.c ****         global_hooks.allocate = malloc;
 215:Libs/cJSON/cJSON.c ****         global_hooks.deallocate = free;
 216:Libs/cJSON/cJSON.c ****         global_hooks.reallocate = realloc;
 217:Libs/cJSON/cJSON.c ****         return;
 218:Libs/cJSON/cJSON.c ****     }
 219:Libs/cJSON/cJSON.c **** 
 220:Libs/cJSON/cJSON.c ****     global_hooks.allocate = malloc;
 221:Libs/cJSON/cJSON.c ****     if (hooks->malloc_fn != NULL)
 222:Libs/cJSON/cJSON.c ****     {
 223:Libs/cJSON/cJSON.c ****         global_hooks.allocate = hooks->malloc_fn;
 224:Libs/cJSON/cJSON.c ****     }
 225:Libs/cJSON/cJSON.c **** 
 226:Libs/cJSON/cJSON.c ****     global_hooks.deallocate = free;
 227:Libs/cJSON/cJSON.c ****     if (hooks->free_fn != NULL)
 228:Libs/cJSON/cJSON.c ****     {
 229:Libs/cJSON/cJSON.c ****         global_hooks.deallocate = hooks->free_fn;
 230:Libs/cJSON/cJSON.c ****     }
ARM GAS  C:\Users\nicx5\AppData\Local\Temp\ccUpawvI.s 			page 8


 231:Libs/cJSON/cJSON.c **** 
 232:Libs/cJSON/cJSON.c ****     /* use realloc only if both free and malloc are used */
 233:Libs/cJSON/cJSON.c ****     global_hooks.reallocate = NULL;
 234:Libs/cJSON/cJSON.c ****     if ((global_hooks.allocate == malloc) && (global_hooks.deallocate == free))
 235:Libs/cJSON/cJSON.c ****     {
 236:Libs/cJSON/cJSON.c ****         global_hooks.reallocate = realloc;
 237:Libs/cJSON/cJSON.c ****     }
 238:Libs/cJSON/cJSON.c **** }
 239:Libs/cJSON/cJSON.c **** 
 240:Libs/cJSON/cJSON.c **** /* Internal constructor. */
 241:Libs/cJSON/cJSON.c **** static cJSON *cJSON_New_Item(const internal_hooks * const hooks)
 242:Libs/cJSON/cJSON.c **** {
 243:Libs/cJSON/cJSON.c ****     cJSON* node = (cJSON*)hooks->allocate(sizeof(cJSON));
 244:Libs/cJSON/cJSON.c ****     if (node)
 245:Libs/cJSON/cJSON.c ****     {
 246:Libs/cJSON/cJSON.c ****         memset(node, '\0', sizeof(cJSON));
 247:Libs/cJSON/cJSON.c ****     }
 248:Libs/cJSON/cJSON.c **** 
 249:Libs/cJSON/cJSON.c ****     return node;
 250:Libs/cJSON/cJSON.c **** }
 251:Libs/cJSON/cJSON.c **** 
 252:Libs/cJSON/cJSON.c **** /* Delete a cJSON structure. */
 253:Libs/cJSON/cJSON.c **** CJSON_PUBLIC(void) cJSON_Delete(cJSON *item)
 254:Libs/cJSON/cJSON.c **** {
 255:Libs/cJSON/cJSON.c ****     cJSON *next = NULL;
 256:Libs/cJSON/cJSON.c ****     while (item != NULL)
 257:Libs/cJSON/cJSON.c ****     {
 258:Libs/cJSON/cJSON.c ****         next = item->next;
 259:Libs/cJSON/cJSON.c ****         if (!(item->type & cJSON_IsReference) && (item->child != NULL))
 260:Libs/cJSON/cJSON.c ****         {
 261:Libs/cJSON/cJSON.c ****             cJSON_Delete(item->child);
 262:Libs/cJSON/cJSON.c ****         }
 263:Libs/cJSON/cJSON.c ****         if (!(item->type & cJSON_IsReference) && (item->valuestring != NULL))
 264:Libs/cJSON/cJSON.c ****         {
 265:Libs/cJSON/cJSON.c ****             global_hooks.deallocate(item->valuestring);
 266:Libs/cJSON/cJSON.c ****             item->valuestring = NULL;
 267:Libs/cJSON/cJSON.c ****         }
 268:Libs/cJSON/cJSON.c ****         if (!(item->type & cJSON_StringIsConst) && (item->string != NULL))
 269:Libs/cJSON/cJSON.c ****         {
 270:Libs/cJSON/cJSON.c ****             global_hooks.deallocate(item->string);
 271:Libs/cJSON/cJSON.c ****             item->string = NULL;
 272:Libs/cJSON/cJSON.c ****         }
 273:Libs/cJSON/cJSON.c ****         global_hooks.deallocate(item);
 274:Libs/cJSON/cJSON.c ****         item = next;
 275:Libs/cJSON/cJSON.c ****     }
 276:Libs/cJSON/cJSON.c **** }
 277:Libs/cJSON/cJSON.c **** 
 278:Libs/cJSON/cJSON.c **** /* get the decimal point character of the current locale */
 279:Libs/cJSON/cJSON.c **** static unsigned char get_decimal_point(void)
 280:Libs/cJSON/cJSON.c **** {
 157              		.loc 1 280 1 is_stmt 1 view -0
 158              		.cfi_startproc
 159              		@ args = 0, pretend = 0, frame = 0
 160              		@ frame_needed = 0, uses_anonymous_args = 0
 161              		@ link register save eliminated.
 281:Libs/cJSON/cJSON.c **** #ifdef ENABLE_LOCALES
 282:Libs/cJSON/cJSON.c ****     struct lconv *lconv = localeconv();
ARM GAS  C:\Users\nicx5\AppData\Local\Temp\ccUpawvI.s 			page 9


 283:Libs/cJSON/cJSON.c ****     return (unsigned char) lconv->decimal_point[0];
 284:Libs/cJSON/cJSON.c **** #else
 285:Libs/cJSON/cJSON.c ****     return '.';
 162              		.loc 1 285 5 view .LVU37
 286:Libs/cJSON/cJSON.c **** #endif
 287:Libs/cJSON/cJSON.c **** }
 163              		.loc 1 287 1 is_stmt 0 view .LVU38
 164 0000 2E20     		movs	r0, #46
 165 0002 7047     		bx	lr
 166              		.cfi_endproc
 167              	.LFE13:
 169              		.section	.text.compare_double,"ax",%progbits
 170              		.align	1
 171              		.syntax unified
 172              		.thumb
 173              		.thumb_func
 175              	compare_double:
 176              	.LVL14:
 177              	.LFB19:
 288:Libs/cJSON/cJSON.c **** 
 289:Libs/cJSON/cJSON.c **** typedef struct
 290:Libs/cJSON/cJSON.c **** {
 291:Libs/cJSON/cJSON.c ****     const unsigned char *content;
 292:Libs/cJSON/cJSON.c ****     size_t length;
 293:Libs/cJSON/cJSON.c ****     size_t offset;
 294:Libs/cJSON/cJSON.c ****     size_t depth; /* How deeply nested (in arrays/objects) is the input at the current offset. */
 295:Libs/cJSON/cJSON.c ****     internal_hooks hooks;
 296:Libs/cJSON/cJSON.c **** } parse_buffer;
 297:Libs/cJSON/cJSON.c **** 
 298:Libs/cJSON/cJSON.c **** /* check if the given size is left to read in a given parse buffer (starting with 1) */
 299:Libs/cJSON/cJSON.c **** #define can_read(buffer, size) ((buffer != NULL) && (((buffer)->offset + size) <= (buffer)->length)
 300:Libs/cJSON/cJSON.c **** /* check if the buffer can be accessed at the given index (starting with 0) */
 301:Libs/cJSON/cJSON.c **** #define can_access_at_index(buffer, index) ((buffer != NULL) && (((buffer)->offset + index) < (buff
 302:Libs/cJSON/cJSON.c **** #define cannot_access_at_index(buffer, index) (!can_access_at_index(buffer, index))
 303:Libs/cJSON/cJSON.c **** /* get a pointer to the buffer at the position */
 304:Libs/cJSON/cJSON.c **** #define buffer_at_offset(buffer) ((buffer)->content + (buffer)->offset)
 305:Libs/cJSON/cJSON.c **** 
 306:Libs/cJSON/cJSON.c **** /* Parse the input text to generate a number, and populate the result into item. */
 307:Libs/cJSON/cJSON.c **** static cJSON_bool parse_number(cJSON * const item, parse_buffer * const input_buffer)
 308:Libs/cJSON/cJSON.c **** {
 309:Libs/cJSON/cJSON.c ****     double number = 0;
 310:Libs/cJSON/cJSON.c ****     unsigned char *after_end = NULL;
 311:Libs/cJSON/cJSON.c ****     unsigned char number_c_string[64];
 312:Libs/cJSON/cJSON.c ****     unsigned char decimal_point = get_decimal_point();
 313:Libs/cJSON/cJSON.c ****     size_t i = 0;
 314:Libs/cJSON/cJSON.c **** 
 315:Libs/cJSON/cJSON.c ****     if ((input_buffer == NULL) || (input_buffer->content == NULL))
 316:Libs/cJSON/cJSON.c ****     {
 317:Libs/cJSON/cJSON.c ****         return false;
 318:Libs/cJSON/cJSON.c ****     }
 319:Libs/cJSON/cJSON.c **** 
 320:Libs/cJSON/cJSON.c ****     /* copy the number into a temporary buffer and replace '.' with the decimal point
 321:Libs/cJSON/cJSON.c ****      * of the current locale (for strtod)
 322:Libs/cJSON/cJSON.c ****      * This also takes care of '\0' not necessarily being available for marking the end of the inpu
 323:Libs/cJSON/cJSON.c ****     for (i = 0; (i < (sizeof(number_c_string) - 1)) && can_access_at_index(input_buffer, i); i++)
 324:Libs/cJSON/cJSON.c ****     {
 325:Libs/cJSON/cJSON.c ****         switch (buffer_at_offset(input_buffer)[i])
ARM GAS  C:\Users\nicx5\AppData\Local\Temp\ccUpawvI.s 			page 10


 326:Libs/cJSON/cJSON.c ****         {
 327:Libs/cJSON/cJSON.c ****             case '0':
 328:Libs/cJSON/cJSON.c ****             case '1':
 329:Libs/cJSON/cJSON.c ****             case '2':
 330:Libs/cJSON/cJSON.c ****             case '3':
 331:Libs/cJSON/cJSON.c ****             case '4':
 332:Libs/cJSON/cJSON.c ****             case '5':
 333:Libs/cJSON/cJSON.c ****             case '6':
 334:Libs/cJSON/cJSON.c ****             case '7':
 335:Libs/cJSON/cJSON.c ****             case '8':
 336:Libs/cJSON/cJSON.c ****             case '9':
 337:Libs/cJSON/cJSON.c ****             case '+':
 338:Libs/cJSON/cJSON.c ****             case '-':
 339:Libs/cJSON/cJSON.c ****             case 'e':
 340:Libs/cJSON/cJSON.c ****             case 'E':
 341:Libs/cJSON/cJSON.c ****                 number_c_string[i] = buffer_at_offset(input_buffer)[i];
 342:Libs/cJSON/cJSON.c ****                 break;
 343:Libs/cJSON/cJSON.c **** 
 344:Libs/cJSON/cJSON.c ****             case '.':
 345:Libs/cJSON/cJSON.c ****                 number_c_string[i] = decimal_point;
 346:Libs/cJSON/cJSON.c ****                 break;
 347:Libs/cJSON/cJSON.c **** 
 348:Libs/cJSON/cJSON.c ****             default:
 349:Libs/cJSON/cJSON.c ****                 goto loop_end;
 350:Libs/cJSON/cJSON.c ****         }
 351:Libs/cJSON/cJSON.c ****     }
 352:Libs/cJSON/cJSON.c **** loop_end:
 353:Libs/cJSON/cJSON.c ****     number_c_string[i] = '\0';
 354:Libs/cJSON/cJSON.c **** 
 355:Libs/cJSON/cJSON.c ****     number = strtod((const char*)number_c_string, (char**)&after_end);
 356:Libs/cJSON/cJSON.c ****     if (number_c_string == after_end)
 357:Libs/cJSON/cJSON.c ****     {
 358:Libs/cJSON/cJSON.c ****         return false; /* parse_error */
 359:Libs/cJSON/cJSON.c ****     }
 360:Libs/cJSON/cJSON.c **** 
 361:Libs/cJSON/cJSON.c ****     item->valuedouble = number;
 362:Libs/cJSON/cJSON.c **** 
 363:Libs/cJSON/cJSON.c ****     /* use saturation in case of overflow */
 364:Libs/cJSON/cJSON.c ****     if (number >= INT_MAX)
 365:Libs/cJSON/cJSON.c ****     {
 366:Libs/cJSON/cJSON.c ****         item->valueint = INT_MAX;
 367:Libs/cJSON/cJSON.c ****     }
 368:Libs/cJSON/cJSON.c ****     else if (number <= (double)INT_MIN)
 369:Libs/cJSON/cJSON.c ****     {
 370:Libs/cJSON/cJSON.c ****         item->valueint = INT_MIN;
 371:Libs/cJSON/cJSON.c ****     }
 372:Libs/cJSON/cJSON.c ****     else
 373:Libs/cJSON/cJSON.c ****     {
 374:Libs/cJSON/cJSON.c ****         item->valueint = (int)number;
 375:Libs/cJSON/cJSON.c ****     }
 376:Libs/cJSON/cJSON.c **** 
 377:Libs/cJSON/cJSON.c ****     item->type = cJSON_Number;
 378:Libs/cJSON/cJSON.c **** 
 379:Libs/cJSON/cJSON.c ****     input_buffer->offset += (size_t)(after_end - number_c_string);
 380:Libs/cJSON/cJSON.c ****     return true;
 381:Libs/cJSON/cJSON.c **** }
 382:Libs/cJSON/cJSON.c **** 
ARM GAS  C:\Users\nicx5\AppData\Local\Temp\ccUpawvI.s 			page 11


 383:Libs/cJSON/cJSON.c **** /* don't ask me, but the original cJSON_SetNumberValue returns an integer or double */
 384:Libs/cJSON/cJSON.c **** CJSON_PUBLIC(double) cJSON_SetNumberHelper(cJSON *object, double number)
 385:Libs/cJSON/cJSON.c **** {
 386:Libs/cJSON/cJSON.c ****     if (number >= INT_MAX)
 387:Libs/cJSON/cJSON.c ****     {
 388:Libs/cJSON/cJSON.c ****         object->valueint = INT_MAX;
 389:Libs/cJSON/cJSON.c ****     }
 390:Libs/cJSON/cJSON.c ****     else if (number <= (double)INT_MIN)
 391:Libs/cJSON/cJSON.c ****     {
 392:Libs/cJSON/cJSON.c ****         object->valueint = INT_MIN;
 393:Libs/cJSON/cJSON.c ****     }
 394:Libs/cJSON/cJSON.c ****     else
 395:Libs/cJSON/cJSON.c ****     {
 396:Libs/cJSON/cJSON.c ****         object->valueint = (int)number;
 397:Libs/cJSON/cJSON.c ****     }
 398:Libs/cJSON/cJSON.c **** 
 399:Libs/cJSON/cJSON.c ****     return object->valuedouble = number;
 400:Libs/cJSON/cJSON.c **** }
 401:Libs/cJSON/cJSON.c **** 
 402:Libs/cJSON/cJSON.c **** /* Note: when passing a NULL valuestring, cJSON_SetValuestring treats this as an error and return N
 403:Libs/cJSON/cJSON.c **** CJSON_PUBLIC(char*) cJSON_SetValuestring(cJSON *object, const char *valuestring)
 404:Libs/cJSON/cJSON.c **** {
 405:Libs/cJSON/cJSON.c ****     char *copy = NULL;
 406:Libs/cJSON/cJSON.c ****     size_t v1_len;
 407:Libs/cJSON/cJSON.c ****     size_t v2_len;
 408:Libs/cJSON/cJSON.c ****     /* if object's type is not cJSON_String or is cJSON_IsReference, it should not set valuestring 
 409:Libs/cJSON/cJSON.c ****     if ((object == NULL) || !(object->type & cJSON_String) || (object->type & cJSON_IsReference))
 410:Libs/cJSON/cJSON.c ****     {
 411:Libs/cJSON/cJSON.c ****         return NULL;
 412:Libs/cJSON/cJSON.c ****     }
 413:Libs/cJSON/cJSON.c ****     /* return NULL if the object is corrupted or valuestring is NULL */
 414:Libs/cJSON/cJSON.c ****     if (object->valuestring == NULL || valuestring == NULL)
 415:Libs/cJSON/cJSON.c ****     {
 416:Libs/cJSON/cJSON.c ****         return NULL;
 417:Libs/cJSON/cJSON.c ****     }
 418:Libs/cJSON/cJSON.c **** 
 419:Libs/cJSON/cJSON.c ****     v1_len = strlen(valuestring);
 420:Libs/cJSON/cJSON.c ****     v2_len = strlen(object->valuestring);
 421:Libs/cJSON/cJSON.c **** 
 422:Libs/cJSON/cJSON.c ****     if (v1_len <= v2_len)
 423:Libs/cJSON/cJSON.c ****     {
 424:Libs/cJSON/cJSON.c ****         /* strcpy does not handle overlapping string: [X1, X2] [Y1, Y2] => X2 < Y1 or Y2 < X1 */
 425:Libs/cJSON/cJSON.c ****         if (!( valuestring + v1_len < object->valuestring || object->valuestring + v2_len < valuest
 426:Libs/cJSON/cJSON.c ****         {
 427:Libs/cJSON/cJSON.c ****             return NULL;
 428:Libs/cJSON/cJSON.c ****         }
 429:Libs/cJSON/cJSON.c ****         strcpy(object->valuestring, valuestring);
 430:Libs/cJSON/cJSON.c ****         return object->valuestring;
 431:Libs/cJSON/cJSON.c ****     }
 432:Libs/cJSON/cJSON.c ****     copy = (char*) cJSON_strdup((const unsigned char*)valuestring, &global_hooks);
 433:Libs/cJSON/cJSON.c ****     if (copy == NULL)
 434:Libs/cJSON/cJSON.c ****     {
 435:Libs/cJSON/cJSON.c ****         return NULL;
 436:Libs/cJSON/cJSON.c ****     }
 437:Libs/cJSON/cJSON.c ****     if (object->valuestring != NULL)
 438:Libs/cJSON/cJSON.c ****     {
 439:Libs/cJSON/cJSON.c ****         cJSON_free(object->valuestring);
ARM GAS  C:\Users\nicx5\AppData\Local\Temp\ccUpawvI.s 			page 12


 440:Libs/cJSON/cJSON.c ****     }
 441:Libs/cJSON/cJSON.c ****     object->valuestring = copy;
 442:Libs/cJSON/cJSON.c **** 
 443:Libs/cJSON/cJSON.c ****     return copy;
 444:Libs/cJSON/cJSON.c **** }
 445:Libs/cJSON/cJSON.c **** 
 446:Libs/cJSON/cJSON.c **** typedef struct
 447:Libs/cJSON/cJSON.c **** {
 448:Libs/cJSON/cJSON.c ****     unsigned char *buffer;
 449:Libs/cJSON/cJSON.c ****     size_t length;
 450:Libs/cJSON/cJSON.c ****     size_t offset;
 451:Libs/cJSON/cJSON.c ****     size_t depth; /* current nesting depth (for formatted printing) */
 452:Libs/cJSON/cJSON.c ****     cJSON_bool noalloc;
 453:Libs/cJSON/cJSON.c ****     cJSON_bool format; /* is this print a formatted print */
 454:Libs/cJSON/cJSON.c ****     internal_hooks hooks;
 455:Libs/cJSON/cJSON.c **** } printbuffer;
 456:Libs/cJSON/cJSON.c **** 
 457:Libs/cJSON/cJSON.c **** /* realloc printbuffer if necessary to have at least "needed" bytes more */
 458:Libs/cJSON/cJSON.c **** static unsigned char* ensure(printbuffer * const p, size_t needed)
 459:Libs/cJSON/cJSON.c **** {
 460:Libs/cJSON/cJSON.c ****     unsigned char *newbuffer = NULL;
 461:Libs/cJSON/cJSON.c ****     size_t newsize = 0;
 462:Libs/cJSON/cJSON.c **** 
 463:Libs/cJSON/cJSON.c ****     if ((p == NULL) || (p->buffer == NULL))
 464:Libs/cJSON/cJSON.c ****     {
 465:Libs/cJSON/cJSON.c ****         return NULL;
 466:Libs/cJSON/cJSON.c ****     }
 467:Libs/cJSON/cJSON.c **** 
 468:Libs/cJSON/cJSON.c ****     if ((p->length > 0) && (p->offset >= p->length))
 469:Libs/cJSON/cJSON.c ****     {
 470:Libs/cJSON/cJSON.c ****         /* make sure that offset is valid */
 471:Libs/cJSON/cJSON.c ****         return NULL;
 472:Libs/cJSON/cJSON.c ****     }
 473:Libs/cJSON/cJSON.c **** 
 474:Libs/cJSON/cJSON.c ****     if (needed > INT_MAX)
 475:Libs/cJSON/cJSON.c ****     {
 476:Libs/cJSON/cJSON.c ****         /* sizes bigger than INT_MAX are currently not supported */
 477:Libs/cJSON/cJSON.c ****         return NULL;
 478:Libs/cJSON/cJSON.c ****     }
 479:Libs/cJSON/cJSON.c **** 
 480:Libs/cJSON/cJSON.c ****     needed += p->offset + 1;
 481:Libs/cJSON/cJSON.c ****     if (needed <= p->length)
 482:Libs/cJSON/cJSON.c ****     {
 483:Libs/cJSON/cJSON.c ****         return p->buffer + p->offset;
 484:Libs/cJSON/cJSON.c ****     }
 485:Libs/cJSON/cJSON.c **** 
 486:Libs/cJSON/cJSON.c ****     if (p->noalloc) {
 487:Libs/cJSON/cJSON.c ****         return NULL;
 488:Libs/cJSON/cJSON.c ****     }
 489:Libs/cJSON/cJSON.c **** 
 490:Libs/cJSON/cJSON.c ****     /* calculate new buffer size */
 491:Libs/cJSON/cJSON.c ****     if (needed > (INT_MAX / 2))
 492:Libs/cJSON/cJSON.c ****     {
 493:Libs/cJSON/cJSON.c ****         /* overflow of int, use INT_MAX if possible */
 494:Libs/cJSON/cJSON.c ****         if (needed <= INT_MAX)
 495:Libs/cJSON/cJSON.c ****         {
 496:Libs/cJSON/cJSON.c ****             newsize = INT_MAX;
ARM GAS  C:\Users\nicx5\AppData\Local\Temp\ccUpawvI.s 			page 13


 497:Libs/cJSON/cJSON.c ****         }
 498:Libs/cJSON/cJSON.c ****         else
 499:Libs/cJSON/cJSON.c ****         {
 500:Libs/cJSON/cJSON.c ****             return NULL;
 501:Libs/cJSON/cJSON.c ****         }
 502:Libs/cJSON/cJSON.c ****     }
 503:Libs/cJSON/cJSON.c ****     else
 504:Libs/cJSON/cJSON.c ****     {
 505:Libs/cJSON/cJSON.c ****         newsize = needed * 2;
 506:Libs/cJSON/cJSON.c ****     }
 507:Libs/cJSON/cJSON.c **** 
 508:Libs/cJSON/cJSON.c ****     if (p->hooks.reallocate != NULL)
 509:Libs/cJSON/cJSON.c ****     {
 510:Libs/cJSON/cJSON.c ****         /* reallocate with realloc if available */
 511:Libs/cJSON/cJSON.c ****         newbuffer = (unsigned char*)p->hooks.reallocate(p->buffer, newsize);
 512:Libs/cJSON/cJSON.c ****         if (newbuffer == NULL)
 513:Libs/cJSON/cJSON.c ****         {
 514:Libs/cJSON/cJSON.c ****             p->hooks.deallocate(p->buffer);
 515:Libs/cJSON/cJSON.c ****             p->length = 0;
 516:Libs/cJSON/cJSON.c ****             p->buffer = NULL;
 517:Libs/cJSON/cJSON.c **** 
 518:Libs/cJSON/cJSON.c ****             return NULL;
 519:Libs/cJSON/cJSON.c ****         }
 520:Libs/cJSON/cJSON.c ****     }
 521:Libs/cJSON/cJSON.c ****     else
 522:Libs/cJSON/cJSON.c ****     {
 523:Libs/cJSON/cJSON.c ****         /* otherwise reallocate manually */
 524:Libs/cJSON/cJSON.c ****         newbuffer = (unsigned char*)p->hooks.allocate(newsize);
 525:Libs/cJSON/cJSON.c ****         if (!newbuffer)
 526:Libs/cJSON/cJSON.c ****         {
 527:Libs/cJSON/cJSON.c ****             p->hooks.deallocate(p->buffer);
 528:Libs/cJSON/cJSON.c ****             p->length = 0;
 529:Libs/cJSON/cJSON.c ****             p->buffer = NULL;
 530:Libs/cJSON/cJSON.c **** 
 531:Libs/cJSON/cJSON.c ****             return NULL;
 532:Libs/cJSON/cJSON.c ****         }
 533:Libs/cJSON/cJSON.c **** 
 534:Libs/cJSON/cJSON.c ****         memcpy(newbuffer, p->buffer, p->offset + 1);
 535:Libs/cJSON/cJSON.c ****         p->hooks.deallocate(p->buffer);
 536:Libs/cJSON/cJSON.c ****     }
 537:Libs/cJSON/cJSON.c ****     p->length = newsize;
 538:Libs/cJSON/cJSON.c ****     p->buffer = newbuffer;
 539:Libs/cJSON/cJSON.c **** 
 540:Libs/cJSON/cJSON.c ****     return newbuffer + p->offset;
 541:Libs/cJSON/cJSON.c **** }
 542:Libs/cJSON/cJSON.c **** 
 543:Libs/cJSON/cJSON.c **** /* calculate the new length of the string in a printbuffer and update the offset */
 544:Libs/cJSON/cJSON.c **** static void update_offset(printbuffer * const buffer)
 545:Libs/cJSON/cJSON.c **** {
 546:Libs/cJSON/cJSON.c ****     const unsigned char *buffer_pointer = NULL;
 547:Libs/cJSON/cJSON.c ****     if ((buffer == NULL) || (buffer->buffer == NULL))
 548:Libs/cJSON/cJSON.c ****     {
 549:Libs/cJSON/cJSON.c ****         return;
 550:Libs/cJSON/cJSON.c ****     }
 551:Libs/cJSON/cJSON.c ****     buffer_pointer = buffer->buffer + buffer->offset;
 552:Libs/cJSON/cJSON.c **** 
 553:Libs/cJSON/cJSON.c ****     buffer->offset += strlen((const char*)buffer_pointer);
ARM GAS  C:\Users\nicx5\AppData\Local\Temp\ccUpawvI.s 			page 14


 554:Libs/cJSON/cJSON.c **** }
 555:Libs/cJSON/cJSON.c **** 
 556:Libs/cJSON/cJSON.c **** /* securely comparison of floating-point variables */
 557:Libs/cJSON/cJSON.c **** static cJSON_bool compare_double(double a, double b)
 558:Libs/cJSON/cJSON.c **** {
 178              		.loc 1 558 1 is_stmt 1 view -0
 179              		.cfi_startproc
 180              		@ args = 0, pretend = 0, frame = 0
 181              		@ frame_needed = 0, uses_anonymous_args = 0
 182              		@ link register save eliminated.
 559:Libs/cJSON/cJSON.c ****     double maxVal = fabs(a) > fabs(b) ? fabs(a) : fabs(b);
 183              		.loc 1 559 5 view .LVU40
 184              		.loc 1 559 21 is_stmt 0 view .LVU41
 185 0000 B0EEC06B 		vabs.f64	d6, d0
 186              		.loc 1 559 31 view .LVU42
 187 0004 B0EEC17B 		vabs.f64	d7, d1
 188              		.loc 1 559 49 view .LVU43
 189 0008 B4EEC76B 		vcmpe.f64	d6, d7
 190 000c F1EE10FA 		vmrs	APSR_nzcv, FPSCR
 191 0010 01DD     		ble	.L22
 192              		.loc 1 559 49 discriminator 1 view .LVU44
 193 0012 B0EE467B 		vmov.f64	d7, d6
 194              	.L22:
 195              	.LVL15:
 560:Libs/cJSON/cJSON.c ****     return (fabs(a - b) <= maxVal * DBL_EPSILON);
 196              		.loc 1 560 5 is_stmt 1 view .LVU45
 197              		.loc 1 560 20 is_stmt 0 view .LVU46
 198 0016 30EE410B 		vsub.f64	d0, d0, d1
 199              	.LVL16:
 200              		.loc 1 560 13 view .LVU47
 201 001a B0EEC00B 		vabs.f64	d0, d0
 202              		.loc 1 560 35 view .LVU48
 203 001e 9FED066B 		vldr.64	d6, .L25
 204 0022 27EE067B 		vmul.f64	d7, d7, d6
 205              	.LVL17:
 206              		.loc 1 560 25 view .LVU49
 207 0026 B4EEC70B 		vcmpe.f64	d0, d7
 208 002a F1EE10FA 		vmrs	APSR_nzcv, FPSCR
 561:Libs/cJSON/cJSON.c **** }
 209              		.loc 1 561 1 view .LVU50
 210 002e 94BF     		ite	ls
 211 0030 0120     		movls	r0, #1
 212 0032 0020     		movhi	r0, #0
 213 0034 7047     		bx	lr
 214              	.L26:
 215 0036 00BF     		.align	3
 216              	.L25:
 217 0038 00000000 		.word	0
 218 003c 0000B03C 		.word	1018167296
 219              		.cfi_endproc
 220              	.LFE19:
 222              		.section	.text.parse_hex4,"ax",%progbits
 223              		.align	1
 224              		.syntax unified
 225              		.thumb
 226              		.thumb_func
 228              	parse_hex4:
ARM GAS  C:\Users\nicx5\AppData\Local\Temp\ccUpawvI.s 			page 15


 229              	.LVL18:
 230              	.LFB21:
 562:Libs/cJSON/cJSON.c **** 
 563:Libs/cJSON/cJSON.c **** /* Render the number nicely from the given item into a string. */
 564:Libs/cJSON/cJSON.c **** static cJSON_bool print_number(const cJSON * const item, printbuffer * const output_buffer)
 565:Libs/cJSON/cJSON.c **** {
 566:Libs/cJSON/cJSON.c ****     unsigned char *output_pointer = NULL;
 567:Libs/cJSON/cJSON.c ****     double d = item->valuedouble;
 568:Libs/cJSON/cJSON.c ****     int length = 0;
 569:Libs/cJSON/cJSON.c ****     size_t i = 0;
 570:Libs/cJSON/cJSON.c ****     unsigned char number_buffer[26] = {0}; /* temporary buffer to print the number into */
 571:Libs/cJSON/cJSON.c ****     unsigned char decimal_point = get_decimal_point();
 572:Libs/cJSON/cJSON.c ****     double test = 0.0;
 573:Libs/cJSON/cJSON.c **** 
 574:Libs/cJSON/cJSON.c ****     if (output_buffer == NULL)
 575:Libs/cJSON/cJSON.c ****     {
 576:Libs/cJSON/cJSON.c ****         return false;
 577:Libs/cJSON/cJSON.c ****     }
 578:Libs/cJSON/cJSON.c **** 
 579:Libs/cJSON/cJSON.c ****     /* This checks for NaN and Infinity */
 580:Libs/cJSON/cJSON.c ****     if (isnan(d) || isinf(d))
 581:Libs/cJSON/cJSON.c ****     {
 582:Libs/cJSON/cJSON.c ****         length = sprintf((char*)number_buffer, "null");
 583:Libs/cJSON/cJSON.c ****     }
 584:Libs/cJSON/cJSON.c ****     else if(d == (double)item->valueint)
 585:Libs/cJSON/cJSON.c ****     {
 586:Libs/cJSON/cJSON.c ****         length = sprintf((char*)number_buffer, "%d", item->valueint);
 587:Libs/cJSON/cJSON.c ****     }
 588:Libs/cJSON/cJSON.c ****     else
 589:Libs/cJSON/cJSON.c ****     {
 590:Libs/cJSON/cJSON.c ****         /* Try 15 decimal places of precision to avoid nonsignificant nonzero digits */
 591:Libs/cJSON/cJSON.c ****         length = sprintf((char*)number_buffer, "%1.15g", d);
 592:Libs/cJSON/cJSON.c **** 
 593:Libs/cJSON/cJSON.c ****         /* Check whether the original double can be recovered */
 594:Libs/cJSON/cJSON.c ****         if ((sscanf((char*)number_buffer, "%lg", &test) != 1) || !compare_double((double)test, d))
 595:Libs/cJSON/cJSON.c ****         {
 596:Libs/cJSON/cJSON.c ****             /* If not, print with 17 decimal places of precision */
 597:Libs/cJSON/cJSON.c ****             length = sprintf((char*)number_buffer, "%1.17g", d);
 598:Libs/cJSON/cJSON.c ****         }
 599:Libs/cJSON/cJSON.c ****     }
 600:Libs/cJSON/cJSON.c **** 
 601:Libs/cJSON/cJSON.c ****     /* sprintf failed or buffer overrun occurred */
 602:Libs/cJSON/cJSON.c ****     if ((length < 0) || (length > (int)(sizeof(number_buffer) - 1)))
 603:Libs/cJSON/cJSON.c ****     {
 604:Libs/cJSON/cJSON.c ****         return false;
 605:Libs/cJSON/cJSON.c ****     }
 606:Libs/cJSON/cJSON.c **** 
 607:Libs/cJSON/cJSON.c ****     /* reserve appropriate space in the output */
 608:Libs/cJSON/cJSON.c ****     output_pointer = ensure(output_buffer, (size_t)length + sizeof(""));
 609:Libs/cJSON/cJSON.c ****     if (output_pointer == NULL)
 610:Libs/cJSON/cJSON.c ****     {
 611:Libs/cJSON/cJSON.c ****         return false;
 612:Libs/cJSON/cJSON.c ****     }
 613:Libs/cJSON/cJSON.c **** 
 614:Libs/cJSON/cJSON.c ****     /* copy the printed number to the output and replace locale
 615:Libs/cJSON/cJSON.c ****      * dependent decimal point with '.' */
 616:Libs/cJSON/cJSON.c ****     for (i = 0; i < ((size_t)length); i++)
ARM GAS  C:\Users\nicx5\AppData\Local\Temp\ccUpawvI.s 			page 16


 617:Libs/cJSON/cJSON.c ****     {
 618:Libs/cJSON/cJSON.c ****         if (number_buffer[i] == decimal_point)
 619:Libs/cJSON/cJSON.c ****         {
 620:Libs/cJSON/cJSON.c ****             output_pointer[i] = '.';
 621:Libs/cJSON/cJSON.c ****             continue;
 622:Libs/cJSON/cJSON.c ****         }
 623:Libs/cJSON/cJSON.c **** 
 624:Libs/cJSON/cJSON.c ****         output_pointer[i] = number_buffer[i];
 625:Libs/cJSON/cJSON.c ****     }
 626:Libs/cJSON/cJSON.c ****     output_pointer[i] = '\0';
 627:Libs/cJSON/cJSON.c **** 
 628:Libs/cJSON/cJSON.c ****     output_buffer->offset += (size_t)length;
 629:Libs/cJSON/cJSON.c **** 
 630:Libs/cJSON/cJSON.c ****     return true;
 631:Libs/cJSON/cJSON.c **** }
 632:Libs/cJSON/cJSON.c **** 
 633:Libs/cJSON/cJSON.c **** /* parse 4 digit hexadecimal number */
 634:Libs/cJSON/cJSON.c **** static unsigned parse_hex4(const unsigned char * const input)
 635:Libs/cJSON/cJSON.c **** {
 231              		.loc 1 635 1 is_stmt 1 view -0
 232              		.cfi_startproc
 233              		@ args = 0, pretend = 0, frame = 0
 234              		@ frame_needed = 0, uses_anonymous_args = 0
 235              		@ link register save eliminated.
 236              		.loc 1 635 1 is_stmt 0 view .LVU52
 237 0000 8446     		mov	ip, r0
 636:Libs/cJSON/cJSON.c ****     unsigned int h = 0;
 238              		.loc 1 636 5 is_stmt 1 view .LVU53
 239              	.LVL19:
 637:Libs/cJSON/cJSON.c ****     size_t i = 0;
 240              		.loc 1 637 5 view .LVU54
 638:Libs/cJSON/cJSON.c **** 
 639:Libs/cJSON/cJSON.c ****     for (i = 0; i < 4; i++)
 241              		.loc 1 639 5 view .LVU55
 242              		.loc 1 639 12 is_stmt 0 view .LVU56
 243 0002 0022     		movs	r2, #0
 636:Libs/cJSON/cJSON.c ****     size_t i = 0;
 244              		.loc 1 636 18 view .LVU57
 245 0004 1046     		mov	r0, r2
 246              	.LVL20:
 247              		.loc 1 639 5 view .LVU58
 248 0006 0BE0     		b	.L28
 249              	.LVL21:
 250              	.L29:
 640:Libs/cJSON/cJSON.c ****     {
 641:Libs/cJSON/cJSON.c ****         /* parse digit */
 642:Libs/cJSON/cJSON.c ****         if ((input[i] >= '0') && (input[i] <= '9'))
 643:Libs/cJSON/cJSON.c ****         {
 644:Libs/cJSON/cJSON.c ****             h += (unsigned int) input[i] - '0';
 645:Libs/cJSON/cJSON.c ****         }
 646:Libs/cJSON/cJSON.c ****         else if ((input[i] >= 'A') && (input[i] <= 'F'))
 251              		.loc 1 646 14 is_stmt 1 view .LVU59
 252              		.loc 1 646 36 is_stmt 0 view .LVU60
 253 0008 A1F14103 		sub	r3, r1, #65
 254 000c DBB2     		uxtb	r3, r3
 255              		.loc 1 646 17 view .LVU61
 256 000e 052B     		cmp	r3, #5
ARM GAS  C:\Users\nicx5\AppData\Local\Temp\ccUpawvI.s 			page 17


 257 0010 12D8     		bhi	.L31
 647:Libs/cJSON/cJSON.c ****         {
 648:Libs/cJSON/cJSON.c ****             h += (unsigned int) 10 + input[i] - 'A';
 258              		.loc 1 648 13 is_stmt 1 view .LVU62
 259              		.loc 1 648 15 is_stmt 0 view .LVU63
 260 0012 0B18     		adds	r3, r1, r0
 261 0014 A3F13700 		sub	r0, r3, #55
 262              	.LVL22:
 263              	.L30:
 649:Libs/cJSON/cJSON.c ****         }
 650:Libs/cJSON/cJSON.c ****         else if ((input[i] >= 'a') && (input[i] <= 'f'))
 651:Libs/cJSON/cJSON.c ****         {
 652:Libs/cJSON/cJSON.c ****             h += (unsigned int) 10 + input[i] - 'a';
 653:Libs/cJSON/cJSON.c ****         }
 654:Libs/cJSON/cJSON.c ****         else /* invalid */
 655:Libs/cJSON/cJSON.c ****         {
 656:Libs/cJSON/cJSON.c ****             return 0;
 657:Libs/cJSON/cJSON.c ****         }
 658:Libs/cJSON/cJSON.c **** 
 659:Libs/cJSON/cJSON.c ****         if (i < 3)
 264              		.loc 1 659 9 is_stmt 1 view .LVU64
 265              		.loc 1 659 12 is_stmt 0 view .LVU65
 266 0018 022A     		cmp	r2, #2
 267 001a 00D8     		bhi	.L33
 660:Libs/cJSON/cJSON.c ****         {
 661:Libs/cJSON/cJSON.c ****             /* shift left to make place for the next nibble */
 662:Libs/cJSON/cJSON.c ****             h = h << 4;
 268              		.loc 1 662 13 is_stmt 1 view .LVU66
 269              		.loc 1 662 15 is_stmt 0 view .LVU67
 270 001c 0001     		lsls	r0, r0, #4
 271              	.LVL23:
 272              	.L33:
 639:Libs/cJSON/cJSON.c ****     {
 273              		.loc 1 639 25 is_stmt 1 discriminator 2 view .LVU68
 274 001e 0132     		adds	r2, r2, #1
 275              	.LVL24:
 276              	.L28:
 639:Libs/cJSON/cJSON.c ****     {
 277              		.loc 1 639 19 discriminator 1 view .LVU69
 278 0020 032A     		cmp	r2, #3
 279 0022 12D8     		bhi	.L36
 642:Libs/cJSON/cJSON.c ****         {
 280              		.loc 1 642 9 view .LVU70
 642:Libs/cJSON/cJSON.c ****         {
 281              		.loc 1 642 19 is_stmt 0 view .LVU71
 282 0024 1CF80210 		ldrb	r1, [ip, r2]	@ zero_extendqisi2
 642:Libs/cJSON/cJSON.c ****         {
 283              		.loc 1 642 31 view .LVU72
 284 0028 A1F13003 		sub	r3, r1, #48
 285 002c DBB2     		uxtb	r3, r3
 642:Libs/cJSON/cJSON.c ****         {
 286              		.loc 1 642 12 view .LVU73
 287 002e 092B     		cmp	r3, #9
 288 0030 EAD8     		bhi	.L29
 644:Libs/cJSON/cJSON.c ****         }
 289              		.loc 1 644 13 is_stmt 1 view .LVU74
 644:Libs/cJSON/cJSON.c ****         }
ARM GAS  C:\Users\nicx5\AppData\Local\Temp\ccUpawvI.s 			page 18


 290              		.loc 1 644 15 is_stmt 0 view .LVU75
 291 0032 0844     		add	r0, r0, r1
 292              	.LVL25:
 644:Libs/cJSON/cJSON.c ****         }
 293              		.loc 1 644 15 view .LVU76
 294 0034 3038     		subs	r0, r0, #48
 295              	.LVL26:
 644:Libs/cJSON/cJSON.c ****         }
 296              		.loc 1 644 15 view .LVU77
 297 0036 EFE7     		b	.L30
 298              	.L31:
 650:Libs/cJSON/cJSON.c ****         {
 299              		.loc 1 650 14 is_stmt 1 view .LVU78
 650:Libs/cJSON/cJSON.c ****         {
 300              		.loc 1 650 36 is_stmt 0 view .LVU79
 301 0038 A1F16103 		sub	r3, r1, #97
 302 003c DBB2     		uxtb	r3, r3
 650:Libs/cJSON/cJSON.c ****         {
 303              		.loc 1 650 17 view .LVU80
 304 003e 052B     		cmp	r3, #5
 305 0040 04D8     		bhi	.L35
 652:Libs/cJSON/cJSON.c ****         }
 306              		.loc 1 652 13 is_stmt 1 view .LVU81
 652:Libs/cJSON/cJSON.c ****         }
 307              		.loc 1 652 15 is_stmt 0 view .LVU82
 308 0042 0B18     		adds	r3, r1, r0
 309 0044 A3F15700 		sub	r0, r3, #87
 310              	.LVL27:
 652:Libs/cJSON/cJSON.c ****         }
 311              		.loc 1 652 15 view .LVU83
 312 0048 E6E7     		b	.L30
 313              	.L36:
 652:Libs/cJSON/cJSON.c ****         }
 314              		.loc 1 652 15 view .LVU84
 315 004a 7047     		bx	lr
 316              	.L35:
 656:Libs/cJSON/cJSON.c ****         }
 317              		.loc 1 656 20 view .LVU85
 318 004c 0020     		movs	r0, #0
 319              	.LVL28:
 663:Libs/cJSON/cJSON.c ****         }
 664:Libs/cJSON/cJSON.c ****     }
 665:Libs/cJSON/cJSON.c **** 
 666:Libs/cJSON/cJSON.c ****     return h;
 667:Libs/cJSON/cJSON.c **** }
 320              		.loc 1 667 1 view .LVU86
 321 004e 7047     		bx	lr
 322              		.cfi_endproc
 323              	.LFE21:
 325              		.section	.text.utf16_literal_to_utf8,"ax",%progbits
 326              		.align	1
 327              		.syntax unified
 328              		.thumb
 329              		.thumb_func
 331              	utf16_literal_to_utf8:
 332              	.LVL29:
 333              	.LFB22:
ARM GAS  C:\Users\nicx5\AppData\Local\Temp\ccUpawvI.s 			page 19


 668:Libs/cJSON/cJSON.c **** 
 669:Libs/cJSON/cJSON.c **** /* converts a UTF-16 literal to UTF-8
 670:Libs/cJSON/cJSON.c ****  * A literal can be one or two sequences of the form \uXXXX */
 671:Libs/cJSON/cJSON.c **** static unsigned char utf16_literal_to_utf8(const unsigned char * const input_pointer, const unsigne
 672:Libs/cJSON/cJSON.c **** {
 334              		.loc 1 672 1 is_stmt 1 view -0
 335              		.cfi_startproc
 336              		@ args = 0, pretend = 0, frame = 0
 337              		@ frame_needed = 0, uses_anonymous_args = 0
 338              		.loc 1 672 1 is_stmt 0 view .LVU88
 339 0000 F8B5     		push	{r3, r4, r5, r6, r7, lr}
 340              	.LCFI3:
 341              		.cfi_def_cfa_offset 24
 342              		.cfi_offset 3, -24
 343              		.cfi_offset 4, -20
 344              		.cfi_offset 5, -16
 345              		.cfi_offset 6, -12
 346              		.cfi_offset 7, -8
 347              		.cfi_offset 14, -4
 673:Libs/cJSON/cJSON.c ****     long unsigned int codepoint = 0;
 348              		.loc 1 673 5 is_stmt 1 view .LVU89
 349              	.LVL30:
 674:Libs/cJSON/cJSON.c ****     unsigned int first_code = 0;
 350              		.loc 1 674 5 view .LVU90
 675:Libs/cJSON/cJSON.c ****     const unsigned char *first_sequence = input_pointer;
 351              		.loc 1 675 5 view .LVU91
 676:Libs/cJSON/cJSON.c ****     unsigned char utf8_length = 0;
 352              		.loc 1 676 5 view .LVU92
 677:Libs/cJSON/cJSON.c ****     unsigned char utf8_position = 0;
 353              		.loc 1 677 5 view .LVU93
 678:Libs/cJSON/cJSON.c ****     unsigned char sequence_length = 0;
 354              		.loc 1 678 5 view .LVU94
 679:Libs/cJSON/cJSON.c ****     unsigned char first_byte_mark = 0;
 355              		.loc 1 679 5 view .LVU95
 680:Libs/cJSON/cJSON.c **** 
 681:Libs/cJSON/cJSON.c ****     if ((input_end - first_sequence) < 6)
 356              		.loc 1 681 5 view .LVU96
 357              		.loc 1 681 20 is_stmt 0 view .LVU97
 358 0002 0B1A     		subs	r3, r1, r0
 359              		.loc 1 681 8 view .LVU98
 360 0004 052B     		cmp	r3, #5
 361 0006 61DD     		ble	.L46
 362 0008 0646     		mov	r6, r0
 363 000a 0F46     		mov	r7, r1
 364 000c 1546     		mov	r5, r2
 682:Libs/cJSON/cJSON.c ****     {
 683:Libs/cJSON/cJSON.c ****         /* input ends unexpectedly */
 684:Libs/cJSON/cJSON.c ****         goto fail;
 685:Libs/cJSON/cJSON.c ****     }
 686:Libs/cJSON/cJSON.c **** 
 687:Libs/cJSON/cJSON.c ****     /* get the first utf16 sequence */
 688:Libs/cJSON/cJSON.c ****     first_code = parse_hex4(first_sequence + 2);
 365              		.loc 1 688 5 is_stmt 1 view .LVU99
 366              		.loc 1 688 18 is_stmt 0 view .LVU100
 367 000e 0230     		adds	r0, r0, #2
 368              	.LVL31:
 369              		.loc 1 688 18 view .LVU101
ARM GAS  C:\Users\nicx5\AppData\Local\Temp\ccUpawvI.s 			page 20


 370 0010 FFF7FEFF 		bl	parse_hex4
 371              	.LVL32:
 372              		.loc 1 688 18 view .LVU102
 373 0014 0446     		mov	r4, r0
 374              	.LVL33:
 689:Libs/cJSON/cJSON.c **** 
 690:Libs/cJSON/cJSON.c ****     /* check that the code is valid */
 691:Libs/cJSON/cJSON.c ****     if (((first_code >= 0xDC00) && (first_code <= 0xDFFF)))
 375              		.loc 1 691 5 is_stmt 1 view .LVU103
 376              		.loc 1 691 33 is_stmt 0 view .LVU104
 377 0016 A0F55C43 		sub	r3, r0, #56320
 378              		.loc 1 691 8 view .LVU105
 379 001a B3F5806F 		cmp	r3, #1024
 380 001e 57D3     		bcc	.L47
 692:Libs/cJSON/cJSON.c ****     {
 693:Libs/cJSON/cJSON.c ****         goto fail;
 694:Libs/cJSON/cJSON.c ****     }
 695:Libs/cJSON/cJSON.c **** 
 696:Libs/cJSON/cJSON.c ****     /* UTF16 surrogate pair */
 697:Libs/cJSON/cJSON.c ****     if ((first_code >= 0xD800) && (first_code <= 0xDBFF))
 381              		.loc 1 697 5 is_stmt 1 view .LVU106
 382              		.loc 1 697 32 is_stmt 0 view .LVU107
 383 0020 A0F55843 		sub	r3, r0, #55296
 384              		.loc 1 697 8 view .LVU108
 385 0024 B3F5806F 		cmp	r3, #1024
 386 0028 1CD2     		bcs	.L39
 387              	.LBB5:
 698:Libs/cJSON/cJSON.c ****     {
 699:Libs/cJSON/cJSON.c ****         const unsigned char *second_sequence = first_sequence + 6;
 388              		.loc 1 699 9 is_stmt 1 view .LVU109
 389              		.loc 1 699 30 is_stmt 0 view .LVU110
 390 002a B31D     		adds	r3, r6, #6
 391              	.LVL34:
 700:Libs/cJSON/cJSON.c ****         unsigned int second_code = 0;
 392              		.loc 1 700 9 is_stmt 1 view .LVU111
 701:Libs/cJSON/cJSON.c ****         sequence_length = 12; /* \uXXXX\uXXXX */
 393              		.loc 1 701 9 view .LVU112
 702:Libs/cJSON/cJSON.c **** 
 703:Libs/cJSON/cJSON.c ****         if ((input_end - second_sequence) < 6)
 394              		.loc 1 703 9 view .LVU113
 395              		.loc 1 703 24 is_stmt 0 view .LVU114
 396 002c FF1A     		subs	r7, r7, r3
 397              	.LVL35:
 398              		.loc 1 703 12 view .LVU115
 399 002e 052F     		cmp	r7, #5
 400 0030 50DD     		ble	.L48
 704:Libs/cJSON/cJSON.c ****         {
 705:Libs/cJSON/cJSON.c ****             /* input ends unexpectedly */
 706:Libs/cJSON/cJSON.c ****             goto fail;
 707:Libs/cJSON/cJSON.c ****         }
 708:Libs/cJSON/cJSON.c **** 
 709:Libs/cJSON/cJSON.c ****         if ((second_sequence[0] != '\\') || (second_sequence[1] != 'u'))
 401              		.loc 1 709 9 is_stmt 1 view .LVU116
 402              		.loc 1 709 29 is_stmt 0 view .LVU117
 403 0032 B379     		ldrb	r3, [r6, #6]	@ zero_extendqisi2
 404              	.LVL36:
 405              		.loc 1 709 12 view .LVU118
ARM GAS  C:\Users\nicx5\AppData\Local\Temp\ccUpawvI.s 			page 21


 406 0034 5C2B     		cmp	r3, #92
 407 0036 4FD1     		bne	.L49
 408              		.loc 1 709 61 discriminator 1 view .LVU119
 409 0038 F379     		ldrb	r3, [r6, #7]	@ zero_extendqisi2
 410              		.loc 1 709 42 discriminator 1 view .LVU120
 411 003a 752B     		cmp	r3, #117
 412 003c 4ED1     		bne	.L50
 710:Libs/cJSON/cJSON.c ****         {
 711:Libs/cJSON/cJSON.c ****             /* missing second half of the surrogate pair */
 712:Libs/cJSON/cJSON.c ****             goto fail;
 713:Libs/cJSON/cJSON.c ****         }
 714:Libs/cJSON/cJSON.c **** 
 715:Libs/cJSON/cJSON.c ****         /* get the second utf16 sequence */
 716:Libs/cJSON/cJSON.c ****         second_code = parse_hex4(second_sequence + 2);
 413              		.loc 1 716 9 is_stmt 1 view .LVU121
 414              		.loc 1 716 23 is_stmt 0 view .LVU122
 415 003e 06F10800 		add	r0, r6, #8
 416              	.LVL37:
 417              		.loc 1 716 23 view .LVU123
 418 0042 FFF7FEFF 		bl	parse_hex4
 419              	.LVL38:
 717:Libs/cJSON/cJSON.c ****         /* check that the code is valid */
 718:Libs/cJSON/cJSON.c ****         if ((second_code < 0xDC00) || (second_code > 0xDFFF))
 420              		.loc 1 718 9 is_stmt 1 view .LVU124
 421              		.loc 1 718 36 is_stmt 0 view .LVU125
 422 0046 A0F55C43 		sub	r3, r0, #56320
 423              		.loc 1 718 12 view .LVU126
 424 004a B3F5806F 		cmp	r3, #1024
 425 004e 47D2     		bcs	.L51
 719:Libs/cJSON/cJSON.c ****         {
 720:Libs/cJSON/cJSON.c ****             /* invalid second half of the surrogate pair */
 721:Libs/cJSON/cJSON.c ****             goto fail;
 722:Libs/cJSON/cJSON.c ****         }
 723:Libs/cJSON/cJSON.c **** 
 724:Libs/cJSON/cJSON.c **** 
 725:Libs/cJSON/cJSON.c ****         /* calculate the unicode codepoint from the surrogate pair */
 726:Libs/cJSON/cJSON.c ****         codepoint = 0x10000 + (((first_code & 0x3FF) << 10) | (second_code & 0x3FF));
 426              		.loc 1 726 9 is_stmt 1 view .LVU127
 427              		.loc 1 726 54 is_stmt 0 view .LVU128
 428 0050 254B     		ldr	r3, .L57
 429 0052 03EA8423 		and	r3, r3, r4, lsl #10
 430              		.loc 1 726 76 view .LVU129
 431 0056 C0F30900 		ubfx	r0, r0, #0, #10
 432              	.LVL39:
 433              		.loc 1 726 61 view .LVU130
 434 005a 0343     		orrs	r3, r3, r0
 435              		.loc 1 726 19 view .LVU131
 436 005c 03F58034 		add	r4, r3, #65536
 437              	.LVL40:
 438              		.loc 1 726 19 view .LVU132
 439              	.LBE5:
 727:Libs/cJSON/cJSON.c ****     }
 728:Libs/cJSON/cJSON.c ****     else
 729:Libs/cJSON/cJSON.c ****     {
 730:Libs/cJSON/cJSON.c ****         sequence_length = 6; /* \uXXXX */
 731:Libs/cJSON/cJSON.c ****         codepoint = first_code;
 732:Libs/cJSON/cJSON.c ****     }
ARM GAS  C:\Users\nicx5\AppData\Local\Temp\ccUpawvI.s 			page 22


 733:Libs/cJSON/cJSON.c **** 
 734:Libs/cJSON/cJSON.c ****     /* encode as UTF-8
 735:Libs/cJSON/cJSON.c ****      * takes at maximum 4 bytes to encode:
 736:Libs/cJSON/cJSON.c ****      * 11110xxx 10xxxxxx 10xxxxxx 10xxxxxx */
 737:Libs/cJSON/cJSON.c ****     if (codepoint < 0x80)
 440              		.loc 1 737 5 is_stmt 1 view .LVU133
 441              	.LBB6:
 701:Libs/cJSON/cJSON.c **** 
 442              		.loc 1 701 25 is_stmt 0 view .LVU134
 443 0060 0C20     		movs	r0, #12
 444 0062 02E0     		b	.L40
 445              	.LVL41:
 446              	.L39:
 701:Libs/cJSON/cJSON.c **** 
 447              		.loc 1 701 25 view .LVU135
 448              	.LBE6:
 449              		.loc 1 737 5 is_stmt 1 view .LVU136
 450              		.loc 1 737 8 is_stmt 0 view .LVU137
 451 0064 7F28     		cmp	r0, #127
 452 0066 0CD9     		bls	.L52
 453 0068 0620     		movs	r0, #6
 454              	.LVL42:
 455              	.L40:
 738:Libs/cJSON/cJSON.c ****     {
 739:Libs/cJSON/cJSON.c ****         /* normal ascii, encoding 0xxxxxxx */
 740:Libs/cJSON/cJSON.c ****         utf8_length = 1;
 741:Libs/cJSON/cJSON.c ****     }
 742:Libs/cJSON/cJSON.c ****     else if (codepoint < 0x800)
 456              		.loc 1 742 10 is_stmt 1 view .LVU138
 457              		.loc 1 742 13 is_stmt 0 view .LVU139
 458 006a B4F5006F 		cmp	r4, #2048
 459 006e 0ED3     		bcc	.L53
 743:Libs/cJSON/cJSON.c ****     {
 744:Libs/cJSON/cJSON.c ****         /* two bytes, encoding 110xxxxx 10xxxxxx */
 745:Libs/cJSON/cJSON.c ****         utf8_length = 2;
 746:Libs/cJSON/cJSON.c ****         first_byte_mark = 0xC0; /* 11000000 */
 747:Libs/cJSON/cJSON.c ****     }
 748:Libs/cJSON/cJSON.c ****     else if (codepoint < 0x10000)
 460              		.loc 1 748 10 is_stmt 1 view .LVU140
 461              		.loc 1 748 13 is_stmt 0 view .LVU141
 462 0070 B4F5803F 		cmp	r4, #65536
 463 0074 0ED3     		bcc	.L54
 749:Libs/cJSON/cJSON.c ****     {
 750:Libs/cJSON/cJSON.c ****         /* three bytes, encoding 1110xxxx 10xxxxxx 10xxxxxx */
 751:Libs/cJSON/cJSON.c ****         utf8_length = 3;
 752:Libs/cJSON/cJSON.c ****         first_byte_mark = 0xE0; /* 11100000 */
 753:Libs/cJSON/cJSON.c ****     }
 754:Libs/cJSON/cJSON.c ****     else if (codepoint <= 0x10FFFF)
 464              		.loc 1 754 10 is_stmt 1 view .LVU142
 465              		.loc 1 754 13 is_stmt 0 view .LVU143
 466 0076 B4F5881F 		cmp	r4, #1114112
 467 007a 33D2     		bcs	.L55
 755:Libs/cJSON/cJSON.c ****     {
 756:Libs/cJSON/cJSON.c ****         /* four bytes, encoding 1110xxxx 10xxxxxx 10xxxxxx 10xxxxxx */
 757:Libs/cJSON/cJSON.c ****         utf8_length = 4;
 758:Libs/cJSON/cJSON.c ****         first_byte_mark = 0xF0; /* 11110000 */
 468              		.loc 1 758 25 view .LVU144
ARM GAS  C:\Users\nicx5\AppData\Local\Temp\ccUpawvI.s 			page 23


 469 007c F027     		movs	r7, #240
 757:Libs/cJSON/cJSON.c ****         first_byte_mark = 0xF0; /* 11110000 */
 470              		.loc 1 757 21 view .LVU145
 471 007e 0426     		movs	r6, #4
 472              	.LVL43:
 757:Libs/cJSON/cJSON.c ****         first_byte_mark = 0xF0; /* 11110000 */
 473              		.loc 1 757 21 view .LVU146
 474 0080 02E0     		b	.L41
 475              	.LVL44:
 476              	.L52:
 757:Libs/cJSON/cJSON.c ****         first_byte_mark = 0xF0; /* 11110000 */
 477              		.loc 1 757 21 view .LVU147
 478 0082 0620     		movs	r0, #6
 479              	.LVL45:
 679:Libs/cJSON/cJSON.c **** 
 480              		.loc 1 679 19 view .LVU148
 481 0084 0027     		movs	r7, #0
 482              	.LVL46:
 740:Libs/cJSON/cJSON.c ****     }
 483              		.loc 1 740 21 view .LVU149
 484 0086 0126     		movs	r6, #1
 485              	.LVL47:
 486              	.L41:
 759:Libs/cJSON/cJSON.c ****     }
 760:Libs/cJSON/cJSON.c ****     else
 761:Libs/cJSON/cJSON.c ****     {
 762:Libs/cJSON/cJSON.c ****         /* invalid unicode codepoint */
 763:Libs/cJSON/cJSON.c ****         goto fail;
 764:Libs/cJSON/cJSON.c ****     }
 765:Libs/cJSON/cJSON.c **** 
 766:Libs/cJSON/cJSON.c ****     /* encode as utf8 */
 767:Libs/cJSON/cJSON.c ****     for (utf8_position = (unsigned char)(utf8_length - 1); utf8_position > 0; utf8_position--)
 487              		.loc 1 767 5 is_stmt 1 view .LVU150
 488              		.loc 1 767 24 is_stmt 0 view .LVU151
 489 0088 731E     		subs	r3, r6, #1
 490 008a DBB2     		uxtb	r3, r3
 491              	.LVL48:
 492              		.loc 1 767 5 view .LVU152
 493 008c 0EE0     		b	.L42
 494              	.LVL49:
 495              	.L53:
 746:Libs/cJSON/cJSON.c ****     }
 496              		.loc 1 746 25 view .LVU153
 497 008e C027     		movs	r7, #192
 745:Libs/cJSON/cJSON.c ****         first_byte_mark = 0xC0; /* 11000000 */
 498              		.loc 1 745 21 view .LVU154
 499 0090 0226     		movs	r6, #2
 500              	.LVL50:
 745:Libs/cJSON/cJSON.c ****         first_byte_mark = 0xC0; /* 11000000 */
 501              		.loc 1 745 21 view .LVU155
 502 0092 F9E7     		b	.L41
 503              	.LVL51:
 504              	.L54:
 752:Libs/cJSON/cJSON.c ****     }
 505              		.loc 1 752 25 view .LVU156
 506 0094 E027     		movs	r7, #224
 751:Libs/cJSON/cJSON.c ****         first_byte_mark = 0xE0; /* 11100000 */
ARM GAS  C:\Users\nicx5\AppData\Local\Temp\ccUpawvI.s 			page 24


 507              		.loc 1 751 21 view .LVU157
 508 0096 0326     		movs	r6, #3
 509              	.LVL52:
 751:Libs/cJSON/cJSON.c ****         first_byte_mark = 0xE0; /* 11100000 */
 510              		.loc 1 751 21 view .LVU158
 511 0098 F6E7     		b	.L41
 512              	.LVL53:
 513              	.L43:
 768:Libs/cJSON/cJSON.c ****     {
 769:Libs/cJSON/cJSON.c ****         /* 10xxxxxx */
 770:Libs/cJSON/cJSON.c ****         (*output_pointer)[utf8_position] = (unsigned char)((codepoint | 0x80) & 0xBF);
 514              		.loc 1 770 9 is_stmt 1 view .LVU159
 515              		.loc 1 770 79 is_stmt 0 view .LVU160
 516 009a 04F03F01 		and	r1, r4, #63
 517              		.loc 1 770 10 view .LVU161
 518 009e 2A68     		ldr	r2, [r5]
 519              		.loc 1 770 44 view .LVU162
 520 00a0 41F08001 		orr	r1, r1, #128
 521              		.loc 1 770 42 view .LVU163
 522 00a4 D154     		strb	r1, [r2, r3]
 771:Libs/cJSON/cJSON.c ****         codepoint >>= 6;
 523              		.loc 1 771 9 is_stmt 1 view .LVU164
 524              		.loc 1 771 19 is_stmt 0 view .LVU165
 525 00a6 A409     		lsrs	r4, r4, #6
 526              	.LVL54:
 767:Libs/cJSON/cJSON.c ****     {
 527              		.loc 1 767 92 is_stmt 1 discriminator 3 view .LVU166
 528 00a8 013B     		subs	r3, r3, #1
 529              	.LVL55:
 767:Libs/cJSON/cJSON.c ****     {
 530              		.loc 1 767 92 is_stmt 0 discriminator 3 view .LVU167
 531 00aa DBB2     		uxtb	r3, r3
 532              	.LVL56:
 533              	.L42:
 767:Libs/cJSON/cJSON.c ****     {
 534              		.loc 1 767 74 is_stmt 1 discriminator 1 view .LVU168
 535 00ac 002B     		cmp	r3, #0
 536 00ae F4D1     		bne	.L43
 772:Libs/cJSON/cJSON.c ****     }
 773:Libs/cJSON/cJSON.c ****     /* encode first byte */
 774:Libs/cJSON/cJSON.c ****     if (utf8_length > 1)
 537              		.loc 1 774 5 view .LVU169
 538              		.loc 1 774 8 is_stmt 0 view .LVU170
 539 00b0 012E     		cmp	r6, #1
 540 00b2 06D9     		bls	.L44
 775:Libs/cJSON/cJSON.c ****     {
 776:Libs/cJSON/cJSON.c ****         (*output_pointer)[0] = (unsigned char)((codepoint | first_byte_mark) & 0xFF);
 541              		.loc 1 776 9 is_stmt 1 view .LVU171
 542              		.loc 1 776 10 is_stmt 0 view .LVU172
 543 00b4 2B68     		ldr	r3, [r5]
 544              	.LVL57:
 545              		.loc 1 776 32 view .LVU173
 546 00b6 2743     		orrs	r7, r7, r4
 547              	.LVL58:
 548              		.loc 1 776 30 view .LVU174
 549 00b8 1F70     		strb	r7, [r3]
 550              	.LVL59:
ARM GAS  C:\Users\nicx5\AppData\Local\Temp\ccUpawvI.s 			page 25


 551              	.L45:
 777:Libs/cJSON/cJSON.c ****     }
 778:Libs/cJSON/cJSON.c ****     else
 779:Libs/cJSON/cJSON.c ****     {
 780:Libs/cJSON/cJSON.c ****         (*output_pointer)[0] = (unsigned char)(codepoint & 0x7F);
 781:Libs/cJSON/cJSON.c ****     }
 782:Libs/cJSON/cJSON.c **** 
 783:Libs/cJSON/cJSON.c ****     *output_pointer += utf8_length;
 552              		.loc 1 783 5 is_stmt 1 view .LVU175
 553 00ba 2B68     		ldr	r3, [r5]
 554              		.loc 1 783 21 is_stmt 0 view .LVU176
 555 00bc 3344     		add	r3, r3, r6
 556 00be 2B60     		str	r3, [r5]
 784:Libs/cJSON/cJSON.c **** 
 785:Libs/cJSON/cJSON.c ****     return sequence_length;
 557              		.loc 1 785 5 is_stmt 1 view .LVU177
 558              		.loc 1 785 12 is_stmt 0 view .LVU178
 559 00c0 05E0     		b	.L38
 560              	.LVL60:
 561              	.L44:
 780:Libs/cJSON/cJSON.c ****     }
 562              		.loc 1 780 9 is_stmt 1 view .LVU179
 780:Libs/cJSON/cJSON.c ****     }
 563              		.loc 1 780 10 is_stmt 0 view .LVU180
 564 00c2 2B68     		ldr	r3, [r5]
 565              	.LVL61:
 780:Libs/cJSON/cJSON.c ****     }
 566              		.loc 1 780 32 view .LVU181
 567 00c4 04F07F04 		and	r4, r4, #127
 568              	.LVL62:
 780:Libs/cJSON/cJSON.c ****     }
 569              		.loc 1 780 30 view .LVU182
 570 00c8 1C70     		strb	r4, [r3]
 571 00ca F6E7     		b	.L45
 572              	.LVL63:
 573              	.L46:
 786:Libs/cJSON/cJSON.c **** 
 787:Libs/cJSON/cJSON.c **** fail:
 788:Libs/cJSON/cJSON.c ****     return 0;
 574              		.loc 1 788 12 view .LVU183
 575 00cc 0020     		movs	r0, #0
 576              	.LVL64:
 577              	.L38:
 789:Libs/cJSON/cJSON.c **** }
 578              		.loc 1 789 1 view .LVU184
 579 00ce F8BD     		pop	{r3, r4, r5, r6, r7, pc}
 580              	.LVL65:
 581              	.L47:
 788:Libs/cJSON/cJSON.c **** }
 582              		.loc 1 788 12 view .LVU185
 583 00d0 0020     		movs	r0, #0
 584              	.LVL66:
 788:Libs/cJSON/cJSON.c **** }
 585              		.loc 1 788 12 view .LVU186
 586 00d2 FCE7     		b	.L38
 587              	.LVL67:
 588              	.L48:
ARM GAS  C:\Users\nicx5\AppData\Local\Temp\ccUpawvI.s 			page 26


 788:Libs/cJSON/cJSON.c **** }
 589              		.loc 1 788 12 view .LVU187
 590 00d4 0020     		movs	r0, #0
 591              	.LVL68:
 788:Libs/cJSON/cJSON.c **** }
 592              		.loc 1 788 12 view .LVU188
 593 00d6 FAE7     		b	.L38
 594              	.LVL69:
 595              	.L49:
 788:Libs/cJSON/cJSON.c **** }
 596              		.loc 1 788 12 view .LVU189
 597 00d8 0020     		movs	r0, #0
 598              	.LVL70:
 788:Libs/cJSON/cJSON.c **** }
 599              		.loc 1 788 12 view .LVU190
 600 00da F8E7     		b	.L38
 601              	.LVL71:
 602              	.L50:
 788:Libs/cJSON/cJSON.c **** }
 603              		.loc 1 788 12 view .LVU191
 604 00dc 0020     		movs	r0, #0
 605              	.LVL72:
 788:Libs/cJSON/cJSON.c **** }
 606              		.loc 1 788 12 view .LVU192
 607 00de F6E7     		b	.L38
 608              	.LVL73:
 609              	.L51:
 788:Libs/cJSON/cJSON.c **** }
 610              		.loc 1 788 12 view .LVU193
 611 00e0 0020     		movs	r0, #0
 612              	.LVL74:
 788:Libs/cJSON/cJSON.c **** }
 613              		.loc 1 788 12 view .LVU194
 614 00e2 F4E7     		b	.L38
 615              	.LVL75:
 616              	.L55:
 788:Libs/cJSON/cJSON.c **** }
 617              		.loc 1 788 12 view .LVU195
 618 00e4 0020     		movs	r0, #0
 619 00e6 F2E7     		b	.L38
 620              	.L58:
 621              		.align	2
 622              	.L57:
 623 00e8 00FC0F00 		.word	1047552
 624              		.cfi_endproc
 625              	.LFE22:
 627              		.section	.text.parse_string,"ax",%progbits
 628              		.align	1
 629              		.syntax unified
 630              		.thumb
 631              		.thumb_func
 633              	parse_string:
 634              	.LVL76:
 635              	.LFB23:
 790:Libs/cJSON/cJSON.c **** 
 791:Libs/cJSON/cJSON.c **** /* Parse the input text into an unescaped cinput, and populate item. */
 792:Libs/cJSON/cJSON.c **** static cJSON_bool parse_string(cJSON * const item, parse_buffer * const input_buffer)
ARM GAS  C:\Users\nicx5\AppData\Local\Temp\ccUpawvI.s 			page 27


 793:Libs/cJSON/cJSON.c **** {
 636              		.loc 1 793 1 is_stmt 1 view -0
 637              		.cfi_startproc
 638              		@ args = 0, pretend = 0, frame = 8
 639              		@ frame_needed = 0, uses_anonymous_args = 0
 640              		.loc 1 793 1 is_stmt 0 view .LVU197
 641 0000 2DE9F041 		push	{r4, r5, r6, r7, r8, lr}
 642              	.LCFI4:
 643              		.cfi_def_cfa_offset 24
 644              		.cfi_offset 4, -24
 645              		.cfi_offset 5, -20
 646              		.cfi_offset 6, -16
 647              		.cfi_offset 7, -12
 648              		.cfi_offset 8, -8
 649              		.cfi_offset 14, -4
 650 0004 82B0     		sub	sp, sp, #8
 651              	.LCFI5:
 652              		.cfi_def_cfa_offset 32
 653 0006 8046     		mov	r8, r0
 654 0008 0E46     		mov	r6, r1
 794:Libs/cJSON/cJSON.c ****     const unsigned char *input_pointer = buffer_at_offset(input_buffer) + 1;
 655              		.loc 1 794 5 is_stmt 1 view .LVU198
 656              		.loc 1 794 42 is_stmt 0 view .LVU199
 657 000a 0F68     		ldr	r7, [r1]
 658 000c 8B68     		ldr	r3, [r1, #8]
 659              		.loc 1 794 73 view .LVU200
 660 000e 5D1C     		adds	r5, r3, #1
 661              		.loc 1 794 26 view .LVU201
 662 0010 3D44     		add	r5, r5, r7
 663              	.LVL77:
 795:Libs/cJSON/cJSON.c ****     const unsigned char *input_end = buffer_at_offset(input_buffer) + 1;
 664              		.loc 1 795 5 is_stmt 1 view .LVU202
 796:Libs/cJSON/cJSON.c ****     unsigned char *output_pointer = NULL;
 665              		.loc 1 796 5 view .LVU203
 666              		.loc 1 796 20 is_stmt 0 view .LVU204
 667 0012 0022     		movs	r2, #0
 668 0014 0192     		str	r2, [sp, #4]
 797:Libs/cJSON/cJSON.c ****     unsigned char *output = NULL;
 669              		.loc 1 797 5 is_stmt 1 view .LVU205
 670              	.LVL78:
 798:Libs/cJSON/cJSON.c **** 
 799:Libs/cJSON/cJSON.c ****     /* not a string */
 800:Libs/cJSON/cJSON.c ****     if (buffer_at_offset(input_buffer)[0] != '\"')
 671              		.loc 1 800 5 view .LVU206
 672              		.loc 1 800 39 is_stmt 0 view .LVU207
 673 0016 F818     		adds	r0, r7, r3
 674              	.LVL79:
 675              		.loc 1 800 39 view .LVU208
 676 0018 FB5C     		ldrb	r3, [r7, r3]	@ zero_extendqisi2
 677              		.loc 1 800 8 view .LVU209
 678 001a 222B     		cmp	r3, #34
 679 001c 43D1     		bne	.L60
 795:Libs/cJSON/cJSON.c ****     unsigned char *output_pointer = NULL;
 680              		.loc 1 795 26 view .LVU210
 681 001e 2C46     		mov	r4, r5
 682              	.LBB7:
 801:Libs/cJSON/cJSON.c ****     {
ARM GAS  C:\Users\nicx5\AppData\Local\Temp\ccUpawvI.s 			page 28


 802:Libs/cJSON/cJSON.c ****         goto fail;
 803:Libs/cJSON/cJSON.c ****     }
 804:Libs/cJSON/cJSON.c **** 
 805:Libs/cJSON/cJSON.c ****     {
 806:Libs/cJSON/cJSON.c ****         /* calculate approximate size of the output (overestimate) */
 807:Libs/cJSON/cJSON.c ****         size_t allocation_length = 0;
 808:Libs/cJSON/cJSON.c ****         size_t skipped_bytes = 0;
 683              		.loc 1 808 16 view .LVU211
 684 0020 9446     		mov	ip, r2
 685 0022 00E0     		b	.L61
 686              	.LVL80:
 687              	.L62:
 809:Libs/cJSON/cJSON.c ****         while (((size_t)(input_end - input_buffer->content) < input_buffer->length) && (*input_end 
 810:Libs/cJSON/cJSON.c ****         {
 811:Libs/cJSON/cJSON.c ****             /* is escape sequence */
 812:Libs/cJSON/cJSON.c ****             if (input_end[0] == '\\')
 813:Libs/cJSON/cJSON.c ****             {
 814:Libs/cJSON/cJSON.c ****                 if ((size_t)(input_end + 1 - input_buffer->content) >= input_buffer->length)
 815:Libs/cJSON/cJSON.c ****                 {
 816:Libs/cJSON/cJSON.c ****                     /* prevent buffer overflow when last input character is a backslash */
 817:Libs/cJSON/cJSON.c ****                     goto fail;
 818:Libs/cJSON/cJSON.c ****                 }
 819:Libs/cJSON/cJSON.c ****                 skipped_bytes++;
 820:Libs/cJSON/cJSON.c ****                 input_end++;
 821:Libs/cJSON/cJSON.c ****             }
 822:Libs/cJSON/cJSON.c ****             input_end++;
 688              		.loc 1 822 13 is_stmt 1 view .LVU212
 689              		.loc 1 822 22 is_stmt 0 view .LVU213
 690 0024 0134     		adds	r4, r4, #1
 691              	.LVL81:
 692              	.L61:
 809:Libs/cJSON/cJSON.c ****         while (((size_t)(input_end - input_buffer->content) < input_buffer->length) && (*input_end 
 693              		.loc 1 809 85 is_stmt 1 view .LVU214
 809:Libs/cJSON/cJSON.c ****         while (((size_t)(input_end - input_buffer->content) < input_buffer->length) && (*input_end 
 694              		.loc 1 809 36 is_stmt 0 view .LVU215
 695 0026 E11B     		subs	r1, r4, r7
 809:Libs/cJSON/cJSON.c ****         while (((size_t)(input_end - input_buffer->content) < input_buffer->length) && (*input_end 
 696              		.loc 1 809 75 view .LVU216
 697 0028 7268     		ldr	r2, [r6, #4]
 809:Libs/cJSON/cJSON.c ****         while (((size_t)(input_end - input_buffer->content) < input_buffer->length) && (*input_end 
 698              		.loc 1 809 85 view .LVU217
 699 002a 9142     		cmp	r1, r2
 700 002c 0BD2     		bcs	.L63
 809:Libs/cJSON/cJSON.c ****         while (((size_t)(input_end - input_buffer->content) < input_buffer->length) && (*input_end 
 701              		.loc 1 809 89 discriminator 1 view .LVU218
 702 002e 2378     		ldrb	r3, [r4]	@ zero_extendqisi2
 809:Libs/cJSON/cJSON.c ****         while (((size_t)(input_end - input_buffer->content) < input_buffer->length) && (*input_end 
 703              		.loc 1 809 85 discriminator 1 view .LVU219
 704 0030 222B     		cmp	r3, #34
 705 0032 08D0     		beq	.L63
 812:Libs/cJSON/cJSON.c ****             {
 706              		.loc 1 812 13 is_stmt 1 view .LVU220
 812:Libs/cJSON/cJSON.c ****             {
 707              		.loc 1 812 16 is_stmt 0 view .LVU221
 708 0034 5C2B     		cmp	r3, #92
 709 0036 F5D1     		bne	.L62
 814:Libs/cJSON/cJSON.c ****                 {
ARM GAS  C:\Users\nicx5\AppData\Local\Temp\ccUpawvI.s 			page 29


 710              		.loc 1 814 17 is_stmt 1 view .LVU222
 814:Libs/cJSON/cJSON.c ****                 {
 711              		.loc 1 814 40 is_stmt 0 view .LVU223
 712 0038 0134     		adds	r4, r4, #1
 713              	.LVL82:
 814:Libs/cJSON/cJSON.c ****                 {
 714              		.loc 1 814 44 view .LVU224
 715 003a E31B     		subs	r3, r4, r7
 814:Libs/cJSON/cJSON.c ****                 {
 716              		.loc 1 814 20 view .LVU225
 717 003c 9342     		cmp	r3, r2
 718 003e 32D2     		bcs	.L60
 819:Libs/cJSON/cJSON.c ****                 input_end++;
 719              		.loc 1 819 17 is_stmt 1 view .LVU226
 819:Libs/cJSON/cJSON.c ****                 input_end++;
 720              		.loc 1 819 30 is_stmt 0 view .LVU227
 721 0040 0CF1010C 		add	ip, ip, #1
 722              	.LVL83:
 820:Libs/cJSON/cJSON.c ****             }
 723              		.loc 1 820 17 is_stmt 1 view .LVU228
 820:Libs/cJSON/cJSON.c ****             }
 724              		.loc 1 820 17 is_stmt 0 view .LVU229
 725 0044 EEE7     		b	.L62
 726              	.L63:
 823:Libs/cJSON/cJSON.c ****         }
 824:Libs/cJSON/cJSON.c ****         if (((size_t)(input_end - input_buffer->content) >= input_buffer->length) || (*input_end !=
 727              		.loc 1 824 9 is_stmt 1 view .LVU230
 728              		.loc 1 824 12 is_stmt 0 view .LVU231
 729 0046 9142     		cmp	r1, r2
 730 0048 2DD2     		bcs	.L60
 731              		.loc 1 824 87 discriminator 1 view .LVU232
 732 004a 2378     		ldrb	r3, [r4]	@ zero_extendqisi2
 733              		.loc 1 824 83 discriminator 1 view .LVU233
 734 004c 222B     		cmp	r3, #34
 735 004e 2AD1     		bne	.L60
 825:Libs/cJSON/cJSON.c ****         {
 826:Libs/cJSON/cJSON.c ****             goto fail; /* string ended unexpectedly */
 827:Libs/cJSON/cJSON.c ****         }
 828:Libs/cJSON/cJSON.c **** 
 829:Libs/cJSON/cJSON.c ****         /* This is at most how much we need for the output */
 830:Libs/cJSON/cJSON.c ****         allocation_length = (size_t) (input_end - buffer_at_offset(input_buffer)) - skipped_bytes;
 736              		.loc 1 830 9 is_stmt 1 view .LVU234
 737              		.loc 1 830 49 is_stmt 0 view .LVU235
 738 0050 201A     		subs	r0, r4, r0
 739              		.loc 1 830 27 view .LVU236
 740 0052 A0EB0C00 		sub	r0, r0, ip
 741              	.LVL84:
 831:Libs/cJSON/cJSON.c ****         output = (unsigned char*)input_buffer->hooks.allocate(allocation_length + sizeof(""));
 742              		.loc 1 831 9 is_stmt 1 view .LVU237
 743              		.loc 1 831 53 is_stmt 0 view .LVU238
 744 0056 3369     		ldr	r3, [r6, #16]
 745              		.loc 1 831 34 view .LVU239
 746 0058 0130     		adds	r0, r0, #1
 747              	.LVL85:
 748              		.loc 1 831 34 view .LVU240
 749 005a 9847     		blx	r3
 750              	.LVL86:
ARM GAS  C:\Users\nicx5\AppData\Local\Temp\ccUpawvI.s 			page 30


 832:Libs/cJSON/cJSON.c ****         if (output == NULL)
 751              		.loc 1 832 9 is_stmt 1 view .LVU241
 752              		.loc 1 832 12 is_stmt 0 view .LVU242
 753 005c 0746     		mov	r7, r0
 754              		.loc 1 832 12 view .LVU243
 755 005e 10B3     		cbz	r0, .L60
 756              	.LBE7:
 833:Libs/cJSON/cJSON.c ****         {
 834:Libs/cJSON/cJSON.c ****             goto fail; /* allocation failure */
 835:Libs/cJSON/cJSON.c ****         }
 836:Libs/cJSON/cJSON.c ****     }
 837:Libs/cJSON/cJSON.c **** 
 838:Libs/cJSON/cJSON.c ****     output_pointer = output;
 757              		.loc 1 838 5 is_stmt 1 view .LVU244
 758              		.loc 1 838 20 is_stmt 0 view .LVU245
 759 0060 0190     		str	r0, [sp, #4]
 839:Libs/cJSON/cJSON.c ****     /* loop through the string literal */
 840:Libs/cJSON/cJSON.c ****     while (input_pointer < input_end)
 760              		.loc 1 840 5 is_stmt 1 view .LVU246
 761              		.loc 1 840 11 is_stmt 0 view .LVU247
 762 0062 30E0     		b	.L65
 763              	.LVL87:
 764              	.L66:
 765              	.LBB8:
 841:Libs/cJSON/cJSON.c ****     {
 842:Libs/cJSON/cJSON.c ****         if (*input_pointer != '\\')
 843:Libs/cJSON/cJSON.c ****         {
 844:Libs/cJSON/cJSON.c ****             *output_pointer++ = *input_pointer++;
 845:Libs/cJSON/cJSON.c ****         }
 846:Libs/cJSON/cJSON.c ****         /* escape sequence */
 847:Libs/cJSON/cJSON.c ****         else
 848:Libs/cJSON/cJSON.c ****         {
 849:Libs/cJSON/cJSON.c ****             unsigned char sequence_length = 2;
 766              		.loc 1 849 13 is_stmt 1 view .LVU248
 850:Libs/cJSON/cJSON.c ****             if ((input_end - input_pointer) < 1)
 767              		.loc 1 850 13 view .LVU249
 768              		.loc 1 850 28 is_stmt 0 view .LVU250
 769 0064 631B     		subs	r3, r4, r5
 770              		.loc 1 850 16 view .LVU251
 771 0066 002B     		cmp	r3, #0
 772 0068 1ADD     		ble	.L68
 851:Libs/cJSON/cJSON.c ****             {
 852:Libs/cJSON/cJSON.c ****                 goto fail;
 853:Libs/cJSON/cJSON.c ****             }
 854:Libs/cJSON/cJSON.c **** 
 855:Libs/cJSON/cJSON.c ****             switch (input_pointer[1])
 773              		.loc 1 855 13 is_stmt 1 view .LVU252
 774              		.loc 1 855 34 is_stmt 0 view .LVU253
 775 006a 6B78     		ldrb	r3, [r5, #1]	@ zero_extendqisi2
 776              		.loc 1 855 13 view .LVU254
 777 006c 752B     		cmp	r3, #117
 778 006e 17D8     		bhi	.L68
 779 0070 5C2B     		cmp	r3, #92
 780 0072 11D3     		bcc	.L85
 781 0074 5C3B     		subs	r3, r3, #92
 782 0076 192B     		cmp	r3, #25
 783 0078 12D8     		bhi	.L68
ARM GAS  C:\Users\nicx5\AppData\Local\Temp\ccUpawvI.s 			page 31


 784 007a DFE803F0 		tbb	[pc, r3]
 785              	.L72:
 786 007e 4C       		.byte	(.L70-.L72)/2
 787 007f 11       		.byte	(.L68-.L72)/2
 788 0080 11       		.byte	(.L68-.L72)/2
 789 0081 11       		.byte	(.L68-.L72)/2
 790 0082 11       		.byte	(.L68-.L72)/2
 791 0083 11       		.byte	(.L68-.L72)/2
 792 0084 1D       		.byte	(.L77-.L72)/2
 793 0085 11       		.byte	(.L68-.L72)/2
 794 0086 11       		.byte	(.L68-.L72)/2
 795 0087 11       		.byte	(.L68-.L72)/2
 796 0088 30       		.byte	(.L76-.L72)/2
 797 0089 11       		.byte	(.L68-.L72)/2
 798 008a 11       		.byte	(.L68-.L72)/2
 799 008b 11       		.byte	(.L68-.L72)/2
 800 008c 11       		.byte	(.L68-.L72)/2
 801 008d 11       		.byte	(.L68-.L72)/2
 802 008e 11       		.byte	(.L68-.L72)/2
 803 008f 11       		.byte	(.L68-.L72)/2
 804 0090 37       		.byte	(.L75-.L72)/2
 805 0091 11       		.byte	(.L68-.L72)/2
 806 0092 11       		.byte	(.L68-.L72)/2
 807 0093 11       		.byte	(.L68-.L72)/2
 808 0094 3E       		.byte	(.L74-.L72)/2
 809 0095 11       		.byte	(.L68-.L72)/2
 810 0096 45       		.byte	(.L73-.L72)/2
 811 0097 53       		.byte	(.L71-.L72)/2
 812              		.p2align 1
 813              	.L85:
 814 0098 222B     		cmp	r3, #34
 815 009a 3CD0     		beq	.L70
 816 009c 2F2B     		cmp	r3, #47
 817 009e 3AD0     		beq	.L70
 818              	.LVL88:
 819              	.L68:
 820              		.loc 1 855 13 view .LVU255
 821              	.LBE8:
 856:Libs/cJSON/cJSON.c ****             {
 857:Libs/cJSON/cJSON.c ****                 case 'b':
 858:Libs/cJSON/cJSON.c ****                     *output_pointer++ = '\b';
 859:Libs/cJSON/cJSON.c ****                     break;
 860:Libs/cJSON/cJSON.c ****                 case 'f':
 861:Libs/cJSON/cJSON.c ****                     *output_pointer++ = '\f';
 862:Libs/cJSON/cJSON.c ****                     break;
 863:Libs/cJSON/cJSON.c ****                 case 'n':
 864:Libs/cJSON/cJSON.c ****                     *output_pointer++ = '\n';
 865:Libs/cJSON/cJSON.c ****                     break;
 866:Libs/cJSON/cJSON.c ****                 case 'r':
 867:Libs/cJSON/cJSON.c ****                     *output_pointer++ = '\r';
 868:Libs/cJSON/cJSON.c ****                     break;
 869:Libs/cJSON/cJSON.c ****                 case 't':
 870:Libs/cJSON/cJSON.c ****                     *output_pointer++ = '\t';
 871:Libs/cJSON/cJSON.c ****                     break;
 872:Libs/cJSON/cJSON.c ****                 case '\"':
 873:Libs/cJSON/cJSON.c ****                 case '\\':
 874:Libs/cJSON/cJSON.c ****                 case '/':
ARM GAS  C:\Users\nicx5\AppData\Local\Temp\ccUpawvI.s 			page 32


 875:Libs/cJSON/cJSON.c ****                     *output_pointer++ = input_pointer[1];
 876:Libs/cJSON/cJSON.c ****                     break;
 877:Libs/cJSON/cJSON.c **** 
 878:Libs/cJSON/cJSON.c ****                 /* UTF-16 literal */
 879:Libs/cJSON/cJSON.c ****                 case 'u':
 880:Libs/cJSON/cJSON.c ****                     sequence_length = utf16_literal_to_utf8(input_pointer, input_end, &output_point
 881:Libs/cJSON/cJSON.c ****                     if (sequence_length == 0)
 882:Libs/cJSON/cJSON.c ****                     {
 883:Libs/cJSON/cJSON.c ****                         /* failed to convert UTF16-literal to UTF-8 */
 884:Libs/cJSON/cJSON.c ****                         goto fail;
 885:Libs/cJSON/cJSON.c ****                     }
 886:Libs/cJSON/cJSON.c ****                     break;
 887:Libs/cJSON/cJSON.c **** 
 888:Libs/cJSON/cJSON.c ****                 default:
 889:Libs/cJSON/cJSON.c ****                     goto fail;
 890:Libs/cJSON/cJSON.c ****             }
 891:Libs/cJSON/cJSON.c ****             input_pointer += sequence_length;
 892:Libs/cJSON/cJSON.c ****         }
 893:Libs/cJSON/cJSON.c ****     }
 894:Libs/cJSON/cJSON.c **** 
 895:Libs/cJSON/cJSON.c ****     /* zero terminate the output */
 896:Libs/cJSON/cJSON.c ****     *output_pointer = '\0';
 897:Libs/cJSON/cJSON.c **** 
 898:Libs/cJSON/cJSON.c ****     item->type = cJSON_String;
 899:Libs/cJSON/cJSON.c ****     item->valuestring = (char*)output;
 900:Libs/cJSON/cJSON.c **** 
 901:Libs/cJSON/cJSON.c ****     input_buffer->offset = (size_t) (input_end - input_buffer->content);
 902:Libs/cJSON/cJSON.c ****     input_buffer->offset++;
 903:Libs/cJSON/cJSON.c **** 
 904:Libs/cJSON/cJSON.c ****     return true;
 905:Libs/cJSON/cJSON.c **** 
 906:Libs/cJSON/cJSON.c **** fail:
 907:Libs/cJSON/cJSON.c ****     if (output != NULL)
 822              		.loc 1 907 5 is_stmt 1 view .LVU256
 908:Libs/cJSON/cJSON.c ****     {
 909:Libs/cJSON/cJSON.c ****         input_buffer->hooks.deallocate(output);
 823              		.loc 1 909 9 view .LVU257
 824              		.loc 1 909 28 is_stmt 0 view .LVU258
 825 00a0 7369     		ldr	r3, [r6, #20]
 826              		.loc 1 909 9 view .LVU259
 827 00a2 3846     		mov	r0, r7
 828 00a4 9847     		blx	r3
 829              	.LVL89:
 910:Libs/cJSON/cJSON.c ****         output = NULL;
 830              		.loc 1 910 9 is_stmt 1 view .LVU260
 831              	.L60:
 911:Libs/cJSON/cJSON.c ****     }
 912:Libs/cJSON/cJSON.c **** 
 913:Libs/cJSON/cJSON.c ****     if (input_pointer != NULL)
 832              		.loc 1 913 5 view .LVU261
 833              		.loc 1 913 8 is_stmt 0 view .LVU262
 834 00a6 002D     		cmp	r5, #0
 835 00a8 54D0     		beq	.L81
 914:Libs/cJSON/cJSON.c ****     {
 915:Libs/cJSON/cJSON.c ****         input_buffer->offset = (size_t)(input_pointer - input_buffer->content);
 836              		.loc 1 915 9 is_stmt 1 view .LVU263
 837              		.loc 1 915 69 is_stmt 0 view .LVU264
ARM GAS  C:\Users\nicx5\AppData\Local\Temp\ccUpawvI.s 			page 33


 838 00aa 3368     		ldr	r3, [r6]
 839              		.loc 1 915 55 view .LVU265
 840 00ac ED1A     		subs	r5, r5, r3
 841              		.loc 1 915 30 view .LVU266
 842 00ae B560     		str	r5, [r6, #8]
 916:Libs/cJSON/cJSON.c ****     }
 917:Libs/cJSON/cJSON.c **** 
 918:Libs/cJSON/cJSON.c ****     return false;
 843              		.loc 1 918 12 view .LVU267
 844 00b0 0020     		movs	r0, #0
 845              	.L59:
 919:Libs/cJSON/cJSON.c **** }
 846              		.loc 1 919 1 view .LVU268
 847 00b2 02B0     		add	sp, sp, #8
 848              	.LCFI6:
 849              		.cfi_remember_state
 850              		.cfi_def_cfa_offset 24
 851              		@ sp needed
 852 00b4 BDE8F081 		pop	{r4, r5, r6, r7, r8, pc}
 853              	.LVL90:
 854              	.L77:
 855              	.LCFI7:
 856              		.cfi_restore_state
 857              	.LBB9:
 858:Libs/cJSON/cJSON.c ****                     break;
 858              		.loc 1 858 21 is_stmt 1 view .LVU269
 858:Libs/cJSON/cJSON.c ****                     break;
 859              		.loc 1 858 36 is_stmt 0 view .LVU270
 860 00b8 019B     		ldr	r3, [sp, #4]
 861 00ba 5A1C     		adds	r2, r3, #1
 862 00bc 0192     		str	r2, [sp, #4]
 858:Libs/cJSON/cJSON.c ****                     break;
 863              		.loc 1 858 39 view .LVU271
 864 00be 0822     		movs	r2, #8
 865 00c0 1A70     		strb	r2, [r3]
 859:Libs/cJSON/cJSON.c ****                 case 'f':
 866              		.loc 1 859 21 is_stmt 1 view .LVU272
 849:Libs/cJSON/cJSON.c ****             if ((input_end - input_pointer) < 1)
 867              		.loc 1 849 27 is_stmt 0 view .LVU273
 868 00c2 0223     		movs	r3, #2
 869              	.LVL91:
 870              	.L78:
 891:Libs/cJSON/cJSON.c ****         }
 871              		.loc 1 891 13 is_stmt 1 view .LVU274
 891:Libs/cJSON/cJSON.c ****         }
 872              		.loc 1 891 27 is_stmt 0 view .LVU275
 873 00c4 1D44     		add	r5, r5, r3
 874              	.LVL92:
 875              	.L65:
 891:Libs/cJSON/cJSON.c ****         }
 876              		.loc 1 891 27 view .LVU276
 877              	.LBE9:
 840:Libs/cJSON/cJSON.c ****     {
 878              		.loc 1 840 26 is_stmt 1 view .LVU277
 879 00c6 A542     		cmp	r5, r4
 880 00c8 35D2     		bcs	.L86
 842:Libs/cJSON/cJSON.c ****         {
ARM GAS  C:\Users\nicx5\AppData\Local\Temp\ccUpawvI.s 			page 34


 881              		.loc 1 842 9 view .LVU278
 842:Libs/cJSON/cJSON.c ****         {
 882              		.loc 1 842 13 is_stmt 0 view .LVU279
 883 00ca 2B78     		ldrb	r3, [r5]	@ zero_extendqisi2
 842:Libs/cJSON/cJSON.c ****         {
 884              		.loc 1 842 12 view .LVU280
 885 00cc 5C2B     		cmp	r3, #92
 886 00ce C9D0     		beq	.L66
 844:Libs/cJSON/cJSON.c ****         }
 887              		.loc 1 844 13 is_stmt 1 view .LVU281
 888              	.LVL93:
 844:Libs/cJSON/cJSON.c ****         }
 889              		.loc 1 844 28 is_stmt 0 view .LVU282
 890 00d0 019B     		ldr	r3, [sp, #4]
 891 00d2 5A1C     		adds	r2, r3, #1
 892 00d4 0192     		str	r2, [sp, #4]
 844:Libs/cJSON/cJSON.c ****         }
 893              		.loc 1 844 33 view .LVU283
 894 00d6 15F8012B 		ldrb	r2, [r5], #1	@ zero_extendqisi2
 895              	.LVL94:
 844:Libs/cJSON/cJSON.c ****         }
 896              		.loc 1 844 31 view .LVU284
 897 00da 1A70     		strb	r2, [r3]
 898 00dc F3E7     		b	.L65
 899              	.LVL95:
 900              	.L76:
 901              	.LBB10:
 861:Libs/cJSON/cJSON.c ****                     break;
 902              		.loc 1 861 21 is_stmt 1 view .LVU285
 861:Libs/cJSON/cJSON.c ****                     break;
 903              		.loc 1 861 36 is_stmt 0 view .LVU286
 904 00de 019B     		ldr	r3, [sp, #4]
 905 00e0 5A1C     		adds	r2, r3, #1
 906 00e2 0192     		str	r2, [sp, #4]
 861:Libs/cJSON/cJSON.c ****                     break;
 907              		.loc 1 861 39 view .LVU287
 908 00e4 0C22     		movs	r2, #12
 909 00e6 1A70     		strb	r2, [r3]
 862:Libs/cJSON/cJSON.c ****                 case 'n':
 910              		.loc 1 862 21 is_stmt 1 view .LVU288
 849:Libs/cJSON/cJSON.c ****             if ((input_end - input_pointer) < 1)
 911              		.loc 1 849 27 is_stmt 0 view .LVU289
 912 00e8 0223     		movs	r3, #2
 862:Libs/cJSON/cJSON.c ****                 case 'n':
 913              		.loc 1 862 21 view .LVU290
 914 00ea EBE7     		b	.L78
 915              	.L75:
 864:Libs/cJSON/cJSON.c ****                     break;
 916              		.loc 1 864 21 is_stmt 1 view .LVU291
 864:Libs/cJSON/cJSON.c ****                     break;
 917              		.loc 1 864 36 is_stmt 0 view .LVU292
 918 00ec 019B     		ldr	r3, [sp, #4]
 919 00ee 5A1C     		adds	r2, r3, #1
 920 00f0 0192     		str	r2, [sp, #4]
 864:Libs/cJSON/cJSON.c ****                     break;
 921              		.loc 1 864 39 view .LVU293
 922 00f2 0A22     		movs	r2, #10
ARM GAS  C:\Users\nicx5\AppData\Local\Temp\ccUpawvI.s 			page 35


 923 00f4 1A70     		strb	r2, [r3]
 865:Libs/cJSON/cJSON.c ****                 case 'r':
 924              		.loc 1 865 21 is_stmt 1 view .LVU294
 849:Libs/cJSON/cJSON.c ****             if ((input_end - input_pointer) < 1)
 925              		.loc 1 849 27 is_stmt 0 view .LVU295
 926 00f6 0223     		movs	r3, #2
 865:Libs/cJSON/cJSON.c ****                 case 'r':
 927              		.loc 1 865 21 view .LVU296
 928 00f8 E4E7     		b	.L78
 929              	.L74:
 867:Libs/cJSON/cJSON.c ****                     break;
 930              		.loc 1 867 21 is_stmt 1 view .LVU297
 867:Libs/cJSON/cJSON.c ****                     break;
 931              		.loc 1 867 36 is_stmt 0 view .LVU298
 932 00fa 019B     		ldr	r3, [sp, #4]
 933 00fc 5A1C     		adds	r2, r3, #1
 934 00fe 0192     		str	r2, [sp, #4]
 867:Libs/cJSON/cJSON.c ****                     break;
 935              		.loc 1 867 39 view .LVU299
 936 0100 0D22     		movs	r2, #13
 937 0102 1A70     		strb	r2, [r3]
 868:Libs/cJSON/cJSON.c ****                 case 't':
 938              		.loc 1 868 21 is_stmt 1 view .LVU300
 849:Libs/cJSON/cJSON.c ****             if ((input_end - input_pointer) < 1)
 939              		.loc 1 849 27 is_stmt 0 view .LVU301
 940 0104 0223     		movs	r3, #2
 868:Libs/cJSON/cJSON.c ****                 case 't':
 941              		.loc 1 868 21 view .LVU302
 942 0106 DDE7     		b	.L78
 943              	.L73:
 870:Libs/cJSON/cJSON.c ****                     break;
 944              		.loc 1 870 21 is_stmt 1 view .LVU303
 870:Libs/cJSON/cJSON.c ****                     break;
 945              		.loc 1 870 36 is_stmt 0 view .LVU304
 946 0108 019B     		ldr	r3, [sp, #4]
 947 010a 5A1C     		adds	r2, r3, #1
 948 010c 0192     		str	r2, [sp, #4]
 870:Libs/cJSON/cJSON.c ****                     break;
 949              		.loc 1 870 39 view .LVU305
 950 010e 0922     		movs	r2, #9
 951 0110 1A70     		strb	r2, [r3]
 871:Libs/cJSON/cJSON.c ****                 case '\"':
 952              		.loc 1 871 21 is_stmt 1 view .LVU306
 849:Libs/cJSON/cJSON.c ****             if ((input_end - input_pointer) < 1)
 953              		.loc 1 849 27 is_stmt 0 view .LVU307
 954 0112 0223     		movs	r3, #2
 871:Libs/cJSON/cJSON.c ****                 case '\"':
 955              		.loc 1 871 21 view .LVU308
 956 0114 D6E7     		b	.L78
 957              	.L70:
 875:Libs/cJSON/cJSON.c ****                     break;
 958              		.loc 1 875 21 is_stmt 1 view .LVU309
 875:Libs/cJSON/cJSON.c ****                     break;
 959              		.loc 1 875 36 is_stmt 0 view .LVU310
 960 0116 019B     		ldr	r3, [sp, #4]
 961 0118 5A1C     		adds	r2, r3, #1
 962 011a 0192     		str	r2, [sp, #4]
ARM GAS  C:\Users\nicx5\AppData\Local\Temp\ccUpawvI.s 			page 36


 875:Libs/cJSON/cJSON.c ****                     break;
 963              		.loc 1 875 54 view .LVU311
 964 011c 6A78     		ldrb	r2, [r5, #1]	@ zero_extendqisi2
 875:Libs/cJSON/cJSON.c ****                     break;
 965              		.loc 1 875 39 view .LVU312
 966 011e 1A70     		strb	r2, [r3]
 876:Libs/cJSON/cJSON.c **** 
 967              		.loc 1 876 21 is_stmt 1 view .LVU313
 849:Libs/cJSON/cJSON.c ****             if ((input_end - input_pointer) < 1)
 968              		.loc 1 849 27 is_stmt 0 view .LVU314
 969 0120 0223     		movs	r3, #2
 876:Libs/cJSON/cJSON.c **** 
 970              		.loc 1 876 21 view .LVU315
 971 0122 CFE7     		b	.L78
 972              	.L71:
 880:Libs/cJSON/cJSON.c ****                     if (sequence_length == 0)
 973              		.loc 1 880 21 is_stmt 1 view .LVU316
 880:Libs/cJSON/cJSON.c ****                     if (sequence_length == 0)
 974              		.loc 1 880 39 is_stmt 0 view .LVU317
 975 0124 01AA     		add	r2, sp, #4
 976 0126 2146     		mov	r1, r4
 977 0128 2846     		mov	r0, r5
 978 012a FFF7FEFF 		bl	utf16_literal_to_utf8
 979              	.LVL96:
 881:Libs/cJSON/cJSON.c ****                     {
 980              		.loc 1 881 21 is_stmt 1 view .LVU318
 881:Libs/cJSON/cJSON.c ****                     {
 981              		.loc 1 881 24 is_stmt 0 view .LVU319
 982 012e 0346     		mov	r3, r0
 983 0130 0028     		cmp	r0, #0
 984 0132 C7D1     		bne	.L78
 985 0134 B4E7     		b	.L68
 986              	.LVL97:
 987              	.L86:
 881:Libs/cJSON/cJSON.c ****                     {
 988              		.loc 1 881 24 view .LVU320
 989              	.LBE10:
 896:Libs/cJSON/cJSON.c **** 
 990              		.loc 1 896 5 is_stmt 1 view .LVU321
 896:Libs/cJSON/cJSON.c **** 
 991              		.loc 1 896 21 is_stmt 0 view .LVU322
 992 0136 019B     		ldr	r3, [sp, #4]
 993 0138 0022     		movs	r2, #0
 994 013a 1A70     		strb	r2, [r3]
 898:Libs/cJSON/cJSON.c ****     item->valuestring = (char*)output;
 995              		.loc 1 898 5 is_stmt 1 view .LVU323
 898:Libs/cJSON/cJSON.c ****     item->valuestring = (char*)output;
 996              		.loc 1 898 16 is_stmt 0 view .LVU324
 997 013c 1023     		movs	r3, #16
 998 013e C8F80C30 		str	r3, [r8, #12]
 899:Libs/cJSON/cJSON.c **** 
 999              		.loc 1 899 5 is_stmt 1 view .LVU325
 899:Libs/cJSON/cJSON.c **** 
 1000              		.loc 1 899 23 is_stmt 0 view .LVU326
 1001 0142 C8F81070 		str	r7, [r8, #16]
 901:Libs/cJSON/cJSON.c ****     input_buffer->offset++;
 1002              		.loc 1 901 5 is_stmt 1 view .LVU327
ARM GAS  C:\Users\nicx5\AppData\Local\Temp\ccUpawvI.s 			page 37


 901:Libs/cJSON/cJSON.c ****     input_buffer->offset++;
 1003              		.loc 1 901 62 is_stmt 0 view .LVU328
 1004 0146 3368     		ldr	r3, [r6]
 901:Libs/cJSON/cJSON.c ****     input_buffer->offset++;
 1005              		.loc 1 901 48 view .LVU329
 1006 0148 E41A     		subs	r4, r4, r3
 1007              	.LVL98:
 901:Libs/cJSON/cJSON.c ****     input_buffer->offset++;
 1008              		.loc 1 901 26 view .LVU330
 1009 014a B460     		str	r4, [r6, #8]
 902:Libs/cJSON/cJSON.c **** 
 1010              		.loc 1 902 5 is_stmt 1 view .LVU331
 902:Libs/cJSON/cJSON.c **** 
 1011              		.loc 1 902 25 is_stmt 0 view .LVU332
 1012 014c 0134     		adds	r4, r4, #1
 1013 014e B460     		str	r4, [r6, #8]
 904:Libs/cJSON/cJSON.c **** 
 1014              		.loc 1 904 5 is_stmt 1 view .LVU333
 904:Libs/cJSON/cJSON.c **** 
 1015              		.loc 1 904 12 is_stmt 0 view .LVU334
 1016 0150 0120     		movs	r0, #1
 1017 0152 AEE7     		b	.L59
 1018              	.LVL99:
 1019              	.L81:
 918:Libs/cJSON/cJSON.c **** }
 1020              		.loc 1 918 12 view .LVU335
 1021 0154 0020     		movs	r0, #0
 1022 0156 ACE7     		b	.L59
 1023              		.cfi_endproc
 1024              	.LFE23:
 1026              		.section	.text.buffer_skip_whitespace,"ax",%progbits
 1027              		.align	1
 1028              		.syntax unified
 1029              		.thumb
 1030              		.thumb_func
 1032              	buffer_skip_whitespace:
 1033              	.LVL100:
 1034              	.LFB26:
 920:Libs/cJSON/cJSON.c **** 
 921:Libs/cJSON/cJSON.c **** /* Render the cstring provided to an escaped version that can be printed. */
 922:Libs/cJSON/cJSON.c **** static cJSON_bool print_string_ptr(const unsigned char * const input, printbuffer * const output_bu
 923:Libs/cJSON/cJSON.c **** {
 924:Libs/cJSON/cJSON.c ****     const unsigned char *input_pointer = NULL;
 925:Libs/cJSON/cJSON.c ****     unsigned char *output = NULL;
 926:Libs/cJSON/cJSON.c ****     unsigned char *output_pointer = NULL;
 927:Libs/cJSON/cJSON.c ****     size_t output_length = 0;
 928:Libs/cJSON/cJSON.c ****     /* numbers of additional characters needed for escaping */
 929:Libs/cJSON/cJSON.c ****     size_t escape_characters = 0;
 930:Libs/cJSON/cJSON.c **** 
 931:Libs/cJSON/cJSON.c ****     if (output_buffer == NULL)
 932:Libs/cJSON/cJSON.c ****     {
 933:Libs/cJSON/cJSON.c ****         return false;
 934:Libs/cJSON/cJSON.c ****     }
 935:Libs/cJSON/cJSON.c **** 
 936:Libs/cJSON/cJSON.c ****     /* empty string */
 937:Libs/cJSON/cJSON.c ****     if (input == NULL)
 938:Libs/cJSON/cJSON.c ****     {
ARM GAS  C:\Users\nicx5\AppData\Local\Temp\ccUpawvI.s 			page 38


 939:Libs/cJSON/cJSON.c ****         output = ensure(output_buffer, sizeof("\"\""));
 940:Libs/cJSON/cJSON.c ****         if (output == NULL)
 941:Libs/cJSON/cJSON.c ****         {
 942:Libs/cJSON/cJSON.c ****             return false;
 943:Libs/cJSON/cJSON.c ****         }
 944:Libs/cJSON/cJSON.c ****         strcpy((char*)output, "\"\"");
 945:Libs/cJSON/cJSON.c **** 
 946:Libs/cJSON/cJSON.c ****         return true;
 947:Libs/cJSON/cJSON.c ****     }
 948:Libs/cJSON/cJSON.c **** 
 949:Libs/cJSON/cJSON.c ****     /* set "flag" to 1 if something needs to be escaped */
 950:Libs/cJSON/cJSON.c ****     for (input_pointer = input; *input_pointer; input_pointer++)
 951:Libs/cJSON/cJSON.c ****     {
 952:Libs/cJSON/cJSON.c ****         switch (*input_pointer)
 953:Libs/cJSON/cJSON.c ****         {
 954:Libs/cJSON/cJSON.c ****             case '\"':
 955:Libs/cJSON/cJSON.c ****             case '\\':
 956:Libs/cJSON/cJSON.c ****             case '\b':
 957:Libs/cJSON/cJSON.c ****             case '\f':
 958:Libs/cJSON/cJSON.c ****             case '\n':
 959:Libs/cJSON/cJSON.c ****             case '\r':
 960:Libs/cJSON/cJSON.c ****             case '\t':
 961:Libs/cJSON/cJSON.c ****                 /* one character escape sequence */
 962:Libs/cJSON/cJSON.c ****                 escape_characters++;
 963:Libs/cJSON/cJSON.c ****                 break;
 964:Libs/cJSON/cJSON.c ****             default:
 965:Libs/cJSON/cJSON.c ****                 if (*input_pointer < 32)
 966:Libs/cJSON/cJSON.c ****                 {
 967:Libs/cJSON/cJSON.c ****                     /* UTF-16 escape sequence uXXXX */
 968:Libs/cJSON/cJSON.c ****                     escape_characters += 5;
 969:Libs/cJSON/cJSON.c ****                 }
 970:Libs/cJSON/cJSON.c ****                 break;
 971:Libs/cJSON/cJSON.c ****         }
 972:Libs/cJSON/cJSON.c ****     }
 973:Libs/cJSON/cJSON.c ****     output_length = (size_t)(input_pointer - input) + escape_characters;
 974:Libs/cJSON/cJSON.c **** 
 975:Libs/cJSON/cJSON.c ****     output = ensure(output_buffer, output_length + sizeof("\"\""));
 976:Libs/cJSON/cJSON.c ****     if (output == NULL)
 977:Libs/cJSON/cJSON.c ****     {
 978:Libs/cJSON/cJSON.c ****         return false;
 979:Libs/cJSON/cJSON.c ****     }
 980:Libs/cJSON/cJSON.c **** 
 981:Libs/cJSON/cJSON.c ****     /* no characters have to be escaped */
 982:Libs/cJSON/cJSON.c ****     if (escape_characters == 0)
 983:Libs/cJSON/cJSON.c ****     {
 984:Libs/cJSON/cJSON.c ****         output[0] = '\"';
 985:Libs/cJSON/cJSON.c ****         memcpy(output + 1, input, output_length);
 986:Libs/cJSON/cJSON.c ****         output[output_length + 1] = '\"';
 987:Libs/cJSON/cJSON.c ****         output[output_length + 2] = '\0';
 988:Libs/cJSON/cJSON.c **** 
 989:Libs/cJSON/cJSON.c ****         return true;
 990:Libs/cJSON/cJSON.c ****     }
 991:Libs/cJSON/cJSON.c **** 
 992:Libs/cJSON/cJSON.c ****     output[0] = '\"';
 993:Libs/cJSON/cJSON.c ****     output_pointer = output + 1;
 994:Libs/cJSON/cJSON.c ****     /* copy the string */
 995:Libs/cJSON/cJSON.c ****     for (input_pointer = input; *input_pointer != '\0'; (void)input_pointer++, output_pointer++)
ARM GAS  C:\Users\nicx5\AppData\Local\Temp\ccUpawvI.s 			page 39


 996:Libs/cJSON/cJSON.c ****     {
 997:Libs/cJSON/cJSON.c ****         if ((*input_pointer > 31) && (*input_pointer != '\"') && (*input_pointer != '\\'))
 998:Libs/cJSON/cJSON.c ****         {
 999:Libs/cJSON/cJSON.c ****             /* normal character, copy */
1000:Libs/cJSON/cJSON.c ****             *output_pointer = *input_pointer;
1001:Libs/cJSON/cJSON.c ****         }
1002:Libs/cJSON/cJSON.c ****         else
1003:Libs/cJSON/cJSON.c ****         {
1004:Libs/cJSON/cJSON.c ****             /* character needs to be escaped */
1005:Libs/cJSON/cJSON.c ****             *output_pointer++ = '\\';
1006:Libs/cJSON/cJSON.c ****             switch (*input_pointer)
1007:Libs/cJSON/cJSON.c ****             {
1008:Libs/cJSON/cJSON.c ****                 case '\\':
1009:Libs/cJSON/cJSON.c ****                     *output_pointer = '\\';
1010:Libs/cJSON/cJSON.c ****                     break;
1011:Libs/cJSON/cJSON.c ****                 case '\"':
1012:Libs/cJSON/cJSON.c ****                     *output_pointer = '\"';
1013:Libs/cJSON/cJSON.c ****                     break;
1014:Libs/cJSON/cJSON.c ****                 case '\b':
1015:Libs/cJSON/cJSON.c ****                     *output_pointer = 'b';
1016:Libs/cJSON/cJSON.c ****                     break;
1017:Libs/cJSON/cJSON.c ****                 case '\f':
1018:Libs/cJSON/cJSON.c ****                     *output_pointer = 'f';
1019:Libs/cJSON/cJSON.c ****                     break;
1020:Libs/cJSON/cJSON.c ****                 case '\n':
1021:Libs/cJSON/cJSON.c ****                     *output_pointer = 'n';
1022:Libs/cJSON/cJSON.c ****                     break;
1023:Libs/cJSON/cJSON.c ****                 case '\r':
1024:Libs/cJSON/cJSON.c ****                     *output_pointer = 'r';
1025:Libs/cJSON/cJSON.c ****                     break;
1026:Libs/cJSON/cJSON.c ****                 case '\t':
1027:Libs/cJSON/cJSON.c ****                     *output_pointer = 't';
1028:Libs/cJSON/cJSON.c ****                     break;
1029:Libs/cJSON/cJSON.c ****                 default:
1030:Libs/cJSON/cJSON.c ****                     /* escape and print as unicode codepoint */
1031:Libs/cJSON/cJSON.c ****                     sprintf((char*)output_pointer, "u%04x", *input_pointer);
1032:Libs/cJSON/cJSON.c ****                     output_pointer += 4;
1033:Libs/cJSON/cJSON.c ****                     break;
1034:Libs/cJSON/cJSON.c ****             }
1035:Libs/cJSON/cJSON.c ****         }
1036:Libs/cJSON/cJSON.c ****     }
1037:Libs/cJSON/cJSON.c ****     output[output_length + 1] = '\"';
1038:Libs/cJSON/cJSON.c ****     output[output_length + 2] = '\0';
1039:Libs/cJSON/cJSON.c **** 
1040:Libs/cJSON/cJSON.c ****     return true;
1041:Libs/cJSON/cJSON.c **** }
1042:Libs/cJSON/cJSON.c **** 
1043:Libs/cJSON/cJSON.c **** /* Invoke print_string_ptr (which is useful) on an item. */
1044:Libs/cJSON/cJSON.c **** static cJSON_bool print_string(const cJSON * const item, printbuffer * const p)
1045:Libs/cJSON/cJSON.c **** {
1046:Libs/cJSON/cJSON.c ****     return print_string_ptr((unsigned char*)item->valuestring, p);
1047:Libs/cJSON/cJSON.c **** }
1048:Libs/cJSON/cJSON.c **** 
1049:Libs/cJSON/cJSON.c **** /* Predeclare these prototypes. */
1050:Libs/cJSON/cJSON.c **** static cJSON_bool parse_value(cJSON * const item, parse_buffer * const input_buffer);
1051:Libs/cJSON/cJSON.c **** static cJSON_bool print_value(const cJSON * const item, printbuffer * const output_buffer);
1052:Libs/cJSON/cJSON.c **** static cJSON_bool parse_array(cJSON * const item, parse_buffer * const input_buffer);
ARM GAS  C:\Users\nicx5\AppData\Local\Temp\ccUpawvI.s 			page 40


1053:Libs/cJSON/cJSON.c **** static cJSON_bool print_array(const cJSON * const item, printbuffer * const output_buffer);
1054:Libs/cJSON/cJSON.c **** static cJSON_bool parse_object(cJSON * const item, parse_buffer * const input_buffer);
1055:Libs/cJSON/cJSON.c **** static cJSON_bool print_object(const cJSON * const item, printbuffer * const output_buffer);
1056:Libs/cJSON/cJSON.c **** 
1057:Libs/cJSON/cJSON.c **** /* Utility to jump whitespace and cr/lf */
1058:Libs/cJSON/cJSON.c **** static parse_buffer *buffer_skip_whitespace(parse_buffer * const buffer)
1059:Libs/cJSON/cJSON.c **** {
 1035              		.loc 1 1059 1 is_stmt 1 view -0
 1036              		.cfi_startproc
 1037              		@ args = 0, pretend = 0, frame = 0
 1038              		@ frame_needed = 0, uses_anonymous_args = 0
 1039              		@ link register save eliminated.
1060:Libs/cJSON/cJSON.c ****     if ((buffer == NULL) || (buffer->content == NULL))
 1040              		.loc 1 1060 5 view .LVU337
 1041              		.loc 1 1060 8 is_stmt 0 view .LVU338
 1042 0000 0246     		mov	r2, r0
 1043 0002 D8B1     		cbz	r0, .L94
1059:Libs/cJSON/cJSON.c ****     if ((buffer == NULL) || (buffer->content == NULL))
 1044              		.loc 1 1059 1 view .LVU339
 1045 0004 10B4     		push	{r4}
 1046              	.LCFI8:
 1047              		.cfi_def_cfa_offset 4
 1048              		.cfi_offset 4, -4
 1049              		.loc 1 1060 36 discriminator 1 view .LVU340
 1050 0006 0468     		ldr	r4, [r0]
 1051              		.loc 1 1060 26 discriminator 1 view .LVU341
 1052 0008 B4B1     		cbz	r4, .L92
1061:Libs/cJSON/cJSON.c ****     {
1062:Libs/cJSON/cJSON.c ****         return NULL;
1063:Libs/cJSON/cJSON.c ****     }
1064:Libs/cJSON/cJSON.c **** 
1065:Libs/cJSON/cJSON.c ****     if (cannot_access_at_index(buffer, 0))
 1053              		.loc 1 1065 5 is_stmt 1 view .LVU342
 1054              		.loc 1 1065 9 is_stmt 0 discriminator 1 view .LVU343
 1055 000a 8368     		ldr	r3, [r0, #8]
 1056 000c 4068     		ldr	r0, [r0, #4]
 1057              	.LVL101:
 1058              		.loc 1 1065 9 discriminator 1 view .LVU344
 1059 000e 8342     		cmp	r3, r0
 1060 0010 02D3     		bcc	.L89
 1061 0012 0AE0     		b	.L88
 1062              	.L91:
1066:Libs/cJSON/cJSON.c ****     {
1067:Libs/cJSON/cJSON.c ****         return buffer;
1068:Libs/cJSON/cJSON.c ****     }
1069:Libs/cJSON/cJSON.c **** 
1070:Libs/cJSON/cJSON.c ****     while (can_access_at_index(buffer, 0) && (buffer_at_offset(buffer)[0] <= 32))
1071:Libs/cJSON/cJSON.c ****     {
1072:Libs/cJSON/cJSON.c ****        buffer->offset++;
 1063              		.loc 1 1072 8 is_stmt 1 view .LVU345
 1064              		.loc 1 1072 22 is_stmt 0 view .LVU346
 1065 0014 0133     		adds	r3, r3, #1
 1066 0016 9360     		str	r3, [r2, #8]
 1067              	.L89:
1070:Libs/cJSON/cJSON.c ****     {
 1068              		.loc 1 1070 43 is_stmt 1 view .LVU347
1070:Libs/cJSON/cJSON.c ****     {
ARM GAS  C:\Users\nicx5\AppData\Local\Temp\ccUpawvI.s 			page 41


 1069              		.loc 1 1070 12 is_stmt 0 discriminator 1 view .LVU348
 1070 0018 9368     		ldr	r3, [r2, #8]
 1071 001a 9842     		cmp	r0, r3
 1072 001c 02D9     		bls	.L90
1070:Libs/cJSON/cJSON.c ****     {
 1073              		.loc 1 1070 71 discriminator 2 view .LVU349
 1074 001e E15C     		ldrb	r1, [r4, r3]	@ zero_extendqisi2
1070:Libs/cJSON/cJSON.c ****     {
 1075              		.loc 1 1070 43 discriminator 2 view .LVU350
 1076 0020 2029     		cmp	r1, #32
 1077 0022 F7D9     		bls	.L91
 1078              	.L90:
1073:Libs/cJSON/cJSON.c ****     }
1074:Libs/cJSON/cJSON.c **** 
1075:Libs/cJSON/cJSON.c ****     if (buffer->offset == buffer->length)
 1079              		.loc 1 1075 5 is_stmt 1 view .LVU351
 1080              		.loc 1 1075 15 is_stmt 0 view .LVU352
 1081 0024 9368     		ldr	r3, [r2, #8]
 1082              		.loc 1 1075 8 view .LVU353
 1083 0026 9842     		cmp	r0, r3
 1084 0028 03D0     		beq	.L97
 1085              	.LVL102:
 1086              	.L88:
1076:Libs/cJSON/cJSON.c ****     {
1077:Libs/cJSON/cJSON.c ****         buffer->offset--;
1078:Libs/cJSON/cJSON.c ****     }
1079:Libs/cJSON/cJSON.c **** 
1080:Libs/cJSON/cJSON.c ****     return buffer;
1081:Libs/cJSON/cJSON.c **** }
 1087              		.loc 1 1081 1 view .LVU354
 1088 002a 1046     		mov	r0, r2
 1089 002c 5DF8044B 		ldr	r4, [sp], #4
 1090              	.LCFI9:
 1091              		.cfi_remember_state
 1092              		.cfi_restore 4
 1093              		.cfi_def_cfa_offset 0
 1094 0030 7047     		bx	lr
 1095              	.LVL103:
 1096              	.L97:
 1097              	.LCFI10:
 1098              		.cfi_restore_state
1077:Libs/cJSON/cJSON.c ****     }
 1099              		.loc 1 1077 9 is_stmt 1 view .LVU355
1077:Libs/cJSON/cJSON.c ****     }
 1100              		.loc 1 1077 23 is_stmt 0 view .LVU356
 1101 0032 013B     		subs	r3, r3, #1
 1102 0034 9360     		str	r3, [r2, #8]
 1103 0036 F8E7     		b	.L88
 1104              	.LVL104:
 1105              	.L92:
1062:Libs/cJSON/cJSON.c ****     }
 1106              		.loc 1 1062 16 view .LVU357
 1107 0038 2246     		mov	r2, r4
 1108 003a F6E7     		b	.L88
 1109              	.L94:
 1110              	.LCFI11:
 1111              		.cfi_def_cfa_offset 0
ARM GAS  C:\Users\nicx5\AppData\Local\Temp\ccUpawvI.s 			page 42


 1112              		.cfi_restore 4
 1113              		.loc 1 1081 1 view .LVU358
 1114 003c 7047     		bx	lr
 1115              		.cfi_endproc
 1116              	.LFE26:
 1118              		.section	.text.get_array_item,"ax",%progbits
 1119              		.align	1
 1120              		.syntax unified
 1121              		.thumb
 1122              		.thumb_func
 1124              	get_array_item:
 1125              	.LVL105:
 1126              	.LFB44:
1082:Libs/cJSON/cJSON.c **** 
1083:Libs/cJSON/cJSON.c **** /* skip the UTF-8 BOM (byte order mark) if it is at the beginning of a buffer */
1084:Libs/cJSON/cJSON.c **** static parse_buffer *skip_utf8_bom(parse_buffer * const buffer)
1085:Libs/cJSON/cJSON.c **** {
1086:Libs/cJSON/cJSON.c ****     if ((buffer == NULL) || (buffer->content == NULL) || (buffer->offset != 0))
1087:Libs/cJSON/cJSON.c ****     {
1088:Libs/cJSON/cJSON.c ****         return NULL;
1089:Libs/cJSON/cJSON.c ****     }
1090:Libs/cJSON/cJSON.c **** 
1091:Libs/cJSON/cJSON.c ****     if (can_access_at_index(buffer, 4) && (strncmp((const char*)buffer_at_offset(buffer), "\xEF\xBB
1092:Libs/cJSON/cJSON.c ****     {
1093:Libs/cJSON/cJSON.c ****         buffer->offset += 3;
1094:Libs/cJSON/cJSON.c ****     }
1095:Libs/cJSON/cJSON.c **** 
1096:Libs/cJSON/cJSON.c ****     return buffer;
1097:Libs/cJSON/cJSON.c **** }
1098:Libs/cJSON/cJSON.c **** 
1099:Libs/cJSON/cJSON.c **** CJSON_PUBLIC(cJSON *) cJSON_ParseWithOpts(const char *value, const char **return_parse_end, cJSON_b
1100:Libs/cJSON/cJSON.c **** {
1101:Libs/cJSON/cJSON.c ****     size_t buffer_length;
1102:Libs/cJSON/cJSON.c **** 
1103:Libs/cJSON/cJSON.c ****     if (NULL == value)
1104:Libs/cJSON/cJSON.c ****     {
1105:Libs/cJSON/cJSON.c ****         return NULL;
1106:Libs/cJSON/cJSON.c ****     }
1107:Libs/cJSON/cJSON.c **** 
1108:Libs/cJSON/cJSON.c ****     /* Adding null character size due to require_null_terminated. */
1109:Libs/cJSON/cJSON.c ****     buffer_length = strlen(value) + sizeof("");
1110:Libs/cJSON/cJSON.c **** 
1111:Libs/cJSON/cJSON.c ****     return cJSON_ParseWithLengthOpts(value, buffer_length, return_parse_end, require_null_terminate
1112:Libs/cJSON/cJSON.c **** }
1113:Libs/cJSON/cJSON.c **** 
1114:Libs/cJSON/cJSON.c **** /* Parse an object - create a new root, and populate. */
1115:Libs/cJSON/cJSON.c **** CJSON_PUBLIC(cJSON *) cJSON_ParseWithLengthOpts(const char *value, size_t buffer_length, const char
1116:Libs/cJSON/cJSON.c **** {
1117:Libs/cJSON/cJSON.c ****     parse_buffer buffer = { 0, 0, 0, 0, { 0, 0, 0 } };
1118:Libs/cJSON/cJSON.c ****     cJSON *item = NULL;
1119:Libs/cJSON/cJSON.c **** 
1120:Libs/cJSON/cJSON.c ****     /* reset error position */
1121:Libs/cJSON/cJSON.c ****     global_error.json = NULL;
1122:Libs/cJSON/cJSON.c ****     global_error.position = 0;
1123:Libs/cJSON/cJSON.c **** 
1124:Libs/cJSON/cJSON.c ****     if (value == NULL || 0 == buffer_length)
1125:Libs/cJSON/cJSON.c ****     {
ARM GAS  C:\Users\nicx5\AppData\Local\Temp\ccUpawvI.s 			page 43


1126:Libs/cJSON/cJSON.c ****         goto fail;
1127:Libs/cJSON/cJSON.c ****     }
1128:Libs/cJSON/cJSON.c **** 
1129:Libs/cJSON/cJSON.c ****     buffer.content = (const unsigned char*)value;
1130:Libs/cJSON/cJSON.c ****     buffer.length = buffer_length;
1131:Libs/cJSON/cJSON.c ****     buffer.offset = 0;
1132:Libs/cJSON/cJSON.c ****     buffer.hooks = global_hooks;
1133:Libs/cJSON/cJSON.c **** 
1134:Libs/cJSON/cJSON.c ****     item = cJSON_New_Item(&global_hooks);
1135:Libs/cJSON/cJSON.c ****     if (item == NULL) /* memory fail */
1136:Libs/cJSON/cJSON.c ****     {
1137:Libs/cJSON/cJSON.c ****         goto fail;
1138:Libs/cJSON/cJSON.c ****     }
1139:Libs/cJSON/cJSON.c **** 
1140:Libs/cJSON/cJSON.c ****     if (!parse_value(item, buffer_skip_whitespace(skip_utf8_bom(&buffer))))
1141:Libs/cJSON/cJSON.c ****     {
1142:Libs/cJSON/cJSON.c ****         /* parse failure. ep is set. */
1143:Libs/cJSON/cJSON.c ****         goto fail;
1144:Libs/cJSON/cJSON.c ****     }
1145:Libs/cJSON/cJSON.c **** 
1146:Libs/cJSON/cJSON.c ****     /* if we require null-terminated JSON without appended garbage, skip and then check for a null 
1147:Libs/cJSON/cJSON.c ****     if (require_null_terminated)
1148:Libs/cJSON/cJSON.c ****     {
1149:Libs/cJSON/cJSON.c ****         buffer_skip_whitespace(&buffer);
1150:Libs/cJSON/cJSON.c ****         if ((buffer.offset >= buffer.length) || buffer_at_offset(&buffer)[0] != '\0')
1151:Libs/cJSON/cJSON.c ****         {
1152:Libs/cJSON/cJSON.c ****             goto fail;
1153:Libs/cJSON/cJSON.c ****         }
1154:Libs/cJSON/cJSON.c ****     }
1155:Libs/cJSON/cJSON.c ****     if (return_parse_end)
1156:Libs/cJSON/cJSON.c ****     {
1157:Libs/cJSON/cJSON.c ****         *return_parse_end = (const char*)buffer_at_offset(&buffer);
1158:Libs/cJSON/cJSON.c ****     }
1159:Libs/cJSON/cJSON.c **** 
1160:Libs/cJSON/cJSON.c ****     return item;
1161:Libs/cJSON/cJSON.c **** 
1162:Libs/cJSON/cJSON.c **** fail:
1163:Libs/cJSON/cJSON.c ****     if (item != NULL)
1164:Libs/cJSON/cJSON.c ****     {
1165:Libs/cJSON/cJSON.c ****         cJSON_Delete(item);
1166:Libs/cJSON/cJSON.c ****     }
1167:Libs/cJSON/cJSON.c **** 
1168:Libs/cJSON/cJSON.c ****     if (value != NULL)
1169:Libs/cJSON/cJSON.c ****     {
1170:Libs/cJSON/cJSON.c ****         error local_error;
1171:Libs/cJSON/cJSON.c ****         local_error.json = (const unsigned char*)value;
1172:Libs/cJSON/cJSON.c ****         local_error.position = 0;
1173:Libs/cJSON/cJSON.c **** 
1174:Libs/cJSON/cJSON.c ****         if (buffer.offset < buffer.length)
1175:Libs/cJSON/cJSON.c ****         {
1176:Libs/cJSON/cJSON.c ****             local_error.position = buffer.offset;
1177:Libs/cJSON/cJSON.c ****         }
1178:Libs/cJSON/cJSON.c ****         else if (buffer.length > 0)
1179:Libs/cJSON/cJSON.c ****         {
1180:Libs/cJSON/cJSON.c ****             local_error.position = buffer.length - 1;
1181:Libs/cJSON/cJSON.c ****         }
1182:Libs/cJSON/cJSON.c **** 
ARM GAS  C:\Users\nicx5\AppData\Local\Temp\ccUpawvI.s 			page 44


1183:Libs/cJSON/cJSON.c ****         if (return_parse_end != NULL)
1184:Libs/cJSON/cJSON.c ****         {
1185:Libs/cJSON/cJSON.c ****             *return_parse_end = (const char*)local_error.json + local_error.position;
1186:Libs/cJSON/cJSON.c ****         }
1187:Libs/cJSON/cJSON.c **** 
1188:Libs/cJSON/cJSON.c ****         global_error = local_error;
1189:Libs/cJSON/cJSON.c ****     }
1190:Libs/cJSON/cJSON.c **** 
1191:Libs/cJSON/cJSON.c ****     return NULL;
1192:Libs/cJSON/cJSON.c **** }
1193:Libs/cJSON/cJSON.c **** 
1194:Libs/cJSON/cJSON.c **** /* Default options for cJSON_Parse */
1195:Libs/cJSON/cJSON.c **** CJSON_PUBLIC(cJSON *) cJSON_Parse(const char *value)
1196:Libs/cJSON/cJSON.c **** {
1197:Libs/cJSON/cJSON.c ****     return cJSON_ParseWithOpts(value, 0, 0);
1198:Libs/cJSON/cJSON.c **** }
1199:Libs/cJSON/cJSON.c **** 
1200:Libs/cJSON/cJSON.c **** CJSON_PUBLIC(cJSON *) cJSON_ParseWithLength(const char *value, size_t buffer_length)
1201:Libs/cJSON/cJSON.c **** {
1202:Libs/cJSON/cJSON.c ****     return cJSON_ParseWithLengthOpts(value, buffer_length, 0, 0);
1203:Libs/cJSON/cJSON.c **** }
1204:Libs/cJSON/cJSON.c **** 
1205:Libs/cJSON/cJSON.c **** #define cjson_min(a, b) (((a) < (b)) ? (a) : (b))
1206:Libs/cJSON/cJSON.c **** 
1207:Libs/cJSON/cJSON.c **** static unsigned char *print(const cJSON * const item, cJSON_bool format, const internal_hooks * con
1208:Libs/cJSON/cJSON.c **** {
1209:Libs/cJSON/cJSON.c ****     static const size_t default_buffer_size = 256;
1210:Libs/cJSON/cJSON.c ****     printbuffer buffer[1];
1211:Libs/cJSON/cJSON.c ****     unsigned char *printed = NULL;
1212:Libs/cJSON/cJSON.c **** 
1213:Libs/cJSON/cJSON.c ****     memset(buffer, 0, sizeof(buffer));
1214:Libs/cJSON/cJSON.c **** 
1215:Libs/cJSON/cJSON.c ****     /* create buffer */
1216:Libs/cJSON/cJSON.c ****     buffer->buffer = (unsigned char*) hooks->allocate(default_buffer_size);
1217:Libs/cJSON/cJSON.c ****     buffer->length = default_buffer_size;
1218:Libs/cJSON/cJSON.c ****     buffer->format = format;
1219:Libs/cJSON/cJSON.c ****     buffer->hooks = *hooks;
1220:Libs/cJSON/cJSON.c ****     if (buffer->buffer == NULL)
1221:Libs/cJSON/cJSON.c ****     {
1222:Libs/cJSON/cJSON.c ****         goto fail;
1223:Libs/cJSON/cJSON.c ****     }
1224:Libs/cJSON/cJSON.c **** 
1225:Libs/cJSON/cJSON.c ****     /* print the value */
1226:Libs/cJSON/cJSON.c ****     if (!print_value(item, buffer))
1227:Libs/cJSON/cJSON.c ****     {
1228:Libs/cJSON/cJSON.c ****         goto fail;
1229:Libs/cJSON/cJSON.c ****     }
1230:Libs/cJSON/cJSON.c ****     update_offset(buffer);
1231:Libs/cJSON/cJSON.c **** 
1232:Libs/cJSON/cJSON.c ****     /* check if reallocate is available */
1233:Libs/cJSON/cJSON.c ****     if (hooks->reallocate != NULL)
1234:Libs/cJSON/cJSON.c ****     {
1235:Libs/cJSON/cJSON.c ****         printed = (unsigned char*) hooks->reallocate(buffer->buffer, buffer->offset + 1);
1236:Libs/cJSON/cJSON.c ****         if (printed == NULL) {
1237:Libs/cJSON/cJSON.c ****             goto fail;
1238:Libs/cJSON/cJSON.c ****         }
1239:Libs/cJSON/cJSON.c ****         buffer->buffer = NULL;
ARM GAS  C:\Users\nicx5\AppData\Local\Temp\ccUpawvI.s 			page 45


1240:Libs/cJSON/cJSON.c ****     }
1241:Libs/cJSON/cJSON.c ****     else /* otherwise copy the JSON over to a new buffer */
1242:Libs/cJSON/cJSON.c ****     {
1243:Libs/cJSON/cJSON.c ****         printed = (unsigned char*) hooks->allocate(buffer->offset + 1);
1244:Libs/cJSON/cJSON.c ****         if (printed == NULL)
1245:Libs/cJSON/cJSON.c ****         {
1246:Libs/cJSON/cJSON.c ****             goto fail;
1247:Libs/cJSON/cJSON.c ****         }
1248:Libs/cJSON/cJSON.c ****         memcpy(printed, buffer->buffer, cjson_min(buffer->length, buffer->offset + 1));
1249:Libs/cJSON/cJSON.c ****         printed[buffer->offset] = '\0'; /* just to be sure */
1250:Libs/cJSON/cJSON.c **** 
1251:Libs/cJSON/cJSON.c ****         /* free the buffer */
1252:Libs/cJSON/cJSON.c ****         hooks->deallocate(buffer->buffer);
1253:Libs/cJSON/cJSON.c ****         buffer->buffer = NULL;
1254:Libs/cJSON/cJSON.c ****     }
1255:Libs/cJSON/cJSON.c **** 
1256:Libs/cJSON/cJSON.c ****     return printed;
1257:Libs/cJSON/cJSON.c **** 
1258:Libs/cJSON/cJSON.c **** fail:
1259:Libs/cJSON/cJSON.c ****     if (buffer->buffer != NULL)
1260:Libs/cJSON/cJSON.c ****     {
1261:Libs/cJSON/cJSON.c ****         hooks->deallocate(buffer->buffer);
1262:Libs/cJSON/cJSON.c ****         buffer->buffer = NULL;
1263:Libs/cJSON/cJSON.c ****     }
1264:Libs/cJSON/cJSON.c **** 
1265:Libs/cJSON/cJSON.c ****     if (printed != NULL)
1266:Libs/cJSON/cJSON.c ****     {
1267:Libs/cJSON/cJSON.c ****         hooks->deallocate(printed);
1268:Libs/cJSON/cJSON.c ****         printed = NULL;
1269:Libs/cJSON/cJSON.c ****     }
1270:Libs/cJSON/cJSON.c **** 
1271:Libs/cJSON/cJSON.c ****     return NULL;
1272:Libs/cJSON/cJSON.c **** }
1273:Libs/cJSON/cJSON.c **** 
1274:Libs/cJSON/cJSON.c **** /* Render a cJSON item/entity/structure to text. */
1275:Libs/cJSON/cJSON.c **** CJSON_PUBLIC(char *) cJSON_Print(const cJSON *item)
1276:Libs/cJSON/cJSON.c **** {
1277:Libs/cJSON/cJSON.c ****     return (char*)print(item, true, &global_hooks);
1278:Libs/cJSON/cJSON.c **** }
1279:Libs/cJSON/cJSON.c **** 
1280:Libs/cJSON/cJSON.c **** CJSON_PUBLIC(char *) cJSON_PrintUnformatted(const cJSON *item)
1281:Libs/cJSON/cJSON.c **** {
1282:Libs/cJSON/cJSON.c ****     return (char*)print(item, false, &global_hooks);
1283:Libs/cJSON/cJSON.c **** }
1284:Libs/cJSON/cJSON.c **** 
1285:Libs/cJSON/cJSON.c **** CJSON_PUBLIC(char *) cJSON_PrintBuffered(const cJSON *item, int prebuffer, cJSON_bool fmt)
1286:Libs/cJSON/cJSON.c **** {
1287:Libs/cJSON/cJSON.c ****     printbuffer p = { 0, 0, 0, 0, 0, 0, { 0, 0, 0 } };
1288:Libs/cJSON/cJSON.c **** 
1289:Libs/cJSON/cJSON.c ****     if (prebuffer < 0)
1290:Libs/cJSON/cJSON.c ****     {
1291:Libs/cJSON/cJSON.c ****         return NULL;
1292:Libs/cJSON/cJSON.c ****     }
1293:Libs/cJSON/cJSON.c **** 
1294:Libs/cJSON/cJSON.c ****     p.buffer = (unsigned char*)global_hooks.allocate((size_t)prebuffer);
1295:Libs/cJSON/cJSON.c ****     if (!p.buffer)
1296:Libs/cJSON/cJSON.c ****     {
ARM GAS  C:\Users\nicx5\AppData\Local\Temp\ccUpawvI.s 			page 46


1297:Libs/cJSON/cJSON.c ****         return NULL;
1298:Libs/cJSON/cJSON.c ****     }
1299:Libs/cJSON/cJSON.c **** 
1300:Libs/cJSON/cJSON.c ****     p.length = (size_t)prebuffer;
1301:Libs/cJSON/cJSON.c ****     p.offset = 0;
1302:Libs/cJSON/cJSON.c ****     p.noalloc = false;
1303:Libs/cJSON/cJSON.c ****     p.format = fmt;
1304:Libs/cJSON/cJSON.c ****     p.hooks = global_hooks;
1305:Libs/cJSON/cJSON.c **** 
1306:Libs/cJSON/cJSON.c ****     if (!print_value(item, &p))
1307:Libs/cJSON/cJSON.c ****     {
1308:Libs/cJSON/cJSON.c ****         global_hooks.deallocate(p.buffer);
1309:Libs/cJSON/cJSON.c ****         p.buffer = NULL;
1310:Libs/cJSON/cJSON.c ****         return NULL;
1311:Libs/cJSON/cJSON.c ****     }
1312:Libs/cJSON/cJSON.c **** 
1313:Libs/cJSON/cJSON.c ****     return (char*)p.buffer;
1314:Libs/cJSON/cJSON.c **** }
1315:Libs/cJSON/cJSON.c **** 
1316:Libs/cJSON/cJSON.c **** CJSON_PUBLIC(cJSON_bool) cJSON_PrintPreallocated(cJSON *item, char *buffer, const int length, const
1317:Libs/cJSON/cJSON.c **** {
1318:Libs/cJSON/cJSON.c ****     printbuffer p = { 0, 0, 0, 0, 0, 0, { 0, 0, 0 } };
1319:Libs/cJSON/cJSON.c **** 
1320:Libs/cJSON/cJSON.c ****     if ((length < 0) || (buffer == NULL))
1321:Libs/cJSON/cJSON.c ****     {
1322:Libs/cJSON/cJSON.c ****         return false;
1323:Libs/cJSON/cJSON.c ****     }
1324:Libs/cJSON/cJSON.c **** 
1325:Libs/cJSON/cJSON.c ****     p.buffer = (unsigned char*)buffer;
1326:Libs/cJSON/cJSON.c ****     p.length = (size_t)length;
1327:Libs/cJSON/cJSON.c ****     p.offset = 0;
1328:Libs/cJSON/cJSON.c ****     p.noalloc = true;
1329:Libs/cJSON/cJSON.c ****     p.format = format;
1330:Libs/cJSON/cJSON.c ****     p.hooks = global_hooks;
1331:Libs/cJSON/cJSON.c **** 
1332:Libs/cJSON/cJSON.c ****     return print_value(item, &p);
1333:Libs/cJSON/cJSON.c **** }
1334:Libs/cJSON/cJSON.c **** 
1335:Libs/cJSON/cJSON.c **** /* Parser core - when encountering text, process appropriately. */
1336:Libs/cJSON/cJSON.c **** static cJSON_bool parse_value(cJSON * const item, parse_buffer * const input_buffer)
1337:Libs/cJSON/cJSON.c **** {
1338:Libs/cJSON/cJSON.c ****     if ((input_buffer == NULL) || (input_buffer->content == NULL))
1339:Libs/cJSON/cJSON.c ****     {
1340:Libs/cJSON/cJSON.c ****         return false; /* no input */
1341:Libs/cJSON/cJSON.c ****     }
1342:Libs/cJSON/cJSON.c **** 
1343:Libs/cJSON/cJSON.c ****     /* parse the different types of values */
1344:Libs/cJSON/cJSON.c ****     /* null */
1345:Libs/cJSON/cJSON.c ****     if (can_read(input_buffer, 4) && (strncmp((const char*)buffer_at_offset(input_buffer), "null", 
1346:Libs/cJSON/cJSON.c ****     {
1347:Libs/cJSON/cJSON.c ****         item->type = cJSON_NULL;
1348:Libs/cJSON/cJSON.c ****         input_buffer->offset += 4;
1349:Libs/cJSON/cJSON.c ****         return true;
1350:Libs/cJSON/cJSON.c ****     }
1351:Libs/cJSON/cJSON.c ****     /* false */
1352:Libs/cJSON/cJSON.c ****     if (can_read(input_buffer, 5) && (strncmp((const char*)buffer_at_offset(input_buffer), "false",
1353:Libs/cJSON/cJSON.c ****     {
ARM GAS  C:\Users\nicx5\AppData\Local\Temp\ccUpawvI.s 			page 47


1354:Libs/cJSON/cJSON.c ****         item->type = cJSON_False;
1355:Libs/cJSON/cJSON.c ****         input_buffer->offset += 5;
1356:Libs/cJSON/cJSON.c ****         return true;
1357:Libs/cJSON/cJSON.c ****     }
1358:Libs/cJSON/cJSON.c ****     /* true */
1359:Libs/cJSON/cJSON.c ****     if (can_read(input_buffer, 4) && (strncmp((const char*)buffer_at_offset(input_buffer), "true", 
1360:Libs/cJSON/cJSON.c ****     {
1361:Libs/cJSON/cJSON.c ****         item->type = cJSON_True;
1362:Libs/cJSON/cJSON.c ****         item->valueint = 1;
1363:Libs/cJSON/cJSON.c ****         input_buffer->offset += 4;
1364:Libs/cJSON/cJSON.c ****         return true;
1365:Libs/cJSON/cJSON.c ****     }
1366:Libs/cJSON/cJSON.c ****     /* string */
1367:Libs/cJSON/cJSON.c ****     if (can_access_at_index(input_buffer, 0) && (buffer_at_offset(input_buffer)[0] == '\"'))
1368:Libs/cJSON/cJSON.c ****     {
1369:Libs/cJSON/cJSON.c ****         return parse_string(item, input_buffer);
1370:Libs/cJSON/cJSON.c ****     }
1371:Libs/cJSON/cJSON.c ****     /* number */
1372:Libs/cJSON/cJSON.c ****     if (can_access_at_index(input_buffer, 0) && ((buffer_at_offset(input_buffer)[0] == '-') || ((bu
1373:Libs/cJSON/cJSON.c ****     {
1374:Libs/cJSON/cJSON.c ****         return parse_number(item, input_buffer);
1375:Libs/cJSON/cJSON.c ****     }
1376:Libs/cJSON/cJSON.c ****     /* array */
1377:Libs/cJSON/cJSON.c ****     if (can_access_at_index(input_buffer, 0) && (buffer_at_offset(input_buffer)[0] == '['))
1378:Libs/cJSON/cJSON.c ****     {
1379:Libs/cJSON/cJSON.c ****         return parse_array(item, input_buffer);
1380:Libs/cJSON/cJSON.c ****     }
1381:Libs/cJSON/cJSON.c ****     /* object */
1382:Libs/cJSON/cJSON.c ****     if (can_access_at_index(input_buffer, 0) && (buffer_at_offset(input_buffer)[0] == '{'))
1383:Libs/cJSON/cJSON.c ****     {
1384:Libs/cJSON/cJSON.c ****         return parse_object(item, input_buffer);
1385:Libs/cJSON/cJSON.c ****     }
1386:Libs/cJSON/cJSON.c **** 
1387:Libs/cJSON/cJSON.c ****     return false;
1388:Libs/cJSON/cJSON.c **** }
1389:Libs/cJSON/cJSON.c **** 
1390:Libs/cJSON/cJSON.c **** /* Render a value to text. */
1391:Libs/cJSON/cJSON.c **** static cJSON_bool print_value(const cJSON * const item, printbuffer * const output_buffer)
1392:Libs/cJSON/cJSON.c **** {
1393:Libs/cJSON/cJSON.c ****     unsigned char *output = NULL;
1394:Libs/cJSON/cJSON.c **** 
1395:Libs/cJSON/cJSON.c ****     if ((item == NULL) || (output_buffer == NULL))
1396:Libs/cJSON/cJSON.c ****     {
1397:Libs/cJSON/cJSON.c ****         return false;
1398:Libs/cJSON/cJSON.c ****     }
1399:Libs/cJSON/cJSON.c **** 
1400:Libs/cJSON/cJSON.c ****     switch ((item->type) & 0xFF)
1401:Libs/cJSON/cJSON.c ****     {
1402:Libs/cJSON/cJSON.c ****         case cJSON_NULL:
1403:Libs/cJSON/cJSON.c ****             output = ensure(output_buffer, 5);
1404:Libs/cJSON/cJSON.c ****             if (output == NULL)
1405:Libs/cJSON/cJSON.c ****             {
1406:Libs/cJSON/cJSON.c ****                 return false;
1407:Libs/cJSON/cJSON.c ****             }
1408:Libs/cJSON/cJSON.c ****             strcpy((char*)output, "null");
1409:Libs/cJSON/cJSON.c ****             return true;
1410:Libs/cJSON/cJSON.c **** 
ARM GAS  C:\Users\nicx5\AppData\Local\Temp\ccUpawvI.s 			page 48


1411:Libs/cJSON/cJSON.c ****         case cJSON_False:
1412:Libs/cJSON/cJSON.c ****             output = ensure(output_buffer, 6);
1413:Libs/cJSON/cJSON.c ****             if (output == NULL)
1414:Libs/cJSON/cJSON.c ****             {
1415:Libs/cJSON/cJSON.c ****                 return false;
1416:Libs/cJSON/cJSON.c ****             }
1417:Libs/cJSON/cJSON.c ****             strcpy((char*)output, "false");
1418:Libs/cJSON/cJSON.c ****             return true;
1419:Libs/cJSON/cJSON.c **** 
1420:Libs/cJSON/cJSON.c ****         case cJSON_True:
1421:Libs/cJSON/cJSON.c ****             output = ensure(output_buffer, 5);
1422:Libs/cJSON/cJSON.c ****             if (output == NULL)
1423:Libs/cJSON/cJSON.c ****             {
1424:Libs/cJSON/cJSON.c ****                 return false;
1425:Libs/cJSON/cJSON.c ****             }
1426:Libs/cJSON/cJSON.c ****             strcpy((char*)output, "true");
1427:Libs/cJSON/cJSON.c ****             return true;
1428:Libs/cJSON/cJSON.c **** 
1429:Libs/cJSON/cJSON.c ****         case cJSON_Number:
1430:Libs/cJSON/cJSON.c ****             return print_number(item, output_buffer);
1431:Libs/cJSON/cJSON.c **** 
1432:Libs/cJSON/cJSON.c ****         case cJSON_Raw:
1433:Libs/cJSON/cJSON.c ****         {
1434:Libs/cJSON/cJSON.c ****             size_t raw_length = 0;
1435:Libs/cJSON/cJSON.c ****             if (item->valuestring == NULL)
1436:Libs/cJSON/cJSON.c ****             {
1437:Libs/cJSON/cJSON.c ****                 return false;
1438:Libs/cJSON/cJSON.c ****             }
1439:Libs/cJSON/cJSON.c **** 
1440:Libs/cJSON/cJSON.c ****             raw_length = strlen(item->valuestring) + sizeof("");
1441:Libs/cJSON/cJSON.c ****             output = ensure(output_buffer, raw_length);
1442:Libs/cJSON/cJSON.c ****             if (output == NULL)
1443:Libs/cJSON/cJSON.c ****             {
1444:Libs/cJSON/cJSON.c ****                 return false;
1445:Libs/cJSON/cJSON.c ****             }
1446:Libs/cJSON/cJSON.c ****             memcpy(output, item->valuestring, raw_length);
1447:Libs/cJSON/cJSON.c ****             return true;
1448:Libs/cJSON/cJSON.c ****         }
1449:Libs/cJSON/cJSON.c **** 
1450:Libs/cJSON/cJSON.c ****         case cJSON_String:
1451:Libs/cJSON/cJSON.c ****             return print_string(item, output_buffer);
1452:Libs/cJSON/cJSON.c **** 
1453:Libs/cJSON/cJSON.c ****         case cJSON_Array:
1454:Libs/cJSON/cJSON.c ****             return print_array(item, output_buffer);
1455:Libs/cJSON/cJSON.c **** 
1456:Libs/cJSON/cJSON.c ****         case cJSON_Object:
1457:Libs/cJSON/cJSON.c ****             return print_object(item, output_buffer);
1458:Libs/cJSON/cJSON.c **** 
1459:Libs/cJSON/cJSON.c ****         default:
1460:Libs/cJSON/cJSON.c ****             return false;
1461:Libs/cJSON/cJSON.c ****     }
1462:Libs/cJSON/cJSON.c **** }
1463:Libs/cJSON/cJSON.c **** 
1464:Libs/cJSON/cJSON.c **** /* Build an array from input text. */
1465:Libs/cJSON/cJSON.c **** static cJSON_bool parse_array(cJSON * const item, parse_buffer * const input_buffer)
1466:Libs/cJSON/cJSON.c **** {
1467:Libs/cJSON/cJSON.c ****     cJSON *head = NULL; /* head of the linked list */
ARM GAS  C:\Users\nicx5\AppData\Local\Temp\ccUpawvI.s 			page 49


1468:Libs/cJSON/cJSON.c ****     cJSON *current_item = NULL;
1469:Libs/cJSON/cJSON.c **** 
1470:Libs/cJSON/cJSON.c ****     if (input_buffer->depth >= CJSON_NESTING_LIMIT)
1471:Libs/cJSON/cJSON.c ****     {
1472:Libs/cJSON/cJSON.c ****         return false; /* to deeply nested */
1473:Libs/cJSON/cJSON.c ****     }
1474:Libs/cJSON/cJSON.c ****     input_buffer->depth++;
1475:Libs/cJSON/cJSON.c **** 
1476:Libs/cJSON/cJSON.c ****     if (buffer_at_offset(input_buffer)[0] != '[')
1477:Libs/cJSON/cJSON.c ****     {
1478:Libs/cJSON/cJSON.c ****         /* not an array */
1479:Libs/cJSON/cJSON.c ****         goto fail;
1480:Libs/cJSON/cJSON.c ****     }
1481:Libs/cJSON/cJSON.c **** 
1482:Libs/cJSON/cJSON.c ****     input_buffer->offset++;
1483:Libs/cJSON/cJSON.c ****     buffer_skip_whitespace(input_buffer);
1484:Libs/cJSON/cJSON.c ****     if (can_access_at_index(input_buffer, 0) && (buffer_at_offset(input_buffer)[0] == ']'))
1485:Libs/cJSON/cJSON.c ****     {
1486:Libs/cJSON/cJSON.c ****         /* empty array */
1487:Libs/cJSON/cJSON.c ****         goto success;
1488:Libs/cJSON/cJSON.c ****     }
1489:Libs/cJSON/cJSON.c **** 
1490:Libs/cJSON/cJSON.c ****     /* check if we skipped to the end of the buffer */
1491:Libs/cJSON/cJSON.c ****     if (cannot_access_at_index(input_buffer, 0))
1492:Libs/cJSON/cJSON.c ****     {
1493:Libs/cJSON/cJSON.c ****         input_buffer->offset--;
1494:Libs/cJSON/cJSON.c ****         goto fail;
1495:Libs/cJSON/cJSON.c ****     }
1496:Libs/cJSON/cJSON.c **** 
1497:Libs/cJSON/cJSON.c ****     /* step back to character in front of the first element */
1498:Libs/cJSON/cJSON.c ****     input_buffer->offset--;
1499:Libs/cJSON/cJSON.c ****     /* loop through the comma separated array elements */
1500:Libs/cJSON/cJSON.c ****     do
1501:Libs/cJSON/cJSON.c ****     {
1502:Libs/cJSON/cJSON.c ****         /* allocate next item */
1503:Libs/cJSON/cJSON.c ****         cJSON *new_item = cJSON_New_Item(&(input_buffer->hooks));
1504:Libs/cJSON/cJSON.c ****         if (new_item == NULL)
1505:Libs/cJSON/cJSON.c ****         {
1506:Libs/cJSON/cJSON.c ****             goto fail; /* allocation failure */
1507:Libs/cJSON/cJSON.c ****         }
1508:Libs/cJSON/cJSON.c **** 
1509:Libs/cJSON/cJSON.c ****         /* attach next item to list */
1510:Libs/cJSON/cJSON.c ****         if (head == NULL)
1511:Libs/cJSON/cJSON.c ****         {
1512:Libs/cJSON/cJSON.c ****             /* start the linked list */
1513:Libs/cJSON/cJSON.c ****             current_item = head = new_item;
1514:Libs/cJSON/cJSON.c ****         }
1515:Libs/cJSON/cJSON.c ****         else
1516:Libs/cJSON/cJSON.c ****         {
1517:Libs/cJSON/cJSON.c ****             /* add to the end and advance */
1518:Libs/cJSON/cJSON.c ****             current_item->next = new_item;
1519:Libs/cJSON/cJSON.c ****             new_item->prev = current_item;
1520:Libs/cJSON/cJSON.c ****             current_item = new_item;
1521:Libs/cJSON/cJSON.c ****         }
1522:Libs/cJSON/cJSON.c **** 
1523:Libs/cJSON/cJSON.c ****         /* parse next value */
1524:Libs/cJSON/cJSON.c ****         input_buffer->offset++;
ARM GAS  C:\Users\nicx5\AppData\Local\Temp\ccUpawvI.s 			page 50


1525:Libs/cJSON/cJSON.c ****         buffer_skip_whitespace(input_buffer);
1526:Libs/cJSON/cJSON.c ****         if (!parse_value(current_item, input_buffer))
1527:Libs/cJSON/cJSON.c ****         {
1528:Libs/cJSON/cJSON.c ****             goto fail; /* failed to parse value */
1529:Libs/cJSON/cJSON.c ****         }
1530:Libs/cJSON/cJSON.c ****         buffer_skip_whitespace(input_buffer);
1531:Libs/cJSON/cJSON.c ****     }
1532:Libs/cJSON/cJSON.c ****     while (can_access_at_index(input_buffer, 0) && (buffer_at_offset(input_buffer)[0] == ','));
1533:Libs/cJSON/cJSON.c **** 
1534:Libs/cJSON/cJSON.c ****     if (cannot_access_at_index(input_buffer, 0) || buffer_at_offset(input_buffer)[0] != ']')
1535:Libs/cJSON/cJSON.c ****     {
1536:Libs/cJSON/cJSON.c ****         goto fail; /* expected end of array */
1537:Libs/cJSON/cJSON.c ****     }
1538:Libs/cJSON/cJSON.c **** 
1539:Libs/cJSON/cJSON.c **** success:
1540:Libs/cJSON/cJSON.c ****     input_buffer->depth--;
1541:Libs/cJSON/cJSON.c **** 
1542:Libs/cJSON/cJSON.c ****     if (head != NULL) {
1543:Libs/cJSON/cJSON.c ****         head->prev = current_item;
1544:Libs/cJSON/cJSON.c ****     }
1545:Libs/cJSON/cJSON.c **** 
1546:Libs/cJSON/cJSON.c ****     item->type = cJSON_Array;
1547:Libs/cJSON/cJSON.c ****     item->child = head;
1548:Libs/cJSON/cJSON.c **** 
1549:Libs/cJSON/cJSON.c ****     input_buffer->offset++;
1550:Libs/cJSON/cJSON.c **** 
1551:Libs/cJSON/cJSON.c ****     return true;
1552:Libs/cJSON/cJSON.c **** 
1553:Libs/cJSON/cJSON.c **** fail:
1554:Libs/cJSON/cJSON.c ****     if (head != NULL)
1555:Libs/cJSON/cJSON.c ****     {
1556:Libs/cJSON/cJSON.c ****         cJSON_Delete(head);
1557:Libs/cJSON/cJSON.c ****     }
1558:Libs/cJSON/cJSON.c **** 
1559:Libs/cJSON/cJSON.c ****     return false;
1560:Libs/cJSON/cJSON.c **** }
1561:Libs/cJSON/cJSON.c **** 
1562:Libs/cJSON/cJSON.c **** /* Render an array to text */
1563:Libs/cJSON/cJSON.c **** static cJSON_bool print_array(const cJSON * const item, printbuffer * const output_buffer)
1564:Libs/cJSON/cJSON.c **** {
1565:Libs/cJSON/cJSON.c ****     unsigned char *output_pointer = NULL;
1566:Libs/cJSON/cJSON.c ****     size_t length = 0;
1567:Libs/cJSON/cJSON.c ****     cJSON *current_element = item->child;
1568:Libs/cJSON/cJSON.c **** 
1569:Libs/cJSON/cJSON.c ****     if (output_buffer == NULL)
1570:Libs/cJSON/cJSON.c ****     {
1571:Libs/cJSON/cJSON.c ****         return false;
1572:Libs/cJSON/cJSON.c ****     }
1573:Libs/cJSON/cJSON.c **** 
1574:Libs/cJSON/cJSON.c ****     /* Compose the output array. */
1575:Libs/cJSON/cJSON.c ****     /* opening square bracket */
1576:Libs/cJSON/cJSON.c ****     output_pointer = ensure(output_buffer, 1);
1577:Libs/cJSON/cJSON.c ****     if (output_pointer == NULL)
1578:Libs/cJSON/cJSON.c ****     {
1579:Libs/cJSON/cJSON.c ****         return false;
1580:Libs/cJSON/cJSON.c ****     }
1581:Libs/cJSON/cJSON.c **** 
ARM GAS  C:\Users\nicx5\AppData\Local\Temp\ccUpawvI.s 			page 51


1582:Libs/cJSON/cJSON.c ****     *output_pointer = '[';
1583:Libs/cJSON/cJSON.c ****     output_buffer->offset++;
1584:Libs/cJSON/cJSON.c ****     output_buffer->depth++;
1585:Libs/cJSON/cJSON.c **** 
1586:Libs/cJSON/cJSON.c ****     while (current_element != NULL)
1587:Libs/cJSON/cJSON.c ****     {
1588:Libs/cJSON/cJSON.c ****         if (!print_value(current_element, output_buffer))
1589:Libs/cJSON/cJSON.c ****         {
1590:Libs/cJSON/cJSON.c ****             return false;
1591:Libs/cJSON/cJSON.c ****         }
1592:Libs/cJSON/cJSON.c ****         update_offset(output_buffer);
1593:Libs/cJSON/cJSON.c ****         if (current_element->next)
1594:Libs/cJSON/cJSON.c ****         {
1595:Libs/cJSON/cJSON.c ****             length = (size_t) (output_buffer->format ? 2 : 1);
1596:Libs/cJSON/cJSON.c ****             output_pointer = ensure(output_buffer, length + 1);
1597:Libs/cJSON/cJSON.c ****             if (output_pointer == NULL)
1598:Libs/cJSON/cJSON.c ****             {
1599:Libs/cJSON/cJSON.c ****                 return false;
1600:Libs/cJSON/cJSON.c ****             }
1601:Libs/cJSON/cJSON.c ****             *output_pointer++ = ',';
1602:Libs/cJSON/cJSON.c ****             if(output_buffer->format)
1603:Libs/cJSON/cJSON.c ****             {
1604:Libs/cJSON/cJSON.c ****                 *output_pointer++ = ' ';
1605:Libs/cJSON/cJSON.c ****             }
1606:Libs/cJSON/cJSON.c ****             *output_pointer = '\0';
1607:Libs/cJSON/cJSON.c ****             output_buffer->offset += length;
1608:Libs/cJSON/cJSON.c ****         }
1609:Libs/cJSON/cJSON.c ****         current_element = current_element->next;
1610:Libs/cJSON/cJSON.c ****     }
1611:Libs/cJSON/cJSON.c **** 
1612:Libs/cJSON/cJSON.c ****     output_pointer = ensure(output_buffer, 2);
1613:Libs/cJSON/cJSON.c ****     if (output_pointer == NULL)
1614:Libs/cJSON/cJSON.c ****     {
1615:Libs/cJSON/cJSON.c ****         return false;
1616:Libs/cJSON/cJSON.c ****     }
1617:Libs/cJSON/cJSON.c ****     *output_pointer++ = ']';
1618:Libs/cJSON/cJSON.c ****     *output_pointer = '\0';
1619:Libs/cJSON/cJSON.c ****     output_buffer->depth--;
1620:Libs/cJSON/cJSON.c **** 
1621:Libs/cJSON/cJSON.c ****     return true;
1622:Libs/cJSON/cJSON.c **** }
1623:Libs/cJSON/cJSON.c **** 
1624:Libs/cJSON/cJSON.c **** /* Build an object from the text. */
1625:Libs/cJSON/cJSON.c **** static cJSON_bool parse_object(cJSON * const item, parse_buffer * const input_buffer)
1626:Libs/cJSON/cJSON.c **** {
1627:Libs/cJSON/cJSON.c ****     cJSON *head = NULL; /* linked list head */
1628:Libs/cJSON/cJSON.c ****     cJSON *current_item = NULL;
1629:Libs/cJSON/cJSON.c **** 
1630:Libs/cJSON/cJSON.c ****     if (input_buffer->depth >= CJSON_NESTING_LIMIT)
1631:Libs/cJSON/cJSON.c ****     {
1632:Libs/cJSON/cJSON.c ****         return false; /* to deeply nested */
1633:Libs/cJSON/cJSON.c ****     }
1634:Libs/cJSON/cJSON.c ****     input_buffer->depth++;
1635:Libs/cJSON/cJSON.c **** 
1636:Libs/cJSON/cJSON.c ****     if (cannot_access_at_index(input_buffer, 0) || (buffer_at_offset(input_buffer)[0] != '{'))
1637:Libs/cJSON/cJSON.c ****     {
1638:Libs/cJSON/cJSON.c ****         goto fail; /* not an object */
ARM GAS  C:\Users\nicx5\AppData\Local\Temp\ccUpawvI.s 			page 52


1639:Libs/cJSON/cJSON.c ****     }
1640:Libs/cJSON/cJSON.c **** 
1641:Libs/cJSON/cJSON.c ****     input_buffer->offset++;
1642:Libs/cJSON/cJSON.c ****     buffer_skip_whitespace(input_buffer);
1643:Libs/cJSON/cJSON.c ****     if (can_access_at_index(input_buffer, 0) && (buffer_at_offset(input_buffer)[0] == '}'))
1644:Libs/cJSON/cJSON.c ****     {
1645:Libs/cJSON/cJSON.c ****         goto success; /* empty object */
1646:Libs/cJSON/cJSON.c ****     }
1647:Libs/cJSON/cJSON.c **** 
1648:Libs/cJSON/cJSON.c ****     /* check if we skipped to the end of the buffer */
1649:Libs/cJSON/cJSON.c ****     if (cannot_access_at_index(input_buffer, 0))
1650:Libs/cJSON/cJSON.c ****     {
1651:Libs/cJSON/cJSON.c ****         input_buffer->offset--;
1652:Libs/cJSON/cJSON.c ****         goto fail;
1653:Libs/cJSON/cJSON.c ****     }
1654:Libs/cJSON/cJSON.c **** 
1655:Libs/cJSON/cJSON.c ****     /* step back to character in front of the first element */
1656:Libs/cJSON/cJSON.c ****     input_buffer->offset--;
1657:Libs/cJSON/cJSON.c ****     /* loop through the comma separated array elements */
1658:Libs/cJSON/cJSON.c ****     do
1659:Libs/cJSON/cJSON.c ****     {
1660:Libs/cJSON/cJSON.c ****         /* allocate next item */
1661:Libs/cJSON/cJSON.c ****         cJSON *new_item = cJSON_New_Item(&(input_buffer->hooks));
1662:Libs/cJSON/cJSON.c ****         if (new_item == NULL)
1663:Libs/cJSON/cJSON.c ****         {
1664:Libs/cJSON/cJSON.c ****             goto fail; /* allocation failure */
1665:Libs/cJSON/cJSON.c ****         }
1666:Libs/cJSON/cJSON.c **** 
1667:Libs/cJSON/cJSON.c ****         /* attach next item to list */
1668:Libs/cJSON/cJSON.c ****         if (head == NULL)
1669:Libs/cJSON/cJSON.c ****         {
1670:Libs/cJSON/cJSON.c ****             /* start the linked list */
1671:Libs/cJSON/cJSON.c ****             current_item = head = new_item;
1672:Libs/cJSON/cJSON.c ****         }
1673:Libs/cJSON/cJSON.c ****         else
1674:Libs/cJSON/cJSON.c ****         {
1675:Libs/cJSON/cJSON.c ****             /* add to the end and advance */
1676:Libs/cJSON/cJSON.c ****             current_item->next = new_item;
1677:Libs/cJSON/cJSON.c ****             new_item->prev = current_item;
1678:Libs/cJSON/cJSON.c ****             current_item = new_item;
1679:Libs/cJSON/cJSON.c ****         }
1680:Libs/cJSON/cJSON.c **** 
1681:Libs/cJSON/cJSON.c ****         if (cannot_access_at_index(input_buffer, 1))
1682:Libs/cJSON/cJSON.c ****         {
1683:Libs/cJSON/cJSON.c ****             goto fail; /* nothing comes after the comma */
1684:Libs/cJSON/cJSON.c ****         }
1685:Libs/cJSON/cJSON.c **** 
1686:Libs/cJSON/cJSON.c ****         /* parse the name of the child */
1687:Libs/cJSON/cJSON.c ****         input_buffer->offset++;
1688:Libs/cJSON/cJSON.c ****         buffer_skip_whitespace(input_buffer);
1689:Libs/cJSON/cJSON.c ****         if (!parse_string(current_item, input_buffer))
1690:Libs/cJSON/cJSON.c ****         {
1691:Libs/cJSON/cJSON.c ****             goto fail; /* failed to parse name */
1692:Libs/cJSON/cJSON.c ****         }
1693:Libs/cJSON/cJSON.c ****         buffer_skip_whitespace(input_buffer);
1694:Libs/cJSON/cJSON.c **** 
1695:Libs/cJSON/cJSON.c ****         /* swap valuestring and string, because we parsed the name */
ARM GAS  C:\Users\nicx5\AppData\Local\Temp\ccUpawvI.s 			page 53


1696:Libs/cJSON/cJSON.c ****         current_item->string = current_item->valuestring;
1697:Libs/cJSON/cJSON.c ****         current_item->valuestring = NULL;
1698:Libs/cJSON/cJSON.c **** 
1699:Libs/cJSON/cJSON.c ****         if (cannot_access_at_index(input_buffer, 0) || (buffer_at_offset(input_buffer)[0] != ':'))
1700:Libs/cJSON/cJSON.c ****         {
1701:Libs/cJSON/cJSON.c ****             goto fail; /* invalid object */
1702:Libs/cJSON/cJSON.c ****         }
1703:Libs/cJSON/cJSON.c **** 
1704:Libs/cJSON/cJSON.c ****         /* parse the value */
1705:Libs/cJSON/cJSON.c ****         input_buffer->offset++;
1706:Libs/cJSON/cJSON.c ****         buffer_skip_whitespace(input_buffer);
1707:Libs/cJSON/cJSON.c ****         if (!parse_value(current_item, input_buffer))
1708:Libs/cJSON/cJSON.c ****         {
1709:Libs/cJSON/cJSON.c ****             goto fail; /* failed to parse value */
1710:Libs/cJSON/cJSON.c ****         }
1711:Libs/cJSON/cJSON.c ****         buffer_skip_whitespace(input_buffer);
1712:Libs/cJSON/cJSON.c ****     }
1713:Libs/cJSON/cJSON.c ****     while (can_access_at_index(input_buffer, 0) && (buffer_at_offset(input_buffer)[0] == ','));
1714:Libs/cJSON/cJSON.c **** 
1715:Libs/cJSON/cJSON.c ****     if (cannot_access_at_index(input_buffer, 0) || (buffer_at_offset(input_buffer)[0] != '}'))
1716:Libs/cJSON/cJSON.c ****     {
1717:Libs/cJSON/cJSON.c ****         goto fail; /* expected end of object */
1718:Libs/cJSON/cJSON.c ****     }
1719:Libs/cJSON/cJSON.c **** 
1720:Libs/cJSON/cJSON.c **** success:
1721:Libs/cJSON/cJSON.c ****     input_buffer->depth--;
1722:Libs/cJSON/cJSON.c **** 
1723:Libs/cJSON/cJSON.c ****     if (head != NULL) {
1724:Libs/cJSON/cJSON.c ****         head->prev = current_item;
1725:Libs/cJSON/cJSON.c ****     }
1726:Libs/cJSON/cJSON.c **** 
1727:Libs/cJSON/cJSON.c ****     item->type = cJSON_Object;
1728:Libs/cJSON/cJSON.c ****     item->child = head;
1729:Libs/cJSON/cJSON.c **** 
1730:Libs/cJSON/cJSON.c ****     input_buffer->offset++;
1731:Libs/cJSON/cJSON.c ****     return true;
1732:Libs/cJSON/cJSON.c **** 
1733:Libs/cJSON/cJSON.c **** fail:
1734:Libs/cJSON/cJSON.c ****     if (head != NULL)
1735:Libs/cJSON/cJSON.c ****     {
1736:Libs/cJSON/cJSON.c ****         cJSON_Delete(head);
1737:Libs/cJSON/cJSON.c ****     }
1738:Libs/cJSON/cJSON.c **** 
1739:Libs/cJSON/cJSON.c ****     return false;
1740:Libs/cJSON/cJSON.c **** }
1741:Libs/cJSON/cJSON.c **** 
1742:Libs/cJSON/cJSON.c **** /* Render an object to text. */
1743:Libs/cJSON/cJSON.c **** static cJSON_bool print_object(const cJSON * const item, printbuffer * const output_buffer)
1744:Libs/cJSON/cJSON.c **** {
1745:Libs/cJSON/cJSON.c ****     unsigned char *output_pointer = NULL;
1746:Libs/cJSON/cJSON.c ****     size_t length = 0;
1747:Libs/cJSON/cJSON.c ****     cJSON *current_item = item->child;
1748:Libs/cJSON/cJSON.c **** 
1749:Libs/cJSON/cJSON.c ****     if (output_buffer == NULL)
1750:Libs/cJSON/cJSON.c ****     {
1751:Libs/cJSON/cJSON.c ****         return false;
1752:Libs/cJSON/cJSON.c ****     }
ARM GAS  C:\Users\nicx5\AppData\Local\Temp\ccUpawvI.s 			page 54


1753:Libs/cJSON/cJSON.c **** 
1754:Libs/cJSON/cJSON.c ****     /* Compose the output: */
1755:Libs/cJSON/cJSON.c ****     length = (size_t) (output_buffer->format ? 2 : 1); /* fmt: {\n */
1756:Libs/cJSON/cJSON.c ****     output_pointer = ensure(output_buffer, length + 1);
1757:Libs/cJSON/cJSON.c ****     if (output_pointer == NULL)
1758:Libs/cJSON/cJSON.c ****     {
1759:Libs/cJSON/cJSON.c ****         return false;
1760:Libs/cJSON/cJSON.c ****     }
1761:Libs/cJSON/cJSON.c **** 
1762:Libs/cJSON/cJSON.c ****     *output_pointer++ = '{';
1763:Libs/cJSON/cJSON.c ****     output_buffer->depth++;
1764:Libs/cJSON/cJSON.c ****     if (output_buffer->format)
1765:Libs/cJSON/cJSON.c ****     {
1766:Libs/cJSON/cJSON.c ****         *output_pointer++ = '\n';
1767:Libs/cJSON/cJSON.c ****     }
1768:Libs/cJSON/cJSON.c ****     output_buffer->offset += length;
1769:Libs/cJSON/cJSON.c **** 
1770:Libs/cJSON/cJSON.c ****     while (current_item)
1771:Libs/cJSON/cJSON.c ****     {
1772:Libs/cJSON/cJSON.c ****         if (output_buffer->format)
1773:Libs/cJSON/cJSON.c ****         {
1774:Libs/cJSON/cJSON.c ****             size_t i;
1775:Libs/cJSON/cJSON.c ****             output_pointer = ensure(output_buffer, output_buffer->depth);
1776:Libs/cJSON/cJSON.c ****             if (output_pointer == NULL)
1777:Libs/cJSON/cJSON.c ****             {
1778:Libs/cJSON/cJSON.c ****                 return false;
1779:Libs/cJSON/cJSON.c ****             }
1780:Libs/cJSON/cJSON.c ****             for (i = 0; i < output_buffer->depth; i++)
1781:Libs/cJSON/cJSON.c ****             {
1782:Libs/cJSON/cJSON.c ****                 *output_pointer++ = '\t';
1783:Libs/cJSON/cJSON.c ****             }
1784:Libs/cJSON/cJSON.c ****             output_buffer->offset += output_buffer->depth;
1785:Libs/cJSON/cJSON.c ****         }
1786:Libs/cJSON/cJSON.c **** 
1787:Libs/cJSON/cJSON.c ****         /* print key */
1788:Libs/cJSON/cJSON.c ****         if (!print_string_ptr((unsigned char*)current_item->string, output_buffer))
1789:Libs/cJSON/cJSON.c ****         {
1790:Libs/cJSON/cJSON.c ****             return false;
1791:Libs/cJSON/cJSON.c ****         }
1792:Libs/cJSON/cJSON.c ****         update_offset(output_buffer);
1793:Libs/cJSON/cJSON.c **** 
1794:Libs/cJSON/cJSON.c ****         length = (size_t) (output_buffer->format ? 2 : 1);
1795:Libs/cJSON/cJSON.c ****         output_pointer = ensure(output_buffer, length);
1796:Libs/cJSON/cJSON.c ****         if (output_pointer == NULL)
1797:Libs/cJSON/cJSON.c ****         {
1798:Libs/cJSON/cJSON.c ****             return false;
1799:Libs/cJSON/cJSON.c ****         }
1800:Libs/cJSON/cJSON.c ****         *output_pointer++ = ':';
1801:Libs/cJSON/cJSON.c ****         if (output_buffer->format)
1802:Libs/cJSON/cJSON.c ****         {
1803:Libs/cJSON/cJSON.c ****             *output_pointer++ = '\t';
1804:Libs/cJSON/cJSON.c ****         }
1805:Libs/cJSON/cJSON.c ****         output_buffer->offset += length;
1806:Libs/cJSON/cJSON.c **** 
1807:Libs/cJSON/cJSON.c ****         /* print value */
1808:Libs/cJSON/cJSON.c ****         if (!print_value(current_item, output_buffer))
1809:Libs/cJSON/cJSON.c ****         {
ARM GAS  C:\Users\nicx5\AppData\Local\Temp\ccUpawvI.s 			page 55


1810:Libs/cJSON/cJSON.c ****             return false;
1811:Libs/cJSON/cJSON.c ****         }
1812:Libs/cJSON/cJSON.c ****         update_offset(output_buffer);
1813:Libs/cJSON/cJSON.c **** 
1814:Libs/cJSON/cJSON.c ****         /* print comma if not last */
1815:Libs/cJSON/cJSON.c ****         length = ((size_t)(output_buffer->format ? 1 : 0) + (size_t)(current_item->next ? 1 : 0));
1816:Libs/cJSON/cJSON.c ****         output_pointer = ensure(output_buffer, length + 1);
1817:Libs/cJSON/cJSON.c ****         if (output_pointer == NULL)
1818:Libs/cJSON/cJSON.c ****         {
1819:Libs/cJSON/cJSON.c ****             return false;
1820:Libs/cJSON/cJSON.c ****         }
1821:Libs/cJSON/cJSON.c ****         if (current_item->next)
1822:Libs/cJSON/cJSON.c ****         {
1823:Libs/cJSON/cJSON.c ****             *output_pointer++ = ',';
1824:Libs/cJSON/cJSON.c ****         }
1825:Libs/cJSON/cJSON.c **** 
1826:Libs/cJSON/cJSON.c ****         if (output_buffer->format)
1827:Libs/cJSON/cJSON.c ****         {
1828:Libs/cJSON/cJSON.c ****             *output_pointer++ = '\n';
1829:Libs/cJSON/cJSON.c ****         }
1830:Libs/cJSON/cJSON.c ****         *output_pointer = '\0';
1831:Libs/cJSON/cJSON.c ****         output_buffer->offset += length;
1832:Libs/cJSON/cJSON.c **** 
1833:Libs/cJSON/cJSON.c ****         current_item = current_item->next;
1834:Libs/cJSON/cJSON.c ****     }
1835:Libs/cJSON/cJSON.c **** 
1836:Libs/cJSON/cJSON.c ****     output_pointer = ensure(output_buffer, output_buffer->format ? (output_buffer->depth + 1) : 2);
1837:Libs/cJSON/cJSON.c ****     if (output_pointer == NULL)
1838:Libs/cJSON/cJSON.c ****     {
1839:Libs/cJSON/cJSON.c ****         return false;
1840:Libs/cJSON/cJSON.c ****     }
1841:Libs/cJSON/cJSON.c ****     if (output_buffer->format)
1842:Libs/cJSON/cJSON.c ****     {
1843:Libs/cJSON/cJSON.c ****         size_t i;
1844:Libs/cJSON/cJSON.c ****         for (i = 0; i < (output_buffer->depth - 1); i++)
1845:Libs/cJSON/cJSON.c ****         {
1846:Libs/cJSON/cJSON.c ****             *output_pointer++ = '\t';
1847:Libs/cJSON/cJSON.c ****         }
1848:Libs/cJSON/cJSON.c ****     }
1849:Libs/cJSON/cJSON.c ****     *output_pointer++ = '}';
1850:Libs/cJSON/cJSON.c ****     *output_pointer = '\0';
1851:Libs/cJSON/cJSON.c ****     output_buffer->depth--;
1852:Libs/cJSON/cJSON.c **** 
1853:Libs/cJSON/cJSON.c ****     return true;
1854:Libs/cJSON/cJSON.c **** }
1855:Libs/cJSON/cJSON.c **** 
1856:Libs/cJSON/cJSON.c **** /* Get Array size/item / object item. */
1857:Libs/cJSON/cJSON.c **** CJSON_PUBLIC(int) cJSON_GetArraySize(const cJSON *array)
1858:Libs/cJSON/cJSON.c **** {
1859:Libs/cJSON/cJSON.c ****     cJSON *child = NULL;
1860:Libs/cJSON/cJSON.c ****     size_t size = 0;
1861:Libs/cJSON/cJSON.c **** 
1862:Libs/cJSON/cJSON.c ****     if (array == NULL)
1863:Libs/cJSON/cJSON.c ****     {
1864:Libs/cJSON/cJSON.c ****         return 0;
1865:Libs/cJSON/cJSON.c ****     }
1866:Libs/cJSON/cJSON.c **** 
ARM GAS  C:\Users\nicx5\AppData\Local\Temp\ccUpawvI.s 			page 56


1867:Libs/cJSON/cJSON.c ****     child = array->child;
1868:Libs/cJSON/cJSON.c **** 
1869:Libs/cJSON/cJSON.c ****     while(child != NULL)
1870:Libs/cJSON/cJSON.c ****     {
1871:Libs/cJSON/cJSON.c ****         size++;
1872:Libs/cJSON/cJSON.c ****         child = child->next;
1873:Libs/cJSON/cJSON.c ****     }
1874:Libs/cJSON/cJSON.c **** 
1875:Libs/cJSON/cJSON.c ****     /* FIXME: Can overflow here. Cannot be fixed without breaking the API */
1876:Libs/cJSON/cJSON.c **** 
1877:Libs/cJSON/cJSON.c ****     return (int)size;
1878:Libs/cJSON/cJSON.c **** }
1879:Libs/cJSON/cJSON.c **** 
1880:Libs/cJSON/cJSON.c **** static cJSON* get_array_item(const cJSON *array, size_t index)
1881:Libs/cJSON/cJSON.c **** {
 1127              		.loc 1 1881 1 is_stmt 1 view -0
 1128              		.cfi_startproc
 1129              		@ args = 0, pretend = 0, frame = 0
 1130              		@ frame_needed = 0, uses_anonymous_args = 0
 1131              		@ link register save eliminated.
1882:Libs/cJSON/cJSON.c ****     cJSON *current_child = NULL;
 1132              		.loc 1 1882 5 view .LVU360
1883:Libs/cJSON/cJSON.c **** 
1884:Libs/cJSON/cJSON.c ****     if (array == NULL)
 1133              		.loc 1 1884 5 view .LVU361
 1134              		.loc 1 1884 8 is_stmt 0 view .LVU362
 1135 0000 50B1     		cbz	r0, .L98
1885:Libs/cJSON/cJSON.c ****     {
1886:Libs/cJSON/cJSON.c ****         return NULL;
1887:Libs/cJSON/cJSON.c ****     }
1888:Libs/cJSON/cJSON.c **** 
1889:Libs/cJSON/cJSON.c ****     current_child = array->child;
 1136              		.loc 1 1889 5 is_stmt 1 view .LVU363
 1137              		.loc 1 1889 19 is_stmt 0 view .LVU364
 1138 0002 8068     		ldr	r0, [r0, #8]
 1139              	.LVL106:
1890:Libs/cJSON/cJSON.c ****     while ((current_child != NULL) && (index > 0))
 1140              		.loc 1 1890 5 is_stmt 1 view .LVU365
 1141              		.loc 1 1890 11 is_stmt 0 view .LVU366
 1142 0004 01E0     		b	.L100
 1143              	.L101:
1891:Libs/cJSON/cJSON.c ****     {
1892:Libs/cJSON/cJSON.c ****         index--;
 1144              		.loc 1 1892 9 is_stmt 1 view .LVU367
 1145              		.loc 1 1892 14 is_stmt 0 view .LVU368
 1146 0006 0139     		subs	r1, r1, #1
 1147              	.LVL107:
1893:Libs/cJSON/cJSON.c ****         current_child = current_child->next;
 1148              		.loc 1 1893 9 is_stmt 1 view .LVU369
 1149              		.loc 1 1893 23 is_stmt 0 view .LVU370
 1150 0008 0068     		ldr	r0, [r0]
 1151              	.LVL108:
 1152              	.L100:
1890:Libs/cJSON/cJSON.c ****     while ((current_child != NULL) && (index > 0))
 1153              		.loc 1 1890 36 is_stmt 1 view .LVU371
1890:Libs/cJSON/cJSON.c ****     while ((current_child != NULL) && (index > 0))
 1154              		.loc 1 1890 46 is_stmt 0 view .LVU372
ARM GAS  C:\Users\nicx5\AppData\Local\Temp\ccUpawvI.s 			page 57


 1155 000a 0B1E     		subs	r3, r1, #0
 1156 000c 18BF     		it	ne
 1157 000e 0123     		movne	r3, #1
1890:Libs/cJSON/cJSON.c ****     while ((current_child != NULL) && (index > 0))
 1158              		.loc 1 1890 36 view .LVU373
 1159 0010 10B1     		cbz	r0, .L98
1890:Libs/cJSON/cJSON.c ****     while ((current_child != NULL) && (index > 0))
 1160              		.loc 1 1890 36 view .LVU374
 1161 0012 002B     		cmp	r3, #0
 1162 0014 F7D1     		bne	.L101
 1163 0016 7047     		bx	lr
 1164              	.LVL109:
 1165              	.L98:
1894:Libs/cJSON/cJSON.c ****     }
1895:Libs/cJSON/cJSON.c **** 
1896:Libs/cJSON/cJSON.c ****     return current_child;
1897:Libs/cJSON/cJSON.c **** }
 1166              		.loc 1 1897 1 view .LVU375
 1167 0018 7047     		bx	lr
 1168              		.cfi_endproc
 1169              	.LFE44:
 1171              		.section	.text.suffix_object,"ax",%progbits
 1172              		.align	1
 1173              		.syntax unified
 1174              		.thumb
 1175              		.thumb_func
 1177              	suffix_object:
 1178              	.LVL110:
 1179              	.LFB50:
1898:Libs/cJSON/cJSON.c **** 
1899:Libs/cJSON/cJSON.c **** CJSON_PUBLIC(cJSON *) cJSON_GetArrayItem(const cJSON *array, int index)
1900:Libs/cJSON/cJSON.c **** {
1901:Libs/cJSON/cJSON.c ****     if (index < 0)
1902:Libs/cJSON/cJSON.c ****     {
1903:Libs/cJSON/cJSON.c ****         return NULL;
1904:Libs/cJSON/cJSON.c ****     }
1905:Libs/cJSON/cJSON.c **** 
1906:Libs/cJSON/cJSON.c ****     return get_array_item(array, (size_t)index);
1907:Libs/cJSON/cJSON.c **** }
1908:Libs/cJSON/cJSON.c **** 
1909:Libs/cJSON/cJSON.c **** static cJSON *get_object_item(const cJSON * const object, const char * const name, const cJSON_bool
1910:Libs/cJSON/cJSON.c **** {
1911:Libs/cJSON/cJSON.c ****     cJSON *current_element = NULL;
1912:Libs/cJSON/cJSON.c **** 
1913:Libs/cJSON/cJSON.c ****     if ((object == NULL) || (name == NULL))
1914:Libs/cJSON/cJSON.c ****     {
1915:Libs/cJSON/cJSON.c ****         return NULL;
1916:Libs/cJSON/cJSON.c ****     }
1917:Libs/cJSON/cJSON.c **** 
1918:Libs/cJSON/cJSON.c ****     current_element = object->child;
1919:Libs/cJSON/cJSON.c ****     if (case_sensitive)
1920:Libs/cJSON/cJSON.c ****     {
1921:Libs/cJSON/cJSON.c ****         while ((current_element != NULL) && (current_element->string != NULL) && (strcmp(name, curr
1922:Libs/cJSON/cJSON.c ****         {
1923:Libs/cJSON/cJSON.c ****             current_element = current_element->next;
1924:Libs/cJSON/cJSON.c ****         }
1925:Libs/cJSON/cJSON.c ****     }
ARM GAS  C:\Users\nicx5\AppData\Local\Temp\ccUpawvI.s 			page 58


1926:Libs/cJSON/cJSON.c ****     else
1927:Libs/cJSON/cJSON.c ****     {
1928:Libs/cJSON/cJSON.c ****         while ((current_element != NULL) && (case_insensitive_strcmp((const unsigned char*)name, (c
1929:Libs/cJSON/cJSON.c ****         {
1930:Libs/cJSON/cJSON.c ****             current_element = current_element->next;
1931:Libs/cJSON/cJSON.c ****         }
1932:Libs/cJSON/cJSON.c ****     }
1933:Libs/cJSON/cJSON.c **** 
1934:Libs/cJSON/cJSON.c ****     if ((current_element == NULL) || (current_element->string == NULL)) {
1935:Libs/cJSON/cJSON.c ****         return NULL;
1936:Libs/cJSON/cJSON.c ****     }
1937:Libs/cJSON/cJSON.c **** 
1938:Libs/cJSON/cJSON.c ****     return current_element;
1939:Libs/cJSON/cJSON.c **** }
1940:Libs/cJSON/cJSON.c **** 
1941:Libs/cJSON/cJSON.c **** CJSON_PUBLIC(cJSON *) cJSON_GetObjectItem(const cJSON * const object, const char * const string)
1942:Libs/cJSON/cJSON.c **** {
1943:Libs/cJSON/cJSON.c ****     return get_object_item(object, string, false);
1944:Libs/cJSON/cJSON.c **** }
1945:Libs/cJSON/cJSON.c **** 
1946:Libs/cJSON/cJSON.c **** CJSON_PUBLIC(cJSON *) cJSON_GetObjectItemCaseSensitive(const cJSON * const object, const char * con
1947:Libs/cJSON/cJSON.c **** {
1948:Libs/cJSON/cJSON.c ****     return get_object_item(object, string, true);
1949:Libs/cJSON/cJSON.c **** }
1950:Libs/cJSON/cJSON.c **** 
1951:Libs/cJSON/cJSON.c **** CJSON_PUBLIC(cJSON_bool) cJSON_HasObjectItem(const cJSON *object, const char *string)
1952:Libs/cJSON/cJSON.c **** {
1953:Libs/cJSON/cJSON.c ****     return cJSON_GetObjectItem(object, string) ? 1 : 0;
1954:Libs/cJSON/cJSON.c **** }
1955:Libs/cJSON/cJSON.c **** 
1956:Libs/cJSON/cJSON.c **** /* Utility for array list handling. */
1957:Libs/cJSON/cJSON.c **** static void suffix_object(cJSON *prev, cJSON *item)
1958:Libs/cJSON/cJSON.c **** {
 1180              		.loc 1 1958 1 is_stmt 1 view -0
 1181              		.cfi_startproc
 1182              		@ args = 0, pretend = 0, frame = 0
 1183              		@ frame_needed = 0, uses_anonymous_args = 0
 1184              		@ link register save eliminated.
1959:Libs/cJSON/cJSON.c ****     prev->next = item;
 1185              		.loc 1 1959 5 view .LVU377
 1186              		.loc 1 1959 16 is_stmt 0 view .LVU378
 1187 0000 0160     		str	r1, [r0]
1960:Libs/cJSON/cJSON.c ****     item->prev = prev;
 1188              		.loc 1 1960 5 is_stmt 1 view .LVU379
 1189              		.loc 1 1960 16 is_stmt 0 view .LVU380
 1190 0002 4860     		str	r0, [r1, #4]
1961:Libs/cJSON/cJSON.c **** }
 1191              		.loc 1 1961 1 view .LVU381
 1192 0004 7047     		bx	lr
 1193              		.cfi_endproc
 1194              	.LFE50:
 1196              		.section	.text.add_item_to_array,"ax",%progbits
 1197              		.align	1
 1198              		.syntax unified
 1199              		.thumb
 1200              		.thumb_func
 1202              	add_item_to_array:
ARM GAS  C:\Users\nicx5\AppData\Local\Temp\ccUpawvI.s 			page 59


 1203              	.LVL111:
 1204              	.LFB52:
1962:Libs/cJSON/cJSON.c **** 
1963:Libs/cJSON/cJSON.c **** /* Utility for handling references. */
1964:Libs/cJSON/cJSON.c **** static cJSON *create_reference(const cJSON *item, const internal_hooks * const hooks)
1965:Libs/cJSON/cJSON.c **** {
1966:Libs/cJSON/cJSON.c ****     cJSON *reference = NULL;
1967:Libs/cJSON/cJSON.c ****     if (item == NULL)
1968:Libs/cJSON/cJSON.c ****     {
1969:Libs/cJSON/cJSON.c ****         return NULL;
1970:Libs/cJSON/cJSON.c ****     }
1971:Libs/cJSON/cJSON.c **** 
1972:Libs/cJSON/cJSON.c ****     reference = cJSON_New_Item(hooks);
1973:Libs/cJSON/cJSON.c ****     if (reference == NULL)
1974:Libs/cJSON/cJSON.c ****     {
1975:Libs/cJSON/cJSON.c ****         return NULL;
1976:Libs/cJSON/cJSON.c ****     }
1977:Libs/cJSON/cJSON.c **** 
1978:Libs/cJSON/cJSON.c ****     memcpy(reference, item, sizeof(cJSON));
1979:Libs/cJSON/cJSON.c ****     reference->string = NULL;
1980:Libs/cJSON/cJSON.c ****     reference->type |= cJSON_IsReference;
1981:Libs/cJSON/cJSON.c ****     reference->next = reference->prev = NULL;
1982:Libs/cJSON/cJSON.c ****     return reference;
1983:Libs/cJSON/cJSON.c **** }
1984:Libs/cJSON/cJSON.c **** 
1985:Libs/cJSON/cJSON.c **** static cJSON_bool add_item_to_array(cJSON *array, cJSON *item)
1986:Libs/cJSON/cJSON.c **** {
 1205              		.loc 1 1986 1 is_stmt 1 view -0
 1206              		.cfi_startproc
 1207              		@ args = 0, pretend = 0, frame = 0
 1208              		@ frame_needed = 0, uses_anonymous_args = 0
1987:Libs/cJSON/cJSON.c ****     cJSON *child = NULL;
 1209              		.loc 1 1987 5 view .LVU383
1988:Libs/cJSON/cJSON.c **** 
1989:Libs/cJSON/cJSON.c ****     if ((item == NULL) || (array == NULL) || (array == item))
 1210              		.loc 1 1989 5 view .LVU384
 1211              		.loc 1 1989 8 is_stmt 0 view .LVU385
 1212 0000 0028     		cmp	r0, #0
 1213 0002 18BF     		it	ne
 1214 0004 0029     		cmpne	r1, #0
 1215 0006 13D0     		beq	.L108
1986:Libs/cJSON/cJSON.c ****     cJSON *child = NULL;
 1216              		.loc 1 1986 1 view .LVU386
 1217 0008 38B5     		push	{r3, r4, r5, lr}
 1218              	.LCFI12:
 1219              		.cfi_def_cfa_offset 16
 1220              		.cfi_offset 3, -16
 1221              		.cfi_offset 4, -12
 1222              		.cfi_offset 5, -8
 1223              		.cfi_offset 14, -4
 1224 000a 0C46     		mov	r4, r1
 1225 000c 0546     		mov	r5, r0
 1226              		.loc 1 1989 43 discriminator 1 view .LVU387
 1227 000e 8142     		cmp	r1, r0
 1228 0010 10D0     		beq	.L109
1990:Libs/cJSON/cJSON.c ****     {
1991:Libs/cJSON/cJSON.c ****         return false;
ARM GAS  C:\Users\nicx5\AppData\Local\Temp\ccUpawvI.s 			page 60


1992:Libs/cJSON/cJSON.c ****     }
1993:Libs/cJSON/cJSON.c **** 
1994:Libs/cJSON/cJSON.c ****     child = array->child;
 1229              		.loc 1 1994 5 is_stmt 1 view .LVU388
 1230              		.loc 1 1994 11 is_stmt 0 view .LVU389
 1231 0012 8368     		ldr	r3, [r0, #8]
 1232              	.LVL112:
1995:Libs/cJSON/cJSON.c ****     /*
1996:Libs/cJSON/cJSON.c ****      * To find the last item in array quickly, we use prev in array
1997:Libs/cJSON/cJSON.c ****      */
1998:Libs/cJSON/cJSON.c ****     if (child == NULL)
 1233              		.loc 1 1998 5 is_stmt 1 view .LVU390
 1234              		.loc 1 1998 8 is_stmt 0 view .LVU391
 1235 0014 3BB1     		cbz	r3, .L115
1999:Libs/cJSON/cJSON.c ****     {
2000:Libs/cJSON/cJSON.c ****         /* list is empty, start new one */
2001:Libs/cJSON/cJSON.c ****         array->child = item;
2002:Libs/cJSON/cJSON.c ****         item->prev = item;
2003:Libs/cJSON/cJSON.c ****         item->next = NULL;
2004:Libs/cJSON/cJSON.c ****     }
2005:Libs/cJSON/cJSON.c ****     else
2006:Libs/cJSON/cJSON.c ****     {
2007:Libs/cJSON/cJSON.c ****         /* append to the end */
2008:Libs/cJSON/cJSON.c ****         if (child->prev)
 1236              		.loc 1 2008 9 is_stmt 1 view .LVU392
 1237              		.loc 1 2008 18 is_stmt 0 view .LVU393
 1238 0016 5868     		ldr	r0, [r3, #4]
 1239              	.LVL113:
 1240              		.loc 1 2008 12 view .LVU394
 1241 0018 70B1     		cbz	r0, .L110
2009:Libs/cJSON/cJSON.c ****         {
2010:Libs/cJSON/cJSON.c ****             suffix_object(child->prev, item);
 1242              		.loc 1 2010 13 is_stmt 1 view .LVU395
 1243 001a FFF7FEFF 		bl	suffix_object
 1244              	.LVL114:
2011:Libs/cJSON/cJSON.c ****             array->child->prev = item;
 1245              		.loc 1 2011 13 view .LVU396
 1246              		.loc 1 2011 18 is_stmt 0 view .LVU397
 1247 001e AB68     		ldr	r3, [r5, #8]
 1248              		.loc 1 2011 32 view .LVU398
 1249 0020 5C60     		str	r4, [r3, #4]
2012:Libs/cJSON/cJSON.c ****         }
2013:Libs/cJSON/cJSON.c ****     }
2014:Libs/cJSON/cJSON.c **** 
2015:Libs/cJSON/cJSON.c ****     return true;
 1250              		.loc 1 2015 12 view .LVU399
 1251 0022 0120     		movs	r0, #1
 1252              	.LVL115:
 1253              	.L105:
2016:Libs/cJSON/cJSON.c **** }
 1254              		.loc 1 2016 1 view .LVU400
 1255 0024 38BD     		pop	{r3, r4, r5, pc}
 1256              	.LVL116:
 1257              	.L115:
2001:Libs/cJSON/cJSON.c ****         item->prev = item;
 1258              		.loc 1 2001 9 is_stmt 1 view .LVU401
2001:Libs/cJSON/cJSON.c ****         item->prev = item;
ARM GAS  C:\Users\nicx5\AppData\Local\Temp\ccUpawvI.s 			page 61


 1259              		.loc 1 2001 22 is_stmt 0 view .LVU402
 1260 0026 8160     		str	r1, [r0, #8]
2002:Libs/cJSON/cJSON.c ****         item->next = NULL;
 1261              		.loc 1 2002 9 is_stmt 1 view .LVU403
2002:Libs/cJSON/cJSON.c ****         item->next = NULL;
 1262              		.loc 1 2002 20 is_stmt 0 view .LVU404
 1263 0028 4960     		str	r1, [r1, #4]
2003:Libs/cJSON/cJSON.c ****     }
 1264              		.loc 1 2003 9 is_stmt 1 view .LVU405
2003:Libs/cJSON/cJSON.c ****     }
 1265              		.loc 1 2003 20 is_stmt 0 view .LVU406
 1266 002a 0B60     		str	r3, [r1]
2015:Libs/cJSON/cJSON.c **** }
 1267              		.loc 1 2015 12 view .LVU407
 1268 002c 0120     		movs	r0, #1
 1269              	.LVL117:
2015:Libs/cJSON/cJSON.c **** }
 1270              		.loc 1 2015 12 view .LVU408
 1271 002e F9E7     		b	.L105
 1272              	.LVL118:
 1273              	.L108:
 1274              	.LCFI13:
 1275              		.cfi_def_cfa_offset 0
 1276              		.cfi_restore 3
 1277              		.cfi_restore 4
 1278              		.cfi_restore 5
 1279              		.cfi_restore 14
1991:Libs/cJSON/cJSON.c ****     }
 1280              		.loc 1 1991 16 view .LVU409
 1281 0030 0020     		movs	r0, #0
 1282              	.LVL119:
 1283              		.loc 1 2016 1 view .LVU410
 1284 0032 7047     		bx	lr
 1285              	.LVL120:
 1286              	.L109:
 1287              	.LCFI14:
 1288              		.cfi_def_cfa_offset 16
 1289              		.cfi_offset 3, -16
 1290              		.cfi_offset 4, -12
 1291              		.cfi_offset 5, -8
 1292              		.cfi_offset 14, -4
1991:Libs/cJSON/cJSON.c ****     }
 1293              		.loc 1 1991 16 view .LVU411
 1294 0034 0020     		movs	r0, #0
 1295              	.LVL121:
1991:Libs/cJSON/cJSON.c ****     }
 1296              		.loc 1 1991 16 view .LVU412
 1297 0036 F5E7     		b	.L105
 1298              	.LVL122:
 1299              	.L110:
2015:Libs/cJSON/cJSON.c **** }
 1300              		.loc 1 2015 12 view .LVU413
 1301 0038 0120     		movs	r0, #1
 1302 003a F3E7     		b	.L105
 1303              		.cfi_endproc
 1304              	.LFE52:
 1306              		.section	.text.cast_away_const,"ax",%progbits
ARM GAS  C:\Users\nicx5\AppData\Local\Temp\ccUpawvI.s 			page 62


 1307              		.align	1
 1308              		.syntax unified
 1309              		.thumb
 1310              		.thumb_func
 1312              	cast_away_const:
 1313              	.LVL123:
 1314              	.LFB54:
2017:Libs/cJSON/cJSON.c **** 
2018:Libs/cJSON/cJSON.c **** /* Add item to array/object. */
2019:Libs/cJSON/cJSON.c **** CJSON_PUBLIC(cJSON_bool) cJSON_AddItemToArray(cJSON *array, cJSON *item)
2020:Libs/cJSON/cJSON.c **** {
2021:Libs/cJSON/cJSON.c ****     return add_item_to_array(array, item);
2022:Libs/cJSON/cJSON.c **** }
2023:Libs/cJSON/cJSON.c **** 
2024:Libs/cJSON/cJSON.c **** #if defined(__clang__) || (defined(__GNUC__)  && ((__GNUC__ > 4) || ((__GNUC__ == 4) && (__GNUC_MIN
2025:Libs/cJSON/cJSON.c ****     #pragma GCC diagnostic push
2026:Libs/cJSON/cJSON.c **** #endif
2027:Libs/cJSON/cJSON.c **** #ifdef __GNUC__
2028:Libs/cJSON/cJSON.c **** #pragma GCC diagnostic ignored "-Wcast-qual"
2029:Libs/cJSON/cJSON.c **** #endif
2030:Libs/cJSON/cJSON.c **** /* helper function to cast away const */
2031:Libs/cJSON/cJSON.c **** static void* cast_away_const(const void* string)
2032:Libs/cJSON/cJSON.c **** {
 1315              		.loc 1 2032 1 is_stmt 1 view -0
 1316              		.cfi_startproc
 1317              		@ args = 0, pretend = 0, frame = 0
 1318              		@ frame_needed = 0, uses_anonymous_args = 0
 1319              		@ link register save eliminated.
2033:Libs/cJSON/cJSON.c ****     return (void*)string;
 1320              		.loc 1 2033 5 view .LVU415
2034:Libs/cJSON/cJSON.c **** }
 1321              		.loc 1 2034 1 is_stmt 0 view .LVU416
 1322 0000 7047     		bx	lr
 1323              		.cfi_endproc
 1324              	.LFE54:
 1326              		.section	.text.skip_oneline_comment,"ax",%progbits
 1327              		.align	1
 1328              		.syntax unified
 1329              		.thumb
 1330              		.thumb_func
 1332              	skip_oneline_comment:
 1333              	.LVL124:
 1334              	.LFB100:
2035:Libs/cJSON/cJSON.c **** #if defined(__clang__) || (defined(__GNUC__)  && ((__GNUC__ > 4) || ((__GNUC__ == 4) && (__GNUC_MIN
2036:Libs/cJSON/cJSON.c ****     #pragma GCC diagnostic pop
2037:Libs/cJSON/cJSON.c **** #endif
2038:Libs/cJSON/cJSON.c **** 
2039:Libs/cJSON/cJSON.c **** 
2040:Libs/cJSON/cJSON.c **** static cJSON_bool add_item_to_object(cJSON * const object, const char * const string, cJSON * const
2041:Libs/cJSON/cJSON.c **** {
2042:Libs/cJSON/cJSON.c ****     char *new_key = NULL;
2043:Libs/cJSON/cJSON.c ****     int new_type = cJSON_Invalid;
2044:Libs/cJSON/cJSON.c **** 
2045:Libs/cJSON/cJSON.c ****     if ((object == NULL) || (string == NULL) || (item == NULL) || (object == item))
2046:Libs/cJSON/cJSON.c ****     {
2047:Libs/cJSON/cJSON.c ****         return false;
2048:Libs/cJSON/cJSON.c ****     }
ARM GAS  C:\Users\nicx5\AppData\Local\Temp\ccUpawvI.s 			page 63


2049:Libs/cJSON/cJSON.c **** 
2050:Libs/cJSON/cJSON.c ****     if (constant_key)
2051:Libs/cJSON/cJSON.c ****     {
2052:Libs/cJSON/cJSON.c ****         new_key = (char*)cast_away_const(string);
2053:Libs/cJSON/cJSON.c ****         new_type = item->type | cJSON_StringIsConst;
2054:Libs/cJSON/cJSON.c ****     }
2055:Libs/cJSON/cJSON.c ****     else
2056:Libs/cJSON/cJSON.c ****     {
2057:Libs/cJSON/cJSON.c ****         new_key = (char*)cJSON_strdup((const unsigned char*)string, hooks);
2058:Libs/cJSON/cJSON.c ****         if (new_key == NULL)
2059:Libs/cJSON/cJSON.c ****         {
2060:Libs/cJSON/cJSON.c ****             return false;
2061:Libs/cJSON/cJSON.c ****         }
2062:Libs/cJSON/cJSON.c **** 
2063:Libs/cJSON/cJSON.c ****         new_type = item->type & ~cJSON_StringIsConst;
2064:Libs/cJSON/cJSON.c ****     }
2065:Libs/cJSON/cJSON.c **** 
2066:Libs/cJSON/cJSON.c ****     if (!(item->type & cJSON_StringIsConst) && (item->string != NULL))
2067:Libs/cJSON/cJSON.c ****     {
2068:Libs/cJSON/cJSON.c ****         hooks->deallocate(item->string);
2069:Libs/cJSON/cJSON.c ****     }
2070:Libs/cJSON/cJSON.c **** 
2071:Libs/cJSON/cJSON.c ****     item->string = new_key;
2072:Libs/cJSON/cJSON.c ****     item->type = new_type;
2073:Libs/cJSON/cJSON.c **** 
2074:Libs/cJSON/cJSON.c ****     return add_item_to_array(object, item);
2075:Libs/cJSON/cJSON.c **** }
2076:Libs/cJSON/cJSON.c **** 
2077:Libs/cJSON/cJSON.c **** CJSON_PUBLIC(cJSON_bool) cJSON_AddItemToObject(cJSON *object, const char *string, cJSON *item)
2078:Libs/cJSON/cJSON.c **** {
2079:Libs/cJSON/cJSON.c ****     return add_item_to_object(object, string, item, &global_hooks, false);
2080:Libs/cJSON/cJSON.c **** }
2081:Libs/cJSON/cJSON.c **** 
2082:Libs/cJSON/cJSON.c **** /* Add an item to an object with constant string as key */
2083:Libs/cJSON/cJSON.c **** CJSON_PUBLIC(cJSON_bool) cJSON_AddItemToObjectCS(cJSON *object, const char *string, cJSON *item)
2084:Libs/cJSON/cJSON.c **** {
2085:Libs/cJSON/cJSON.c ****     return add_item_to_object(object, string, item, &global_hooks, true);
2086:Libs/cJSON/cJSON.c **** }
2087:Libs/cJSON/cJSON.c **** 
2088:Libs/cJSON/cJSON.c **** CJSON_PUBLIC(cJSON_bool) cJSON_AddItemReferenceToArray(cJSON *array, cJSON *item)
2089:Libs/cJSON/cJSON.c **** {
2090:Libs/cJSON/cJSON.c ****     if (array == NULL)
2091:Libs/cJSON/cJSON.c ****     {
2092:Libs/cJSON/cJSON.c ****         return false;
2093:Libs/cJSON/cJSON.c ****     }
2094:Libs/cJSON/cJSON.c **** 
2095:Libs/cJSON/cJSON.c ****     return add_item_to_array(array, create_reference(item, &global_hooks));
2096:Libs/cJSON/cJSON.c **** }
2097:Libs/cJSON/cJSON.c **** 
2098:Libs/cJSON/cJSON.c **** CJSON_PUBLIC(cJSON_bool) cJSON_AddItemReferenceToObject(cJSON *object, const char *string, cJSON *i
2099:Libs/cJSON/cJSON.c **** {
2100:Libs/cJSON/cJSON.c ****     if ((object == NULL) || (string == NULL))
2101:Libs/cJSON/cJSON.c ****     {
2102:Libs/cJSON/cJSON.c ****         return false;
2103:Libs/cJSON/cJSON.c ****     }
2104:Libs/cJSON/cJSON.c **** 
2105:Libs/cJSON/cJSON.c ****     return add_item_to_object(object, string, create_reference(item, &global_hooks), &global_hooks,
ARM GAS  C:\Users\nicx5\AppData\Local\Temp\ccUpawvI.s 			page 64


2106:Libs/cJSON/cJSON.c **** }
2107:Libs/cJSON/cJSON.c **** 
2108:Libs/cJSON/cJSON.c **** CJSON_PUBLIC(cJSON*) cJSON_AddNullToObject(cJSON * const object, const char * const name)
2109:Libs/cJSON/cJSON.c **** {
2110:Libs/cJSON/cJSON.c ****     cJSON *null = cJSON_CreateNull();
2111:Libs/cJSON/cJSON.c ****     if (add_item_to_object(object, name, null, &global_hooks, false))
2112:Libs/cJSON/cJSON.c ****     {
2113:Libs/cJSON/cJSON.c ****         return null;
2114:Libs/cJSON/cJSON.c ****     }
2115:Libs/cJSON/cJSON.c **** 
2116:Libs/cJSON/cJSON.c ****     cJSON_Delete(null);
2117:Libs/cJSON/cJSON.c ****     return NULL;
2118:Libs/cJSON/cJSON.c **** }
2119:Libs/cJSON/cJSON.c **** 
2120:Libs/cJSON/cJSON.c **** CJSON_PUBLIC(cJSON*) cJSON_AddTrueToObject(cJSON * const object, const char * const name)
2121:Libs/cJSON/cJSON.c **** {
2122:Libs/cJSON/cJSON.c ****     cJSON *true_item = cJSON_CreateTrue();
2123:Libs/cJSON/cJSON.c ****     if (add_item_to_object(object, name, true_item, &global_hooks, false))
2124:Libs/cJSON/cJSON.c ****     {
2125:Libs/cJSON/cJSON.c ****         return true_item;
2126:Libs/cJSON/cJSON.c ****     }
2127:Libs/cJSON/cJSON.c **** 
2128:Libs/cJSON/cJSON.c ****     cJSON_Delete(true_item);
2129:Libs/cJSON/cJSON.c ****     return NULL;
2130:Libs/cJSON/cJSON.c **** }
2131:Libs/cJSON/cJSON.c **** 
2132:Libs/cJSON/cJSON.c **** CJSON_PUBLIC(cJSON*) cJSON_AddFalseToObject(cJSON * const object, const char * const name)
2133:Libs/cJSON/cJSON.c **** {
2134:Libs/cJSON/cJSON.c ****     cJSON *false_item = cJSON_CreateFalse();
2135:Libs/cJSON/cJSON.c ****     if (add_item_to_object(object, name, false_item, &global_hooks, false))
2136:Libs/cJSON/cJSON.c ****     {
2137:Libs/cJSON/cJSON.c ****         return false_item;
2138:Libs/cJSON/cJSON.c ****     }
2139:Libs/cJSON/cJSON.c **** 
2140:Libs/cJSON/cJSON.c ****     cJSON_Delete(false_item);
2141:Libs/cJSON/cJSON.c ****     return NULL;
2142:Libs/cJSON/cJSON.c **** }
2143:Libs/cJSON/cJSON.c **** 
2144:Libs/cJSON/cJSON.c **** CJSON_PUBLIC(cJSON*) cJSON_AddBoolToObject(cJSON * const object, const char * const name, const cJS
2145:Libs/cJSON/cJSON.c **** {
2146:Libs/cJSON/cJSON.c ****     cJSON *bool_item = cJSON_CreateBool(boolean);
2147:Libs/cJSON/cJSON.c ****     if (add_item_to_object(object, name, bool_item, &global_hooks, false))
2148:Libs/cJSON/cJSON.c ****     {
2149:Libs/cJSON/cJSON.c ****         return bool_item;
2150:Libs/cJSON/cJSON.c ****     }
2151:Libs/cJSON/cJSON.c **** 
2152:Libs/cJSON/cJSON.c ****     cJSON_Delete(bool_item);
2153:Libs/cJSON/cJSON.c ****     return NULL;
2154:Libs/cJSON/cJSON.c **** }
2155:Libs/cJSON/cJSON.c **** 
2156:Libs/cJSON/cJSON.c **** CJSON_PUBLIC(cJSON*) cJSON_AddNumberToObject(cJSON * const object, const char * const name, const d
2157:Libs/cJSON/cJSON.c **** {
2158:Libs/cJSON/cJSON.c ****     cJSON *number_item = cJSON_CreateNumber(number);
2159:Libs/cJSON/cJSON.c ****     if (add_item_to_object(object, name, number_item, &global_hooks, false))
2160:Libs/cJSON/cJSON.c ****     {
2161:Libs/cJSON/cJSON.c ****         return number_item;
2162:Libs/cJSON/cJSON.c ****     }
ARM GAS  C:\Users\nicx5\AppData\Local\Temp\ccUpawvI.s 			page 65


2163:Libs/cJSON/cJSON.c **** 
2164:Libs/cJSON/cJSON.c ****     cJSON_Delete(number_item);
2165:Libs/cJSON/cJSON.c ****     return NULL;
2166:Libs/cJSON/cJSON.c **** }
2167:Libs/cJSON/cJSON.c **** 
2168:Libs/cJSON/cJSON.c **** CJSON_PUBLIC(cJSON*) cJSON_AddStringToObject(cJSON * const object, const char * const name, const c
2169:Libs/cJSON/cJSON.c **** {
2170:Libs/cJSON/cJSON.c ****     cJSON *string_item = cJSON_CreateString(string);
2171:Libs/cJSON/cJSON.c ****     if (add_item_to_object(object, name, string_item, &global_hooks, false))
2172:Libs/cJSON/cJSON.c ****     {
2173:Libs/cJSON/cJSON.c ****         return string_item;
2174:Libs/cJSON/cJSON.c ****     }
2175:Libs/cJSON/cJSON.c **** 
2176:Libs/cJSON/cJSON.c ****     cJSON_Delete(string_item);
2177:Libs/cJSON/cJSON.c ****     return NULL;
2178:Libs/cJSON/cJSON.c **** }
2179:Libs/cJSON/cJSON.c **** 
2180:Libs/cJSON/cJSON.c **** CJSON_PUBLIC(cJSON*) cJSON_AddRawToObject(cJSON * const object, const char * const name, const char
2181:Libs/cJSON/cJSON.c **** {
2182:Libs/cJSON/cJSON.c ****     cJSON *raw_item = cJSON_CreateRaw(raw);
2183:Libs/cJSON/cJSON.c ****     if (add_item_to_object(object, name, raw_item, &global_hooks, false))
2184:Libs/cJSON/cJSON.c ****     {
2185:Libs/cJSON/cJSON.c ****         return raw_item;
2186:Libs/cJSON/cJSON.c ****     }
2187:Libs/cJSON/cJSON.c **** 
2188:Libs/cJSON/cJSON.c ****     cJSON_Delete(raw_item);
2189:Libs/cJSON/cJSON.c ****     return NULL;
2190:Libs/cJSON/cJSON.c **** }
2191:Libs/cJSON/cJSON.c **** 
2192:Libs/cJSON/cJSON.c **** CJSON_PUBLIC(cJSON*) cJSON_AddObjectToObject(cJSON * const object, const char * const name)
2193:Libs/cJSON/cJSON.c **** {
2194:Libs/cJSON/cJSON.c ****     cJSON *object_item = cJSON_CreateObject();
2195:Libs/cJSON/cJSON.c ****     if (add_item_to_object(object, name, object_item, &global_hooks, false))
2196:Libs/cJSON/cJSON.c ****     {
2197:Libs/cJSON/cJSON.c ****         return object_item;
2198:Libs/cJSON/cJSON.c ****     }
2199:Libs/cJSON/cJSON.c **** 
2200:Libs/cJSON/cJSON.c ****     cJSON_Delete(object_item);
2201:Libs/cJSON/cJSON.c ****     return NULL;
2202:Libs/cJSON/cJSON.c **** }
2203:Libs/cJSON/cJSON.c **** 
2204:Libs/cJSON/cJSON.c **** CJSON_PUBLIC(cJSON*) cJSON_AddArrayToObject(cJSON * const object, const char * const name)
2205:Libs/cJSON/cJSON.c **** {
2206:Libs/cJSON/cJSON.c ****     cJSON *array = cJSON_CreateArray();
2207:Libs/cJSON/cJSON.c ****     if (add_item_to_object(object, name, array, &global_hooks, false))
2208:Libs/cJSON/cJSON.c ****     {
2209:Libs/cJSON/cJSON.c ****         return array;
2210:Libs/cJSON/cJSON.c ****     }
2211:Libs/cJSON/cJSON.c **** 
2212:Libs/cJSON/cJSON.c ****     cJSON_Delete(array);
2213:Libs/cJSON/cJSON.c ****     return NULL;
2214:Libs/cJSON/cJSON.c **** }
2215:Libs/cJSON/cJSON.c **** 
2216:Libs/cJSON/cJSON.c **** CJSON_PUBLIC(cJSON *) cJSON_DetachItemViaPointer(cJSON *parent, cJSON * const item)
2217:Libs/cJSON/cJSON.c **** {
2218:Libs/cJSON/cJSON.c ****     if ((parent == NULL) || (item == NULL) || (item != parent->child && item->prev == NULL))
2219:Libs/cJSON/cJSON.c ****     {
ARM GAS  C:\Users\nicx5\AppData\Local\Temp\ccUpawvI.s 			page 66


2220:Libs/cJSON/cJSON.c ****         return NULL;
2221:Libs/cJSON/cJSON.c ****     }
2222:Libs/cJSON/cJSON.c **** 
2223:Libs/cJSON/cJSON.c ****     if (item != parent->child)
2224:Libs/cJSON/cJSON.c ****     {
2225:Libs/cJSON/cJSON.c ****         /* not the first element */
2226:Libs/cJSON/cJSON.c ****         item->prev->next = item->next;
2227:Libs/cJSON/cJSON.c ****     }
2228:Libs/cJSON/cJSON.c ****     if (item->next != NULL)
2229:Libs/cJSON/cJSON.c ****     {
2230:Libs/cJSON/cJSON.c ****         /* not the last element */
2231:Libs/cJSON/cJSON.c ****         item->next->prev = item->prev;
2232:Libs/cJSON/cJSON.c ****     }
2233:Libs/cJSON/cJSON.c **** 
2234:Libs/cJSON/cJSON.c ****     if (item == parent->child)
2235:Libs/cJSON/cJSON.c ****     {
2236:Libs/cJSON/cJSON.c ****         /* first element */
2237:Libs/cJSON/cJSON.c ****         parent->child = item->next;
2238:Libs/cJSON/cJSON.c ****     }
2239:Libs/cJSON/cJSON.c ****     else if (item->next == NULL)
2240:Libs/cJSON/cJSON.c ****     {
2241:Libs/cJSON/cJSON.c ****         /* last element */
2242:Libs/cJSON/cJSON.c ****         parent->child->prev = item->prev;
2243:Libs/cJSON/cJSON.c ****     }
2244:Libs/cJSON/cJSON.c **** 
2245:Libs/cJSON/cJSON.c ****     /* make sure the detached item doesn't point anywhere anymore */
2246:Libs/cJSON/cJSON.c ****     item->prev = NULL;
2247:Libs/cJSON/cJSON.c ****     item->next = NULL;
2248:Libs/cJSON/cJSON.c **** 
2249:Libs/cJSON/cJSON.c ****     return item;
2250:Libs/cJSON/cJSON.c **** }
2251:Libs/cJSON/cJSON.c **** 
2252:Libs/cJSON/cJSON.c **** CJSON_PUBLIC(cJSON *) cJSON_DetachItemFromArray(cJSON *array, int which)
2253:Libs/cJSON/cJSON.c **** {
2254:Libs/cJSON/cJSON.c ****     if (which < 0)
2255:Libs/cJSON/cJSON.c ****     {
2256:Libs/cJSON/cJSON.c ****         return NULL;
2257:Libs/cJSON/cJSON.c ****     }
2258:Libs/cJSON/cJSON.c **** 
2259:Libs/cJSON/cJSON.c ****     return cJSON_DetachItemViaPointer(array, get_array_item(array, (size_t)which));
2260:Libs/cJSON/cJSON.c **** }
2261:Libs/cJSON/cJSON.c **** 
2262:Libs/cJSON/cJSON.c **** CJSON_PUBLIC(void) cJSON_DeleteItemFromArray(cJSON *array, int which)
2263:Libs/cJSON/cJSON.c **** {
2264:Libs/cJSON/cJSON.c ****     cJSON_Delete(cJSON_DetachItemFromArray(array, which));
2265:Libs/cJSON/cJSON.c **** }
2266:Libs/cJSON/cJSON.c **** 
2267:Libs/cJSON/cJSON.c **** CJSON_PUBLIC(cJSON *) cJSON_DetachItemFromObject(cJSON *object, const char *string)
2268:Libs/cJSON/cJSON.c **** {
2269:Libs/cJSON/cJSON.c ****     cJSON *to_detach = cJSON_GetObjectItem(object, string);
2270:Libs/cJSON/cJSON.c **** 
2271:Libs/cJSON/cJSON.c ****     return cJSON_DetachItemViaPointer(object, to_detach);
2272:Libs/cJSON/cJSON.c **** }
2273:Libs/cJSON/cJSON.c **** 
2274:Libs/cJSON/cJSON.c **** CJSON_PUBLIC(cJSON *) cJSON_DetachItemFromObjectCaseSensitive(cJSON *object, const char *string)
2275:Libs/cJSON/cJSON.c **** {
2276:Libs/cJSON/cJSON.c ****     cJSON *to_detach = cJSON_GetObjectItemCaseSensitive(object, string);
ARM GAS  C:\Users\nicx5\AppData\Local\Temp\ccUpawvI.s 			page 67


2277:Libs/cJSON/cJSON.c **** 
2278:Libs/cJSON/cJSON.c ****     return cJSON_DetachItemViaPointer(object, to_detach);
2279:Libs/cJSON/cJSON.c **** }
2280:Libs/cJSON/cJSON.c **** 
2281:Libs/cJSON/cJSON.c **** CJSON_PUBLIC(void) cJSON_DeleteItemFromObject(cJSON *object, const char *string)
2282:Libs/cJSON/cJSON.c **** {
2283:Libs/cJSON/cJSON.c ****     cJSON_Delete(cJSON_DetachItemFromObject(object, string));
2284:Libs/cJSON/cJSON.c **** }
2285:Libs/cJSON/cJSON.c **** 
2286:Libs/cJSON/cJSON.c **** CJSON_PUBLIC(void) cJSON_DeleteItemFromObjectCaseSensitive(cJSON *object, const char *string)
2287:Libs/cJSON/cJSON.c **** {
2288:Libs/cJSON/cJSON.c ****     cJSON_Delete(cJSON_DetachItemFromObjectCaseSensitive(object, string));
2289:Libs/cJSON/cJSON.c **** }
2290:Libs/cJSON/cJSON.c **** 
2291:Libs/cJSON/cJSON.c **** /* Replace array/object items with new ones. */
2292:Libs/cJSON/cJSON.c **** CJSON_PUBLIC(cJSON_bool) cJSON_InsertItemInArray(cJSON *array, int which, cJSON *newitem)
2293:Libs/cJSON/cJSON.c **** {
2294:Libs/cJSON/cJSON.c ****     cJSON *after_inserted = NULL;
2295:Libs/cJSON/cJSON.c **** 
2296:Libs/cJSON/cJSON.c ****     if (which < 0 || newitem == NULL)
2297:Libs/cJSON/cJSON.c ****     {
2298:Libs/cJSON/cJSON.c ****         return false;
2299:Libs/cJSON/cJSON.c ****     }
2300:Libs/cJSON/cJSON.c **** 
2301:Libs/cJSON/cJSON.c ****     after_inserted = get_array_item(array, (size_t)which);
2302:Libs/cJSON/cJSON.c ****     if (after_inserted == NULL)
2303:Libs/cJSON/cJSON.c ****     {
2304:Libs/cJSON/cJSON.c ****         return add_item_to_array(array, newitem);
2305:Libs/cJSON/cJSON.c ****     }
2306:Libs/cJSON/cJSON.c **** 
2307:Libs/cJSON/cJSON.c ****     if (after_inserted != array->child && after_inserted->prev == NULL) {
2308:Libs/cJSON/cJSON.c ****         /* return false if after_inserted is a corrupted array item */
2309:Libs/cJSON/cJSON.c ****         return false;
2310:Libs/cJSON/cJSON.c ****     }
2311:Libs/cJSON/cJSON.c **** 
2312:Libs/cJSON/cJSON.c ****     newitem->next = after_inserted;
2313:Libs/cJSON/cJSON.c ****     newitem->prev = after_inserted->prev;
2314:Libs/cJSON/cJSON.c ****     after_inserted->prev = newitem;
2315:Libs/cJSON/cJSON.c ****     if (after_inserted == array->child)
2316:Libs/cJSON/cJSON.c ****     {
2317:Libs/cJSON/cJSON.c ****         array->child = newitem;
2318:Libs/cJSON/cJSON.c ****     }
2319:Libs/cJSON/cJSON.c ****     else
2320:Libs/cJSON/cJSON.c ****     {
2321:Libs/cJSON/cJSON.c ****         newitem->prev->next = newitem;
2322:Libs/cJSON/cJSON.c ****     }
2323:Libs/cJSON/cJSON.c ****     return true;
2324:Libs/cJSON/cJSON.c **** }
2325:Libs/cJSON/cJSON.c **** 
2326:Libs/cJSON/cJSON.c **** CJSON_PUBLIC(cJSON_bool) cJSON_ReplaceItemViaPointer(cJSON * const parent, cJSON * const item, cJSO
2327:Libs/cJSON/cJSON.c **** {
2328:Libs/cJSON/cJSON.c ****     if ((parent == NULL) || (parent->child == NULL) || (replacement == NULL) || (item == NULL))
2329:Libs/cJSON/cJSON.c ****     {
2330:Libs/cJSON/cJSON.c ****         return false;
2331:Libs/cJSON/cJSON.c ****     }
2332:Libs/cJSON/cJSON.c **** 
2333:Libs/cJSON/cJSON.c ****     if (replacement == item)
ARM GAS  C:\Users\nicx5\AppData\Local\Temp\ccUpawvI.s 			page 68


2334:Libs/cJSON/cJSON.c ****     {
2335:Libs/cJSON/cJSON.c ****         return true;
2336:Libs/cJSON/cJSON.c ****     }
2337:Libs/cJSON/cJSON.c **** 
2338:Libs/cJSON/cJSON.c ****     replacement->next = item->next;
2339:Libs/cJSON/cJSON.c ****     replacement->prev = item->prev;
2340:Libs/cJSON/cJSON.c **** 
2341:Libs/cJSON/cJSON.c ****     if (replacement->next != NULL)
2342:Libs/cJSON/cJSON.c ****     {
2343:Libs/cJSON/cJSON.c ****         replacement->next->prev = replacement;
2344:Libs/cJSON/cJSON.c ****     }
2345:Libs/cJSON/cJSON.c ****     if (parent->child == item)
2346:Libs/cJSON/cJSON.c ****     {
2347:Libs/cJSON/cJSON.c ****         if (parent->child->prev == parent->child)
2348:Libs/cJSON/cJSON.c ****         {
2349:Libs/cJSON/cJSON.c ****             replacement->prev = replacement;
2350:Libs/cJSON/cJSON.c ****         }
2351:Libs/cJSON/cJSON.c ****         parent->child = replacement;
2352:Libs/cJSON/cJSON.c ****     }
2353:Libs/cJSON/cJSON.c ****     else
2354:Libs/cJSON/cJSON.c ****     {   /*
2355:Libs/cJSON/cJSON.c ****          * To find the last item in array quickly, we use prev in array.
2356:Libs/cJSON/cJSON.c ****          * We can't modify the last item's next pointer where this item was the parent's child
2357:Libs/cJSON/cJSON.c ****          */
2358:Libs/cJSON/cJSON.c ****         if (replacement->prev != NULL)
2359:Libs/cJSON/cJSON.c ****         {
2360:Libs/cJSON/cJSON.c ****             replacement->prev->next = replacement;
2361:Libs/cJSON/cJSON.c ****         }
2362:Libs/cJSON/cJSON.c ****         if (replacement->next == NULL)
2363:Libs/cJSON/cJSON.c ****         {
2364:Libs/cJSON/cJSON.c ****             parent->child->prev = replacement;
2365:Libs/cJSON/cJSON.c ****         }
2366:Libs/cJSON/cJSON.c ****     }
2367:Libs/cJSON/cJSON.c **** 
2368:Libs/cJSON/cJSON.c ****     item->next = NULL;
2369:Libs/cJSON/cJSON.c ****     item->prev = NULL;
2370:Libs/cJSON/cJSON.c ****     cJSON_Delete(item);
2371:Libs/cJSON/cJSON.c **** 
2372:Libs/cJSON/cJSON.c ****     return true;
2373:Libs/cJSON/cJSON.c **** }
2374:Libs/cJSON/cJSON.c **** 
2375:Libs/cJSON/cJSON.c **** CJSON_PUBLIC(cJSON_bool) cJSON_ReplaceItemInArray(cJSON *array, int which, cJSON *newitem)
2376:Libs/cJSON/cJSON.c **** {
2377:Libs/cJSON/cJSON.c ****     if (which < 0)
2378:Libs/cJSON/cJSON.c ****     {
2379:Libs/cJSON/cJSON.c ****         return false;
2380:Libs/cJSON/cJSON.c ****     }
2381:Libs/cJSON/cJSON.c **** 
2382:Libs/cJSON/cJSON.c ****     return cJSON_ReplaceItemViaPointer(array, get_array_item(array, (size_t)which), newitem);
2383:Libs/cJSON/cJSON.c **** }
2384:Libs/cJSON/cJSON.c **** 
2385:Libs/cJSON/cJSON.c **** static cJSON_bool replace_item_in_object(cJSON *object, const char *string, cJSON *replacement, cJS
2386:Libs/cJSON/cJSON.c **** {
2387:Libs/cJSON/cJSON.c ****     if ((replacement == NULL) || (string == NULL))
2388:Libs/cJSON/cJSON.c ****     {
2389:Libs/cJSON/cJSON.c ****         return false;
2390:Libs/cJSON/cJSON.c ****     }
ARM GAS  C:\Users\nicx5\AppData\Local\Temp\ccUpawvI.s 			page 69


2391:Libs/cJSON/cJSON.c **** 
2392:Libs/cJSON/cJSON.c ****     /* replace the name in the replacement */
2393:Libs/cJSON/cJSON.c ****     if (!(replacement->type & cJSON_StringIsConst) && (replacement->string != NULL))
2394:Libs/cJSON/cJSON.c ****     {
2395:Libs/cJSON/cJSON.c ****         cJSON_free(replacement->string);
2396:Libs/cJSON/cJSON.c ****     }
2397:Libs/cJSON/cJSON.c ****     replacement->string = (char*)cJSON_strdup((const unsigned char*)string, &global_hooks);
2398:Libs/cJSON/cJSON.c ****     if (replacement->string == NULL)
2399:Libs/cJSON/cJSON.c ****     {
2400:Libs/cJSON/cJSON.c ****         return false;
2401:Libs/cJSON/cJSON.c ****     }
2402:Libs/cJSON/cJSON.c **** 
2403:Libs/cJSON/cJSON.c ****     replacement->type &= ~cJSON_StringIsConst;
2404:Libs/cJSON/cJSON.c **** 
2405:Libs/cJSON/cJSON.c ****     return cJSON_ReplaceItemViaPointer(object, get_object_item(object, string, case_sensitive), rep
2406:Libs/cJSON/cJSON.c **** }
2407:Libs/cJSON/cJSON.c **** 
2408:Libs/cJSON/cJSON.c **** CJSON_PUBLIC(cJSON_bool) cJSON_ReplaceItemInObject(cJSON *object, const char *string, cJSON *newite
2409:Libs/cJSON/cJSON.c **** {
2410:Libs/cJSON/cJSON.c ****     return replace_item_in_object(object, string, newitem, false);
2411:Libs/cJSON/cJSON.c **** }
2412:Libs/cJSON/cJSON.c **** 
2413:Libs/cJSON/cJSON.c **** CJSON_PUBLIC(cJSON_bool) cJSON_ReplaceItemInObjectCaseSensitive(cJSON *object, const char *string, 
2414:Libs/cJSON/cJSON.c **** {
2415:Libs/cJSON/cJSON.c ****     return replace_item_in_object(object, string, newitem, true);
2416:Libs/cJSON/cJSON.c **** }
2417:Libs/cJSON/cJSON.c **** 
2418:Libs/cJSON/cJSON.c **** /* Create basic types: */
2419:Libs/cJSON/cJSON.c **** CJSON_PUBLIC(cJSON *) cJSON_CreateNull(void)
2420:Libs/cJSON/cJSON.c **** {
2421:Libs/cJSON/cJSON.c ****     cJSON *item = cJSON_New_Item(&global_hooks);
2422:Libs/cJSON/cJSON.c ****     if(item)
2423:Libs/cJSON/cJSON.c ****     {
2424:Libs/cJSON/cJSON.c ****         item->type = cJSON_NULL;
2425:Libs/cJSON/cJSON.c ****     }
2426:Libs/cJSON/cJSON.c **** 
2427:Libs/cJSON/cJSON.c ****     return item;
2428:Libs/cJSON/cJSON.c **** }
2429:Libs/cJSON/cJSON.c **** 
2430:Libs/cJSON/cJSON.c **** CJSON_PUBLIC(cJSON *) cJSON_CreateTrue(void)
2431:Libs/cJSON/cJSON.c **** {
2432:Libs/cJSON/cJSON.c ****     cJSON *item = cJSON_New_Item(&global_hooks);
2433:Libs/cJSON/cJSON.c ****     if(item)
2434:Libs/cJSON/cJSON.c ****     {
2435:Libs/cJSON/cJSON.c ****         item->type = cJSON_True;
2436:Libs/cJSON/cJSON.c ****     }
2437:Libs/cJSON/cJSON.c **** 
2438:Libs/cJSON/cJSON.c ****     return item;
2439:Libs/cJSON/cJSON.c **** }
2440:Libs/cJSON/cJSON.c **** 
2441:Libs/cJSON/cJSON.c **** CJSON_PUBLIC(cJSON *) cJSON_CreateFalse(void)
2442:Libs/cJSON/cJSON.c **** {
2443:Libs/cJSON/cJSON.c ****     cJSON *item = cJSON_New_Item(&global_hooks);
2444:Libs/cJSON/cJSON.c ****     if(item)
2445:Libs/cJSON/cJSON.c ****     {
2446:Libs/cJSON/cJSON.c ****         item->type = cJSON_False;
2447:Libs/cJSON/cJSON.c ****     }
ARM GAS  C:\Users\nicx5\AppData\Local\Temp\ccUpawvI.s 			page 70


2448:Libs/cJSON/cJSON.c **** 
2449:Libs/cJSON/cJSON.c ****     return item;
2450:Libs/cJSON/cJSON.c **** }
2451:Libs/cJSON/cJSON.c **** 
2452:Libs/cJSON/cJSON.c **** CJSON_PUBLIC(cJSON *) cJSON_CreateBool(cJSON_bool boolean)
2453:Libs/cJSON/cJSON.c **** {
2454:Libs/cJSON/cJSON.c ****     cJSON *item = cJSON_New_Item(&global_hooks);
2455:Libs/cJSON/cJSON.c ****     if(item)
2456:Libs/cJSON/cJSON.c ****     {
2457:Libs/cJSON/cJSON.c ****         item->type = boolean ? cJSON_True : cJSON_False;
2458:Libs/cJSON/cJSON.c ****     }
2459:Libs/cJSON/cJSON.c **** 
2460:Libs/cJSON/cJSON.c ****     return item;
2461:Libs/cJSON/cJSON.c **** }
2462:Libs/cJSON/cJSON.c **** 
2463:Libs/cJSON/cJSON.c **** CJSON_PUBLIC(cJSON *) cJSON_CreateNumber(double num)
2464:Libs/cJSON/cJSON.c **** {
2465:Libs/cJSON/cJSON.c ****     cJSON *item = cJSON_New_Item(&global_hooks);
2466:Libs/cJSON/cJSON.c ****     if(item)
2467:Libs/cJSON/cJSON.c ****     {
2468:Libs/cJSON/cJSON.c ****         item->type = cJSON_Number;
2469:Libs/cJSON/cJSON.c ****         item->valuedouble = num;
2470:Libs/cJSON/cJSON.c **** 
2471:Libs/cJSON/cJSON.c ****         /* use saturation in case of overflow */
2472:Libs/cJSON/cJSON.c ****         if (num >= INT_MAX)
2473:Libs/cJSON/cJSON.c ****         {
2474:Libs/cJSON/cJSON.c ****             item->valueint = INT_MAX;
2475:Libs/cJSON/cJSON.c ****         }
2476:Libs/cJSON/cJSON.c ****         else if (num <= (double)INT_MIN)
2477:Libs/cJSON/cJSON.c ****         {
2478:Libs/cJSON/cJSON.c ****             item->valueint = INT_MIN;
2479:Libs/cJSON/cJSON.c ****         }
2480:Libs/cJSON/cJSON.c ****         else
2481:Libs/cJSON/cJSON.c ****         {
2482:Libs/cJSON/cJSON.c ****             item->valueint = (int)num;
2483:Libs/cJSON/cJSON.c ****         }
2484:Libs/cJSON/cJSON.c ****     }
2485:Libs/cJSON/cJSON.c **** 
2486:Libs/cJSON/cJSON.c ****     return item;
2487:Libs/cJSON/cJSON.c **** }
2488:Libs/cJSON/cJSON.c **** 
2489:Libs/cJSON/cJSON.c **** CJSON_PUBLIC(cJSON *) cJSON_CreateString(const char *string)
2490:Libs/cJSON/cJSON.c **** {
2491:Libs/cJSON/cJSON.c ****     cJSON *item = cJSON_New_Item(&global_hooks);
2492:Libs/cJSON/cJSON.c ****     if(item)
2493:Libs/cJSON/cJSON.c ****     {
2494:Libs/cJSON/cJSON.c ****         item->type = cJSON_String;
2495:Libs/cJSON/cJSON.c ****         item->valuestring = (char*)cJSON_strdup((const unsigned char*)string, &global_hooks);
2496:Libs/cJSON/cJSON.c ****         if(!item->valuestring)
2497:Libs/cJSON/cJSON.c ****         {
2498:Libs/cJSON/cJSON.c ****             cJSON_Delete(item);
2499:Libs/cJSON/cJSON.c ****             return NULL;
2500:Libs/cJSON/cJSON.c ****         }
2501:Libs/cJSON/cJSON.c ****     }
2502:Libs/cJSON/cJSON.c **** 
2503:Libs/cJSON/cJSON.c ****     return item;
2504:Libs/cJSON/cJSON.c **** }
ARM GAS  C:\Users\nicx5\AppData\Local\Temp\ccUpawvI.s 			page 71


2505:Libs/cJSON/cJSON.c **** 
2506:Libs/cJSON/cJSON.c **** CJSON_PUBLIC(cJSON *) cJSON_CreateStringReference(const char *string)
2507:Libs/cJSON/cJSON.c **** {
2508:Libs/cJSON/cJSON.c ****     cJSON *item = cJSON_New_Item(&global_hooks);
2509:Libs/cJSON/cJSON.c ****     if (item != NULL)
2510:Libs/cJSON/cJSON.c ****     {
2511:Libs/cJSON/cJSON.c ****         item->type = cJSON_String | cJSON_IsReference;
2512:Libs/cJSON/cJSON.c ****         item->valuestring = (char*)cast_away_const(string);
2513:Libs/cJSON/cJSON.c ****     }
2514:Libs/cJSON/cJSON.c **** 
2515:Libs/cJSON/cJSON.c ****     return item;
2516:Libs/cJSON/cJSON.c **** }
2517:Libs/cJSON/cJSON.c **** 
2518:Libs/cJSON/cJSON.c **** CJSON_PUBLIC(cJSON *) cJSON_CreateObjectReference(const cJSON *child)
2519:Libs/cJSON/cJSON.c **** {
2520:Libs/cJSON/cJSON.c ****     cJSON *item = cJSON_New_Item(&global_hooks);
2521:Libs/cJSON/cJSON.c ****     if (item != NULL) {
2522:Libs/cJSON/cJSON.c ****         item->type = cJSON_Object | cJSON_IsReference;
2523:Libs/cJSON/cJSON.c ****         item->child = (cJSON*)cast_away_const(child);
2524:Libs/cJSON/cJSON.c ****     }
2525:Libs/cJSON/cJSON.c **** 
2526:Libs/cJSON/cJSON.c ****     return item;
2527:Libs/cJSON/cJSON.c **** }
2528:Libs/cJSON/cJSON.c **** 
2529:Libs/cJSON/cJSON.c **** CJSON_PUBLIC(cJSON *) cJSON_CreateArrayReference(const cJSON *child) {
2530:Libs/cJSON/cJSON.c ****     cJSON *item = cJSON_New_Item(&global_hooks);
2531:Libs/cJSON/cJSON.c ****     if (item != NULL) {
2532:Libs/cJSON/cJSON.c ****         item->type = cJSON_Array | cJSON_IsReference;
2533:Libs/cJSON/cJSON.c ****         item->child = (cJSON*)cast_away_const(child);
2534:Libs/cJSON/cJSON.c ****     }
2535:Libs/cJSON/cJSON.c **** 
2536:Libs/cJSON/cJSON.c ****     return item;
2537:Libs/cJSON/cJSON.c **** }
2538:Libs/cJSON/cJSON.c **** 
2539:Libs/cJSON/cJSON.c **** CJSON_PUBLIC(cJSON *) cJSON_CreateRaw(const char *raw)
2540:Libs/cJSON/cJSON.c **** {
2541:Libs/cJSON/cJSON.c ****     cJSON *item = cJSON_New_Item(&global_hooks);
2542:Libs/cJSON/cJSON.c ****     if(item)
2543:Libs/cJSON/cJSON.c ****     {
2544:Libs/cJSON/cJSON.c ****         item->type = cJSON_Raw;
2545:Libs/cJSON/cJSON.c ****         item->valuestring = (char*)cJSON_strdup((const unsigned char*)raw, &global_hooks);
2546:Libs/cJSON/cJSON.c ****         if(!item->valuestring)
2547:Libs/cJSON/cJSON.c ****         {
2548:Libs/cJSON/cJSON.c ****             cJSON_Delete(item);
2549:Libs/cJSON/cJSON.c ****             return NULL;
2550:Libs/cJSON/cJSON.c ****         }
2551:Libs/cJSON/cJSON.c ****     }
2552:Libs/cJSON/cJSON.c **** 
2553:Libs/cJSON/cJSON.c ****     return item;
2554:Libs/cJSON/cJSON.c **** }
2555:Libs/cJSON/cJSON.c **** 
2556:Libs/cJSON/cJSON.c **** CJSON_PUBLIC(cJSON *) cJSON_CreateArray(void)
2557:Libs/cJSON/cJSON.c **** {
2558:Libs/cJSON/cJSON.c ****     cJSON *item = cJSON_New_Item(&global_hooks);
2559:Libs/cJSON/cJSON.c ****     if(item)
2560:Libs/cJSON/cJSON.c ****     {
2561:Libs/cJSON/cJSON.c ****         item->type=cJSON_Array;
ARM GAS  C:\Users\nicx5\AppData\Local\Temp\ccUpawvI.s 			page 72


2562:Libs/cJSON/cJSON.c ****     }
2563:Libs/cJSON/cJSON.c **** 
2564:Libs/cJSON/cJSON.c ****     return item;
2565:Libs/cJSON/cJSON.c **** }
2566:Libs/cJSON/cJSON.c **** 
2567:Libs/cJSON/cJSON.c **** CJSON_PUBLIC(cJSON *) cJSON_CreateObject(void)
2568:Libs/cJSON/cJSON.c **** {
2569:Libs/cJSON/cJSON.c ****     cJSON *item = cJSON_New_Item(&global_hooks);
2570:Libs/cJSON/cJSON.c ****     if (item)
2571:Libs/cJSON/cJSON.c ****     {
2572:Libs/cJSON/cJSON.c ****         item->type = cJSON_Object;
2573:Libs/cJSON/cJSON.c ****     }
2574:Libs/cJSON/cJSON.c **** 
2575:Libs/cJSON/cJSON.c ****     return item;
2576:Libs/cJSON/cJSON.c **** }
2577:Libs/cJSON/cJSON.c **** 
2578:Libs/cJSON/cJSON.c **** /* Create Arrays: */
2579:Libs/cJSON/cJSON.c **** CJSON_PUBLIC(cJSON *) cJSON_CreateIntArray(const int *numbers, int count)
2580:Libs/cJSON/cJSON.c **** {
2581:Libs/cJSON/cJSON.c ****     size_t i = 0;
2582:Libs/cJSON/cJSON.c ****     cJSON *n = NULL;
2583:Libs/cJSON/cJSON.c ****     cJSON *p = NULL;
2584:Libs/cJSON/cJSON.c ****     cJSON *a = NULL;
2585:Libs/cJSON/cJSON.c **** 
2586:Libs/cJSON/cJSON.c ****     if ((count < 0) || (numbers == NULL))
2587:Libs/cJSON/cJSON.c ****     {
2588:Libs/cJSON/cJSON.c ****         return NULL;
2589:Libs/cJSON/cJSON.c ****     }
2590:Libs/cJSON/cJSON.c **** 
2591:Libs/cJSON/cJSON.c ****     a = cJSON_CreateArray();
2592:Libs/cJSON/cJSON.c **** 
2593:Libs/cJSON/cJSON.c ****     for(i = 0; a && (i < (size_t)count); i++)
2594:Libs/cJSON/cJSON.c ****     {
2595:Libs/cJSON/cJSON.c ****         n = cJSON_CreateNumber(numbers[i]);
2596:Libs/cJSON/cJSON.c ****         if (!n)
2597:Libs/cJSON/cJSON.c ****         {
2598:Libs/cJSON/cJSON.c ****             cJSON_Delete(a);
2599:Libs/cJSON/cJSON.c ****             return NULL;
2600:Libs/cJSON/cJSON.c ****         }
2601:Libs/cJSON/cJSON.c ****         if(!i)
2602:Libs/cJSON/cJSON.c ****         {
2603:Libs/cJSON/cJSON.c ****             a->child = n;
2604:Libs/cJSON/cJSON.c ****         }
2605:Libs/cJSON/cJSON.c ****         else
2606:Libs/cJSON/cJSON.c ****         {
2607:Libs/cJSON/cJSON.c ****             suffix_object(p, n);
2608:Libs/cJSON/cJSON.c ****         }
2609:Libs/cJSON/cJSON.c ****         p = n;
2610:Libs/cJSON/cJSON.c ****     }
2611:Libs/cJSON/cJSON.c **** 
2612:Libs/cJSON/cJSON.c ****     if (a && a->child) {
2613:Libs/cJSON/cJSON.c ****         a->child->prev = n;
2614:Libs/cJSON/cJSON.c ****     }
2615:Libs/cJSON/cJSON.c **** 
2616:Libs/cJSON/cJSON.c ****     return a;
2617:Libs/cJSON/cJSON.c **** }
2618:Libs/cJSON/cJSON.c **** 
ARM GAS  C:\Users\nicx5\AppData\Local\Temp\ccUpawvI.s 			page 73


2619:Libs/cJSON/cJSON.c **** CJSON_PUBLIC(cJSON *) cJSON_CreateFloatArray(const float *numbers, int count)
2620:Libs/cJSON/cJSON.c **** {
2621:Libs/cJSON/cJSON.c ****     size_t i = 0;
2622:Libs/cJSON/cJSON.c ****     cJSON *n = NULL;
2623:Libs/cJSON/cJSON.c ****     cJSON *p = NULL;
2624:Libs/cJSON/cJSON.c ****     cJSON *a = NULL;
2625:Libs/cJSON/cJSON.c **** 
2626:Libs/cJSON/cJSON.c ****     if ((count < 0) || (numbers == NULL))
2627:Libs/cJSON/cJSON.c ****     {
2628:Libs/cJSON/cJSON.c ****         return NULL;
2629:Libs/cJSON/cJSON.c ****     }
2630:Libs/cJSON/cJSON.c **** 
2631:Libs/cJSON/cJSON.c ****     a = cJSON_CreateArray();
2632:Libs/cJSON/cJSON.c **** 
2633:Libs/cJSON/cJSON.c ****     for(i = 0; a && (i < (size_t)count); i++)
2634:Libs/cJSON/cJSON.c ****     {
2635:Libs/cJSON/cJSON.c ****         n = cJSON_CreateNumber((double)numbers[i]);
2636:Libs/cJSON/cJSON.c ****         if(!n)
2637:Libs/cJSON/cJSON.c ****         {
2638:Libs/cJSON/cJSON.c ****             cJSON_Delete(a);
2639:Libs/cJSON/cJSON.c ****             return NULL;
2640:Libs/cJSON/cJSON.c ****         }
2641:Libs/cJSON/cJSON.c ****         if(!i)
2642:Libs/cJSON/cJSON.c ****         {
2643:Libs/cJSON/cJSON.c ****             a->child = n;
2644:Libs/cJSON/cJSON.c ****         }
2645:Libs/cJSON/cJSON.c ****         else
2646:Libs/cJSON/cJSON.c ****         {
2647:Libs/cJSON/cJSON.c ****             suffix_object(p, n);
2648:Libs/cJSON/cJSON.c ****         }
2649:Libs/cJSON/cJSON.c ****         p = n;
2650:Libs/cJSON/cJSON.c ****     }
2651:Libs/cJSON/cJSON.c **** 
2652:Libs/cJSON/cJSON.c ****     if (a && a->child) {
2653:Libs/cJSON/cJSON.c ****         a->child->prev = n;
2654:Libs/cJSON/cJSON.c ****     }
2655:Libs/cJSON/cJSON.c **** 
2656:Libs/cJSON/cJSON.c ****     return a;
2657:Libs/cJSON/cJSON.c **** }
2658:Libs/cJSON/cJSON.c **** 
2659:Libs/cJSON/cJSON.c **** CJSON_PUBLIC(cJSON *) cJSON_CreateDoubleArray(const double *numbers, int count)
2660:Libs/cJSON/cJSON.c **** {
2661:Libs/cJSON/cJSON.c ****     size_t i = 0;
2662:Libs/cJSON/cJSON.c ****     cJSON *n = NULL;
2663:Libs/cJSON/cJSON.c ****     cJSON *p = NULL;
2664:Libs/cJSON/cJSON.c ****     cJSON *a = NULL;
2665:Libs/cJSON/cJSON.c **** 
2666:Libs/cJSON/cJSON.c ****     if ((count < 0) || (numbers == NULL))
2667:Libs/cJSON/cJSON.c ****     {
2668:Libs/cJSON/cJSON.c ****         return NULL;
2669:Libs/cJSON/cJSON.c ****     }
2670:Libs/cJSON/cJSON.c **** 
2671:Libs/cJSON/cJSON.c ****     a = cJSON_CreateArray();
2672:Libs/cJSON/cJSON.c **** 
2673:Libs/cJSON/cJSON.c ****     for(i = 0; a && (i < (size_t)count); i++)
2674:Libs/cJSON/cJSON.c ****     {
2675:Libs/cJSON/cJSON.c ****         n = cJSON_CreateNumber(numbers[i]);
ARM GAS  C:\Users\nicx5\AppData\Local\Temp\ccUpawvI.s 			page 74


2676:Libs/cJSON/cJSON.c ****         if(!n)
2677:Libs/cJSON/cJSON.c ****         {
2678:Libs/cJSON/cJSON.c ****             cJSON_Delete(a);
2679:Libs/cJSON/cJSON.c ****             return NULL;
2680:Libs/cJSON/cJSON.c ****         }
2681:Libs/cJSON/cJSON.c ****         if(!i)
2682:Libs/cJSON/cJSON.c ****         {
2683:Libs/cJSON/cJSON.c ****             a->child = n;
2684:Libs/cJSON/cJSON.c ****         }
2685:Libs/cJSON/cJSON.c ****         else
2686:Libs/cJSON/cJSON.c ****         {
2687:Libs/cJSON/cJSON.c ****             suffix_object(p, n);
2688:Libs/cJSON/cJSON.c ****         }
2689:Libs/cJSON/cJSON.c ****         p = n;
2690:Libs/cJSON/cJSON.c ****     }
2691:Libs/cJSON/cJSON.c **** 
2692:Libs/cJSON/cJSON.c ****     if (a && a->child) {
2693:Libs/cJSON/cJSON.c ****         a->child->prev = n;
2694:Libs/cJSON/cJSON.c ****     }
2695:Libs/cJSON/cJSON.c **** 
2696:Libs/cJSON/cJSON.c ****     return a;
2697:Libs/cJSON/cJSON.c **** }
2698:Libs/cJSON/cJSON.c **** 
2699:Libs/cJSON/cJSON.c **** CJSON_PUBLIC(cJSON *) cJSON_CreateStringArray(const char *const *strings, int count)
2700:Libs/cJSON/cJSON.c **** {
2701:Libs/cJSON/cJSON.c ****     size_t i = 0;
2702:Libs/cJSON/cJSON.c ****     cJSON *n = NULL;
2703:Libs/cJSON/cJSON.c ****     cJSON *p = NULL;
2704:Libs/cJSON/cJSON.c ****     cJSON *a = NULL;
2705:Libs/cJSON/cJSON.c **** 
2706:Libs/cJSON/cJSON.c ****     if ((count < 0) || (strings == NULL))
2707:Libs/cJSON/cJSON.c ****     {
2708:Libs/cJSON/cJSON.c ****         return NULL;
2709:Libs/cJSON/cJSON.c ****     }
2710:Libs/cJSON/cJSON.c **** 
2711:Libs/cJSON/cJSON.c ****     a = cJSON_CreateArray();
2712:Libs/cJSON/cJSON.c **** 
2713:Libs/cJSON/cJSON.c ****     for (i = 0; a && (i < (size_t)count); i++)
2714:Libs/cJSON/cJSON.c ****     {
2715:Libs/cJSON/cJSON.c ****         n = cJSON_CreateString(strings[i]);
2716:Libs/cJSON/cJSON.c ****         if(!n)
2717:Libs/cJSON/cJSON.c ****         {
2718:Libs/cJSON/cJSON.c ****             cJSON_Delete(a);
2719:Libs/cJSON/cJSON.c ****             return NULL;
2720:Libs/cJSON/cJSON.c ****         }
2721:Libs/cJSON/cJSON.c ****         if(!i)
2722:Libs/cJSON/cJSON.c ****         {
2723:Libs/cJSON/cJSON.c ****             a->child = n;
2724:Libs/cJSON/cJSON.c ****         }
2725:Libs/cJSON/cJSON.c ****         else
2726:Libs/cJSON/cJSON.c ****         {
2727:Libs/cJSON/cJSON.c ****             suffix_object(p,n);
2728:Libs/cJSON/cJSON.c ****         }
2729:Libs/cJSON/cJSON.c ****         p = n;
2730:Libs/cJSON/cJSON.c ****     }
2731:Libs/cJSON/cJSON.c **** 
2732:Libs/cJSON/cJSON.c ****     if (a && a->child) {
ARM GAS  C:\Users\nicx5\AppData\Local\Temp\ccUpawvI.s 			page 75


2733:Libs/cJSON/cJSON.c ****         a->child->prev = n;
2734:Libs/cJSON/cJSON.c ****     }
2735:Libs/cJSON/cJSON.c **** 
2736:Libs/cJSON/cJSON.c ****     return a;
2737:Libs/cJSON/cJSON.c **** }
2738:Libs/cJSON/cJSON.c **** 
2739:Libs/cJSON/cJSON.c **** /* Duplication */
2740:Libs/cJSON/cJSON.c **** cJSON * cJSON_Duplicate_rec(const cJSON *item, size_t depth, cJSON_bool recurse);
2741:Libs/cJSON/cJSON.c **** 
2742:Libs/cJSON/cJSON.c **** CJSON_PUBLIC(cJSON *) cJSON_Duplicate(const cJSON *item, cJSON_bool recurse)
2743:Libs/cJSON/cJSON.c **** {
2744:Libs/cJSON/cJSON.c ****     return cJSON_Duplicate_rec(item, 0, recurse );
2745:Libs/cJSON/cJSON.c **** }
2746:Libs/cJSON/cJSON.c **** 
2747:Libs/cJSON/cJSON.c **** cJSON * cJSON_Duplicate_rec(const cJSON *item, size_t depth, cJSON_bool recurse)
2748:Libs/cJSON/cJSON.c **** {
2749:Libs/cJSON/cJSON.c ****     cJSON *newitem = NULL;
2750:Libs/cJSON/cJSON.c ****     cJSON *child = NULL;
2751:Libs/cJSON/cJSON.c ****     cJSON *next = NULL;
2752:Libs/cJSON/cJSON.c ****     cJSON *newchild = NULL;
2753:Libs/cJSON/cJSON.c **** 
2754:Libs/cJSON/cJSON.c ****     /* Bail on bad ptr */
2755:Libs/cJSON/cJSON.c ****     if (!item)
2756:Libs/cJSON/cJSON.c ****     {
2757:Libs/cJSON/cJSON.c ****         goto fail;
2758:Libs/cJSON/cJSON.c ****     }
2759:Libs/cJSON/cJSON.c ****     /* Create new item */
2760:Libs/cJSON/cJSON.c ****     newitem = cJSON_New_Item(&global_hooks);
2761:Libs/cJSON/cJSON.c ****     if (!newitem)
2762:Libs/cJSON/cJSON.c ****     {
2763:Libs/cJSON/cJSON.c ****         goto fail;
2764:Libs/cJSON/cJSON.c ****     }
2765:Libs/cJSON/cJSON.c ****     /* Copy over all vars */
2766:Libs/cJSON/cJSON.c ****     newitem->type = item->type & (~cJSON_IsReference);
2767:Libs/cJSON/cJSON.c ****     newitem->valueint = item->valueint;
2768:Libs/cJSON/cJSON.c ****     newitem->valuedouble = item->valuedouble;
2769:Libs/cJSON/cJSON.c ****     if (item->valuestring)
2770:Libs/cJSON/cJSON.c ****     {
2771:Libs/cJSON/cJSON.c ****         newitem->valuestring = (char*)cJSON_strdup((unsigned char*)item->valuestring, &global_hooks
2772:Libs/cJSON/cJSON.c ****         if (!newitem->valuestring)
2773:Libs/cJSON/cJSON.c ****         {
2774:Libs/cJSON/cJSON.c ****             goto fail;
2775:Libs/cJSON/cJSON.c ****         }
2776:Libs/cJSON/cJSON.c ****     }
2777:Libs/cJSON/cJSON.c ****     if (item->string)
2778:Libs/cJSON/cJSON.c ****     {
2779:Libs/cJSON/cJSON.c ****         newitem->string = (item->type&cJSON_StringIsConst) ? item->string : (char*)cJSON_strdup((un
2780:Libs/cJSON/cJSON.c ****         if (!newitem->string)
2781:Libs/cJSON/cJSON.c ****         {
2782:Libs/cJSON/cJSON.c ****             goto fail;
2783:Libs/cJSON/cJSON.c ****         }
2784:Libs/cJSON/cJSON.c ****     }
2785:Libs/cJSON/cJSON.c ****     /* If non-recursive, then we're done! */
2786:Libs/cJSON/cJSON.c ****     if (!recurse)
2787:Libs/cJSON/cJSON.c ****     {
2788:Libs/cJSON/cJSON.c ****         return newitem;
2789:Libs/cJSON/cJSON.c ****     }
ARM GAS  C:\Users\nicx5\AppData\Local\Temp\ccUpawvI.s 			page 76


2790:Libs/cJSON/cJSON.c ****     /* Walk the ->next chain for the child. */
2791:Libs/cJSON/cJSON.c ****     child = item->child;
2792:Libs/cJSON/cJSON.c ****     while (child != NULL)
2793:Libs/cJSON/cJSON.c ****     {
2794:Libs/cJSON/cJSON.c ****         if(depth >= CJSON_CIRCULAR_LIMIT) {
2795:Libs/cJSON/cJSON.c ****             goto fail;
2796:Libs/cJSON/cJSON.c ****         }
2797:Libs/cJSON/cJSON.c ****         newchild = cJSON_Duplicate_rec(child, depth + 1, true); /* Duplicate (with recurse) each it
2798:Libs/cJSON/cJSON.c ****         if (!newchild)
2799:Libs/cJSON/cJSON.c ****         {
2800:Libs/cJSON/cJSON.c ****             goto fail;
2801:Libs/cJSON/cJSON.c ****         }
2802:Libs/cJSON/cJSON.c ****         if (next != NULL)
2803:Libs/cJSON/cJSON.c ****         {
2804:Libs/cJSON/cJSON.c ****             /* If newitem->child already set, then crosswire ->prev and ->next and move on */
2805:Libs/cJSON/cJSON.c ****             next->next = newchild;
2806:Libs/cJSON/cJSON.c ****             newchild->prev = next;
2807:Libs/cJSON/cJSON.c ****             next = newchild;
2808:Libs/cJSON/cJSON.c ****         }
2809:Libs/cJSON/cJSON.c ****         else
2810:Libs/cJSON/cJSON.c ****         {
2811:Libs/cJSON/cJSON.c ****             /* Set newitem->child and move to it */
2812:Libs/cJSON/cJSON.c ****             newitem->child = newchild;
2813:Libs/cJSON/cJSON.c ****             next = newchild;
2814:Libs/cJSON/cJSON.c ****         }
2815:Libs/cJSON/cJSON.c ****         child = child->next;
2816:Libs/cJSON/cJSON.c ****     }
2817:Libs/cJSON/cJSON.c ****     if (newitem && newitem->child)
2818:Libs/cJSON/cJSON.c ****     {
2819:Libs/cJSON/cJSON.c ****         newitem->child->prev = newchild;
2820:Libs/cJSON/cJSON.c ****     }
2821:Libs/cJSON/cJSON.c **** 
2822:Libs/cJSON/cJSON.c ****     return newitem;
2823:Libs/cJSON/cJSON.c **** 
2824:Libs/cJSON/cJSON.c **** fail:
2825:Libs/cJSON/cJSON.c ****     if (newitem != NULL)
2826:Libs/cJSON/cJSON.c ****     {
2827:Libs/cJSON/cJSON.c ****         cJSON_Delete(newitem);
2828:Libs/cJSON/cJSON.c ****     }
2829:Libs/cJSON/cJSON.c **** 
2830:Libs/cJSON/cJSON.c ****     return NULL;
2831:Libs/cJSON/cJSON.c **** }
2832:Libs/cJSON/cJSON.c **** 
2833:Libs/cJSON/cJSON.c **** static void skip_oneline_comment(char **input)
2834:Libs/cJSON/cJSON.c **** {
 1335              		.loc 1 2834 1 is_stmt 1 view -0
 1336              		.cfi_startproc
 1337              		@ args = 0, pretend = 0, frame = 0
 1338              		@ frame_needed = 0, uses_anonymous_args = 0
 1339              		@ link register save eliminated.
2835:Libs/cJSON/cJSON.c ****     *input += static_strlen("//");
 1340              		.loc 1 2835 5 view .LVU418
 1341 0000 0368     		ldr	r3, [r0]
 1342              		.loc 1 2835 12 is_stmt 0 view .LVU419
 1343 0002 0233     		adds	r3, r3, #2
 1344 0004 0360     		str	r3, [r0]
2836:Libs/cJSON/cJSON.c **** 
ARM GAS  C:\Users\nicx5\AppData\Local\Temp\ccUpawvI.s 			page 77


2837:Libs/cJSON/cJSON.c ****     for (; (*input)[0] != '\0'; ++(*input))
 1345              		.loc 1 2837 5 is_stmt 1 view .LVU420
 1346 0006 01E0     		b	.L118
 1347              	.L119:
 1348              		.loc 1 2837 33 view .LVU421
 1349 0008 0133     		adds	r3, r3, #1
 1350 000a 0360     		str	r3, [r0]
 1351              	.L118:
 1352              		.loc 1 2837 24 discriminator 1 view .LVU422
 1353              		.loc 1 2837 13 is_stmt 0 discriminator 1 view .LVU423
 1354 000c 0368     		ldr	r3, [r0]
 1355              		.loc 1 2837 20 discriminator 1 view .LVU424
 1356 000e 1A78     		ldrb	r2, [r3]	@ zero_extendqisi2
 1357              		.loc 1 2837 24 discriminator 1 view .LVU425
 1358 0010 22B1     		cbz	r2, .L122
2838:Libs/cJSON/cJSON.c ****     {
2839:Libs/cJSON/cJSON.c ****         if ((*input)[0] == '\n') {
 1359              		.loc 1 2839 9 is_stmt 1 view .LVU426
 1360              		.loc 1 2839 12 is_stmt 0 view .LVU427
 1361 0012 0A2A     		cmp	r2, #10
 1362 0014 F8D1     		bne	.L119
2840:Libs/cJSON/cJSON.c ****             *input += static_strlen("\n");
 1363              		.loc 1 2840 13 is_stmt 1 view .LVU428
 1364              		.loc 1 2840 20 is_stmt 0 view .LVU429
 1365 0016 0133     		adds	r3, r3, #1
 1366 0018 0360     		str	r3, [r0]
2841:Libs/cJSON/cJSON.c ****             return;
 1367              		.loc 1 2841 13 is_stmt 1 view .LVU430
 1368 001a 7047     		bx	lr
 1369              	.L122:
2842:Libs/cJSON/cJSON.c ****         }
2843:Libs/cJSON/cJSON.c ****     }
2844:Libs/cJSON/cJSON.c **** }
 1370              		.loc 1 2844 1 is_stmt 0 view .LVU431
 1371 001c 7047     		bx	lr
 1372              		.cfi_endproc
 1373              	.LFE100:
 1375              		.section	.text.skip_multiline_comment,"ax",%progbits
 1376              		.align	1
 1377              		.syntax unified
 1378              		.thumb
 1379              		.thumb_func
 1381              	skip_multiline_comment:
 1382              	.LVL125:
 1383              	.LFB101:
2845:Libs/cJSON/cJSON.c **** 
2846:Libs/cJSON/cJSON.c **** static void skip_multiline_comment(char **input)
2847:Libs/cJSON/cJSON.c **** {
 1384              		.loc 1 2847 1 is_stmt 1 view -0
 1385              		.cfi_startproc
 1386              		@ args = 0, pretend = 0, frame = 0
 1387              		@ frame_needed = 0, uses_anonymous_args = 0
 1388              		@ link register save eliminated.
2848:Libs/cJSON/cJSON.c ****     *input += static_strlen("/*");
 1389              		.loc 1 2848 5 view .LVU433
 1390 0000 0368     		ldr	r3, [r0]
 1391              		.loc 1 2848 12 is_stmt 0 view .LVU434
ARM GAS  C:\Users\nicx5\AppData\Local\Temp\ccUpawvI.s 			page 78


 1392 0002 0233     		adds	r3, r3, #2
 1393 0004 0360     		str	r3, [r0]
2849:Libs/cJSON/cJSON.c **** 
2850:Libs/cJSON/cJSON.c ****     for (; (*input)[0] != '\0'; ++(*input))
 1394              		.loc 1 2850 5 is_stmt 1 view .LVU435
 1395 0006 01E0     		b	.L124
 1396              	.L125:
 1397              		.loc 1 2850 33 view .LVU436
 1398 0008 0133     		adds	r3, r3, #1
 1399 000a 0360     		str	r3, [r0]
 1400              	.L124:
 1401              		.loc 1 2850 24 discriminator 1 view .LVU437
 1402              		.loc 1 2850 13 is_stmt 0 discriminator 1 view .LVU438
 1403 000c 0368     		ldr	r3, [r0]
 1404              		.loc 1 2850 20 discriminator 1 view .LVU439
 1405 000e 1A78     		ldrb	r2, [r3]	@ zero_extendqisi2
 1406              		.loc 1 2850 24 discriminator 1 view .LVU440
 1407 0010 3AB1     		cbz	r2, .L128
2851:Libs/cJSON/cJSON.c ****     {
2852:Libs/cJSON/cJSON.c ****         if (((*input)[0] == '*') && ((*input)[1] == '/'))
 1408              		.loc 1 2852 9 is_stmt 1 view .LVU441
 1409              		.loc 1 2852 12 is_stmt 0 view .LVU442
 1410 0012 2A2A     		cmp	r2, #42
 1411 0014 F8D1     		bne	.L125
 1412              		.loc 1 2852 46 discriminator 1 view .LVU443
 1413 0016 5A78     		ldrb	r2, [r3, #1]	@ zero_extendqisi2
 1414              		.loc 1 2852 34 discriminator 1 view .LVU444
 1415 0018 2F2A     		cmp	r2, #47
 1416 001a F5D1     		bne	.L125
2853:Libs/cJSON/cJSON.c ****         {
2854:Libs/cJSON/cJSON.c ****             *input += static_strlen("*/");
 1417              		.loc 1 2854 13 is_stmt 1 view .LVU445
 1418              		.loc 1 2854 20 is_stmt 0 view .LVU446
 1419 001c 0233     		adds	r3, r3, #2
 1420 001e 0360     		str	r3, [r0]
2855:Libs/cJSON/cJSON.c ****             return;
 1421              		.loc 1 2855 13 is_stmt 1 view .LVU447
 1422 0020 7047     		bx	lr
 1423              	.L128:
2856:Libs/cJSON/cJSON.c ****         }
2857:Libs/cJSON/cJSON.c ****     }
2858:Libs/cJSON/cJSON.c **** }
 1424              		.loc 1 2858 1 is_stmt 0 view .LVU448
 1425 0022 7047     		bx	lr
 1426              		.cfi_endproc
 1427              	.LFE101:
 1429              		.section	.text.minify_string,"ax",%progbits
 1430              		.align	1
 1431              		.syntax unified
 1432              		.thumb
 1433              		.thumb_func
 1435              	minify_string:
 1436              	.LVL126:
 1437              	.LFB102:
2859:Libs/cJSON/cJSON.c **** 
2860:Libs/cJSON/cJSON.c **** static void minify_string(char **input, char **output) {
 1438              		.loc 1 2860 56 is_stmt 1 view -0
ARM GAS  C:\Users\nicx5\AppData\Local\Temp\ccUpawvI.s 			page 79


 1439              		.cfi_startproc
 1440              		@ args = 0, pretend = 0, frame = 0
 1441              		@ frame_needed = 0, uses_anonymous_args = 0
 1442              		@ link register save eliminated.
2861:Libs/cJSON/cJSON.c ****     (*output)[0] = (*input)[0];
 1443              		.loc 1 2861 5 view .LVU450
 1444              		.loc 1 2861 21 is_stmt 0 view .LVU451
 1445 0000 0268     		ldr	r2, [r0]
 1446              		.loc 1 2861 6 view .LVU452
 1447 0002 0B68     		ldr	r3, [r1]
 1448              		.loc 1 2861 28 view .LVU453
 1449 0004 1278     		ldrb	r2, [r2]	@ zero_extendqisi2
 1450              		.loc 1 2861 18 view .LVU454
 1451 0006 1A70     		strb	r2, [r3]
2862:Libs/cJSON/cJSON.c ****     *input += static_strlen("\"");
 1452              		.loc 1 2862 5 is_stmt 1 view .LVU455
 1453 0008 0368     		ldr	r3, [r0]
 1454              		.loc 1 2862 12 is_stmt 0 view .LVU456
 1455 000a 0133     		adds	r3, r3, #1
 1456 000c 0360     		str	r3, [r0]
2863:Libs/cJSON/cJSON.c ****     *output += static_strlen("\"");
 1457              		.loc 1 2863 5 is_stmt 1 view .LVU457
 1458 000e 0B68     		ldr	r3, [r1]
 1459              		.loc 1 2863 13 is_stmt 0 view .LVU458
 1460 0010 0133     		adds	r3, r3, #1
 1461 0012 0B60     		str	r3, [r1]
2864:Libs/cJSON/cJSON.c **** 
2865:Libs/cJSON/cJSON.c **** 
2866:Libs/cJSON/cJSON.c ****     for (; (*input)[0] != '\0'; (void)++(*input), ++(*output)) {
 1462              		.loc 1 2866 5 is_stmt 1 view .LVU459
 1463 0014 0FE0     		b	.L130
 1464              	.L136:
2867:Libs/cJSON/cJSON.c ****         (*output)[0] = (*input)[0];
2868:Libs/cJSON/cJSON.c **** 
2869:Libs/cJSON/cJSON.c ****         if ((*input)[0] == '\"') {
2870:Libs/cJSON/cJSON.c ****             (*output)[0] = '\"';
 1465              		.loc 1 2870 13 view .LVU460
 1466              		.loc 1 2870 14 is_stmt 0 view .LVU461
 1467 0016 0B68     		ldr	r3, [r1]
 1468              		.loc 1 2870 26 view .LVU462
 1469 0018 2222     		movs	r2, #34
 1470 001a 1A70     		strb	r2, [r3]
2871:Libs/cJSON/cJSON.c ****             *input += static_strlen("\"");
 1471              		.loc 1 2871 13 is_stmt 1 view .LVU463
 1472 001c 0368     		ldr	r3, [r0]
 1473              		.loc 1 2871 20 is_stmt 0 view .LVU464
 1474 001e 0133     		adds	r3, r3, #1
 1475 0020 0360     		str	r3, [r0]
2872:Libs/cJSON/cJSON.c ****             *output += static_strlen("\"");
 1476              		.loc 1 2872 13 is_stmt 1 view .LVU465
 1477 0022 0B68     		ldr	r3, [r1]
 1478              		.loc 1 2872 21 is_stmt 0 view .LVU466
 1479 0024 0133     		adds	r3, r3, #1
 1480 0026 0B60     		str	r3, [r1]
2873:Libs/cJSON/cJSON.c ****             return;
 1481              		.loc 1 2873 13 is_stmt 1 view .LVU467
 1482 0028 7047     		bx	lr
ARM GAS  C:\Users\nicx5\AppData\Local\Temp\ccUpawvI.s 			page 80


 1483              	.L133:
2866:Libs/cJSON/cJSON.c ****         (*output)[0] = (*input)[0];
 1484              		.loc 1 2866 49 view .LVU468
2866:Libs/cJSON/cJSON.c ****         (*output)[0] = (*input)[0];
 1485              		.loc 1 2866 42 is_stmt 0 view .LVU469
 1486 002a 0368     		ldr	r3, [r0]
2866:Libs/cJSON/cJSON.c ****         (*output)[0] = (*input)[0];
 1487              		.loc 1 2866 33 view .LVU470
 1488 002c 0133     		adds	r3, r3, #1
 1489 002e 0360     		str	r3, [r0]
2866:Libs/cJSON/cJSON.c ****         (*output)[0] = (*input)[0];
 1490              		.loc 1 2866 54 view .LVU471
 1491 0030 0B68     		ldr	r3, [r1]
2866:Libs/cJSON/cJSON.c ****         (*output)[0] = (*input)[0];
 1492              		.loc 1 2866 51 view .LVU472
 1493 0032 0133     		adds	r3, r3, #1
 1494 0034 0B60     		str	r3, [r1]
 1495              	.L130:
2866:Libs/cJSON/cJSON.c ****         (*output)[0] = (*input)[0];
 1496              		.loc 1 2866 24 is_stmt 1 discriminator 1 view .LVU473
2866:Libs/cJSON/cJSON.c ****         (*output)[0] = (*input)[0];
 1497              		.loc 1 2866 13 is_stmt 0 discriminator 1 view .LVU474
 1498 0036 0368     		ldr	r3, [r0]
2866:Libs/cJSON/cJSON.c ****         (*output)[0] = (*input)[0];
 1499              		.loc 1 2866 20 discriminator 1 view .LVU475
 1500 0038 1B78     		ldrb	r3, [r3]	@ zero_extendqisi2
2866:Libs/cJSON/cJSON.c ****         (*output)[0] = (*input)[0];
 1501              		.loc 1 2866 24 discriminator 1 view .LVU476
 1502 003a 9BB1     		cbz	r3, .L135
2867:Libs/cJSON/cJSON.c **** 
 1503              		.loc 1 2867 9 is_stmt 1 view .LVU477
2867:Libs/cJSON/cJSON.c **** 
 1504              		.loc 1 2867 10 is_stmt 0 view .LVU478
 1505 003c 0A68     		ldr	r2, [r1]
2867:Libs/cJSON/cJSON.c **** 
 1506              		.loc 1 2867 22 view .LVU479
 1507 003e 1370     		strb	r3, [r2]
2869:Libs/cJSON/cJSON.c ****             (*output)[0] = '\"';
 1508              		.loc 1 2869 9 is_stmt 1 view .LVU480
2869:Libs/cJSON/cJSON.c ****             (*output)[0] = '\"';
 1509              		.loc 1 2869 14 is_stmt 0 view .LVU481
 1510 0040 0268     		ldr	r2, [r0]
2869:Libs/cJSON/cJSON.c ****             (*output)[0] = '\"';
 1511              		.loc 1 2869 21 view .LVU482
 1512 0042 1378     		ldrb	r3, [r2]	@ zero_extendqisi2
2869:Libs/cJSON/cJSON.c ****             (*output)[0] = '\"';
 1513              		.loc 1 2869 12 view .LVU483
 1514 0044 222B     		cmp	r3, #34
 1515 0046 E6D0     		beq	.L136
2874:Libs/cJSON/cJSON.c ****         } else if (((*input)[0] == '\\') && ((*input)[1] == '\"')) {
 1516              		.loc 1 2874 16 is_stmt 1 view .LVU484
 1517              		.loc 1 2874 19 is_stmt 0 view .LVU485
 1518 0048 5C2B     		cmp	r3, #92
 1519 004a EED1     		bne	.L133
 1520              		.loc 1 2874 54 discriminator 1 view .LVU486
 1521 004c 5378     		ldrb	r3, [r2, #1]	@ zero_extendqisi2
 1522              		.loc 1 2874 42 discriminator 1 view .LVU487
ARM GAS  C:\Users\nicx5\AppData\Local\Temp\ccUpawvI.s 			page 81


 1523 004e 222B     		cmp	r3, #34
 1524 0050 EBD1     		bne	.L133
2875:Libs/cJSON/cJSON.c ****             (*output)[1] = (*input)[1];
 1525              		.loc 1 2875 13 is_stmt 1 view .LVU488
 1526              		.loc 1 2875 14 is_stmt 0 view .LVU489
 1527 0052 0A68     		ldr	r2, [r1]
 1528              		.loc 1 2875 26 view .LVU490
 1529 0054 5370     		strb	r3, [r2, #1]
2876:Libs/cJSON/cJSON.c ****             *input += static_strlen("\"");
 1530              		.loc 1 2876 13 is_stmt 1 view .LVU491
 1531 0056 0368     		ldr	r3, [r0]
 1532              		.loc 1 2876 20 is_stmt 0 view .LVU492
 1533 0058 0133     		adds	r3, r3, #1
 1534 005a 0360     		str	r3, [r0]
2877:Libs/cJSON/cJSON.c ****             *output += static_strlen("\"");
 1535              		.loc 1 2877 13 is_stmt 1 view .LVU493
 1536 005c 0B68     		ldr	r3, [r1]
 1537              		.loc 1 2877 21 is_stmt 0 view .LVU494
 1538 005e 0133     		adds	r3, r3, #1
 1539 0060 0B60     		str	r3, [r1]
 1540 0062 E2E7     		b	.L133
 1541              	.L135:
2878:Libs/cJSON/cJSON.c ****         }
2879:Libs/cJSON/cJSON.c ****     }
2880:Libs/cJSON/cJSON.c **** }
 1542              		.loc 1 2880 1 view .LVU495
 1543 0064 7047     		bx	lr
 1544              		.cfi_endproc
 1545              	.LFE102:
 1547              		.section	.text.update_offset,"ax",%progbits
 1548              		.align	1
 1549              		.syntax unified
 1550              		.thumb
 1551              		.thumb_func
 1553              	update_offset:
 1554              	.LVL127:
 1555              	.LFB18:
 545:Libs/cJSON/cJSON.c ****     const unsigned char *buffer_pointer = NULL;
 1556              		.loc 1 545 1 is_stmt 1 view -0
 1557              		.cfi_startproc
 1558              		@ args = 0, pretend = 0, frame = 0
 1559              		@ frame_needed = 0, uses_anonymous_args = 0
 546:Libs/cJSON/cJSON.c ****     if ((buffer == NULL) || (buffer->buffer == NULL))
 1560              		.loc 1 546 5 view .LVU497
 547:Libs/cJSON/cJSON.c ****     {
 1561              		.loc 1 547 5 view .LVU498
 547:Libs/cJSON/cJSON.c ****     {
 1562              		.loc 1 547 8 is_stmt 0 view .LVU499
 1563 0000 50B1     		cbz	r0, .L140
 545:Libs/cJSON/cJSON.c ****     const unsigned char *buffer_pointer = NULL;
 1564              		.loc 1 545 1 view .LVU500
 1565 0002 38B5     		push	{r3, r4, r5, lr}
 1566              	.LCFI15:
 1567              		.cfi_def_cfa_offset 16
 1568              		.cfi_offset 3, -16
 1569              		.cfi_offset 4, -12
 1570              		.cfi_offset 5, -8
ARM GAS  C:\Users\nicx5\AppData\Local\Temp\ccUpawvI.s 			page 82


 1571              		.cfi_offset 14, -4
 1572 0004 0546     		mov	r5, r0
 547:Libs/cJSON/cJSON.c ****     {
 1573              		.loc 1 547 36 discriminator 1 view .LVU501
 1574 0006 0068     		ldr	r0, [r0]
 1575              	.LVL128:
 547:Libs/cJSON/cJSON.c ****     {
 1576              		.loc 1 547 26 discriminator 1 view .LVU502
 1577 0008 28B1     		cbz	r0, .L137
 551:Libs/cJSON/cJSON.c **** 
 1578              		.loc 1 551 5 is_stmt 1 view .LVU503
 551:Libs/cJSON/cJSON.c **** 
 1579              		.loc 1 551 45 is_stmt 0 view .LVU504
 1580 000a AC68     		ldr	r4, [r5, #8]
 1581              	.LVL129:
 553:Libs/cJSON/cJSON.c **** }
 1582              		.loc 1 553 5 is_stmt 1 view .LVU505
 553:Libs/cJSON/cJSON.c **** }
 1583              		.loc 1 553 23 is_stmt 0 view .LVU506
 1584 000c 2044     		add	r0, r0, r4
 1585              	.LVL130:
 553:Libs/cJSON/cJSON.c **** }
 1586              		.loc 1 553 23 view .LVU507
 1587 000e FFF7FEFF 		bl	strlen
 1588              	.LVL131:
 553:Libs/cJSON/cJSON.c **** }
 1589              		.loc 1 553 20 discriminator 1 view .LVU508
 1590 0012 0444     		add	r4, r4, r0
 1591 0014 AC60     		str	r4, [r5, #8]
 1592              	.LVL132:
 1593              	.L137:
 554:Libs/cJSON/cJSON.c **** 
 1594              		.loc 1 554 1 view .LVU509
 1595 0016 38BD     		pop	{r3, r4, r5, pc}
 1596              	.LVL133:
 1597              	.L140:
 1598              	.LCFI16:
 1599              		.cfi_def_cfa_offset 0
 1600              		.cfi_restore 3
 1601              		.cfi_restore 4
 1602              		.cfi_restore 5
 1603              		.cfi_restore 14
 554:Libs/cJSON/cJSON.c **** 
 1604              		.loc 1 554 1 view .LVU510
 1605 0018 7047     		bx	lr
 1606              		.cfi_endproc
 1607              	.LFE18:
 1609              		.section	.text.cJSON_strdup,"ax",%progbits
 1610              		.align	1
 1611              		.syntax unified
 1612              		.thumb
 1613              		.thumb_func
 1615              	cJSON_strdup:
 1616              	.LVL134:
 1617              	.LFB9:
 189:Libs/cJSON/cJSON.c ****     size_t length = 0;
 1618              		.loc 1 189 1 is_stmt 1 view -0
ARM GAS  C:\Users\nicx5\AppData\Local\Temp\ccUpawvI.s 			page 83


 1619              		.cfi_startproc
 1620              		@ args = 0, pretend = 0, frame = 0
 1621              		@ frame_needed = 0, uses_anonymous_args = 0
 189:Libs/cJSON/cJSON.c ****     size_t length = 0;
 1622              		.loc 1 189 1 is_stmt 0 view .LVU512
 1623 0000 70B5     		push	{r4, r5, r6, lr}
 1624              	.LCFI17:
 1625              		.cfi_def_cfa_offset 16
 1626              		.cfi_offset 4, -16
 1627              		.cfi_offset 5, -12
 1628              		.cfi_offset 6, -8
 1629              		.cfi_offset 14, -4
 190:Libs/cJSON/cJSON.c ****     unsigned char *copy = NULL;
 1630              		.loc 1 190 5 is_stmt 1 view .LVU513
 1631              	.LVL135:
 191:Libs/cJSON/cJSON.c **** 
 1632              		.loc 1 191 5 view .LVU514
 193:Libs/cJSON/cJSON.c ****     {
 1633              		.loc 1 193 5 view .LVU515
 193:Libs/cJSON/cJSON.c ****     {
 1634              		.loc 1 193 8 is_stmt 0 view .LVU516
 1635 0002 0646     		mov	r6, r0
 1636 0004 70B1     		cbz	r0, .L145
 1637 0006 0D46     		mov	r5, r1
 198:Libs/cJSON/cJSON.c ****     copy = (unsigned char*)hooks->allocate(length);
 1638              		.loc 1 198 5 is_stmt 1 view .LVU517
 198:Libs/cJSON/cJSON.c ****     copy = (unsigned char*)hooks->allocate(length);
 1639              		.loc 1 198 14 is_stmt 0 view .LVU518
 1640 0008 FFF7FEFF 		bl	strlen
 1641              	.LVL136:
 198:Libs/cJSON/cJSON.c ****     copy = (unsigned char*)hooks->allocate(length);
 1642              		.loc 1 198 12 discriminator 1 view .LVU519
 1643 000c 441C     		adds	r4, r0, #1
 1644              	.LVL137:
 199:Libs/cJSON/cJSON.c ****     if (copy == NULL)
 1645              		.loc 1 199 5 is_stmt 1 view .LVU520
 199:Libs/cJSON/cJSON.c ****     if (copy == NULL)
 1646              		.loc 1 199 33 is_stmt 0 view .LVU521
 1647 000e 2B68     		ldr	r3, [r5]
 199:Libs/cJSON/cJSON.c ****     if (copy == NULL)
 1648              		.loc 1 199 28 view .LVU522
 1649 0010 2046     		mov	r0, r4
 1650 0012 9847     		blx	r3
 1651              	.LVL138:
 200:Libs/cJSON/cJSON.c ****     {
 1652              		.loc 1 200 5 is_stmt 1 view .LVU523
 200:Libs/cJSON/cJSON.c ****     {
 1653              		.loc 1 200 8 is_stmt 0 view .LVU524
 1654 0014 0546     		mov	r5, r0
 1655              	.LVL139:
 200:Libs/cJSON/cJSON.c ****     {
 1656              		.loc 1 200 8 view .LVU525
 1657 0016 18B1     		cbz	r0, .L143
 204:Libs/cJSON/cJSON.c **** 
 1658              		.loc 1 204 5 is_stmt 1 view .LVU526
 1659 0018 2246     		mov	r2, r4
 1660 001a 3146     		mov	r1, r6
ARM GAS  C:\Users\nicx5\AppData\Local\Temp\ccUpawvI.s 			page 84


 1661 001c FFF7FEFF 		bl	memcpy
 1662              	.LVL140:
 206:Libs/cJSON/cJSON.c **** }
 1663              		.loc 1 206 5 view .LVU527
 1664              	.L143:
 207:Libs/cJSON/cJSON.c **** 
 1665              		.loc 1 207 1 is_stmt 0 view .LVU528
 1666 0020 2846     		mov	r0, r5
 1667 0022 70BD     		pop	{r4, r5, r6, pc}
 1668              	.LVL141:
 1669              	.L145:
 195:Libs/cJSON/cJSON.c ****     }
 1670              		.loc 1 195 16 view .LVU529
 1671 0024 0546     		mov	r5, r0
 1672 0026 FBE7     		b	.L143
 1673              		.cfi_endproc
 1674              	.LFE9:
 1676              		.section	.text.add_item_to_object,"ax",%progbits
 1677              		.align	1
 1678              		.syntax unified
 1679              		.thumb
 1680              		.thumb_func
 1682              	add_item_to_object:
 1683              	.LVL142:
 1684              	.LFB55:
2041:Libs/cJSON/cJSON.c ****     char *new_key = NULL;
 1685              		.loc 1 2041 1 is_stmt 1 view -0
 1686              		.cfi_startproc
 1687              		@ args = 4, pretend = 0, frame = 0
 1688              		@ frame_needed = 0, uses_anonymous_args = 0
2042:Libs/cJSON/cJSON.c ****     int new_type = cJSON_Invalid;
 1689              		.loc 1 2042 5 view .LVU531
2043:Libs/cJSON/cJSON.c **** 
 1690              		.loc 1 2043 5 view .LVU532
2045:Libs/cJSON/cJSON.c ****     {
 1691              		.loc 1 2045 5 view .LVU533
2045:Libs/cJSON/cJSON.c ****     {
 1692              		.loc 1 2045 8 is_stmt 0 view .LVU534
 1693 0000 0029     		cmp	r1, #0
 1694 0002 18BF     		it	ne
 1695 0004 0028     		cmpne	r0, #0
 1696 0006 2FD0     		beq	.L152
2041:Libs/cJSON/cJSON.c ****     char *new_key = NULL;
 1697              		.loc 1 2041 1 view .LVU535
 1698 0008 2DE9F041 		push	{r4, r5, r6, r7, r8, lr}
 1699              	.LCFI18:
 1700              		.cfi_def_cfa_offset 24
 1701              		.cfi_offset 4, -24
 1702              		.cfi_offset 5, -20
 1703              		.cfi_offset 6, -16
 1704              		.cfi_offset 7, -12
 1705              		.cfi_offset 8, -8
 1706              		.cfi_offset 14, -4
 1707 000c 1446     		mov	r4, r2
 1708 000e 1E46     		mov	r6, r3
 1709 0010 0546     		mov	r5, r0
 1710 0012 0B46     		mov	r3, r1
ARM GAS  C:\Users\nicx5\AppData\Local\Temp\ccUpawvI.s 			page 85


 1711              	.LVL143:
2045:Libs/cJSON/cJSON.c ****     {
 1712              		.loc 1 2045 75 discriminator 1 view .LVU536
 1713 0014 9042     		cmp	r0, r2
 1714 0016 14BF     		ite	ne
 1715 0018 0022     		movne	r2, #0
 1716              	.LVL144:
2045:Libs/cJSON/cJSON.c ****     {
 1717              		.loc 1 2045 75 discriminator 1 view .LVU537
 1718 001a 0122     		moveq	r2, #1
2045:Libs/cJSON/cJSON.c ****     {
 1719              		.loc 1 2045 64 discriminator 1 view .LVU538
 1720 001c 34B3     		cbz	r4, .L153
 1721 001e 2ABB     		cbnz	r2, .L153
2050:Libs/cJSON/cJSON.c ****     {
 1722              		.loc 1 2050 5 is_stmt 1 view .LVU539
2050:Libs/cJSON/cJSON.c ****     {
 1723              		.loc 1 2050 8 is_stmt 0 view .LVU540
 1724 0020 069A     		ldr	r2, [sp, #24]
 1725 0022 BAB1     		cbz	r2, .L149
2052:Libs/cJSON/cJSON.c ****         new_type = item->type | cJSON_StringIsConst;
 1726              		.loc 1 2052 9 is_stmt 1 view .LVU541
2052:Libs/cJSON/cJSON.c ****         new_type = item->type | cJSON_StringIsConst;
 1727              		.loc 1 2052 26 is_stmt 0 view .LVU542
 1728 0024 0846     		mov	r0, r1
 1729              	.LVL145:
2052:Libs/cJSON/cJSON.c ****         new_type = item->type | cJSON_StringIsConst;
 1730              		.loc 1 2052 26 view .LVU543
 1731 0026 FFF7FEFF 		bl	cast_away_const
 1732              	.LVL146:
2052:Libs/cJSON/cJSON.c ****         new_type = item->type | cJSON_StringIsConst;
 1733              		.loc 1 2052 26 view .LVU544
 1734 002a 8046     		mov	r8, r0
 1735              	.LVL147:
2053:Libs/cJSON/cJSON.c ****     }
 1736              		.loc 1 2053 9 is_stmt 1 view .LVU545
2053:Libs/cJSON/cJSON.c ****     }
 1737              		.loc 1 2053 24 is_stmt 0 view .LVU546
 1738 002c E768     		ldr	r7, [r4, #12]
2053:Libs/cJSON/cJSON.c ****     }
 1739              		.loc 1 2053 18 view .LVU547
 1740 002e 47F40077 		orr	r7, r7, #512
 1741              	.LVL148:
 1742              	.L150:
2066:Libs/cJSON/cJSON.c ****     {
 1743              		.loc 1 2066 5 is_stmt 1 view .LVU548
2066:Libs/cJSON/cJSON.c ****     {
 1744              		.loc 1 2066 15 is_stmt 0 view .LVU549
 1745 0032 E368     		ldr	r3, [r4, #12]
2066:Libs/cJSON/cJSON.c ****     {
 1746              		.loc 1 2066 8 view .LVU550
 1747 0034 13F4007F 		tst	r3, #512
 1748 0038 03D1     		bne	.L151
2066:Libs/cJSON/cJSON.c ****     {
 1749              		.loc 1 2066 53 discriminator 1 view .LVU551
 1750 003a 206A     		ldr	r0, [r4, #32]
 1751              	.LVL149:
ARM GAS  C:\Users\nicx5\AppData\Local\Temp\ccUpawvI.s 			page 86


2066:Libs/cJSON/cJSON.c ****     {
 1752              		.loc 1 2066 45 discriminator 1 view .LVU552
 1753 003c 08B1     		cbz	r0, .L151
2068:Libs/cJSON/cJSON.c ****     }
 1754              		.loc 1 2068 9 is_stmt 1 view .LVU553
2068:Libs/cJSON/cJSON.c ****     }
 1755              		.loc 1 2068 14 is_stmt 0 view .LVU554
 1756 003e 7368     		ldr	r3, [r6, #4]
2068:Libs/cJSON/cJSON.c ****     }
 1757              		.loc 1 2068 9 view .LVU555
 1758 0040 9847     		blx	r3
 1759              	.LVL150:
 1760              	.L151:
2071:Libs/cJSON/cJSON.c ****     item->type = new_type;
 1761              		.loc 1 2071 5 is_stmt 1 view .LVU556
2071:Libs/cJSON/cJSON.c ****     item->type = new_type;
 1762              		.loc 1 2071 18 is_stmt 0 view .LVU557
 1763 0042 C4F82080 		str	r8, [r4, #32]
2072:Libs/cJSON/cJSON.c **** 
 1764              		.loc 1 2072 5 is_stmt 1 view .LVU558
2072:Libs/cJSON/cJSON.c **** 
 1765              		.loc 1 2072 16 is_stmt 0 view .LVU559
 1766 0046 E760     		str	r7, [r4, #12]
2074:Libs/cJSON/cJSON.c **** }
 1767              		.loc 1 2074 5 is_stmt 1 view .LVU560
2074:Libs/cJSON/cJSON.c **** }
 1768              		.loc 1 2074 12 is_stmt 0 view .LVU561
 1769 0048 2146     		mov	r1, r4
 1770 004a 2846     		mov	r0, r5
 1771 004c FFF7FEFF 		bl	add_item_to_array
 1772              	.LVL151:
 1773              	.L147:
2075:Libs/cJSON/cJSON.c **** 
 1774              		.loc 1 2075 1 view .LVU562
 1775 0050 BDE8F081 		pop	{r4, r5, r6, r7, r8, pc}
 1776              	.LVL152:
 1777              	.L149:
2057:Libs/cJSON/cJSON.c ****         if (new_key == NULL)
 1778              		.loc 1 2057 9 is_stmt 1 view .LVU563
2057:Libs/cJSON/cJSON.c ****         if (new_key == NULL)
 1779              		.loc 1 2057 26 is_stmt 0 view .LVU564
 1780 0054 3146     		mov	r1, r6
 1781              	.LVL153:
2057:Libs/cJSON/cJSON.c ****         if (new_key == NULL)
 1782              		.loc 1 2057 26 view .LVU565
 1783 0056 1846     		mov	r0, r3
 1784              	.LVL154:
2057:Libs/cJSON/cJSON.c ****         if (new_key == NULL)
 1785              		.loc 1 2057 26 view .LVU566
 1786 0058 FFF7FEFF 		bl	cJSON_strdup
 1787              	.LVL155:
2058:Libs/cJSON/cJSON.c ****         {
 1788              		.loc 1 2058 9 is_stmt 1 view .LVU567
2058:Libs/cJSON/cJSON.c ****         {
 1789              		.loc 1 2058 12 is_stmt 0 view .LVU568
 1790 005c 8046     		mov	r8, r0
 1791 005e 38B1     		cbz	r0, .L154
ARM GAS  C:\Users\nicx5\AppData\Local\Temp\ccUpawvI.s 			page 87


2063:Libs/cJSON/cJSON.c ****     }
 1792              		.loc 1 2063 9 is_stmt 1 view .LVU569
2063:Libs/cJSON/cJSON.c ****     }
 1793              		.loc 1 2063 24 is_stmt 0 view .LVU570
 1794 0060 E768     		ldr	r7, [r4, #12]
2063:Libs/cJSON/cJSON.c ****     }
 1795              		.loc 1 2063 18 view .LVU571
 1796 0062 27F40077 		bic	r7, r7, #512
 1797              	.LVL156:
2063:Libs/cJSON/cJSON.c ****     }
 1798              		.loc 1 2063 18 view .LVU572
 1799 0066 E4E7     		b	.L150
 1800              	.LVL157:
 1801              	.L152:
 1802              	.LCFI19:
 1803              		.cfi_def_cfa_offset 0
 1804              		.cfi_restore 4
 1805              		.cfi_restore 5
 1806              		.cfi_restore 6
 1807              		.cfi_restore 7
 1808              		.cfi_restore 8
 1809              		.cfi_restore 14
2047:Libs/cJSON/cJSON.c ****     }
 1810              		.loc 1 2047 16 view .LVU573
 1811 0068 0020     		movs	r0, #0
 1812              	.LVL158:
2075:Libs/cJSON/cJSON.c **** 
 1813              		.loc 1 2075 1 view .LVU574
 1814 006a 7047     		bx	lr
 1815              	.LVL159:
 1816              	.L153:
 1817              	.LCFI20:
 1818              		.cfi_def_cfa_offset 24
 1819              		.cfi_offset 4, -24
 1820              		.cfi_offset 5, -20
 1821              		.cfi_offset 6, -16
 1822              		.cfi_offset 7, -12
 1823              		.cfi_offset 8, -8
 1824              		.cfi_offset 14, -4
2047:Libs/cJSON/cJSON.c ****     }
 1825              		.loc 1 2047 16 view .LVU575
 1826 006c 0020     		movs	r0, #0
 1827              	.LVL160:
2047:Libs/cJSON/cJSON.c ****     }
 1828              		.loc 1 2047 16 view .LVU576
 1829 006e EFE7     		b	.L147
 1830              	.LVL161:
 1831              	.L154:
2060:Libs/cJSON/cJSON.c ****         }
 1832              		.loc 1 2060 20 view .LVU577
 1833 0070 0698     		ldr	r0, [sp, #24]
 1834              	.LVL162:
2060:Libs/cJSON/cJSON.c ****         }
 1835              		.loc 1 2060 20 view .LVU578
 1836 0072 EDE7     		b	.L147
 1837              		.cfi_endproc
 1838              	.LFE55:
ARM GAS  C:\Users\nicx5\AppData\Local\Temp\ccUpawvI.s 			page 88


 1840              		.section	.text.ensure,"ax",%progbits
 1841              		.align	1
 1842              		.syntax unified
 1843              		.thumb
 1844              		.thumb_func
 1846              	ensure:
 1847              	.LVL163:
 1848              	.LFB17:
 459:Libs/cJSON/cJSON.c ****     unsigned char *newbuffer = NULL;
 1849              		.loc 1 459 1 is_stmt 1 view -0
 1850              		.cfi_startproc
 1851              		@ args = 0, pretend = 0, frame = 0
 1852              		@ frame_needed = 0, uses_anonymous_args = 0
 459:Libs/cJSON/cJSON.c ****     unsigned char *newbuffer = NULL;
 1853              		.loc 1 459 1 is_stmt 0 view .LVU580
 1854 0000 70B5     		push	{r4, r5, r6, lr}
 1855              	.LCFI21:
 1856              		.cfi_def_cfa_offset 16
 1857              		.cfi_offset 4, -16
 1858              		.cfi_offset 5, -12
 1859              		.cfi_offset 6, -8
 1860              		.cfi_offset 14, -4
 460:Libs/cJSON/cJSON.c ****     size_t newsize = 0;
 1861              		.loc 1 460 5 is_stmt 1 view .LVU581
 1862              	.LVL164:
 461:Libs/cJSON/cJSON.c **** 
 1863              		.loc 1 461 5 view .LVU582
 463:Libs/cJSON/cJSON.c ****     {
 1864              		.loc 1 463 5 view .LVU583
 463:Libs/cJSON/cJSON.c ****     {
 1865              		.loc 1 463 8 is_stmt 0 view .LVU584
 1866 0002 0546     		mov	r5, r0
 1867 0004 0028     		cmp	r0, #0
 1868 0006 46D0     		beq	.L168
 463:Libs/cJSON/cJSON.c ****     {
 1869              		.loc 1 463 26 discriminator 1 view .LVU585
 1870 0008 0668     		ldr	r6, [r0]
 463:Libs/cJSON/cJSON.c ****     {
 1871              		.loc 1 463 21 discriminator 1 view .LVU586
 1872 000a 36B3     		cbz	r6, .L159
 468:Libs/cJSON/cJSON.c ****     {
 1873              		.loc 1 468 5 is_stmt 1 view .LVU587
 468:Libs/cJSON/cJSON.c ****     {
 1874              		.loc 1 468 11 is_stmt 0 view .LVU588
 1875 000c 4368     		ldr	r3, [r0, #4]
 468:Libs/cJSON/cJSON.c ****     {
 1876              		.loc 1 468 8 view .LVU589
 1877 000e 13B1     		cbz	r3, .L161
 468:Libs/cJSON/cJSON.c ****     {
 1878              		.loc 1 468 30 discriminator 1 view .LVU590
 1879 0010 8268     		ldr	r2, [r0, #8]
 468:Libs/cJSON/cJSON.c ****     {
 1880              		.loc 1 468 25 discriminator 1 view .LVU591
 1881 0012 9342     		cmp	r3, r2
 1882 0014 41D9     		bls	.L169
 1883              	.L161:
 474:Libs/cJSON/cJSON.c ****     {
ARM GAS  C:\Users\nicx5\AppData\Local\Temp\ccUpawvI.s 			page 89


 1884              		.loc 1 474 5 is_stmt 1 view .LVU592
 474:Libs/cJSON/cJSON.c ****     {
 1885              		.loc 1 474 8 is_stmt 0 view .LVU593
 1886 0016 0029     		cmp	r1, #0
 1887 0018 41DB     		blt	.L170
 480:Libs/cJSON/cJSON.c ****     if (needed <= p->length)
 1888              		.loc 1 480 5 is_stmt 1 view .LVU594
 480:Libs/cJSON/cJSON.c ****     if (needed <= p->length)
 1889              		.loc 1 480 16 is_stmt 0 view .LVU595
 1890 001a AA68     		ldr	r2, [r5, #8]
 480:Libs/cJSON/cJSON.c ****     if (needed <= p->length)
 1891              		.loc 1 480 12 view .LVU596
 1892 001c 1144     		add	r1, r1, r2
 1893              	.LVL165:
 480:Libs/cJSON/cJSON.c ****     if (needed <= p->length)
 1894              		.loc 1 480 12 view .LVU597
 1895 001e 0131     		adds	r1, r1, #1
 1896              	.LVL166:
 481:Libs/cJSON/cJSON.c ****     {
 1897              		.loc 1 481 5 is_stmt 1 view .LVU598
 481:Libs/cJSON/cJSON.c ****     {
 1898              		.loc 1 481 8 is_stmt 0 view .LVU599
 1899 0020 8B42     		cmp	r3, r1
 1900 0022 0AD2     		bcs	.L174
 486:Libs/cJSON/cJSON.c ****         return NULL;
 1901              		.loc 1 486 5 is_stmt 1 view .LVU600
 486:Libs/cJSON/cJSON.c ****         return NULL;
 1902              		.loc 1 486 10 is_stmt 0 view .LVU601
 1903 0024 2B69     		ldr	r3, [r5, #16]
 486:Libs/cJSON/cJSON.c ****         return NULL;
 1904              		.loc 1 486 8 view .LVU602
 1905 0026 002B     		cmp	r3, #0
 1906 0028 3BD1     		bne	.L171
 491:Libs/cJSON/cJSON.c ****     {
 1907              		.loc 1 491 5 is_stmt 1 view .LVU603
 491:Libs/cJSON/cJSON.c ****     {
 1908              		.loc 1 491 8 is_stmt 0 view .LVU604
 1909 002a B1F1804F 		cmp	r1, #1073741824
 1910 002e 08D3     		bcc	.L163
 494:Libs/cJSON/cJSON.c ****         {
 1911              		.loc 1 494 9 is_stmt 1 view .LVU605
 494:Libs/cJSON/cJSON.c ****         {
 1912              		.loc 1 494 12 is_stmt 0 view .LVU606
 1913 0030 0029     		cmp	r1, #0
 1914 0032 04DB     		blt	.L175
 496:Libs/cJSON/cJSON.c ****         }
 1915              		.loc 1 496 21 view .LVU607
 1916 0034 6FF00044 		mvn	r4, #-2147483648
 1917 0038 04E0     		b	.L164
 1918              	.L174:
 483:Libs/cJSON/cJSON.c ****     }
 1919              		.loc 1 483 9 is_stmt 1 view .LVU608
 483:Libs/cJSON/cJSON.c ****     }
 1920              		.loc 1 483 26 is_stmt 0 view .LVU609
 1921 003a 1644     		add	r6, r6, r2
 1922 003c 0DE0     		b	.L159
 1923              	.L175:
ARM GAS  C:\Users\nicx5\AppData\Local\Temp\ccUpawvI.s 			page 90


 500:Libs/cJSON/cJSON.c ****         }
 1924              		.loc 1 500 20 view .LVU610
 1925 003e 0026     		movs	r6, #0
 1926 0040 0BE0     		b	.L159
 1927              	.L163:
 505:Libs/cJSON/cJSON.c ****     }
 1928              		.loc 1 505 9 is_stmt 1 view .LVU611
 505:Libs/cJSON/cJSON.c ****     }
 1929              		.loc 1 505 17 is_stmt 0 view .LVU612
 1930 0042 4C00     		lsls	r4, r1, #1
 1931              	.LVL167:
 1932              	.L164:
 508:Libs/cJSON/cJSON.c ****     {
 1933              		.loc 1 508 5 is_stmt 1 view .LVU613
 508:Libs/cJSON/cJSON.c ****     {
 1934              		.loc 1 508 17 is_stmt 0 view .LVU614
 1935 0044 2B6A     		ldr	r3, [r5, #32]
 508:Libs/cJSON/cJSON.c ****     {
 1936              		.loc 1 508 8 view .LVU615
 1937 0046 8BB1     		cbz	r3, .L165
 511:Libs/cJSON/cJSON.c ****         if (newbuffer == NULL)
 1938              		.loc 1 511 9 is_stmt 1 view .LVU616
 511:Libs/cJSON/cJSON.c ****         if (newbuffer == NULL)
 1939              		.loc 1 511 37 is_stmt 0 view .LVU617
 1940 0048 2146     		mov	r1, r4
 1941              	.LVL168:
 511:Libs/cJSON/cJSON.c ****         if (newbuffer == NULL)
 1942              		.loc 1 511 37 view .LVU618
 1943 004a 3046     		mov	r0, r6
 1944              	.LVL169:
 511:Libs/cJSON/cJSON.c ****         if (newbuffer == NULL)
 1945              		.loc 1 511 37 view .LVU619
 1946 004c 9847     		blx	r3
 1947              	.LVL170:
 512:Libs/cJSON/cJSON.c ****         {
 1948              		.loc 1 512 9 is_stmt 1 view .LVU620
 512:Libs/cJSON/cJSON.c ****         {
 1949              		.loc 1 512 12 is_stmt 0 view .LVU621
 1950 004e 0646     		mov	r6, r0
 1951 0050 28B1     		cbz	r0, .L176
 1952              	.LVL171:
 1953              	.L166:
 537:Libs/cJSON/cJSON.c ****     p->buffer = newbuffer;
 1954              		.loc 1 537 5 is_stmt 1 view .LVU622
 537:Libs/cJSON/cJSON.c ****     p->buffer = newbuffer;
 1955              		.loc 1 537 15 is_stmt 0 view .LVU623
 1956 0052 6C60     		str	r4, [r5, #4]
 538:Libs/cJSON/cJSON.c **** 
 1957              		.loc 1 538 5 is_stmt 1 view .LVU624
 538:Libs/cJSON/cJSON.c **** 
 1958              		.loc 1 538 15 is_stmt 0 view .LVU625
 1959 0054 2E60     		str	r6, [r5]
 540:Libs/cJSON/cJSON.c **** }
 1960              		.loc 1 540 5 is_stmt 1 view .LVU626
 540:Libs/cJSON/cJSON.c **** }
 1961              		.loc 1 540 25 is_stmt 0 view .LVU627
 1962 0056 AB68     		ldr	r3, [r5, #8]
ARM GAS  C:\Users\nicx5\AppData\Local\Temp\ccUpawvI.s 			page 91


 540:Libs/cJSON/cJSON.c **** }
 1963              		.loc 1 540 22 view .LVU628
 1964 0058 1E44     		add	r6, r6, r3
 1965              	.LVL172:
 1966              	.L159:
 541:Libs/cJSON/cJSON.c **** 
 1967              		.loc 1 541 1 view .LVU629
 1968 005a 3046     		mov	r0, r6
 1969 005c 70BD     		pop	{r4, r5, r6, pc}
 1970              	.LVL173:
 1971              	.L176:
 514:Libs/cJSON/cJSON.c ****             p->length = 0;
 1972              		.loc 1 514 13 is_stmt 1 view .LVU630
 514:Libs/cJSON/cJSON.c ****             p->length = 0;
 1973              		.loc 1 514 21 is_stmt 0 view .LVU631
 1974 005e EB69     		ldr	r3, [r5, #28]
 514:Libs/cJSON/cJSON.c ****             p->length = 0;
 1975              		.loc 1 514 13 view .LVU632
 1976 0060 2868     		ldr	r0, [r5]
 1977              	.LVL174:
 514:Libs/cJSON/cJSON.c ****             p->length = 0;
 1978              		.loc 1 514 13 view .LVU633
 1979 0062 9847     		blx	r3
 1980              	.LVL175:
 515:Libs/cJSON/cJSON.c ****             p->buffer = NULL;
 1981              		.loc 1 515 13 is_stmt 1 view .LVU634
 515:Libs/cJSON/cJSON.c ****             p->buffer = NULL;
 1982              		.loc 1 515 23 is_stmt 0 view .LVU635
 1983 0064 0023     		movs	r3, #0
 1984 0066 6B60     		str	r3, [r5, #4]
 516:Libs/cJSON/cJSON.c **** 
 1985              		.loc 1 516 13 is_stmt 1 view .LVU636
 516:Libs/cJSON/cJSON.c **** 
 1986              		.loc 1 516 23 is_stmt 0 view .LVU637
 1987 0068 2B60     		str	r3, [r5]
 518:Libs/cJSON/cJSON.c ****         }
 1988              		.loc 1 518 13 is_stmt 1 view .LVU638
 518:Libs/cJSON/cJSON.c ****         }
 1989              		.loc 1 518 20 is_stmt 0 view .LVU639
 1990 006a F6E7     		b	.L159
 1991              	.LVL176:
 1992              	.L165:
 524:Libs/cJSON/cJSON.c ****         if (!newbuffer)
 1993              		.loc 1 524 9 is_stmt 1 view .LVU640
 524:Libs/cJSON/cJSON.c ****         if (!newbuffer)
 1994              		.loc 1 524 45 is_stmt 0 view .LVU641
 1995 006c AB69     		ldr	r3, [r5, #24]
 524:Libs/cJSON/cJSON.c ****         if (!newbuffer)
 1996              		.loc 1 524 37 view .LVU642
 1997 006e 2046     		mov	r0, r4
 1998              	.LVL177:
 524:Libs/cJSON/cJSON.c ****         if (!newbuffer)
 1999              		.loc 1 524 37 view .LVU643
 2000 0070 9847     		blx	r3
 2001              	.LVL178:
 525:Libs/cJSON/cJSON.c ****         {
 2002              		.loc 1 525 9 is_stmt 1 view .LVU644
ARM GAS  C:\Users\nicx5\AppData\Local\Temp\ccUpawvI.s 			page 92


 525:Libs/cJSON/cJSON.c ****         {
 2003              		.loc 1 525 12 is_stmt 0 view .LVU645
 2004 0072 0646     		mov	r6, r0
 2005 0074 40B1     		cbz	r0, .L177
 534:Libs/cJSON/cJSON.c ****         p->hooks.deallocate(p->buffer);
 2006              		.loc 1 534 9 is_stmt 1 view .LVU646
 534:Libs/cJSON/cJSON.c ****         p->hooks.deallocate(p->buffer);
 2007              		.loc 1 534 39 is_stmt 0 view .LVU647
 2008 0076 AA68     		ldr	r2, [r5, #8]
 534:Libs/cJSON/cJSON.c ****         p->hooks.deallocate(p->buffer);
 2009              		.loc 1 534 9 view .LVU648
 2010 0078 0132     		adds	r2, r2, #1
 2011 007a 2968     		ldr	r1, [r5]
 2012 007c FFF7FEFF 		bl	memcpy
 2013              	.LVL179:
 535:Libs/cJSON/cJSON.c ****     }
 2014              		.loc 1 535 9 is_stmt 1 view .LVU649
 535:Libs/cJSON/cJSON.c ****     }
 2015              		.loc 1 535 17 is_stmt 0 view .LVU650
 2016 0080 EB69     		ldr	r3, [r5, #28]
 535:Libs/cJSON/cJSON.c ****     }
 2017              		.loc 1 535 9 view .LVU651
 2018 0082 2868     		ldr	r0, [r5]
 2019 0084 9847     		blx	r3
 2020              	.LVL180:
 2021 0086 E4E7     		b	.L166
 2022              	.LVL181:
 2023              	.L177:
 527:Libs/cJSON/cJSON.c ****             p->length = 0;
 2024              		.loc 1 527 13 is_stmt 1 view .LVU652
 527:Libs/cJSON/cJSON.c ****             p->length = 0;
 2025              		.loc 1 527 21 is_stmt 0 view .LVU653
 2026 0088 EB69     		ldr	r3, [r5, #28]
 527:Libs/cJSON/cJSON.c ****             p->length = 0;
 2027              		.loc 1 527 13 view .LVU654
 2028 008a 2868     		ldr	r0, [r5]
 2029              	.LVL182:
 527:Libs/cJSON/cJSON.c ****             p->length = 0;
 2030              		.loc 1 527 13 view .LVU655
 2031 008c 9847     		blx	r3
 2032              	.LVL183:
 528:Libs/cJSON/cJSON.c ****             p->buffer = NULL;
 2033              		.loc 1 528 13 is_stmt 1 view .LVU656
 528:Libs/cJSON/cJSON.c ****             p->buffer = NULL;
 2034              		.loc 1 528 23 is_stmt 0 view .LVU657
 2035 008e 0023     		movs	r3, #0
 2036 0090 6B60     		str	r3, [r5, #4]
 529:Libs/cJSON/cJSON.c **** 
 2037              		.loc 1 529 13 is_stmt 1 view .LVU658
 529:Libs/cJSON/cJSON.c **** 
 2038              		.loc 1 529 23 is_stmt 0 view .LVU659
 2039 0092 2B60     		str	r3, [r5]
 531:Libs/cJSON/cJSON.c ****         }
 2040              		.loc 1 531 13 is_stmt 1 view .LVU660
 531:Libs/cJSON/cJSON.c ****         }
 2041              		.loc 1 531 20 is_stmt 0 view .LVU661
 2042 0094 E1E7     		b	.L159
ARM GAS  C:\Users\nicx5\AppData\Local\Temp\ccUpawvI.s 			page 93


 2043              	.LVL184:
 2044              	.L168:
 465:Libs/cJSON/cJSON.c ****     }
 2045              		.loc 1 465 16 view .LVU662
 2046 0096 0646     		mov	r6, r0
 2047 0098 DFE7     		b	.L159
 2048              	.L169:
 471:Libs/cJSON/cJSON.c ****     }
 2049              		.loc 1 471 16 view .LVU663
 2050 009a 0026     		movs	r6, #0
 2051 009c DDE7     		b	.L159
 2052              	.L170:
 477:Libs/cJSON/cJSON.c ****     }
 2053              		.loc 1 477 16 view .LVU664
 2054 009e 0026     		movs	r6, #0
 2055 00a0 DBE7     		b	.L159
 2056              	.L171:
 487:Libs/cJSON/cJSON.c ****     }
 2057              		.loc 1 487 16 view .LVU665
 2058 00a2 0026     		movs	r6, #0
 2059 00a4 D9E7     		b	.L159
 2060              		.cfi_endproc
 2061              	.LFE17:
 2063              		.section	.text.cJSON_New_Item,"ax",%progbits
 2064              		.align	1
 2065              		.syntax unified
 2066              		.thumb
 2067              		.thumb_func
 2069              	cJSON_New_Item:
 2070              	.LVL185:
 2071              	.LFB11:
 242:Libs/cJSON/cJSON.c ****     cJSON* node = (cJSON*)hooks->allocate(sizeof(cJSON));
 2072              		.loc 1 242 1 is_stmt 1 view -0
 2073              		.cfi_startproc
 2074              		@ args = 0, pretend = 0, frame = 0
 2075              		@ frame_needed = 0, uses_anonymous_args = 0
 242:Libs/cJSON/cJSON.c ****     cJSON* node = (cJSON*)hooks->allocate(sizeof(cJSON));
 2076              		.loc 1 242 1 is_stmt 0 view .LVU667
 2077 0000 10B5     		push	{r4, lr}
 2078              	.LCFI22:
 2079              		.cfi_def_cfa_offset 8
 2080              		.cfi_offset 4, -8
 2081              		.cfi_offset 14, -4
 243:Libs/cJSON/cJSON.c ****     if (node)
 2082              		.loc 1 243 5 is_stmt 1 view .LVU668
 243:Libs/cJSON/cJSON.c ****     if (node)
 2083              		.loc 1 243 32 is_stmt 0 view .LVU669
 2084 0002 0368     		ldr	r3, [r0]
 243:Libs/cJSON/cJSON.c ****     if (node)
 2085              		.loc 1 243 27 view .LVU670
 2086 0004 2820     		movs	r0, #40
 2087              	.LVL186:
 243:Libs/cJSON/cJSON.c ****     if (node)
 2088              		.loc 1 243 27 view .LVU671
 2089 0006 9847     		blx	r3
 2090              	.LVL187:
 244:Libs/cJSON/cJSON.c ****     {
ARM GAS  C:\Users\nicx5\AppData\Local\Temp\ccUpawvI.s 			page 94


 2091              		.loc 1 244 5 is_stmt 1 view .LVU672
 244:Libs/cJSON/cJSON.c ****     {
 2092              		.loc 1 244 8 is_stmt 0 view .LVU673
 2093 0008 0446     		mov	r4, r0
 2094 000a 18B1     		cbz	r0, .L178
 246:Libs/cJSON/cJSON.c ****     }
 2095              		.loc 1 246 9 is_stmt 1 view .LVU674
 2096 000c 2822     		movs	r2, #40
 2097 000e 0021     		movs	r1, #0
 2098 0010 FFF7FEFF 		bl	memset
 2099              	.LVL188:
 249:Libs/cJSON/cJSON.c **** }
 2100              		.loc 1 249 5 view .LVU675
 2101              	.L178:
 250:Libs/cJSON/cJSON.c **** 
 2102              		.loc 1 250 1 is_stmt 0 view .LVU676
 2103 0014 2046     		mov	r0, r4
 2104 0016 10BD     		pop	{r4, pc}
 250:Libs/cJSON/cJSON.c **** 
 2105              		.loc 1 250 1 view .LVU677
 2106              		.cfi_endproc
 2107              	.LFE11:
 2109              		.section	.text.create_reference,"ax",%progbits
 2110              		.align	1
 2111              		.syntax unified
 2112              		.thumb
 2113              		.thumb_func
 2115              	create_reference:
 2116              	.LVL189:
 2117              	.LFB51:
1965:Libs/cJSON/cJSON.c ****     cJSON *reference = NULL;
 2118              		.loc 1 1965 1 is_stmt 1 view -0
 2119              		.cfi_startproc
 2120              		@ args = 0, pretend = 0, frame = 0
 2121              		@ frame_needed = 0, uses_anonymous_args = 0
1965:Libs/cJSON/cJSON.c ****     cJSON *reference = NULL;
 2122              		.loc 1 1965 1 is_stmt 0 view .LVU679
 2123 0000 38B5     		push	{r3, r4, r5, lr}
 2124              	.LCFI23:
 2125              		.cfi_def_cfa_offset 16
 2126              		.cfi_offset 3, -16
 2127              		.cfi_offset 4, -12
 2128              		.cfi_offset 5, -8
 2129              		.cfi_offset 14, -4
1966:Libs/cJSON/cJSON.c ****     if (item == NULL)
 2130              		.loc 1 1966 5 is_stmt 1 view .LVU680
 2131              	.LVL190:
1967:Libs/cJSON/cJSON.c ****     {
 2132              		.loc 1 1967 5 view .LVU681
1967:Libs/cJSON/cJSON.c ****     {
 2133              		.loc 1 1967 8 is_stmt 0 view .LVU682
 2134 0002 0446     		mov	r4, r0
 2135 0004 10B3     		cbz	r0, .L181
1972:Libs/cJSON/cJSON.c ****     if (reference == NULL)
 2136              		.loc 1 1972 5 is_stmt 1 view .LVU683
1972:Libs/cJSON/cJSON.c ****     if (reference == NULL)
 2137              		.loc 1 1972 17 is_stmt 0 view .LVU684
ARM GAS  C:\Users\nicx5\AppData\Local\Temp\ccUpawvI.s 			page 95


 2138 0006 0846     		mov	r0, r1
 2139              	.LVL191:
1972:Libs/cJSON/cJSON.c ****     if (reference == NULL)
 2140              		.loc 1 1972 17 view .LVU685
 2141 0008 FFF7FEFF 		bl	cJSON_New_Item
 2142              	.LVL192:
1973:Libs/cJSON/cJSON.c ****     {
 2143              		.loc 1 1973 5 is_stmt 1 view .LVU686
1973:Libs/cJSON/cJSON.c ****     {
 2144              		.loc 1 1973 8 is_stmt 0 view .LVU687
 2145 000c F0B1     		cbz	r0, .L181
1978:Libs/cJSON/cJSON.c ****     reference->string = NULL;
 2146              		.loc 1 1978 5 is_stmt 1 view .LVU688
 2147 000e 2346     		mov	r3, r4
 2148 0010 0246     		mov	r2, r0
 2149 0012 2034     		adds	r4, r4, #32
 2150              	.LVL193:
 2151              	.L183:
1978:Libs/cJSON/cJSON.c ****     reference->string = NULL;
 2152              		.loc 1 1978 5 is_stmt 0 view .LVU689
 2153 0014 1D68     		ldr	r5, [r3]	@ unaligned
 2154 0016 D3F804E0 		ldr	lr, [r3, #4]	@ unaligned
 2155 001a D3F808C0 		ldr	ip, [r3, #8]	@ unaligned
 2156 001e D968     		ldr	r1, [r3, #12]	@ unaligned
 2157 0020 1560     		str	r5, [r2]	@ unaligned
 2158 0022 C2F804E0 		str	lr, [r2, #4]	@ unaligned
 2159 0026 C2F808C0 		str	ip, [r2, #8]	@ unaligned
 2160 002a D160     		str	r1, [r2, #12]	@ unaligned
 2161 002c 1033     		adds	r3, r3, #16
 2162 002e 1032     		adds	r2, r2, #16
 2163 0030 A342     		cmp	r3, r4
 2164 0032 EFD1     		bne	.L183
 2165 0034 1968     		ldr	r1, [r3]	@ unaligned
 2166 0036 5B68     		ldr	r3, [r3, #4]	@ unaligned
 2167 0038 1160     		str	r1, [r2]	@ unaligned
 2168 003a 5360     		str	r3, [r2, #4]	@ unaligned
1979:Libs/cJSON/cJSON.c ****     reference->type |= cJSON_IsReference;
 2169              		.loc 1 1979 5 is_stmt 1 view .LVU690
1979:Libs/cJSON/cJSON.c ****     reference->type |= cJSON_IsReference;
 2170              		.loc 1 1979 23 is_stmt 0 view .LVU691
 2171 003c 0023     		movs	r3, #0
 2172 003e 0362     		str	r3, [r0, #32]
1980:Libs/cJSON/cJSON.c ****     reference->next = reference->prev = NULL;
 2173              		.loc 1 1980 5 is_stmt 1 view .LVU692
1980:Libs/cJSON/cJSON.c ****     reference->next = reference->prev = NULL;
 2174              		.loc 1 1980 14 is_stmt 0 view .LVU693
 2175 0040 C268     		ldr	r2, [r0, #12]
1980:Libs/cJSON/cJSON.c ****     reference->next = reference->prev = NULL;
 2176              		.loc 1 1980 21 view .LVU694
 2177 0042 42F48072 		orr	r2, r2, #256
 2178 0046 C260     		str	r2, [r0, #12]
1981:Libs/cJSON/cJSON.c ****     return reference;
 2179              		.loc 1 1981 5 is_stmt 1 view .LVU695
1981:Libs/cJSON/cJSON.c ****     return reference;
 2180              		.loc 1 1981 39 is_stmt 0 view .LVU696
 2181 0048 4360     		str	r3, [r0, #4]
1981:Libs/cJSON/cJSON.c ****     return reference;
ARM GAS  C:\Users\nicx5\AppData\Local\Temp\ccUpawvI.s 			page 96


 2182              		.loc 1 1981 21 view .LVU697
 2183 004a 0360     		str	r3, [r0]
1982:Libs/cJSON/cJSON.c **** }
 2184              		.loc 1 1982 5 is_stmt 1 view .LVU698
 2185              	.LVL194:
 2186              	.L181:
1983:Libs/cJSON/cJSON.c **** 
 2187              		.loc 1 1983 1 is_stmt 0 view .LVU699
 2188 004c 38BD     		pop	{r3, r4, r5, pc}
 2189              		.cfi_endproc
 2190              	.LFE51:
 2192              		.section	.rodata.skip_utf8_bom.str1.4,"aMS",%progbits,1
 2193              		.align	2
 2194              	.LC0:
 2195 0000 EFBBBF00 		.ascii	"\357\273\277\000"
 2196              		.section	.text.skip_utf8_bom,"ax",%progbits
 2197              		.align	1
 2198              		.syntax unified
 2199              		.thumb
 2200              		.thumb_func
 2202              	skip_utf8_bom:
 2203              	.LVL195:
 2204              	.LFB27:
1085:Libs/cJSON/cJSON.c ****     if ((buffer == NULL) || (buffer->content == NULL) || (buffer->offset != 0))
 2205              		.loc 1 1085 1 is_stmt 1 view -0
 2206              		.cfi_startproc
 2207              		@ args = 0, pretend = 0, frame = 0
 2208              		@ frame_needed = 0, uses_anonymous_args = 0
1085:Libs/cJSON/cJSON.c ****     if ((buffer == NULL) || (buffer->content == NULL) || (buffer->offset != 0))
 2209              		.loc 1 1085 1 is_stmt 0 view .LVU701
 2210 0000 38B5     		push	{r3, r4, r5, lr}
 2211              	.LCFI24:
 2212              		.cfi_def_cfa_offset 16
 2213              		.cfi_offset 3, -16
 2214              		.cfi_offset 4, -12
 2215              		.cfi_offset 5, -8
 2216              		.cfi_offset 14, -4
1086:Libs/cJSON/cJSON.c ****     {
 2217              		.loc 1 1086 5 is_stmt 1 view .LVU702
1086:Libs/cJSON/cJSON.c ****     {
 2218              		.loc 1 1086 8 is_stmt 0 view .LVU703
 2219 0002 0446     		mov	r4, r0
 2220 0004 78B1     		cbz	r0, .L187
1086:Libs/cJSON/cJSON.c ****     {
 2221              		.loc 1 1086 36 discriminator 1 view .LVU704
 2222 0006 0068     		ldr	r0, [r0]
 2223              	.LVL196:
1086:Libs/cJSON/cJSON.c ****     {
 2224              		.loc 1 1086 26 discriminator 1 view .LVU705
 2225 0008 78B1     		cbz	r0, .L188
1086:Libs/cJSON/cJSON.c ****     {
 2226              		.loc 1 1086 65 discriminator 2 view .LVU706
 2227 000a A568     		ldr	r5, [r4, #8]
1086:Libs/cJSON/cJSON.c ****     {
 2228              		.loc 1 1086 55 discriminator 2 view .LVU707
 2229 000c 7DB9     		cbnz	r5, .L189
1091:Libs/cJSON/cJSON.c ****     {
ARM GAS  C:\Users\nicx5\AppData\Local\Temp\ccUpawvI.s 			page 97


 2230              		.loc 1 1091 5 is_stmt 1 view .LVU708
1091:Libs/cJSON/cJSON.c ****     {
 2231              		.loc 1 1091 9 is_stmt 0 discriminator 1 view .LVU709
 2232 000e 2B1D     		adds	r3, r5, #4
 2233 0010 6268     		ldr	r2, [r4, #4]
 2234 0012 9342     		cmp	r3, r2
 2235 0014 07D2     		bcs	.L187
1091:Libs/cJSON/cJSON.c ****     {
 2236              		.loc 1 1091 44 discriminator 2 view .LVU710
 2237 0016 0322     		movs	r2, #3
 2238 0018 0649     		ldr	r1, .L191
 2239 001a 2844     		add	r0, r0, r5
 2240 001c FFF7FEFF 		bl	strncmp
 2241              	.LVL197:
1091:Libs/cJSON/cJSON.c ****     {
 2242              		.loc 1 1091 40 discriminator 1 view .LVU711
 2243 0020 08B9     		cbnz	r0, .L187
1093:Libs/cJSON/cJSON.c ****     }
 2244              		.loc 1 1093 9 is_stmt 1 view .LVU712
1093:Libs/cJSON/cJSON.c ****     }
 2245              		.loc 1 1093 24 is_stmt 0 view .LVU713
 2246 0022 0335     		adds	r5, r5, #3
 2247 0024 A560     		str	r5, [r4, #8]
 2248              	.LVL198:
 2249              	.L187:
1097:Libs/cJSON/cJSON.c **** 
 2250              		.loc 1 1097 1 view .LVU714
 2251 0026 2046     		mov	r0, r4
 2252 0028 38BD     		pop	{r3, r4, r5, pc}
 2253              	.LVL199:
 2254              	.L188:
1088:Libs/cJSON/cJSON.c ****     }
 2255              		.loc 1 1088 16 view .LVU715
 2256 002a 0446     		mov	r4, r0
 2257              	.LVL200:
1088:Libs/cJSON/cJSON.c ****     }
 2258              		.loc 1 1088 16 view .LVU716
 2259 002c FBE7     		b	.L187
 2260              	.LVL201:
 2261              	.L189:
1088:Libs/cJSON/cJSON.c ****     }
 2262              		.loc 1 1088 16 view .LVU717
 2263 002e 0024     		movs	r4, #0
 2264              	.LVL202:
1088:Libs/cJSON/cJSON.c ****     }
 2265              		.loc 1 1088 16 view .LVU718
 2266 0030 F9E7     		b	.L187
 2267              	.L192:
 2268 0032 00BF     		.align	2
 2269              	.L191:
 2270 0034 00000000 		.word	.LC0
 2271              		.cfi_endproc
 2272              	.LFE27:
 2274              		.section	.text.parse_number,"ax",%progbits
 2275              		.align	1
 2276              		.syntax unified
 2277              		.thumb
ARM GAS  C:\Users\nicx5\AppData\Local\Temp\ccUpawvI.s 			page 98


 2278              		.thumb_func
 2280              	parse_number:
 2281              	.LVL203:
 2282              	.LFB14:
 308:Libs/cJSON/cJSON.c ****     double number = 0;
 2283              		.loc 1 308 1 is_stmt 1 view -0
 2284              		.cfi_startproc
 2285              		@ args = 0, pretend = 0, frame = 72
 2286              		@ frame_needed = 0, uses_anonymous_args = 0
 308:Libs/cJSON/cJSON.c ****     double number = 0;
 2287              		.loc 1 308 1 is_stmt 0 view .LVU720
 2288 0000 70B5     		push	{r4, r5, r6, lr}
 2289              	.LCFI25:
 2290              		.cfi_def_cfa_offset 16
 2291              		.cfi_offset 4, -16
 2292              		.cfi_offset 5, -12
 2293              		.cfi_offset 6, -8
 2294              		.cfi_offset 14, -4
 2295 0002 92B0     		sub	sp, sp, #72
 2296              	.LCFI26:
 2297              		.cfi_def_cfa_offset 88
 2298 0004 0546     		mov	r5, r0
 2299 0006 0C46     		mov	r4, r1
 309:Libs/cJSON/cJSON.c ****     unsigned char *after_end = NULL;
 2300              		.loc 1 309 5 is_stmt 1 view .LVU721
 2301              	.LVL204:
 310:Libs/cJSON/cJSON.c ****     unsigned char number_c_string[64];
 2302              		.loc 1 310 5 view .LVU722
 310:Libs/cJSON/cJSON.c ****     unsigned char number_c_string[64];
 2303              		.loc 1 310 20 is_stmt 0 view .LVU723
 2304 0008 0023     		movs	r3, #0
 2305 000a 1193     		str	r3, [sp, #68]
 311:Libs/cJSON/cJSON.c ****     unsigned char decimal_point = get_decimal_point();
 2306              		.loc 1 311 5 is_stmt 1 view .LVU724
 312:Libs/cJSON/cJSON.c ****     size_t i = 0;
 2307              		.loc 1 312 5 view .LVU725
 312:Libs/cJSON/cJSON.c ****     size_t i = 0;
 2308              		.loc 1 312 35 is_stmt 0 view .LVU726
 2309 000c FFF7FEFF 		bl	get_decimal_point
 2310              	.LVL205:
 313:Libs/cJSON/cJSON.c **** 
 2311              		.loc 1 313 5 is_stmt 1 view .LVU727
 315:Libs/cJSON/cJSON.c ****     {
 2312              		.loc 1 315 5 view .LVU728
 315:Libs/cJSON/cJSON.c ****     {
 2313              		.loc 1 315 8 is_stmt 0 view .LVU729
 2314 0010 002C     		cmp	r4, #0
 2315 0012 5ED0     		beq	.L207
 315:Libs/cJSON/cJSON.c ****     {
 2316              		.loc 1 315 48 discriminator 1 view .LVU730
 2317 0014 2368     		ldr	r3, [r4]
 315:Libs/cJSON/cJSON.c ****     {
 2318              		.loc 1 315 32 discriminator 1 view .LVU731
 2319 0016 002B     		cmp	r3, #0
 2320 0018 5DD0     		beq	.L208
 323:Libs/cJSON/cJSON.c ****     {
 2321              		.loc 1 323 12 view .LVU732
ARM GAS  C:\Users\nicx5\AppData\Local\Temp\ccUpawvI.s 			page 99


 2322 001a 0023     		movs	r3, #0
 2323 001c 2AE0     		b	.L195
 2324              	.LVL206:
 2325              	.L196:
 325:Libs/cJSON/cJSON.c ****         {
 2326              		.loc 1 325 9 view .LVU733
 2327 001e 652A     		cmp	r2, #101
 2328 0020 22D0     		beq	.L198
 2329              	.L197:
 353:Libs/cJSON/cJSON.c **** 
 2330              		.loc 1 353 5 is_stmt 1 view .LVU734
 353:Libs/cJSON/cJSON.c **** 
 2331              		.loc 1 353 24 is_stmt 0 view .LVU735
 2332 0022 4833     		adds	r3, r3, #72
 2333              	.LVL207:
 353:Libs/cJSON/cJSON.c **** 
 2334              		.loc 1 353 24 view .LVU736
 2335 0024 6B44     		add	r3, sp, r3
 2336              	.LVL208:
 353:Libs/cJSON/cJSON.c **** 
 2337              		.loc 1 353 24 view .LVU737
 2338 0026 0022     		movs	r2, #0
 2339 0028 03F8442C 		strb	r2, [r3, #-68]
 355:Libs/cJSON/cJSON.c ****     if (number_c_string == after_end)
 2340              		.loc 1 355 5 is_stmt 1 view .LVU738
 355:Libs/cJSON/cJSON.c ****     if (number_c_string == after_end)
 2341              		.loc 1 355 14 is_stmt 0 view .LVU739
 2342 002c 01AE     		add	r6, sp, #4
 2343 002e 11A9     		add	r1, sp, #68
 2344 0030 3046     		mov	r0, r6
 2345              	.LVL209:
 355:Libs/cJSON/cJSON.c ****     if (number_c_string == after_end)
 2346              		.loc 1 355 14 view .LVU740
 2347 0032 FFF7FEFF 		bl	strtod
 2348              	.LVL210:
 356:Libs/cJSON/cJSON.c ****     {
 2349              		.loc 1 356 5 is_stmt 1 view .LVU741
 356:Libs/cJSON/cJSON.c ****     {
 2350              		.loc 1 356 25 is_stmt 0 view .LVU742
 2351 0036 119B     		ldr	r3, [sp, #68]
 356:Libs/cJSON/cJSON.c ****     {
 2352              		.loc 1 356 8 view .LVU743
 2353 0038 B342     		cmp	r3, r6
 2354 003a 4ED0     		beq	.L209
 361:Libs/cJSON/cJSON.c **** 
 2355              		.loc 1 361 5 is_stmt 1 view .LVU744
 361:Libs/cJSON/cJSON.c **** 
 2356              		.loc 1 361 23 is_stmt 0 view .LVU745
 2357 003c 85ED060B 		vstr.64	d0, [r5, #24]
 364:Libs/cJSON/cJSON.c ****     {
 2358              		.loc 1 364 5 is_stmt 1 view .LVU746
 364:Libs/cJSON/cJSON.c ****     {
 2359              		.loc 1 364 8 is_stmt 0 view .LVU747
 2360 0040 9FED277B 		vldr.64	d7, .L215
 2361 0044 B4EEC70B 		vcmpe.f64	d0, d7
 2362 0048 F1EE10FA 		vmrs	APSR_nzcv, FPSCR
 2363 004c 31DB     		blt	.L212
ARM GAS  C:\Users\nicx5\AppData\Local\Temp\ccUpawvI.s 			page 100


 366:Libs/cJSON/cJSON.c ****     }
 2364              		.loc 1 366 9 is_stmt 1 view .LVU748
 366:Libs/cJSON/cJSON.c ****     }
 2365              		.loc 1 366 24 is_stmt 0 view .LVU749
 2366 004e 6FF00042 		mvn	r2, #-2147483648
 2367 0052 6A61     		str	r2, [r5, #20]
 2368              	.LVL211:
 2369              	.L204:
 377:Libs/cJSON/cJSON.c **** 
 2370              		.loc 1 377 5 is_stmt 1 view .LVU750
 377:Libs/cJSON/cJSON.c **** 
 2371              		.loc 1 377 16 is_stmt 0 view .LVU751
 2372 0054 0822     		movs	r2, #8
 2373 0056 EA60     		str	r2, [r5, #12]
 379:Libs/cJSON/cJSON.c ****     return true;
 2374              		.loc 1 379 5 is_stmt 1 view .LVU752
 379:Libs/cJSON/cJSON.c ****     return true;
 2375              		.loc 1 379 17 is_stmt 0 view .LVU753
 2376 0058 A268     		ldr	r2, [r4, #8]
 379:Libs/cJSON/cJSON.c ****     return true;
 2377              		.loc 1 379 48 view .LVU754
 2378 005a 01A9     		add	r1, sp, #4
 2379 005c 5B1A     		subs	r3, r3, r1
 379:Libs/cJSON/cJSON.c ****     return true;
 2380              		.loc 1 379 26 view .LVU755
 2381 005e 1A44     		add	r2, r2, r3
 2382 0060 A260     		str	r2, [r4, #8]
 2383              	.LVL212:
 380:Libs/cJSON/cJSON.c **** }
 2384              		.loc 1 380 5 is_stmt 1 view .LVU756
 380:Libs/cJSON/cJSON.c **** }
 2385              		.loc 1 380 12 is_stmt 0 view .LVU757
 2386 0062 0120     		movs	r0, #1
 2387              	.LVL213:
 2388              	.L193:
 381:Libs/cJSON/cJSON.c **** 
 2389              		.loc 1 381 1 view .LVU758
 2390 0064 12B0     		add	sp, sp, #72
 2391              	.LCFI27:
 2392              		.cfi_remember_state
 2393              		.cfi_def_cfa_offset 16
 2394              		@ sp needed
 2395 0066 70BD     		pop	{r4, r5, r6, pc}
 2396              	.LVL214:
 2397              	.L198:
 2398              	.LCFI28:
 2399              		.cfi_restore_state
 341:Libs/cJSON/cJSON.c ****                 break;
 2400              		.loc 1 341 17 is_stmt 1 view .LVU759
 341:Libs/cJSON/cJSON.c ****                 break;
 2401              		.loc 1 341 36 is_stmt 0 view .LVU760
 2402 0068 03F14801 		add	r1, r3, #72
 2403 006c 6944     		add	r1, sp, r1
 2404 006e 01F8442C 		strb	r2, [r1, #-68]
 342:Libs/cJSON/cJSON.c **** 
 2405              		.loc 1 342 17 is_stmt 1 view .LVU761
 2406              	.L200:
ARM GAS  C:\Users\nicx5\AppData\Local\Temp\ccUpawvI.s 			page 101


 323:Libs/cJSON/cJSON.c ****     {
 2407              		.loc 1 323 95 discriminator 2 view .LVU762
 2408 0072 0133     		adds	r3, r3, #1
 2409              	.LVL215:
 2410              	.L195:
 323:Libs/cJSON/cJSON.c ****     {
 2411              		.loc 1 323 53 discriminator 1 view .LVU763
 2412 0074 3E2B     		cmp	r3, #62
 2413 0076 D4D8     		bhi	.L197
 323:Libs/cJSON/cJSON.c ****     {
 2414              		.loc 1 323 56 is_stmt 0 discriminator 3 view .LVU764
 2415 0078 A268     		ldr	r2, [r4, #8]
 2416 007a 1A44     		add	r2, r2, r3
 2417 007c 6168     		ldr	r1, [r4, #4]
 323:Libs/cJSON/cJSON.c ****     {
 2418              		.loc 1 323 53 discriminator 3 view .LVU765
 2419 007e 8A42     		cmp	r2, r1
 2420 0080 CFD2     		bcs	.L197
 325:Libs/cJSON/cJSON.c ****         {
 2421              		.loc 1 325 9 is_stmt 1 view .LVU766
 325:Libs/cJSON/cJSON.c ****         {
 2422              		.loc 1 325 17 is_stmt 0 view .LVU767
 2423 0082 2168     		ldr	r1, [r4]
 325:Libs/cJSON/cJSON.c ****         {
 2424              		.loc 1 325 47 view .LVU768
 2425 0084 8A5C     		ldrb	r2, [r1, r2]	@ zero_extendqisi2
 325:Libs/cJSON/cJSON.c ****         {
 2426              		.loc 1 325 9 view .LVU769
 2427 0086 452A     		cmp	r2, #69
 2428 0088 C9D8     		bhi	.L196
 2429 008a 2B2A     		cmp	r2, #43
 2430 008c C9D3     		bcc	.L197
 2431 008e A2F12B06 		sub	r6, r2, #43
 2432 0092 F6B2     		uxtb	r6, r6
 2433 0094 0121     		movs	r1, #1
 2434 0096 B140     		lsls	r1, r1, r6
 2435 0098 154E     		ldr	r6, .L215+16
 2436 009a 0E40     		ands	r6, r6, r1
 2437 009c 002E     		cmp	r6, #0
 2438 009e E3D1     		bne	.L198
 2439 00a0 11F0080F 		tst	r1, #8
 2440 00a4 BDD0     		beq	.L197
 345:Libs/cJSON/cJSON.c ****                 break;
 2441              		.loc 1 345 17 is_stmt 1 view .LVU770
 345:Libs/cJSON/cJSON.c ****                 break;
 2442              		.loc 1 345 36 is_stmt 0 view .LVU771
 2443 00a6 03F14802 		add	r2, r3, #72
 2444 00aa 6A44     		add	r2, sp, r2
 2445 00ac 02F8440C 		strb	r0, [r2, #-68]
 346:Libs/cJSON/cJSON.c **** 
 2446              		.loc 1 346 17 is_stmt 1 view .LVU772
 2447 00b0 DFE7     		b	.L200
 2448              	.LVL216:
 2449              	.L212:
 368:Libs/cJSON/cJSON.c ****     {
 2450              		.loc 1 368 10 view .LVU773
 368:Libs/cJSON/cJSON.c ****     {
ARM GAS  C:\Users\nicx5\AppData\Local\Temp\ccUpawvI.s 			page 102


 2451              		.loc 1 368 13 is_stmt 0 view .LVU774
 2452 00b2 9FED0D7B 		vldr.64	d7, .L215+8
 2453 00b6 B4EEC70B 		vcmpe.f64	d0, d7
 2454 00ba F1EE10FA 		vmrs	APSR_nzcv, FPSCR
 2455 00be 03D8     		bhi	.L213
 370:Libs/cJSON/cJSON.c ****     }
 2456              		.loc 1 370 9 is_stmt 1 view .LVU775
 370:Libs/cJSON/cJSON.c ****     }
 2457              		.loc 1 370 24 is_stmt 0 view .LVU776
 2458 00c0 4FF00042 		mov	r2, #-2147483648
 2459 00c4 6A61     		str	r2, [r5, #20]
 2460 00c6 C5E7     		b	.L204
 2461              	.L213:
 374:Libs/cJSON/cJSON.c ****     }
 2462              		.loc 1 374 9 is_stmt 1 view .LVU777
 374:Libs/cJSON/cJSON.c ****     }
 2463              		.loc 1 374 26 is_stmt 0 view .LVU778
 2464 00c8 BDEEC00B 		vcvt.s32.f64	s0, d0
 2465              	.LVL217:
 374:Libs/cJSON/cJSON.c ****     }
 2466              		.loc 1 374 24 view .LVU779
 2467 00cc 85ED050A 		vstr.32	s0, [r5, #20]	@ int
 2468 00d0 C0E7     		b	.L204
 2469              	.LVL218:
 2470              	.L207:
 317:Libs/cJSON/cJSON.c ****     }
 2471              		.loc 1 317 16 view .LVU780
 2472 00d2 0020     		movs	r0, #0
 2473              	.LVL219:
 317:Libs/cJSON/cJSON.c ****     }
 2474              		.loc 1 317 16 view .LVU781
 2475 00d4 C6E7     		b	.L193
 2476              	.LVL220:
 2477              	.L208:
 317:Libs/cJSON/cJSON.c ****     }
 2478              		.loc 1 317 16 view .LVU782
 2479 00d6 0020     		movs	r0, #0
 2480              	.LVL221:
 317:Libs/cJSON/cJSON.c ****     }
 2481              		.loc 1 317 16 view .LVU783
 2482 00d8 C4E7     		b	.L193
 2483              	.LVL222:
 2484              	.L209:
 358:Libs/cJSON/cJSON.c ****     }
 2485              		.loc 1 358 16 view .LVU784
 2486 00da 0020     		movs	r0, #0
 2487 00dc C2E7     		b	.L193
 2488              	.L216:
 2489 00de 00BF     		.align	3
 2490              	.L215:
 2491 00e0 0000C0FF 		.word	-4194304
 2492 00e4 FFFFDF41 		.word	1105199103
 2493 00e8 00000000 		.word	0
 2494 00ec 0000E0C1 		.word	-1042284544
 2495 00f0 E57F0004 		.word	67141605
 2496              		.cfi_endproc
 2497              	.LFE14:
ARM GAS  C:\Users\nicx5\AppData\Local\Temp\ccUpawvI.s 			page 103


 2499              		.section	.rodata.print_string_ptr.str1.4,"aMS",%progbits,1
 2500              		.align	2
 2501              	.LC1:
 2502 0000 222200   		.ascii	"\"\"\000"
 2503 0003 00       		.align	2
 2504              	.LC2:
 2505 0004 75253034 		.ascii	"u%04x\000"
 2505      7800
 2506              		.section	.text.print_string_ptr,"ax",%progbits
 2507              		.align	1
 2508              		.syntax unified
 2509              		.thumb
 2510              		.thumb_func
 2512              	print_string_ptr:
 2513              	.LVL223:
 2514              	.LFB24:
 923:Libs/cJSON/cJSON.c ****     const unsigned char *input_pointer = NULL;
 2515              		.loc 1 923 1 is_stmt 1 view -0
 2516              		.cfi_startproc
 2517              		@ args = 0, pretend = 0, frame = 0
 2518              		@ frame_needed = 0, uses_anonymous_args = 0
 924:Libs/cJSON/cJSON.c ****     unsigned char *output = NULL;
 2519              		.loc 1 924 5 view .LVU786
 925:Libs/cJSON/cJSON.c ****     unsigned char *output_pointer = NULL;
 2520              		.loc 1 925 5 view .LVU787
 926:Libs/cJSON/cJSON.c ****     size_t output_length = 0;
 2521              		.loc 1 926 5 view .LVU788
 927:Libs/cJSON/cJSON.c ****     /* numbers of additional characters needed for escaping */
 2522              		.loc 1 927 5 view .LVU789
 929:Libs/cJSON/cJSON.c **** 
 2523              		.loc 1 929 5 view .LVU790
 931:Libs/cJSON/cJSON.c ****     {
 2524              		.loc 1 931 5 view .LVU791
 931:Libs/cJSON/cJSON.c ****     {
 2525              		.loc 1 931 8 is_stmt 0 view .LVU792
 2526 0000 0029     		cmp	r1, #0
 2527 0002 00F09480 		beq	.L239
 923:Libs/cJSON/cJSON.c ****     const unsigned char *input_pointer = NULL;
 2528              		.loc 1 923 1 view .LVU793
 2529 0006 F8B5     		push	{r3, r4, r5, r6, r7, lr}
 2530              	.LCFI29:
 2531              		.cfi_def_cfa_offset 24
 2532              		.cfi_offset 3, -24
 2533              		.cfi_offset 4, -20
 2534              		.cfi_offset 5, -16
 2535              		.cfi_offset 6, -12
 2536              		.cfi_offset 7, -8
 2537              		.cfi_offset 14, -4
 2538 0008 0546     		mov	r5, r0
 2539 000a 0846     		mov	r0, r1
 2540              	.LVL224:
 937:Libs/cJSON/cJSON.c ****     {
 2541              		.loc 1 937 5 is_stmt 1 view .LVU794
 937:Libs/cJSON/cJSON.c ****     {
 2542              		.loc 1 937 8 is_stmt 0 view .LVU795
 2543 000c 15B1     		cbz	r5, .L248
 950:Libs/cJSON/cJSON.c ****     {
ARM GAS  C:\Users\nicx5\AppData\Local\Temp\ccUpawvI.s 			page 104


 2544              		.loc 1 950 24 view .LVU796
 2545 000e 2A46     		mov	r2, r5
 929:Libs/cJSON/cJSON.c **** 
 2546              		.loc 1 929 12 view .LVU797
 2547 0010 0026     		movs	r6, #0
 2548 0012 14E0     		b	.L219
 2549              	.L248:
 939:Libs/cJSON/cJSON.c ****         if (output == NULL)
 2550              		.loc 1 939 9 is_stmt 1 view .LVU798
 939:Libs/cJSON/cJSON.c ****         if (output == NULL)
 2551              		.loc 1 939 18 is_stmt 0 view .LVU799
 2552 0014 0321     		movs	r1, #3
 2553              	.LVL225:
 939:Libs/cJSON/cJSON.c ****         if (output == NULL)
 2554              		.loc 1 939 18 view .LVU800
 2555 0016 FFF7FEFF 		bl	ensure
 2556              	.LVL226:
 940:Libs/cJSON/cJSON.c ****         {
 2557              		.loc 1 940 9 is_stmt 1 view .LVU801
 940:Libs/cJSON/cJSON.c ****         {
 2558              		.loc 1 940 12 is_stmt 0 view .LVU802
 2559 001a 0028     		cmp	r0, #0
 2560 001c 00F08980 		beq	.L241
 944:Libs/cJSON/cJSON.c **** 
 2561              		.loc 1 944 9 is_stmt 1 view .LVU803
 2562 0020 464A     		ldr	r2, .L252
 2563 0022 1188     		ldrh	r1, [r2]	@ unaligned
 2564 0024 9278     		ldrb	r2, [r2, #2]	@ zero_extendqisi2
 2565 0026 0180     		strh	r1, [r0]	@ unaligned
 2566 0028 8270     		strb	r2, [r0, #2]
 946:Libs/cJSON/cJSON.c ****     }
 2567              		.loc 1 946 9 view .LVU804
 946:Libs/cJSON/cJSON.c ****     }
 2568              		.loc 1 946 16 is_stmt 0 view .LVU805
 2569 002a 0120     		movs	r0, #1
 2570              	.LVL227:
 946:Libs/cJSON/cJSON.c ****     }
 2571              		.loc 1 946 16 view .LVU806
 2572 002c 7EE0     		b	.L217
 2573              	.LVL228:
 2574              	.L220:
 952:Libs/cJSON/cJSON.c ****         {
 2575              		.loc 1 952 9 view .LVU807
 2576 002e 5C2B     		cmp	r3, #92
 2577 0030 03D0     		beq	.L222
 2578              	.L221:
 965:Libs/cJSON/cJSON.c ****                 {
 2579              		.loc 1 965 17 is_stmt 1 view .LVU808
 965:Libs/cJSON/cJSON.c ****                 {
 2580              		.loc 1 965 20 is_stmt 0 view .LVU809
 2581 0032 1F2B     		cmp	r3, #31
 2582 0034 02D8     		bhi	.L223
 968:Libs/cJSON/cJSON.c ****                 }
 2583              		.loc 1 968 21 is_stmt 1 view .LVU810
 968:Libs/cJSON/cJSON.c ****                 }
 2584              		.loc 1 968 39 is_stmt 0 view .LVU811
 2585 0036 0536     		adds	r6, r6, #5
ARM GAS  C:\Users\nicx5\AppData\Local\Temp\ccUpawvI.s 			page 105


 2586              	.LVL229:
 968:Libs/cJSON/cJSON.c ****                 }
 2587              		.loc 1 968 39 view .LVU812
 2588 0038 00E0     		b	.L223
 2589              	.L222:
 962:Libs/cJSON/cJSON.c ****                 break;
 2590              		.loc 1 962 17 is_stmt 1 view .LVU813
 962:Libs/cJSON/cJSON.c ****                 break;
 2591              		.loc 1 962 34 is_stmt 0 view .LVU814
 2592 003a 0136     		adds	r6, r6, #1
 2593              	.LVL230:
 963:Libs/cJSON/cJSON.c ****             default:
 2594              		.loc 1 963 17 is_stmt 1 view .LVU815
 2595              	.L223:
 950:Libs/cJSON/cJSON.c ****     {
 2596              		.loc 1 950 62 discriminator 2 view .LVU816
 2597 003c 0132     		adds	r2, r2, #1
 2598              	.LVL231:
 2599              	.L219:
 950:Libs/cJSON/cJSON.c ****     {
 2600              		.loc 1 950 33 discriminator 1 view .LVU817
 2601 003e 1378     		ldrb	r3, [r2]	@ zero_extendqisi2
 2602 0040 63B1     		cbz	r3, .L249
 952:Libs/cJSON/cJSON.c ****         {
 2603              		.loc 1 952 9 view .LVU818
 2604 0042 222B     		cmp	r3, #34
 2605 0044 F3D8     		bhi	.L220
 2606 0046 082B     		cmp	r3, #8
 2607 0048 F3D3     		bcc	.L221
 2608 004a A3F10804 		sub	r4, r3, #8
 2609 004e E4B2     		uxtb	r4, r4
 2610 0050 3B49     		ldr	r1, .L252+4
 2611 0052 E140     		lsrs	r1, r1, r4
 2612 0054 11F0010F 		tst	r1, #1
 2613 0058 EFD1     		bne	.L222
 2614 005a EAE7     		b	.L221
 2615              	.L249:
 973:Libs/cJSON/cJSON.c **** 
 2616              		.loc 1 973 5 view .LVU819
 973:Libs/cJSON/cJSON.c **** 
 2617              		.loc 1 973 44 is_stmt 0 view .LVU820
 2618 005c 521B     		subs	r2, r2, r5
 2619              	.LVL232:
 973:Libs/cJSON/cJSON.c **** 
 2620              		.loc 1 973 19 view .LVU821
 2621 005e 9419     		adds	r4, r2, r6
 2622              	.LVL233:
 975:Libs/cJSON/cJSON.c ****     if (output == NULL)
 2623              		.loc 1 975 5 is_stmt 1 view .LVU822
 975:Libs/cJSON/cJSON.c ****     if (output == NULL)
 2624              		.loc 1 975 14 is_stmt 0 view .LVU823
 2625 0060 E11C     		adds	r1, r4, #3
 2626 0062 FFF7FEFF 		bl	ensure
 2627              	.LVL234:
 976:Libs/cJSON/cJSON.c ****     {
 2628              		.loc 1 976 5 is_stmt 1 view .LVU824
 976:Libs/cJSON/cJSON.c ****     {
ARM GAS  C:\Users\nicx5\AppData\Local\Temp\ccUpawvI.s 			page 106


 2629              		.loc 1 976 8 is_stmt 0 view .LVU825
 2630 0066 0746     		mov	r7, r0
 2631 0068 0028     		cmp	r0, #0
 2632 006a 64D0     		beq	.L242
 982:Libs/cJSON/cJSON.c ****     {
 2633              		.loc 1 982 5 is_stmt 1 view .LVU826
 982:Libs/cJSON/cJSON.c ****     {
 2634              		.loc 1 982 8 is_stmt 0 view .LVU827
 2635 006c 26B1     		cbz	r6, .L250
 992:Libs/cJSON/cJSON.c ****     output_pointer = output + 1;
 2636              		.loc 1 992 5 is_stmt 1 view .LVU828
 992:Libs/cJSON/cJSON.c ****     output_pointer = output + 1;
 2637              		.loc 1 992 15 is_stmt 0 view .LVU829
 2638 006e 0646     		mov	r6, r0
 2639              	.LVL235:
 992:Libs/cJSON/cJSON.c ****     output_pointer = output + 1;
 2640              		.loc 1 992 15 view .LVU830
 2641 0070 2223     		movs	r3, #34
 2642 0072 06F8013B 		strb	r3, [r6], #1
 993:Libs/cJSON/cJSON.c ****     /* copy the string */
 2643              		.loc 1 993 5 is_stmt 1 view .LVU831
 2644              	.LVL236:
 995:Libs/cJSON/cJSON.c ****     {
 2645              		.loc 1 995 5 view .LVU832
 995:Libs/cJSON/cJSON.c ****     {
 2646              		.loc 1 995 5 is_stmt 0 view .LVU833
 2647 0076 30E0     		b	.L226
 2648              	.LVL237:
 2649              	.L250:
 984:Libs/cJSON/cJSON.c ****         memcpy(output + 1, input, output_length);
 2650              		.loc 1 984 9 is_stmt 1 view .LVU834
 984:Libs/cJSON/cJSON.c ****         memcpy(output + 1, input, output_length);
 2651              		.loc 1 984 19 is_stmt 0 view .LVU835
 2652 0078 2226     		movs	r6, #34
 2653              	.LVL238:
 984:Libs/cJSON/cJSON.c ****         memcpy(output + 1, input, output_length);
 2654              		.loc 1 984 19 view .LVU836
 2655 007a 00F8016B 		strb	r6, [r0], #1
 2656              	.LVL239:
 985:Libs/cJSON/cJSON.c ****         output[output_length + 1] = '\"';
 2657              		.loc 1 985 9 is_stmt 1 view .LVU837
 2658 007e 2246     		mov	r2, r4
 2659 0080 2946     		mov	r1, r5
 2660 0082 FFF7FEFF 		bl	memcpy
 2661              	.LVL240:
 986:Libs/cJSON/cJSON.c ****         output[output_length + 2] = '\0';
 2662              		.loc 1 986 9 view .LVU838
 986:Libs/cJSON/cJSON.c ****         output[output_length + 2] = '\0';
 2663              		.loc 1 986 15 is_stmt 0 view .LVU839
 2664 0086 631C     		adds	r3, r4, #1
 986:Libs/cJSON/cJSON.c ****         output[output_length + 2] = '\0';
 2665              		.loc 1 986 35 view .LVU840
 2666 0088 FE54     		strb	r6, [r7, r3]
 987:Libs/cJSON/cJSON.c **** 
 2667              		.loc 1 987 9 is_stmt 1 view .LVU841
 987:Libs/cJSON/cJSON.c **** 
 2668              		.loc 1 987 15 is_stmt 0 view .LVU842
ARM GAS  C:\Users\nicx5\AppData\Local\Temp\ccUpawvI.s 			page 107


 2669 008a 0234     		adds	r4, r4, #2
 2670              	.LVL241:
 987:Libs/cJSON/cJSON.c **** 
 2671              		.loc 1 987 35 view .LVU843
 2672 008c 0023     		movs	r3, #0
 2673 008e 3B55     		strb	r3, [r7, r4]
 989:Libs/cJSON/cJSON.c ****     }
 2674              		.loc 1 989 9 is_stmt 1 view .LVU844
 989:Libs/cJSON/cJSON.c ****     }
 2675              		.loc 1 989 16 is_stmt 0 view .LVU845
 2676 0090 0120     		movs	r0, #1
 2677 0092 4BE0     		b	.L217
 2678              	.LVL242:
 2679              	.L227:
1005:Libs/cJSON/cJSON.c ****             switch (*input_pointer)
 2680              		.loc 1 1005 13 is_stmt 1 view .LVU846
1005:Libs/cJSON/cJSON.c ****             switch (*input_pointer)
 2681              		.loc 1 1005 28 is_stmt 0 view .LVU847
 2682 0094 3046     		mov	r0, r6
 2683              	.LVL243:
1005:Libs/cJSON/cJSON.c ****             switch (*input_pointer)
 2684              		.loc 1 1005 31 view .LVU848
 2685 0096 5C23     		movs	r3, #92
 2686 0098 00F8013B 		strb	r3, [r0], #1
 2687              	.LVL244:
1006:Libs/cJSON/cJSON.c ****             {
 2688              		.loc 1 1006 13 is_stmt 1 view .LVU849
1006:Libs/cJSON/cJSON.c ****             {
 2689              		.loc 1 1006 21 is_stmt 0 view .LVU850
 2690 009c 2A78     		ldrb	r2, [r5]	@ zero_extendqisi2
1006:Libs/cJSON/cJSON.c ****             {
 2691              		.loc 1 1006 13 view .LVU851
 2692 009e 222A     		cmp	r2, #34
 2693 00a0 15D8     		bhi	.L229
1006:Libs/cJSON/cJSON.c ****             {
 2694              		.loc 1 1006 13 view .LVU852
 2695 00a2 082A     		cmp	r2, #8
 2696 00a4 36D3     		bcc	.L230
 2697 00a6 A2F10803 		sub	r3, r2, #8
 2698 00aa 1A2B     		cmp	r3, #26
 2699 00ac 32D8     		bhi	.L230
 2700 00ae DFE803F0 		tbb	[pc, r3]
 2701              	.L232:
 2702 00b2 22       		.byte	(.L237-.L232)/2
 2703 00b3 2E       		.byte	(.L236-.L232)/2
 2704 00b4 28       		.byte	(.L235-.L232)/2
 2705 00b5 31       		.byte	(.L230-.L232)/2
 2706 00b6 25       		.byte	(.L234-.L232)/2
 2707 00b7 2B       		.byte	(.L233-.L232)/2
 2708 00b8 31       		.byte	(.L230-.L232)/2
 2709 00b9 31       		.byte	(.L230-.L232)/2
 2710 00ba 31       		.byte	(.L230-.L232)/2
 2711 00bb 31       		.byte	(.L230-.L232)/2
 2712 00bc 31       		.byte	(.L230-.L232)/2
 2713 00bd 31       		.byte	(.L230-.L232)/2
 2714 00be 31       		.byte	(.L230-.L232)/2
 2715 00bf 31       		.byte	(.L230-.L232)/2
ARM GAS  C:\Users\nicx5\AppData\Local\Temp\ccUpawvI.s 			page 108


 2716 00c0 31       		.byte	(.L230-.L232)/2
 2717 00c1 31       		.byte	(.L230-.L232)/2
 2718 00c2 31       		.byte	(.L230-.L232)/2
 2719 00c3 31       		.byte	(.L230-.L232)/2
 2720 00c4 31       		.byte	(.L230-.L232)/2
 2721 00c5 31       		.byte	(.L230-.L232)/2
 2722 00c6 31       		.byte	(.L230-.L232)/2
 2723 00c7 31       		.byte	(.L230-.L232)/2
 2724 00c8 31       		.byte	(.L230-.L232)/2
 2725 00c9 31       		.byte	(.L230-.L232)/2
 2726 00ca 31       		.byte	(.L230-.L232)/2
 2727 00cb 31       		.byte	(.L230-.L232)/2
 2728 00cc 1F       		.byte	(.L231-.L232)/2
 2729 00cd 00       		.p2align 1
 2730              	.L229:
 2731 00ce 5C2A     		cmp	r2, #92
 2732 00d0 20D1     		bne	.L230
1009:Libs/cJSON/cJSON.c ****                     break;
 2733              		.loc 1 1009 21 is_stmt 1 view .LVU853
1009:Libs/cJSON/cJSON.c ****                     break;
 2734              		.loc 1 1009 37 is_stmt 0 view .LVU854
 2735 00d2 5C23     		movs	r3, #92
 2736 00d4 7370     		strb	r3, [r6, #1]
1010:Libs/cJSON/cJSON.c ****                 case '\"':
 2737              		.loc 1 1010 21 is_stmt 1 view .LVU855
 2738              	.L228:
 995:Libs/cJSON/cJSON.c ****     {
 2739              		.loc 1 995 78 discriminator 2 view .LVU856
 995:Libs/cJSON/cJSON.c ****     {
 2740              		.loc 1 995 57 is_stmt 0 discriminator 2 view .LVU857
 2741 00d6 0135     		adds	r5, r5, #1
 2742              	.LVL245:
 995:Libs/cJSON/cJSON.c ****     {
 2743              		.loc 1 995 94 discriminator 2 view .LVU858
 2744 00d8 461C     		adds	r6, r0, #1
 2745              	.LVL246:
 2746              	.L226:
 995:Libs/cJSON/cJSON.c ****     {
 2747              		.loc 1 995 48 is_stmt 1 discriminator 1 view .LVU859
 995:Libs/cJSON/cJSON.c ****     {
 2748              		.loc 1 995 33 is_stmt 0 discriminator 1 view .LVU860
 2749 00da 2B78     		ldrb	r3, [r5]	@ zero_extendqisi2
 995:Libs/cJSON/cJSON.c ****     {
 2750              		.loc 1 995 48 discriminator 1 view .LVU861
 2751 00dc FBB1     		cbz	r3, .L251
 997:Libs/cJSON/cJSON.c ****         {
 2752              		.loc 1 997 9 is_stmt 1 view .LVU862
 997:Libs/cJSON/cJSON.c ****         {
 2753              		.loc 1 997 12 is_stmt 0 view .LVU863
 2754 00de 222B     		cmp	r3, #34
 2755 00e0 18BF     		it	ne
 2756 00e2 1F2B     		cmpne	r3, #31
 2757 00e4 D6D9     		bls	.L227
 997:Libs/cJSON/cJSON.c ****         {
 2758              		.loc 1 997 63 discriminator 1 view .LVU864
 2759 00e6 5C2B     		cmp	r3, #92
 2760 00e8 D4D0     		beq	.L227
ARM GAS  C:\Users\nicx5\AppData\Local\Temp\ccUpawvI.s 			page 109


1000:Libs/cJSON/cJSON.c ****         }
 2761              		.loc 1 1000 13 is_stmt 1 view .LVU865
1000:Libs/cJSON/cJSON.c ****         }
 2762              		.loc 1 1000 29 is_stmt 0 view .LVU866
 2763 00ea 3370     		strb	r3, [r6]
 2764 00ec 3046     		mov	r0, r6
 2765 00ee F2E7     		b	.L228
 2766              	.LVL247:
 2767              	.L231:
1012:Libs/cJSON/cJSON.c ****                     break;
 2768              		.loc 1 1012 21 is_stmt 1 view .LVU867
1012:Libs/cJSON/cJSON.c ****                     break;
 2769              		.loc 1 1012 37 is_stmt 0 view .LVU868
 2770 00f0 2223     		movs	r3, #34
 2771 00f2 7370     		strb	r3, [r6, #1]
1013:Libs/cJSON/cJSON.c ****                 case '\b':
 2772              		.loc 1 1013 21 is_stmt 1 view .LVU869
 2773 00f4 EFE7     		b	.L228
 2774              	.L237:
1015:Libs/cJSON/cJSON.c ****                     break;
 2775              		.loc 1 1015 21 view .LVU870
1015:Libs/cJSON/cJSON.c ****                     break;
 2776              		.loc 1 1015 37 is_stmt 0 view .LVU871
 2777 00f6 6223     		movs	r3, #98
 2778 00f8 7370     		strb	r3, [r6, #1]
1016:Libs/cJSON/cJSON.c ****                 case '\f':
 2779              		.loc 1 1016 21 is_stmt 1 view .LVU872
 2780 00fa ECE7     		b	.L228
 2781              	.L234:
1018:Libs/cJSON/cJSON.c ****                     break;
 2782              		.loc 1 1018 21 view .LVU873
1018:Libs/cJSON/cJSON.c ****                     break;
 2783              		.loc 1 1018 37 is_stmt 0 view .LVU874
 2784 00fc 6623     		movs	r3, #102
 2785 00fe 7370     		strb	r3, [r6, #1]
1019:Libs/cJSON/cJSON.c ****                 case '\n':
 2786              		.loc 1 1019 21 is_stmt 1 view .LVU875
 2787 0100 E9E7     		b	.L228
 2788              	.L235:
1021:Libs/cJSON/cJSON.c ****                     break;
 2789              		.loc 1 1021 21 view .LVU876
1021:Libs/cJSON/cJSON.c ****                     break;
 2790              		.loc 1 1021 37 is_stmt 0 view .LVU877
 2791 0102 6E23     		movs	r3, #110
 2792 0104 7370     		strb	r3, [r6, #1]
1022:Libs/cJSON/cJSON.c ****                 case '\r':
 2793              		.loc 1 1022 21 is_stmt 1 view .LVU878
 2794 0106 E6E7     		b	.L228
 2795              	.L233:
1024:Libs/cJSON/cJSON.c ****                     break;
 2796              		.loc 1 1024 21 view .LVU879
1024:Libs/cJSON/cJSON.c ****                     break;
 2797              		.loc 1 1024 37 is_stmt 0 view .LVU880
 2798 0108 7223     		movs	r3, #114
 2799 010a 7370     		strb	r3, [r6, #1]
1025:Libs/cJSON/cJSON.c ****                 case '\t':
 2800              		.loc 1 1025 21 is_stmt 1 view .LVU881
ARM GAS  C:\Users\nicx5\AppData\Local\Temp\ccUpawvI.s 			page 110


 2801 010c E3E7     		b	.L228
 2802              	.L236:
1027:Libs/cJSON/cJSON.c ****                     break;
 2803              		.loc 1 1027 21 view .LVU882
1027:Libs/cJSON/cJSON.c ****                     break;
 2804              		.loc 1 1027 37 is_stmt 0 view .LVU883
 2805 010e 7423     		movs	r3, #116
 2806 0110 7370     		strb	r3, [r6, #1]
1028:Libs/cJSON/cJSON.c ****                 default:
 2807              		.loc 1 1028 21 is_stmt 1 view .LVU884
 2808 0112 E0E7     		b	.L228
 2809              	.L230:
1031:Libs/cJSON/cJSON.c ****                     output_pointer += 4;
 2810              		.loc 1 1031 21 view .LVU885
 2811 0114 0B49     		ldr	r1, .L252+8
 2812 0116 FFF7FEFF 		bl	sprintf
 2813              	.LVL248:
1032:Libs/cJSON/cJSON.c ****                     break;
 2814              		.loc 1 1032 21 view .LVU886
1032:Libs/cJSON/cJSON.c ****                     break;
 2815              		.loc 1 1032 36 is_stmt 0 view .LVU887
 2816 011a 701D     		adds	r0, r6, #5
 2817              	.LVL249:
1033:Libs/cJSON/cJSON.c ****             }
 2818              		.loc 1 1033 21 is_stmt 1 view .LVU888
 2819 011c DBE7     		b	.L228
 2820              	.LVL250:
 2821              	.L251:
1037:Libs/cJSON/cJSON.c ****     output[output_length + 2] = '\0';
 2822              		.loc 1 1037 5 view .LVU889
1037:Libs/cJSON/cJSON.c ****     output[output_length + 2] = '\0';
 2823              		.loc 1 1037 11 is_stmt 0 view .LVU890
 2824 011e 631C     		adds	r3, r4, #1
1037:Libs/cJSON/cJSON.c ****     output[output_length + 2] = '\0';
 2825              		.loc 1 1037 31 view .LVU891
 2826 0120 2222     		movs	r2, #34
 2827 0122 FA54     		strb	r2, [r7, r3]
1038:Libs/cJSON/cJSON.c **** 
 2828              		.loc 1 1038 5 is_stmt 1 view .LVU892
1038:Libs/cJSON/cJSON.c **** 
 2829              		.loc 1 1038 11 is_stmt 0 view .LVU893
 2830 0124 0234     		adds	r4, r4, #2
 2831              	.LVL251:
1038:Libs/cJSON/cJSON.c **** 
 2832              		.loc 1 1038 31 view .LVU894
 2833 0126 0023     		movs	r3, #0
 2834 0128 3B55     		strb	r3, [r7, r4]
1040:Libs/cJSON/cJSON.c **** }
 2835              		.loc 1 1040 5 is_stmt 1 view .LVU895
1040:Libs/cJSON/cJSON.c **** }
 2836              		.loc 1 1040 12 is_stmt 0 view .LVU896
 2837 012a 0120     		movs	r0, #1
 2838              	.LVL252:
 2839              	.L217:
1041:Libs/cJSON/cJSON.c **** 
 2840              		.loc 1 1041 1 view .LVU897
 2841 012c F8BD     		pop	{r3, r4, r5, r6, r7, pc}
ARM GAS  C:\Users\nicx5\AppData\Local\Temp\ccUpawvI.s 			page 111


 2842              	.LVL253:
 2843              	.L239:
 2844              	.LCFI30:
 2845              		.cfi_def_cfa_offset 0
 2846              		.cfi_restore 3
 2847              		.cfi_restore 4
 2848              		.cfi_restore 5
 2849              		.cfi_restore 6
 2850              		.cfi_restore 7
 2851              		.cfi_restore 14
 933:Libs/cJSON/cJSON.c ****     }
 2852              		.loc 1 933 16 view .LVU898
 2853 012e 0020     		movs	r0, #0
 2854              	.LVL254:
1041:Libs/cJSON/cJSON.c **** 
 2855              		.loc 1 1041 1 view .LVU899
 2856 0130 7047     		bx	lr
 2857              	.LVL255:
 2858              	.L241:
 2859              	.LCFI31:
 2860              		.cfi_def_cfa_offset 24
 2861              		.cfi_offset 3, -24
 2862              		.cfi_offset 4, -20
 2863              		.cfi_offset 5, -16
 2864              		.cfi_offset 6, -12
 2865              		.cfi_offset 7, -8
 2866              		.cfi_offset 14, -4
 942:Libs/cJSON/cJSON.c ****         }
 2867              		.loc 1 942 20 view .LVU900
 2868 0132 0020     		movs	r0, #0
 2869              	.LVL256:
 942:Libs/cJSON/cJSON.c ****         }
 2870              		.loc 1 942 20 view .LVU901
 2871 0134 FAE7     		b	.L217
 2872              	.LVL257:
 2873              	.L242:
 978:Libs/cJSON/cJSON.c ****     }
 2874              		.loc 1 978 16 view .LVU902
 2875 0136 0020     		movs	r0, #0
 2876              	.LVL258:
 978:Libs/cJSON/cJSON.c ****     }
 2877              		.loc 1 978 16 view .LVU903
 2878 0138 F8E7     		b	.L217
 2879              	.L253:
 2880 013a 00BF     		.align	2
 2881              	.L252:
 2882 013c 00000000 		.word	.LC1
 2883 0140 37000004 		.word	67108919
 2884 0144 04000000 		.word	.LC2
 2885              		.cfi_endproc
 2886              	.LFE24:
 2888              		.section	.text.print_string,"ax",%progbits
 2889              		.align	1
 2890              		.syntax unified
 2891              		.thumb
 2892              		.thumb_func
 2894              	print_string:
ARM GAS  C:\Users\nicx5\AppData\Local\Temp\ccUpawvI.s 			page 112


 2895              	.LVL259:
 2896              	.LFB25:
1045:Libs/cJSON/cJSON.c ****     return print_string_ptr((unsigned char*)item->valuestring, p);
 2897              		.loc 1 1045 1 is_stmt 1 view -0
 2898              		.cfi_startproc
 2899              		@ args = 0, pretend = 0, frame = 0
 2900              		@ frame_needed = 0, uses_anonymous_args = 0
1045:Libs/cJSON/cJSON.c ****     return print_string_ptr((unsigned char*)item->valuestring, p);
 2901              		.loc 1 1045 1 is_stmt 0 view .LVU905
 2902 0000 08B5     		push	{r3, lr}
 2903              	.LCFI32:
 2904              		.cfi_def_cfa_offset 8
 2905              		.cfi_offset 3, -8
 2906              		.cfi_offset 14, -4
1046:Libs/cJSON/cJSON.c **** }
 2907              		.loc 1 1046 5 is_stmt 1 view .LVU906
1046:Libs/cJSON/cJSON.c **** }
 2908              		.loc 1 1046 12 is_stmt 0 view .LVU907
 2909 0002 0069     		ldr	r0, [r0, #16]
 2910              	.LVL260:
1046:Libs/cJSON/cJSON.c **** }
 2911              		.loc 1 1046 12 view .LVU908
 2912 0004 FFF7FEFF 		bl	print_string_ptr
 2913              	.LVL261:
1047:Libs/cJSON/cJSON.c **** 
 2914              		.loc 1 1047 1 view .LVU909
 2915 0008 08BD     		pop	{r3, pc}
 2916              		.cfi_endproc
 2917              	.LFE25:
 2919              		.section	.rodata.print_number.str1.4,"aMS",%progbits,1
 2920              		.align	2
 2921              	.LC3:
 2922 0000 6E756C6C 		.ascii	"null\000"
 2922      00
 2923 0005 000000   		.align	2
 2924              	.LC4:
 2925 0008 256400   		.ascii	"%d\000"
 2926 000b 00       		.align	2
 2927              	.LC5:
 2928 000c 25312E31 		.ascii	"%1.15g\000"
 2928      356700
 2929 0013 00       		.align	2
 2930              	.LC6:
 2931 0014 256C6700 		.ascii	"%lg\000"
 2932              		.align	2
 2933              	.LC7:
 2934 0018 25312E31 		.ascii	"%1.17g\000"
 2934      376700
 2935              		.section	.text.print_number,"ax",%progbits
 2936              		.align	1
 2937              		.syntax unified
 2938              		.thumb
 2939              		.thumb_func
 2941              	print_number:
 2942              	.LVL262:
 2943              	.LFB20:
 565:Libs/cJSON/cJSON.c ****     unsigned char *output_pointer = NULL;
ARM GAS  C:\Users\nicx5\AppData\Local\Temp\ccUpawvI.s 			page 113


 2944              		.loc 1 565 1 is_stmt 1 view -0
 2945              		.cfi_startproc
 2946              		@ args = 0, pretend = 0, frame = 40
 2947              		@ frame_needed = 0, uses_anonymous_args = 0
 565:Libs/cJSON/cJSON.c ****     unsigned char *output_pointer = NULL;
 2948              		.loc 1 565 1 is_stmt 0 view .LVU911
 2949 0000 F0B5     		push	{r4, r5, r6, r7, lr}
 2950              	.LCFI33:
 2951              		.cfi_def_cfa_offset 20
 2952              		.cfi_offset 4, -20
 2953              		.cfi_offset 5, -16
 2954              		.cfi_offset 6, -12
 2955              		.cfi_offset 7, -8
 2956              		.cfi_offset 14, -4
 2957 0002 2DED028B 		vpush.64	{d8}
 2958              	.LCFI34:
 2959              		.cfi_def_cfa_offset 28
 2960              		.cfi_offset 80, -28
 2961              		.cfi_offset 81, -24
 2962 0006 8BB0     		sub	sp, sp, #44
 2963              	.LCFI35:
 2964              		.cfi_def_cfa_offset 72
 2965 0008 0646     		mov	r6, r0
 2966 000a 0D46     		mov	r5, r1
 566:Libs/cJSON/cJSON.c ****     double d = item->valuedouble;
 2967              		.loc 1 566 5 is_stmt 1 view .LVU912
 2968              	.LVL263:
 567:Libs/cJSON/cJSON.c ****     int length = 0;
 2969              		.loc 1 567 5 view .LVU913
 567:Libs/cJSON/cJSON.c ****     int length = 0;
 2970              		.loc 1 567 12 is_stmt 0 view .LVU914
 2971 000c 90ED068B 		vldr.64	d8, [r0, #24]
 2972              	.LVL264:
 568:Libs/cJSON/cJSON.c ****     size_t i = 0;
 2973              		.loc 1 568 5 is_stmt 1 view .LVU915
 569:Libs/cJSON/cJSON.c ****     unsigned char number_buffer[26] = {0}; /* temporary buffer to print the number into */
 2974              		.loc 1 569 5 view .LVU916
 570:Libs/cJSON/cJSON.c ****     unsigned char decimal_point = get_decimal_point();
 2975              		.loc 1 570 5 view .LVU917
 570:Libs/cJSON/cJSON.c ****     unsigned char decimal_point = get_decimal_point();
 2976              		.loc 1 570 19 is_stmt 0 view .LVU918
 2977 0010 0023     		movs	r3, #0
 2978 0012 0393     		str	r3, [sp, #12]
 2979 0014 0493     		str	r3, [sp, #16]
 2980 0016 0593     		str	r3, [sp, #20]
 2981 0018 0693     		str	r3, [sp, #24]
 2982 001a 0793     		str	r3, [sp, #28]
 2983 001c 0893     		str	r3, [sp, #32]
 2984 001e ADF82430 		strh	r3, [sp, #36]	@ movhi
 571:Libs/cJSON/cJSON.c ****     double test = 0.0;
 2985              		.loc 1 571 5 is_stmt 1 view .LVU919
 571:Libs/cJSON/cJSON.c ****     double test = 0.0;
 2986              		.loc 1 571 35 is_stmt 0 view .LVU920
 2987 0022 FFF7FEFF 		bl	get_decimal_point
 2988              	.LVL265:
 572:Libs/cJSON/cJSON.c **** 
 2989              		.loc 1 572 5 is_stmt 1 view .LVU921
ARM GAS  C:\Users\nicx5\AppData\Local\Temp\ccUpawvI.s 			page 114


 572:Libs/cJSON/cJSON.c **** 
 2990              		.loc 1 572 12 is_stmt 0 view .LVU922
 2991 0026 0022     		movs	r2, #0
 2992 0028 0023     		movs	r3, #0
 2993 002a CDE90023 		strd	r2, [sp]
 574:Libs/cJSON/cJSON.c ****     {
 2994              		.loc 1 574 5 is_stmt 1 view .LVU923
 574:Libs/cJSON/cJSON.c ****     {
 2995              		.loc 1 574 8 is_stmt 0 view .LVU924
 2996 002e 002D     		cmp	r5, #0
 2997 0030 68D0     		beq	.L267
 2998 0032 0446     		mov	r4, r0
 580:Libs/cJSON/cJSON.c ****     {
 2999              		.loc 1 580 5 is_stmt 1 view .LVU925
 580:Libs/cJSON/cJSON.c ****     {
 3000              		.loc 1 580 8 is_stmt 0 view .LVU926
 3001 0034 B4EE488B 		vcmp.f64	d8, d8
 3002 0038 F1EE10FA 		vmrs	APSR_nzcv, FPSCR
 3003 003c 08D6     		bvs	.L258
 580:Libs/cJSON/cJSON.c ****     {
 3004              		.loc 1 580 21 discriminator 1 view .LVU927
 3005 003e B0EEC87B 		vabs.f64	d7, d8
 580:Libs/cJSON/cJSON.c ****     {
 3006              		.loc 1 580 18 discriminator 1 view .LVU928
 3007 0042 9FED336B 		vldr.64	d6, .L274
 3008 0046 B4EE467B 		vcmp.f64	d7, d6
 3009 004a F1EE10FA 		vmrs	APSR_nzcv, FPSCR
 3010 004e 0EDD     		ble	.L259
 3011              	.L258:
 582:Libs/cJSON/cJSON.c ****     }
 3012              		.loc 1 582 9 is_stmt 1 view .LVU929
 582:Libs/cJSON/cJSON.c ****     }
 3013              		.loc 1 582 18 is_stmt 0 view .LVU930
 3014 0050 314B     		ldr	r3, .L274+8
 3015 0052 93E80300 		ldm	r3, {r0, r1}
 3016              	.LVL266:
 582:Libs/cJSON/cJSON.c ****     }
 3017              		.loc 1 582 18 view .LVU931
 3018 0056 0390     		str	r0, [sp, #12]
 3019 0058 8DF81010 		strb	r1, [sp, #16]
 3020              	.LVL267:
 582:Libs/cJSON/cJSON.c ****     }
 3021              		.loc 1 582 18 view .LVU932
 3022 005c 0427     		movs	r7, #4
 3023              	.LVL268:
 3024              	.L260:
 602:Libs/cJSON/cJSON.c ****     {
 3025              		.loc 1 602 5 is_stmt 1 view .LVU933
 602:Libs/cJSON/cJSON.c ****     {
 3026              		.loc 1 602 22 is_stmt 0 view .LVU934
 3027 005e 3E46     		mov	r6, r7
 3028              	.LVL269:
 602:Libs/cJSON/cJSON.c ****     {
 3029              		.loc 1 602 8 view .LVU935
 3030 0060 192F     		cmp	r7, #25
 3031 0062 32D9     		bls	.L271
 604:Libs/cJSON/cJSON.c ****     }
ARM GAS  C:\Users\nicx5\AppData\Local\Temp\ccUpawvI.s 			page 115


 3032              		.loc 1 604 16 view .LVU936
 3033 0064 0020     		movs	r0, #0
 3034              	.LVL270:
 3035              	.L256:
 631:Libs/cJSON/cJSON.c **** 
 3036              		.loc 1 631 1 view .LVU937
 3037 0066 0BB0     		add	sp, sp, #44
 3038              	.LCFI36:
 3039              		.cfi_remember_state
 3040              		.cfi_def_cfa_offset 28
 3041              		@ sp needed
 3042 0068 BDEC028B 		vldm	sp!, {d8}
 3043              	.LCFI37:
 3044              		.cfi_restore 80
 3045              		.cfi_restore 81
 3046              		.cfi_def_cfa_offset 20
 3047              	.LVL271:
 631:Libs/cJSON/cJSON.c **** 
 3048              		.loc 1 631 1 view .LVU938
 3049 006c F0BD     		pop	{r4, r5, r6, r7, pc}
 3050              	.LVL272:
 3051              	.L259:
 3052              	.LCFI38:
 3053              		.cfi_restore_state
 584:Libs/cJSON/cJSON.c ****     {
 3054              		.loc 1 584 10 is_stmt 1 view .LVU939
 584:Libs/cJSON/cJSON.c ****     {
 3055              		.loc 1 584 30 is_stmt 0 view .LVU940
 3056 006e 7269     		ldr	r2, [r6, #20]
 584:Libs/cJSON/cJSON.c ****     {
 3057              		.loc 1 584 18 view .LVU941
 3058 0070 07EE902A 		vmov	s15, r2	@ int
 3059 0074 B8EEE77B 		vcvt.f64.s32	d7, s15
 584:Libs/cJSON/cJSON.c ****     {
 3060              		.loc 1 584 12 view .LVU942
 3061 0078 B4EE487B 		vcmp.f64	d7, d8
 3062 007c F1EE10FA 		vmrs	APSR_nzcv, FPSCR
 3063 0080 05D1     		bne	.L261
 586:Libs/cJSON/cJSON.c ****     }
 3064              		.loc 1 586 9 is_stmt 1 view .LVU943
 586:Libs/cJSON/cJSON.c ****     }
 3065              		.loc 1 586 18 is_stmt 0 view .LVU944
 3066 0082 2649     		ldr	r1, .L274+12
 3067 0084 03A8     		add	r0, sp, #12
 3068              	.LVL273:
 586:Libs/cJSON/cJSON.c ****     }
 3069              		.loc 1 586 18 view .LVU945
 3070 0086 FFF7FEFF 		bl	sprintf
 3071              	.LVL274:
 3072 008a 0746     		mov	r7, r0
 3073              	.LVL275:
 586:Libs/cJSON/cJSON.c ****     }
 3074              		.loc 1 586 18 view .LVU946
 3075 008c E7E7     		b	.L260
 3076              	.LVL276:
 3077              	.L261:
 591:Libs/cJSON/cJSON.c **** 
ARM GAS  C:\Users\nicx5\AppData\Local\Temp\ccUpawvI.s 			page 116


 3078              		.loc 1 591 9 is_stmt 1 view .LVU947
 591:Libs/cJSON/cJSON.c **** 
 3079              		.loc 1 591 18 is_stmt 0 view .LVU948
 3080 008e 53EC182B 		vmov	r2, r3, d8
 3081 0092 2349     		ldr	r1, .L274+16
 3082 0094 03A8     		add	r0, sp, #12
 3083              	.LVL277:
 591:Libs/cJSON/cJSON.c **** 
 3084              		.loc 1 591 18 view .LVU949
 3085 0096 FFF7FEFF 		bl	sprintf
 3086              	.LVL278:
 3087 009a 0746     		mov	r7, r0
 3088              	.LVL279:
 594:Libs/cJSON/cJSON.c ****         {
 3089              		.loc 1 594 9 is_stmt 1 view .LVU950
 594:Libs/cJSON/cJSON.c ****         {
 3090              		.loc 1 594 14 is_stmt 0 view .LVU951
 3091 009c 6A46     		mov	r2, sp
 3092 009e 2149     		ldr	r1, .L274+20
 3093 00a0 03A8     		add	r0, sp, #12
 3094              	.LVL280:
 594:Libs/cJSON/cJSON.c ****         {
 3095              		.loc 1 594 14 view .LVU952
 3096 00a2 FFF7FEFF 		bl	sscanf
 3097              	.LVL281:
 594:Libs/cJSON/cJSON.c ****         {
 3098              		.loc 1 594 12 discriminator 1 view .LVU953
 3099 00a6 0128     		cmp	r0, #1
 3100 00a8 07D1     		bne	.L262
 594:Libs/cJSON/cJSON.c ****         {
 3101              		.loc 1 594 67 discriminator 1 view .LVU954
 3102 00aa B0EE481B 		vmov.f64	d1, d8
 3103 00ae 9DED000B 		vldr.64	d0, [sp]
 3104 00b2 FFF7FEFF 		bl	compare_double
 3105              	.LVL282:
 594:Libs/cJSON/cJSON.c ****         {
 3106              		.loc 1 594 63 discriminator 1 view .LVU955
 3107 00b6 0028     		cmp	r0, #0
 3108 00b8 D1D1     		bne	.L260
 3109              	.L262:
 597:Libs/cJSON/cJSON.c ****         }
 3110              		.loc 1 597 13 is_stmt 1 view .LVU956
 597:Libs/cJSON/cJSON.c ****         }
 3111              		.loc 1 597 22 is_stmt 0 view .LVU957
 3112 00ba 53EC182B 		vmov	r2, r3, d8
 3113 00be 1A49     		ldr	r1, .L274+24
 3114 00c0 03A8     		add	r0, sp, #12
 3115 00c2 FFF7FEFF 		bl	sprintf
 3116              	.LVL283:
 3117 00c6 0746     		mov	r7, r0
 3118              	.LVL284:
 597:Libs/cJSON/cJSON.c ****         }
 3119              		.loc 1 597 22 view .LVU958
 3120 00c8 C9E7     		b	.L260
 3121              	.LVL285:
 3122              	.L271:
 608:Libs/cJSON/cJSON.c ****     if (output_pointer == NULL)
ARM GAS  C:\Users\nicx5\AppData\Local\Temp\ccUpawvI.s 			page 117


 3123              		.loc 1 608 5 is_stmt 1 view .LVU959
 608:Libs/cJSON/cJSON.c ****     if (output_pointer == NULL)
 3124              		.loc 1 608 22 is_stmt 0 view .LVU960
 3125 00ca 791C     		adds	r1, r7, #1
 3126 00cc 2846     		mov	r0, r5
 3127 00ce FFF7FEFF 		bl	ensure
 3128              	.LVL286:
 609:Libs/cJSON/cJSON.c ****     {
 3129              		.loc 1 609 5 is_stmt 1 view .LVU961
 609:Libs/cJSON/cJSON.c ****     {
 3130              		.loc 1 609 8 is_stmt 0 view .LVU962
 3131 00d2 0146     		mov	r1, r0
 3132 00d4 C0B1     		cbz	r0, .L269
 616:Libs/cJSON/cJSON.c ****     {
 3133              		.loc 1 616 12 view .LVU963
 3134 00d6 0023     		movs	r3, #0
 3135 00d8 02E0     		b	.L263
 3136              	.LVL287:
 3137              	.L273:
 620:Libs/cJSON/cJSON.c ****             continue;
 3138              		.loc 1 620 13 is_stmt 1 view .LVU964
 620:Libs/cJSON/cJSON.c ****             continue;
 3139              		.loc 1 620 31 is_stmt 0 view .LVU965
 3140 00da 2E22     		movs	r2, #46
 3141 00dc CA54     		strb	r2, [r1, r3]
 621:Libs/cJSON/cJSON.c ****         }
 3142              		.loc 1 621 13 is_stmt 1 view .LVU966
 3143              	.L265:
 616:Libs/cJSON/cJSON.c ****     {
 3144              		.loc 1 616 40 discriminator 2 view .LVU967
 3145 00de 0133     		adds	r3, r3, #1
 3146              	.LVL288:
 3147              	.L263:
 616:Libs/cJSON/cJSON.c ****     {
 3148              		.loc 1 616 19 discriminator 1 view .LVU968
 3149 00e0 9E42     		cmp	r6, r3
 3150 00e2 08D9     		bls	.L272
 618:Libs/cJSON/cJSON.c ****         {
 3151              		.loc 1 618 9 view .LVU969
 618:Libs/cJSON/cJSON.c ****         {
 3152              		.loc 1 618 26 is_stmt 0 view .LVU970
 3153 00e4 03F12802 		add	r2, r3, #40
 3154 00e8 6A44     		add	r2, sp, r2
 3155 00ea 12F81C2C 		ldrb	r2, [r2, #-28]	@ zero_extendqisi2
 618:Libs/cJSON/cJSON.c ****         {
 3156              		.loc 1 618 12 view .LVU971
 3157 00ee A242     		cmp	r2, r4
 3158 00f0 F3D0     		beq	.L273
 624:Libs/cJSON/cJSON.c ****     }
 3159              		.loc 1 624 9 is_stmt 1 view .LVU972
 624:Libs/cJSON/cJSON.c ****     }
 3160              		.loc 1 624 27 is_stmt 0 view .LVU973
 3161 00f2 CA54     		strb	r2, [r1, r3]
 3162 00f4 F3E7     		b	.L265
 3163              	.L272:
 626:Libs/cJSON/cJSON.c **** 
 3164              		.loc 1 626 5 is_stmt 1 view .LVU974
ARM GAS  C:\Users\nicx5\AppData\Local\Temp\ccUpawvI.s 			page 118


 626:Libs/cJSON/cJSON.c **** 
 3165              		.loc 1 626 23 is_stmt 0 view .LVU975
 3166 00f6 0022     		movs	r2, #0
 3167 00f8 CA54     		strb	r2, [r1, r3]
 628:Libs/cJSON/cJSON.c **** 
 3168              		.loc 1 628 5 is_stmt 1 view .LVU976
 628:Libs/cJSON/cJSON.c **** 
 3169              		.loc 1 628 18 is_stmt 0 view .LVU977
 3170 00fa AB68     		ldr	r3, [r5, #8]
 3171              	.LVL289:
 628:Libs/cJSON/cJSON.c **** 
 3172              		.loc 1 628 27 view .LVU978
 3173 00fc 1E44     		add	r6, r6, r3
 3174              	.LVL290:
 628:Libs/cJSON/cJSON.c **** 
 3175              		.loc 1 628 27 view .LVU979
 3176 00fe AE60     		str	r6, [r5, #8]
 630:Libs/cJSON/cJSON.c **** }
 3177              		.loc 1 630 5 is_stmt 1 view .LVU980
 630:Libs/cJSON/cJSON.c **** }
 3178              		.loc 1 630 12 is_stmt 0 view .LVU981
 3179 0100 0120     		movs	r0, #1
 3180              	.LVL291:
 630:Libs/cJSON/cJSON.c **** }
 3181              		.loc 1 630 12 view .LVU982
 3182 0102 B0E7     		b	.L256
 3183              	.LVL292:
 3184              	.L267:
 576:Libs/cJSON/cJSON.c ****     }
 3185              		.loc 1 576 16 view .LVU983
 3186 0104 0020     		movs	r0, #0
 3187              	.LVL293:
 576:Libs/cJSON/cJSON.c ****     }
 3188              		.loc 1 576 16 view .LVU984
 3189 0106 AEE7     		b	.L256
 3190              	.LVL294:
 3191              	.L269:
 611:Libs/cJSON/cJSON.c ****     }
 3192              		.loc 1 611 16 view .LVU985
 3193 0108 0020     		movs	r0, #0
 3194              	.LVL295:
 611:Libs/cJSON/cJSON.c ****     }
 3195              		.loc 1 611 16 view .LVU986
 3196 010a ACE7     		b	.L256
 3197              	.L275:
 3198 010c AFF30080 		.align	3
 3199              	.L274:
 3200 0110 FFFFFFFF 		.word	-1
 3201 0114 FFFFEF7F 		.word	2146435071
 3202 0118 00000000 		.word	.LC3
 3203 011c 08000000 		.word	.LC4
 3204 0120 0C000000 		.word	.LC5
 3205 0124 14000000 		.word	.LC6
 3206 0128 18000000 		.word	.LC7
 3207              		.cfi_endproc
 3208              	.LFE20:
 3210              		.section	.rodata.print_value.str1.4,"aMS",%progbits,1
ARM GAS  C:\Users\nicx5\AppData\Local\Temp\ccUpawvI.s 			page 119


 3211              		.align	2
 3212              	.LC8:
 3213 0000 66616C73 		.ascii	"false\000"
 3213      6500
 3214 0006 0000     		.align	2
 3215              	.LC9:
 3216 0008 74727565 		.ascii	"true\000"
 3216      00
 3217              		.section	.text.print_value,"ax",%progbits
 3218              		.align	1
 3219              		.syntax unified
 3220              		.thumb
 3221              		.thumb_func
 3223              	print_value:
 3224              	.LVL296:
 3225              	.LFB38:
1392:Libs/cJSON/cJSON.c ****     unsigned char *output = NULL;
 3226              		.loc 1 1392 1 is_stmt 1 view -0
 3227              		.cfi_startproc
 3228              		@ args = 0, pretend = 0, frame = 0
 3229              		@ frame_needed = 0, uses_anonymous_args = 0
1392:Libs/cJSON/cJSON.c ****     unsigned char *output = NULL;
 3230              		.loc 1 1392 1 is_stmt 0 view .LVU988
 3231 0000 70B5     		push	{r4, r5, r6, lr}
 3232              	.LCFI39:
 3233              		.cfi_def_cfa_offset 16
 3234              		.cfi_offset 4, -16
 3235              		.cfi_offset 5, -12
 3236              		.cfi_offset 6, -8
 3237              		.cfi_offset 14, -4
1393:Libs/cJSON/cJSON.c **** 
 3238              		.loc 1 1393 5 is_stmt 1 view .LVU989
 3239              	.LVL297:
1395:Libs/cJSON/cJSON.c ****     {
 3240              		.loc 1 1395 5 view .LVU990
1395:Libs/cJSON/cJSON.c ****     {
 3241              		.loc 1 1395 8 is_stmt 0 view .LVU991
 3242 0002 0029     		cmp	r1, #0
 3243 0004 18BF     		it	ne
 3244 0006 0028     		cmpne	r0, #0
 3245 0008 69D0     		beq	.L288
 3246 000a 0546     		mov	r5, r0
 3247 000c 0E46     		mov	r6, r1
1400:Libs/cJSON/cJSON.c ****     {
 3248              		.loc 1 1400 5 is_stmt 1 view .LVU992
1400:Libs/cJSON/cJSON.c ****     {
 3249              		.loc 1 1400 26 is_stmt 0 view .LVU993
 3250 000e 047B     		ldrb	r4, [r0, #12]	@ zero_extendqisi2
1400:Libs/cJSON/cJSON.c ****     {
 3251              		.loc 1 1400 5 view .LVU994
 3252 0010 202C     		cmp	r4, #32
 3253 0012 16DC     		bgt	.L278
 3254 0014 002C     		cmp	r4, #0
 3255 0016 65D0     		beq	.L289
 3256 0018 631E     		subs	r3, r4, #1
 3257 001a 1F2B     		cmp	r3, #31
 3258 001c 64D8     		bhi	.L290
ARM GAS  C:\Users\nicx5\AppData\Local\Temp\ccUpawvI.s 			page 120


 3259 001e DFE803F0 		tbb	[pc, r3]
 3260              	.L280:
 3261 0022 35       		.byte	(.L285-.L280)/2
 3262 0023 41       		.byte	(.L284-.L280)/2
 3263 0024 63       		.byte	(.L290-.L280)/2
 3264 0025 28       		.byte	(.L283-.L280)/2
 3265 0026 63       		.byte	(.L290-.L280)/2
 3266 0027 63       		.byte	(.L290-.L280)/2
 3267 0028 63       		.byte	(.L290-.L280)/2
 3268 0029 4E       		.byte	(.L282-.L280)/2
 3269 002a 63       		.byte	(.L290-.L280)/2
 3270 002b 63       		.byte	(.L290-.L280)/2
 3271 002c 63       		.byte	(.L290-.L280)/2
 3272 002d 63       		.byte	(.L290-.L280)/2
 3273 002e 63       		.byte	(.L290-.L280)/2
 3274 002f 63       		.byte	(.L290-.L280)/2
 3275 0030 63       		.byte	(.L290-.L280)/2
 3276 0031 52       		.byte	(.L281-.L280)/2
 3277 0032 63       		.byte	(.L290-.L280)/2
 3278 0033 63       		.byte	(.L290-.L280)/2
 3279 0034 63       		.byte	(.L290-.L280)/2
 3280 0035 63       		.byte	(.L290-.L280)/2
 3281 0036 63       		.byte	(.L290-.L280)/2
 3282 0037 63       		.byte	(.L290-.L280)/2
 3283 0038 63       		.byte	(.L290-.L280)/2
 3284 0039 63       		.byte	(.L290-.L280)/2
 3285 003a 63       		.byte	(.L290-.L280)/2
 3286 003b 63       		.byte	(.L290-.L280)/2
 3287 003c 63       		.byte	(.L290-.L280)/2
 3288 003d 63       		.byte	(.L290-.L280)/2
 3289 003e 63       		.byte	(.L290-.L280)/2
 3290 003f 63       		.byte	(.L290-.L280)/2
 3291 0040 63       		.byte	(.L290-.L280)/2
 3292 0041 56       		.byte	(.L279-.L280)/2
 3293              		.p2align 1
 3294              	.L278:
 3295 0042 402C     		cmp	r4, #64
 3296 0044 47D0     		beq	.L286
 3297 0046 802C     		cmp	r4, #128
 3298 0048 11D1     		bne	.L297
 3299              	.LBB11:
1434:Libs/cJSON/cJSON.c ****             if (item->valuestring == NULL)
 3300              		.loc 1 1434 13 is_stmt 1 view .LVU995
 3301              	.LVL298:
1435:Libs/cJSON/cJSON.c ****             {
 3302              		.loc 1 1435 13 view .LVU996
1435:Libs/cJSON/cJSON.c ****             {
 3303              		.loc 1 1435 21 is_stmt 0 view .LVU997
 3304 004a 0069     		ldr	r0, [r0, #16]
 3305              	.LVL299:
1435:Libs/cJSON/cJSON.c ****             {
 3306              		.loc 1 1435 16 view .LVU998
 3307 004c 0028     		cmp	r0, #0
 3308 004e 53D0     		beq	.L294
1440:Libs/cJSON/cJSON.c ****             output = ensure(output_buffer, raw_length);
 3309              		.loc 1 1440 13 is_stmt 1 view .LVU999
1440:Libs/cJSON/cJSON.c ****             output = ensure(output_buffer, raw_length);
ARM GAS  C:\Users\nicx5\AppData\Local\Temp\ccUpawvI.s 			page 121


 3310              		.loc 1 1440 26 is_stmt 0 view .LVU1000
 3311 0050 FFF7FEFF 		bl	strlen
 3312              	.LVL300:
1440:Libs/cJSON/cJSON.c ****             output = ensure(output_buffer, raw_length);
 3313              		.loc 1 1440 24 discriminator 1 view .LVU1001
 3314 0054 441C     		adds	r4, r0, #1
 3315              	.LVL301:
1441:Libs/cJSON/cJSON.c ****             if (output == NULL)
 3316              		.loc 1 1441 13 is_stmt 1 view .LVU1002
1441:Libs/cJSON/cJSON.c ****             if (output == NULL)
 3317              		.loc 1 1441 22 is_stmt 0 view .LVU1003
 3318 0056 2146     		mov	r1, r4
 3319 0058 3046     		mov	r0, r6
 3320 005a FFF7FEFF 		bl	ensure
 3321              	.LVL302:
1442:Libs/cJSON/cJSON.c ****             {
 3322              		.loc 1 1442 13 is_stmt 1 view .LVU1004
1442:Libs/cJSON/cJSON.c ****             {
 3323              		.loc 1 1442 16 is_stmt 0 view .LVU1005
 3324 005e 0028     		cmp	r0, #0
 3325 0060 4CD0     		beq	.L295
1446:Libs/cJSON/cJSON.c ****             return true;
 3326              		.loc 1 1446 13 is_stmt 1 view .LVU1006
 3327 0062 2246     		mov	r2, r4
 3328 0064 2969     		ldr	r1, [r5, #16]
 3329 0066 FFF7FEFF 		bl	memcpy
 3330              	.LVL303:
1447:Libs/cJSON/cJSON.c ****         }
 3331              		.loc 1 1447 13 view .LVU1007
1447:Libs/cJSON/cJSON.c ****         }
 3332              		.loc 1 1447 20 is_stmt 0 view .LVU1008
 3333 006a 0124     		movs	r4, #1
 3334              	.LVL304:
1447:Libs/cJSON/cJSON.c ****         }
 3335              		.loc 1 1447 20 view .LVU1009
 3336 006c 38E0     		b	.L276
 3337              	.LVL305:
 3338              	.L297:
1447:Libs/cJSON/cJSON.c ****         }
 3339              		.loc 1 1447 20 view .LVU1010
 3340              	.LBE11:
1400:Libs/cJSON/cJSON.c ****     {
 3341              		.loc 1 1400 5 view .LVU1011
 3342 006e 0024     		movs	r4, #0
 3343 0070 36E0     		b	.L276
 3344              	.L283:
1403:Libs/cJSON/cJSON.c ****             if (output == NULL)
 3345              		.loc 1 1403 13 is_stmt 1 view .LVU1012
1403:Libs/cJSON/cJSON.c ****             if (output == NULL)
 3346              		.loc 1 1403 22 is_stmt 0 view .LVU1013
 3347 0072 0521     		movs	r1, #5
 3348              	.LVL306:
1403:Libs/cJSON/cJSON.c ****             if (output == NULL)
 3349              		.loc 1 1403 22 view .LVU1014
 3350 0074 3046     		mov	r0, r6
 3351              	.LVL307:
1403:Libs/cJSON/cJSON.c ****             if (output == NULL)
ARM GAS  C:\Users\nicx5\AppData\Local\Temp\ccUpawvI.s 			page 122


 3352              		.loc 1 1403 22 view .LVU1015
 3353 0076 FFF7FEFF 		bl	ensure
 3354              	.LVL308:
1404:Libs/cJSON/cJSON.c ****             {
 3355              		.loc 1 1404 13 is_stmt 1 view .LVU1016
1404:Libs/cJSON/cJSON.c ****             {
 3356              		.loc 1 1404 16 is_stmt 0 view .LVU1017
 3357 007a 0346     		mov	r3, r0
 3358 007c B0B3     		cbz	r0, .L291
1408:Libs/cJSON/cJSON.c ****             return true;
 3359              		.loc 1 1408 13 is_stmt 1 view .LVU1018
 3360 007e 204A     		ldr	r2, .L298
 3361 0080 1068     		ldr	r0, [r2]
 3362              	.LVL309:
1408:Libs/cJSON/cJSON.c ****             return true;
 3363              		.loc 1 1408 13 is_stmt 0 view .LVU1019
 3364 0082 1860     		str	r0, [r3]	@ unaligned
 3365 0084 1279     		ldrb	r2, [r2, #4]	@ zero_extendqisi2
 3366 0086 1A71     		strb	r2, [r3, #4]
1409:Libs/cJSON/cJSON.c **** 
 3367              		.loc 1 1409 13 is_stmt 1 view .LVU1020
1409:Libs/cJSON/cJSON.c **** 
 3368              		.loc 1 1409 20 is_stmt 0 view .LVU1021
 3369 0088 0124     		movs	r4, #1
 3370 008a 29E0     		b	.L276
 3371              	.LVL310:
 3372              	.L285:
1412:Libs/cJSON/cJSON.c ****             if (output == NULL)
 3373              		.loc 1 1412 13 is_stmt 1 view .LVU1022
1412:Libs/cJSON/cJSON.c ****             if (output == NULL)
 3374              		.loc 1 1412 22 is_stmt 0 view .LVU1023
 3375 008c 0621     		movs	r1, #6
 3376              	.LVL311:
1412:Libs/cJSON/cJSON.c ****             if (output == NULL)
 3377              		.loc 1 1412 22 view .LVU1024
 3378 008e 3046     		mov	r0, r6
 3379              	.LVL312:
1412:Libs/cJSON/cJSON.c ****             if (output == NULL)
 3380              		.loc 1 1412 22 view .LVU1025
 3381 0090 FFF7FEFF 		bl	ensure
 3382              	.LVL313:
1413:Libs/cJSON/cJSON.c ****             {
 3383              		.loc 1 1413 13 is_stmt 1 view .LVU1026
1413:Libs/cJSON/cJSON.c ****             {
 3384              		.loc 1 1413 16 is_stmt 0 view .LVU1027
 3385 0094 0346     		mov	r3, r0
 3386 0096 58B3     		cbz	r0, .L292
1417:Libs/cJSON/cJSON.c ****             return true;
 3387              		.loc 1 1417 13 is_stmt 1 view .LVU1028
 3388 0098 1A4A     		ldr	r2, .L298+4
 3389 009a 1068     		ldr	r0, [r2]
 3390              	.LVL314:
1417:Libs/cJSON/cJSON.c ****             return true;
 3391              		.loc 1 1417 13 is_stmt 0 view .LVU1029
 3392 009c 1860     		str	r0, [r3]	@ unaligned
 3393 009e 9288     		ldrh	r2, [r2, #4]	@ unaligned
 3394 00a0 9A80     		strh	r2, [r3, #4]	@ unaligned
ARM GAS  C:\Users\nicx5\AppData\Local\Temp\ccUpawvI.s 			page 123


1418:Libs/cJSON/cJSON.c **** 
 3395              		.loc 1 1418 13 is_stmt 1 view .LVU1030
1418:Libs/cJSON/cJSON.c **** 
 3396              		.loc 1 1418 20 is_stmt 0 view .LVU1031
 3397 00a2 1DE0     		b	.L276
 3398              	.LVL315:
 3399              	.L284:
1421:Libs/cJSON/cJSON.c ****             if (output == NULL)
 3400              		.loc 1 1421 13 is_stmt 1 view .LVU1032
1421:Libs/cJSON/cJSON.c ****             if (output == NULL)
 3401              		.loc 1 1421 22 is_stmt 0 view .LVU1033
 3402 00a4 0521     		movs	r1, #5
 3403              	.LVL316:
1421:Libs/cJSON/cJSON.c ****             if (output == NULL)
 3404              		.loc 1 1421 22 view .LVU1034
 3405 00a6 3046     		mov	r0, r6
 3406              	.LVL317:
1421:Libs/cJSON/cJSON.c ****             if (output == NULL)
 3407              		.loc 1 1421 22 view .LVU1035
 3408 00a8 FFF7FEFF 		bl	ensure
 3409              	.LVL318:
1422:Libs/cJSON/cJSON.c ****             {
 3410              		.loc 1 1422 13 is_stmt 1 view .LVU1036
1422:Libs/cJSON/cJSON.c ****             {
 3411              		.loc 1 1422 16 is_stmt 0 view .LVU1037
 3412 00ac 0346     		mov	r3, r0
 3413 00ae 08B3     		cbz	r0, .L293
1426:Libs/cJSON/cJSON.c ****             return true;
 3414              		.loc 1 1426 13 is_stmt 1 view .LVU1038
 3415 00b0 154A     		ldr	r2, .L298+8
 3416 00b2 1068     		ldr	r0, [r2]
 3417              	.LVL319:
1426:Libs/cJSON/cJSON.c ****             return true;
 3418              		.loc 1 1426 13 is_stmt 0 view .LVU1039
 3419 00b4 1860     		str	r0, [r3]	@ unaligned
 3420 00b6 1279     		ldrb	r2, [r2, #4]	@ zero_extendqisi2
 3421 00b8 1A71     		strb	r2, [r3, #4]
1427:Libs/cJSON/cJSON.c **** 
 3422              		.loc 1 1427 13 is_stmt 1 view .LVU1040
1427:Libs/cJSON/cJSON.c **** 
 3423              		.loc 1 1427 20 is_stmt 0 view .LVU1041
 3424 00ba 0124     		movs	r4, #1
 3425 00bc 10E0     		b	.L276
 3426              	.LVL320:
 3427              	.L282:
1430:Libs/cJSON/cJSON.c **** 
 3428              		.loc 1 1430 13 is_stmt 1 view .LVU1042
1430:Libs/cJSON/cJSON.c **** 
 3429              		.loc 1 1430 20 is_stmt 0 view .LVU1043
 3430 00be FFF7FEFF 		bl	print_number
 3431              	.LVL321:
1430:Libs/cJSON/cJSON.c **** 
 3432              		.loc 1 1430 20 view .LVU1044
 3433 00c2 0446     		mov	r4, r0
 3434 00c4 0CE0     		b	.L276
 3435              	.LVL322:
 3436              	.L281:
ARM GAS  C:\Users\nicx5\AppData\Local\Temp\ccUpawvI.s 			page 124


1451:Libs/cJSON/cJSON.c **** 
 3437              		.loc 1 1451 13 is_stmt 1 view .LVU1045
1451:Libs/cJSON/cJSON.c **** 
 3438              		.loc 1 1451 20 is_stmt 0 view .LVU1046
 3439 00c6 FFF7FEFF 		bl	print_string
 3440              	.LVL323:
1451:Libs/cJSON/cJSON.c **** 
 3441              		.loc 1 1451 20 view .LVU1047
 3442 00ca 0446     		mov	r4, r0
 3443 00cc 08E0     		b	.L276
 3444              	.LVL324:
 3445              	.L279:
1454:Libs/cJSON/cJSON.c **** 
 3446              		.loc 1 1454 13 is_stmt 1 view .LVU1048
1454:Libs/cJSON/cJSON.c **** 
 3447              		.loc 1 1454 20 is_stmt 0 view .LVU1049
 3448 00ce FFF7FEFF 		bl	print_array
 3449              	.LVL325:
1454:Libs/cJSON/cJSON.c **** 
 3450              		.loc 1 1454 20 view .LVU1050
 3451 00d2 0446     		mov	r4, r0
 3452 00d4 04E0     		b	.L276
 3453              	.LVL326:
 3454              	.L286:
1457:Libs/cJSON/cJSON.c **** 
 3455              		.loc 1 1457 13 is_stmt 1 view .LVU1051
1457:Libs/cJSON/cJSON.c **** 
 3456              		.loc 1 1457 20 is_stmt 0 view .LVU1052
 3457 00d6 FFF7FEFF 		bl	print_object
 3458              	.LVL327:
1457:Libs/cJSON/cJSON.c **** 
 3459              		.loc 1 1457 20 view .LVU1053
 3460 00da 0446     		mov	r4, r0
 3461 00dc 00E0     		b	.L276
 3462              	.LVL328:
 3463              	.L288:
1397:Libs/cJSON/cJSON.c ****     }
 3464              		.loc 1 1397 16 view .LVU1054
 3465 00de 0024     		movs	r4, #0
 3466              	.LVL329:
 3467              	.L276:
1462:Libs/cJSON/cJSON.c **** 
 3468              		.loc 1 1462 1 view .LVU1055
 3469 00e0 2046     		mov	r0, r4
 3470 00e2 70BD     		pop	{r4, r5, r6, pc}
 3471              	.LVL330:
 3472              	.L289:
1400:Libs/cJSON/cJSON.c ****     {
 3473              		.loc 1 1400 5 view .LVU1056
 3474 00e4 0024     		movs	r4, #0
 3475 00e6 FBE7     		b	.L276
 3476              	.L290:
 3477 00e8 0024     		movs	r4, #0
 3478 00ea F9E7     		b	.L276
 3479              	.LVL331:
 3480              	.L291:
1406:Libs/cJSON/cJSON.c ****             }
ARM GAS  C:\Users\nicx5\AppData\Local\Temp\ccUpawvI.s 			page 125


 3481              		.loc 1 1406 24 view .LVU1057
 3482 00ec 0024     		movs	r4, #0
 3483 00ee F7E7     		b	.L276
 3484              	.L292:
1415:Libs/cJSON/cJSON.c ****             }
 3485              		.loc 1 1415 24 view .LVU1058
 3486 00f0 0024     		movs	r4, #0
 3487 00f2 F5E7     		b	.L276
 3488              	.L293:
1424:Libs/cJSON/cJSON.c ****             }
 3489              		.loc 1 1424 24 view .LVU1059
 3490 00f4 0024     		movs	r4, #0
 3491 00f6 F3E7     		b	.L276
 3492              	.LVL332:
 3493              	.L294:
 3494              	.LBB12:
1437:Libs/cJSON/cJSON.c ****             }
 3495              		.loc 1 1437 24 view .LVU1060
 3496 00f8 0024     		movs	r4, #0
 3497 00fa F1E7     		b	.L276
 3498              	.LVL333:
 3499              	.L295:
1444:Libs/cJSON/cJSON.c ****             }
 3500              		.loc 1 1444 24 view .LVU1061
 3501 00fc 0024     		movs	r4, #0
 3502              	.LVL334:
1444:Libs/cJSON/cJSON.c ****             }
 3503              		.loc 1 1444 24 view .LVU1062
 3504 00fe EFE7     		b	.L276
 3505              	.L299:
 3506              		.align	2
 3507              	.L298:
 3508 0100 00000000 		.word	.LC3
 3509 0104 00000000 		.word	.LC8
 3510 0108 08000000 		.word	.LC9
 3511              	.LBE12:
 3512              		.cfi_endproc
 3513              	.LFE38:
 3515              		.section	.text.print,"ax",%progbits
 3516              		.align	1
 3517              		.syntax unified
 3518              		.thumb
 3519              		.thumb_func
 3521              	print:
 3522              	.LVL335:
 3523              	.LFB32:
1208:Libs/cJSON/cJSON.c ****     static const size_t default_buffer_size = 256;
 3524              		.loc 1 1208 1 is_stmt 1 view -0
 3525              		.cfi_startproc
 3526              		@ args = 0, pretend = 0, frame = 40
 3527              		@ frame_needed = 0, uses_anonymous_args = 0
1208:Libs/cJSON/cJSON.c ****     static const size_t default_buffer_size = 256;
 3528              		.loc 1 1208 1 is_stmt 0 view .LVU1064
 3529 0000 70B5     		push	{r4, r5, r6, lr}
 3530              	.LCFI40:
 3531              		.cfi_def_cfa_offset 16
 3532              		.cfi_offset 4, -16
ARM GAS  C:\Users\nicx5\AppData\Local\Temp\ccUpawvI.s 			page 126


 3533              		.cfi_offset 5, -12
 3534              		.cfi_offset 6, -8
 3535              		.cfi_offset 14, -4
 3536 0002 8AB0     		sub	sp, sp, #40
 3537              	.LCFI41:
 3538              		.cfi_def_cfa_offset 56
 3539 0004 0646     		mov	r6, r0
 3540 0006 0D46     		mov	r5, r1
 3541 0008 1446     		mov	r4, r2
1209:Libs/cJSON/cJSON.c ****     printbuffer buffer[1];
 3542              		.loc 1 1209 5 is_stmt 1 view .LVU1065
1210:Libs/cJSON/cJSON.c ****     unsigned char *printed = NULL;
 3543              		.loc 1 1210 5 view .LVU1066
1211:Libs/cJSON/cJSON.c **** 
 3544              		.loc 1 1211 5 view .LVU1067
 3545              	.LVL336:
1213:Libs/cJSON/cJSON.c **** 
 3546              		.loc 1 1213 5 view .LVU1068
 3547 000a 2422     		movs	r2, #36
 3548              	.LVL337:
1213:Libs/cJSON/cJSON.c **** 
 3549              		.loc 1 1213 5 is_stmt 0 view .LVU1069
 3550 000c 0021     		movs	r1, #0
 3551              	.LVL338:
1213:Libs/cJSON/cJSON.c **** 
 3552              		.loc 1 1213 5 view .LVU1070
 3553 000e 01A8     		add	r0, sp, #4
 3554              	.LVL339:
1213:Libs/cJSON/cJSON.c **** 
 3555              		.loc 1 1213 5 view .LVU1071
 3556 0010 FFF7FEFF 		bl	memset
 3557              	.LVL340:
1216:Libs/cJSON/cJSON.c ****     buffer->length = default_buffer_size;
 3558              		.loc 1 1216 5 is_stmt 1 view .LVU1072
1216:Libs/cJSON/cJSON.c ****     buffer->length = default_buffer_size;
 3559              		.loc 1 1216 44 is_stmt 0 view .LVU1073
 3560 0014 2368     		ldr	r3, [r4]
1216:Libs/cJSON/cJSON.c ****     buffer->length = default_buffer_size;
 3561              		.loc 1 1216 39 view .LVU1074
 3562 0016 4FF48070 		mov	r0, #256
 3563 001a 9847     		blx	r3
 3564              	.LVL341:
 3565 001c 0346     		mov	r3, r0
1216:Libs/cJSON/cJSON.c ****     buffer->length = default_buffer_size;
 3566              		.loc 1 1216 20 discriminator 1 view .LVU1075
 3567 001e 0190     		str	r0, [sp, #4]
1217:Libs/cJSON/cJSON.c ****     buffer->format = format;
 3568              		.loc 1 1217 5 is_stmt 1 view .LVU1076
1217:Libs/cJSON/cJSON.c ****     buffer->format = format;
 3569              		.loc 1 1217 20 is_stmt 0 view .LVU1077
 3570 0020 4FF48072 		mov	r2, #256
 3571 0024 0292     		str	r2, [sp, #8]
1218:Libs/cJSON/cJSON.c ****     buffer->hooks = *hooks;
 3572              		.loc 1 1218 5 is_stmt 1 view .LVU1078
1218:Libs/cJSON/cJSON.c ****     buffer->hooks = *hooks;
 3573              		.loc 1 1218 20 is_stmt 0 view .LVU1079
 3574 0026 0695     		str	r5, [sp, #24]
ARM GAS  C:\Users\nicx5\AppData\Local\Temp\ccUpawvI.s 			page 127


1219:Libs/cJSON/cJSON.c ****     if (buffer->buffer == NULL)
 3575              		.loc 1 1219 5 is_stmt 1 view .LVU1080
1219:Libs/cJSON/cJSON.c ****     if (buffer->buffer == NULL)
 3576              		.loc 1 1219 19 is_stmt 0 view .LVU1081
 3577 0028 94E80700 		ldm	r4, {r0, r1, r2}
 3578 002c 0AAD     		add	r5, sp, #40
 3579              	.LVL342:
1219:Libs/cJSON/cJSON.c ****     if (buffer->buffer == NULL)
 3580              		.loc 1 1219 19 view .LVU1082
 3581 002e 05E90700 		stmdb	r5, {r0, r1, r2}
1220:Libs/cJSON/cJSON.c ****     {
 3582              		.loc 1 1220 5 is_stmt 1 view .LVU1083
1220:Libs/cJSON/cJSON.c ****     {
 3583              		.loc 1 1220 8 is_stmt 0 view .LVU1084
 3584 0032 23B1     		cbz	r3, .L301
1226:Libs/cJSON/cJSON.c ****     {
 3585              		.loc 1 1226 5 is_stmt 1 view .LVU1085
1226:Libs/cJSON/cJSON.c ****     {
 3586              		.loc 1 1226 10 is_stmt 0 view .LVU1086
 3587 0034 01A9     		add	r1, sp, #4
 3588 0036 3046     		mov	r0, r6
 3589 0038 FFF7FEFF 		bl	print_value
 3590              	.LVL343:
1226:Libs/cJSON/cJSON.c ****     {
 3591              		.loc 1 1226 8 discriminator 1 view .LVU1087
 3592 003c 48B9     		cbnz	r0, .L305
 3593              	.LVL344:
 3594              	.L301:
1259:Libs/cJSON/cJSON.c ****     {
 3595              		.loc 1 1259 5 is_stmt 1 view .LVU1088
1259:Libs/cJSON/cJSON.c ****     {
 3596              		.loc 1 1259 15 is_stmt 0 view .LVU1089
 3597 003e 019D     		ldr	r5, [sp, #4]
1259:Libs/cJSON/cJSON.c ****     {
 3598              		.loc 1 1259 8 view .LVU1090
 3599 0040 25B1     		cbz	r5, .L300
1261:Libs/cJSON/cJSON.c ****         buffer->buffer = NULL;
 3600              		.loc 1 1261 9 is_stmt 1 view .LVU1091
1261:Libs/cJSON/cJSON.c ****         buffer->buffer = NULL;
 3601              		.loc 1 1261 14 is_stmt 0 view .LVU1092
 3602 0042 6368     		ldr	r3, [r4, #4]
1261:Libs/cJSON/cJSON.c ****         buffer->buffer = NULL;
 3603              		.loc 1 1261 9 view .LVU1093
 3604 0044 2846     		mov	r0, r5
 3605 0046 9847     		blx	r3
 3606              	.LVL345:
1262:Libs/cJSON/cJSON.c ****     }
 3607              		.loc 1 1262 9 is_stmt 1 view .LVU1094
1262:Libs/cJSON/cJSON.c ****     }
 3608              		.loc 1 1262 24 is_stmt 0 view .LVU1095
 3609 0048 0025     		movs	r5, #0
 3610 004a 0195     		str	r5, [sp, #4]
 3611              	.LVL346:
 3612              	.L300:
1272:Libs/cJSON/cJSON.c **** 
 3613              		.loc 1 1272 1 view .LVU1096
 3614 004c 2846     		mov	r0, r5
ARM GAS  C:\Users\nicx5\AppData\Local\Temp\ccUpawvI.s 			page 128


 3615 004e 0AB0     		add	sp, sp, #40
 3616              	.LCFI42:
 3617              		.cfi_remember_state
 3618              		.cfi_def_cfa_offset 16
 3619              		@ sp needed
 3620 0050 70BD     		pop	{r4, r5, r6, pc}
 3621              	.LVL347:
 3622              	.L305:
 3623              	.LCFI43:
 3624              		.cfi_restore_state
1230:Libs/cJSON/cJSON.c **** 
 3625              		.loc 1 1230 5 is_stmt 1 view .LVU1097
 3626 0052 01A8     		add	r0, sp, #4
 3627 0054 FFF7FEFF 		bl	update_offset
 3628              	.LVL348:
1233:Libs/cJSON/cJSON.c ****     {
 3629              		.loc 1 1233 5 view .LVU1098
1233:Libs/cJSON/cJSON.c ****     {
 3630              		.loc 1 1233 14 is_stmt 0 view .LVU1099
 3631 0058 A368     		ldr	r3, [r4, #8]
1233:Libs/cJSON/cJSON.c ****     {
 3632              		.loc 1 1233 8 view .LVU1100
 3633 005a 4BB1     		cbz	r3, .L302
1235:Libs/cJSON/cJSON.c ****         if (printed == NULL) {
 3634              		.loc 1 1235 9 is_stmt 1 view .LVU1101
1235:Libs/cJSON/cJSON.c ****         if (printed == NULL) {
 3635              		.loc 1 1235 36 is_stmt 0 view .LVU1102
 3636 005c 0399     		ldr	r1, [sp, #12]
 3637 005e 0131     		adds	r1, r1, #1
 3638 0060 0198     		ldr	r0, [sp, #4]
 3639 0062 9847     		blx	r3
 3640              	.LVL349:
1236:Libs/cJSON/cJSON.c ****             goto fail;
 3641              		.loc 1 1236 9 is_stmt 1 view .LVU1103
1236:Libs/cJSON/cJSON.c ****             goto fail;
 3642              		.loc 1 1236 12 is_stmt 0 view .LVU1104
 3643 0064 0546     		mov	r5, r0
 3644 0066 0028     		cmp	r0, #0
 3645 0068 E9D0     		beq	.L301
1239:Libs/cJSON/cJSON.c ****     }
 3646              		.loc 1 1239 9 is_stmt 1 view .LVU1105
1239:Libs/cJSON/cJSON.c ****     }
 3647              		.loc 1 1239 24 is_stmt 0 view .LVU1106
 3648 006a 0023     		movs	r3, #0
 3649 006c 0193     		str	r3, [sp, #4]
 3650 006e EDE7     		b	.L300
 3651              	.LVL350:
 3652              	.L302:
1243:Libs/cJSON/cJSON.c ****         if (printed == NULL)
 3653              		.loc 1 1243 9 is_stmt 1 view .LVU1107
1243:Libs/cJSON/cJSON.c ****         if (printed == NULL)
 3654              		.loc 1 1243 41 is_stmt 0 view .LVU1108
 3655 0070 2368     		ldr	r3, [r4]
1243:Libs/cJSON/cJSON.c ****         if (printed == NULL)
 3656              		.loc 1 1243 36 view .LVU1109
 3657 0072 0398     		ldr	r0, [sp, #12]
 3658 0074 0130     		adds	r0, r0, #1
ARM GAS  C:\Users\nicx5\AppData\Local\Temp\ccUpawvI.s 			page 129


 3659 0076 9847     		blx	r3
 3660              	.LVL351:
1244:Libs/cJSON/cJSON.c ****         {
 3661              		.loc 1 1244 9 is_stmt 1 view .LVU1110
1244:Libs/cJSON/cJSON.c ****         {
 3662              		.loc 1 1244 12 is_stmt 0 view .LVU1111
 3663 0078 0546     		mov	r5, r0
 3664 007a 0028     		cmp	r0, #0
 3665 007c DFD0     		beq	.L301
1248:Libs/cJSON/cJSON.c ****         printed[buffer->offset] = '\0'; /* just to be sure */
 3666              		.loc 1 1248 9 is_stmt 1 view .LVU1112
1248:Libs/cJSON/cJSON.c ****         printed[buffer->offset] = '\0'; /* just to be sure */
 3667              		.loc 1 1248 41 is_stmt 0 view .LVU1113
 3668 007e 039A     		ldr	r2, [sp, #12]
 3669 0080 0132     		adds	r2, r2, #1
1248:Libs/cJSON/cJSON.c ****         printed[buffer->offset] = '\0'; /* just to be sure */
 3670              		.loc 1 1248 9 view .LVU1114
 3671 0082 029B     		ldr	r3, [sp, #8]
 3672 0084 9A42     		cmp	r2, r3
 3673 0086 28BF     		it	cs
 3674 0088 1A46     		movcs	r2, r3
 3675 008a 0199     		ldr	r1, [sp, #4]
 3676 008c FFF7FEFF 		bl	memcpy
 3677              	.LVL352:
1249:Libs/cJSON/cJSON.c **** 
 3678              		.loc 1 1249 9 is_stmt 1 view .LVU1115
1249:Libs/cJSON/cJSON.c **** 
 3679              		.loc 1 1249 33 is_stmt 0 view .LVU1116
 3680 0090 0026     		movs	r6, #0
 3681              	.LVL353:
1249:Libs/cJSON/cJSON.c **** 
 3682              		.loc 1 1249 33 view .LVU1117
 3683 0092 039B     		ldr	r3, [sp, #12]
 3684 0094 EE54     		strb	r6, [r5, r3]
1252:Libs/cJSON/cJSON.c ****         buffer->buffer = NULL;
 3685              		.loc 1 1252 9 is_stmt 1 view .LVU1118
1252:Libs/cJSON/cJSON.c ****         buffer->buffer = NULL;
 3686              		.loc 1 1252 14 is_stmt 0 view .LVU1119
 3687 0096 6368     		ldr	r3, [r4, #4]
1252:Libs/cJSON/cJSON.c ****         buffer->buffer = NULL;
 3688              		.loc 1 1252 9 view .LVU1120
 3689 0098 0198     		ldr	r0, [sp, #4]
 3690 009a 9847     		blx	r3
 3691              	.LVL354:
1253:Libs/cJSON/cJSON.c ****     }
 3692              		.loc 1 1253 9 is_stmt 1 view .LVU1121
1253:Libs/cJSON/cJSON.c ****     }
 3693              		.loc 1 1253 24 is_stmt 0 view .LVU1122
 3694 009c 0196     		str	r6, [sp, #4]
 3695 009e D5E7     		b	.L300
 3696              		.cfi_endproc
 3697              	.LFE32:
 3699              		.section	.text.print_array,"ax",%progbits
 3700              		.align	1
 3701              		.syntax unified
 3702              		.thumb
 3703              		.thumb_func
ARM GAS  C:\Users\nicx5\AppData\Local\Temp\ccUpawvI.s 			page 130


 3705              	print_array:
 3706              	.LVL355:
 3707              	.LFB40:
1564:Libs/cJSON/cJSON.c ****     unsigned char *output_pointer = NULL;
 3708              		.loc 1 1564 1 is_stmt 1 view -0
 3709              		.cfi_startproc
 3710              		@ args = 0, pretend = 0, frame = 0
 3711              		@ frame_needed = 0, uses_anonymous_args = 0
1564:Libs/cJSON/cJSON.c ****     unsigned char *output_pointer = NULL;
 3712              		.loc 1 1564 1 is_stmt 0 view .LVU1124
 3713 0000 70B5     		push	{r4, r5, r6, lr}
 3714              	.LCFI44:
 3715              		.cfi_def_cfa_offset 16
 3716              		.cfi_offset 4, -16
 3717              		.cfi_offset 5, -12
 3718              		.cfi_offset 6, -8
 3719              		.cfi_offset 14, -4
1565:Libs/cJSON/cJSON.c ****     size_t length = 0;
 3720              		.loc 1 1565 5 is_stmt 1 view .LVU1125
 3721              	.LVL356:
1566:Libs/cJSON/cJSON.c ****     cJSON *current_element = item->child;
 3722              		.loc 1 1566 5 view .LVU1126
1567:Libs/cJSON/cJSON.c **** 
 3723              		.loc 1 1567 5 view .LVU1127
1567:Libs/cJSON/cJSON.c **** 
 3724              		.loc 1 1567 12 is_stmt 0 view .LVU1128
 3725 0002 8568     		ldr	r5, [r0, #8]
 3726              	.LVL357:
1569:Libs/cJSON/cJSON.c ****     {
 3727              		.loc 1 1569 5 is_stmt 1 view .LVU1129
1569:Libs/cJSON/cJSON.c ****     {
 3728              		.loc 1 1569 8 is_stmt 0 view .LVU1130
 3729 0004 0029     		cmp	r1, #0
 3730 0006 46D0     		beq	.L313
 3731 0008 0C46     		mov	r4, r1
1576:Libs/cJSON/cJSON.c ****     if (output_pointer == NULL)
 3732              		.loc 1 1576 5 is_stmt 1 view .LVU1131
1576:Libs/cJSON/cJSON.c ****     if (output_pointer == NULL)
 3733              		.loc 1 1576 22 is_stmt 0 view .LVU1132
 3734 000a 0121     		movs	r1, #1
 3735              	.LVL358:
1576:Libs/cJSON/cJSON.c ****     if (output_pointer == NULL)
 3736              		.loc 1 1576 22 view .LVU1133
 3737 000c 2046     		mov	r0, r4
 3738              	.LVL359:
1576:Libs/cJSON/cJSON.c ****     if (output_pointer == NULL)
 3739              		.loc 1 1576 22 view .LVU1134
 3740 000e FFF7FEFF 		bl	ensure
 3741              	.LVL360:
1577:Libs/cJSON/cJSON.c ****     {
 3742              		.loc 1 1577 5 is_stmt 1 view .LVU1135
1577:Libs/cJSON/cJSON.c ****     {
 3743              		.loc 1 1577 8 is_stmt 0 view .LVU1136
 3744 0012 0028     		cmp	r0, #0
 3745 0014 42D0     		beq	.L314
1582:Libs/cJSON/cJSON.c ****     output_buffer->offset++;
 3746              		.loc 1 1582 5 is_stmt 1 view .LVU1137
ARM GAS  C:\Users\nicx5\AppData\Local\Temp\ccUpawvI.s 			page 131


1582:Libs/cJSON/cJSON.c ****     output_buffer->offset++;
 3747              		.loc 1 1582 21 is_stmt 0 view .LVU1138
 3748 0016 5B22     		movs	r2, #91
 3749 0018 0270     		strb	r2, [r0]
1583:Libs/cJSON/cJSON.c ****     output_buffer->depth++;
 3750              		.loc 1 1583 5 is_stmt 1 view .LVU1139
1583:Libs/cJSON/cJSON.c ****     output_buffer->depth++;
 3751              		.loc 1 1583 18 is_stmt 0 view .LVU1140
 3752 001a A368     		ldr	r3, [r4, #8]
1583:Libs/cJSON/cJSON.c ****     output_buffer->depth++;
 3753              		.loc 1 1583 26 view .LVU1141
 3754 001c 0133     		adds	r3, r3, #1
 3755 001e A360     		str	r3, [r4, #8]
1584:Libs/cJSON/cJSON.c **** 
 3756              		.loc 1 1584 5 is_stmt 1 view .LVU1142
1584:Libs/cJSON/cJSON.c **** 
 3757              		.loc 1 1584 18 is_stmt 0 view .LVU1143
 3758 0020 E368     		ldr	r3, [r4, #12]
1584:Libs/cJSON/cJSON.c **** 
 3759              		.loc 1 1584 25 view .LVU1144
 3760 0022 0133     		adds	r3, r3, #1
 3761 0024 E360     		str	r3, [r4, #12]
1586:Libs/cJSON/cJSON.c ****     {
 3762              		.loc 1 1586 5 is_stmt 1 view .LVU1145
1586:Libs/cJSON/cJSON.c ****     {
 3763              		.loc 1 1586 11 is_stmt 0 view .LVU1146
 3764 0026 07E0     		b	.L308
 3765              	.LVL361:
 3766              	.L315:
1595:Libs/cJSON/cJSON.c ****             output_pointer = ensure(output_buffer, length + 1);
 3767              		.loc 1 1595 22 discriminator 2 view .LVU1147
 3768 0028 0126     		movs	r6, #1
 3769 002a 16E0     		b	.L310
 3770              	.LVL362:
 3771              	.L311:
1606:Libs/cJSON/cJSON.c ****             output_buffer->offset += length;
 3772              		.loc 1 1606 13 is_stmt 1 view .LVU1148
1606:Libs/cJSON/cJSON.c ****             output_buffer->offset += length;
 3773              		.loc 1 1606 29 is_stmt 0 view .LVU1149
 3774 002c 0022     		movs	r2, #0
 3775 002e 1A70     		strb	r2, [r3]
1607:Libs/cJSON/cJSON.c ****         }
 3776              		.loc 1 1607 13 is_stmt 1 view .LVU1150
1607:Libs/cJSON/cJSON.c ****         }
 3777              		.loc 1 1607 26 is_stmt 0 view .LVU1151
 3778 0030 A368     		ldr	r3, [r4, #8]
 3779              	.LVL363:
1607:Libs/cJSON/cJSON.c ****         }
 3780              		.loc 1 1607 35 view .LVU1152
 3781 0032 3344     		add	r3, r3, r6
 3782 0034 A360     		str	r3, [r4, #8]
 3783              	.LVL364:
 3784              	.L309:
1609:Libs/cJSON/cJSON.c ****     }
 3785              		.loc 1 1609 9 is_stmt 1 view .LVU1153
1609:Libs/cJSON/cJSON.c ****     }
 3786              		.loc 1 1609 25 is_stmt 0 view .LVU1154
ARM GAS  C:\Users\nicx5\AppData\Local\Temp\ccUpawvI.s 			page 132


 3787 0036 2D68     		ldr	r5, [r5]
 3788              	.LVL365:
 3789              	.L308:
1586:Libs/cJSON/cJSON.c ****     {
 3790              		.loc 1 1586 28 is_stmt 1 view .LVU1155
 3791 0038 FDB1     		cbz	r5, .L319
1588:Libs/cJSON/cJSON.c ****         {
 3792              		.loc 1 1588 9 view .LVU1156
1588:Libs/cJSON/cJSON.c ****         {
 3793              		.loc 1 1588 14 is_stmt 0 view .LVU1157
 3794 003a 2146     		mov	r1, r4
 3795 003c 2846     		mov	r0, r5
 3796 003e FFF7FEFF 		bl	print_value
 3797              	.LVL366:
1588:Libs/cJSON/cJSON.c ****         {
 3798              		.loc 1 1588 12 discriminator 1 view .LVU1158
 3799 0042 0346     		mov	r3, r0
 3800 0044 40B3     		cbz	r0, .L306
1592:Libs/cJSON/cJSON.c ****         if (current_element->next)
 3801              		.loc 1 1592 9 is_stmt 1 view .LVU1159
 3802 0046 2046     		mov	r0, r4
 3803 0048 FFF7FEFF 		bl	update_offset
 3804              	.LVL367:
1593:Libs/cJSON/cJSON.c ****         {
 3805              		.loc 1 1593 9 view .LVU1160
1593:Libs/cJSON/cJSON.c ****         {
 3806              		.loc 1 1593 28 is_stmt 0 view .LVU1161
 3807 004c 2B68     		ldr	r3, [r5]
1593:Libs/cJSON/cJSON.c ****         {
 3808              		.loc 1 1593 12 view .LVU1162
 3809 004e 002B     		cmp	r3, #0
 3810 0050 F1D0     		beq	.L309
1595:Libs/cJSON/cJSON.c ****             output_pointer = ensure(output_buffer, length + 1);
 3811              		.loc 1 1595 13 is_stmt 1 view .LVU1163
1595:Libs/cJSON/cJSON.c ****             output_pointer = ensure(output_buffer, length + 1);
 3812              		.loc 1 1595 45 is_stmt 0 view .LVU1164
 3813 0052 6369     		ldr	r3, [r4, #20]
1595:Libs/cJSON/cJSON.c ****             output_pointer = ensure(output_buffer, length + 1);
 3814              		.loc 1 1595 22 view .LVU1165
 3815 0054 002B     		cmp	r3, #0
 3816 0056 E7D0     		beq	.L315
1595:Libs/cJSON/cJSON.c ****             output_pointer = ensure(output_buffer, length + 1);
 3817              		.loc 1 1595 22 discriminator 1 view .LVU1166
 3818 0058 0226     		movs	r6, #2
 3819              	.L310:
 3820              	.LVL368:
1596:Libs/cJSON/cJSON.c ****             if (output_pointer == NULL)
 3821              		.loc 1 1596 13 is_stmt 1 view .LVU1167
1596:Libs/cJSON/cJSON.c ****             if (output_pointer == NULL)
 3822              		.loc 1 1596 30 is_stmt 0 view .LVU1168
 3823 005a 711C     		adds	r1, r6, #1
 3824 005c 2046     		mov	r0, r4
 3825 005e FFF7FEFF 		bl	ensure
 3826              	.LVL369:
1597:Libs/cJSON/cJSON.c ****             {
 3827              		.loc 1 1597 13 is_stmt 1 view .LVU1169
1597:Libs/cJSON/cJSON.c ****             {
ARM GAS  C:\Users\nicx5\AppData\Local\Temp\ccUpawvI.s 			page 133


 3828              		.loc 1 1597 16 is_stmt 0 view .LVU1170
 3829 0062 E8B1     		cbz	r0, .L316
1601:Libs/cJSON/cJSON.c ****             if(output_buffer->format)
 3830              		.loc 1 1601 13 is_stmt 1 view .LVU1171
1601:Libs/cJSON/cJSON.c ****             if(output_buffer->format)
 3831              		.loc 1 1601 28 is_stmt 0 view .LVU1172
 3832 0064 0346     		mov	r3, r0
 3833              	.LVL370:
1601:Libs/cJSON/cJSON.c ****             if(output_buffer->format)
 3834              		.loc 1 1601 31 view .LVU1173
 3835 0066 2C21     		movs	r1, #44
 3836 0068 03F8011B 		strb	r1, [r3], #1
 3837              	.LVL371:
1602:Libs/cJSON/cJSON.c ****             {
 3838              		.loc 1 1602 13 is_stmt 1 view .LVU1174
1602:Libs/cJSON/cJSON.c ****             {
 3839              		.loc 1 1602 29 is_stmt 0 view .LVU1175
 3840 006c 6169     		ldr	r1, [r4, #20]
1602:Libs/cJSON/cJSON.c ****             {
 3841              		.loc 1 1602 15 view .LVU1176
 3842 006e 0029     		cmp	r1, #0
 3843 0070 DCD0     		beq	.L311
1604:Libs/cJSON/cJSON.c ****             }
 3844              		.loc 1 1604 17 is_stmt 1 view .LVU1177
1604:Libs/cJSON/cJSON.c ****             }
 3845              		.loc 1 1604 32 is_stmt 0 view .LVU1178
 3846 0072 831C     		adds	r3, r0, #2
 3847              	.LVL372:
1604:Libs/cJSON/cJSON.c ****             }
 3848              		.loc 1 1604 35 view .LVU1179
 3849 0074 2021     		movs	r1, #32
 3850 0076 4170     		strb	r1, [r0, #1]
 3851 0078 D8E7     		b	.L311
 3852              	.LVL373:
 3853              	.L319:
1612:Libs/cJSON/cJSON.c ****     if (output_pointer == NULL)
 3854              		.loc 1 1612 5 is_stmt 1 view .LVU1180
1612:Libs/cJSON/cJSON.c ****     if (output_pointer == NULL)
 3855              		.loc 1 1612 22 is_stmt 0 view .LVU1181
 3856 007a 0221     		movs	r1, #2
 3857 007c 2046     		mov	r0, r4
 3858 007e FFF7FEFF 		bl	ensure
 3859              	.LVL374:
1613:Libs/cJSON/cJSON.c ****     {
 3860              		.loc 1 1613 5 is_stmt 1 view .LVU1182
1613:Libs/cJSON/cJSON.c ****     {
 3861              		.loc 1 1613 8 is_stmt 0 view .LVU1183
 3862 0082 78B1     		cbz	r0, .L317
1617:Libs/cJSON/cJSON.c ****     *output_pointer = '\0';
 3863              		.loc 1 1617 5 is_stmt 1 view .LVU1184
 3864              	.LVL375:
1617:Libs/cJSON/cJSON.c ****     *output_pointer = '\0';
 3865              		.loc 1 1617 23 is_stmt 0 view .LVU1185
 3866 0084 5D22     		movs	r2, #93
 3867 0086 0270     		strb	r2, [r0]
1618:Libs/cJSON/cJSON.c ****     output_buffer->depth--;
 3868              		.loc 1 1618 5 is_stmt 1 view .LVU1186
ARM GAS  C:\Users\nicx5\AppData\Local\Temp\ccUpawvI.s 			page 134


1618:Libs/cJSON/cJSON.c ****     output_buffer->depth--;
 3869              		.loc 1 1618 21 is_stmt 0 view .LVU1187
 3870 0088 0022     		movs	r2, #0
 3871 008a 4270     		strb	r2, [r0, #1]
1619:Libs/cJSON/cJSON.c **** 
 3872              		.loc 1 1619 5 is_stmt 1 view .LVU1188
1619:Libs/cJSON/cJSON.c **** 
 3873              		.loc 1 1619 18 is_stmt 0 view .LVU1189
 3874 008c E368     		ldr	r3, [r4, #12]
1619:Libs/cJSON/cJSON.c **** 
 3875              		.loc 1 1619 25 view .LVU1190
 3876 008e 013B     		subs	r3, r3, #1
 3877 0090 E360     		str	r3, [r4, #12]
1621:Libs/cJSON/cJSON.c **** }
 3878              		.loc 1 1621 5 is_stmt 1 view .LVU1191
1621:Libs/cJSON/cJSON.c **** }
 3879              		.loc 1 1621 12 is_stmt 0 view .LVU1192
 3880 0092 0123     		movs	r3, #1
 3881 0094 00E0     		b	.L306
 3882              	.LVL376:
 3883              	.L313:
1571:Libs/cJSON/cJSON.c ****     }
 3884              		.loc 1 1571 16 view .LVU1193
 3885 0096 0023     		movs	r3, #0
 3886              	.LVL377:
 3887              	.L306:
1622:Libs/cJSON/cJSON.c **** 
 3888              		.loc 1 1622 1 view .LVU1194
 3889 0098 1846     		mov	r0, r3
 3890 009a 70BD     		pop	{r4, r5, r6, pc}
 3891              	.LVL378:
 3892              	.L314:
1579:Libs/cJSON/cJSON.c ****     }
 3893              		.loc 1 1579 16 view .LVU1195
 3894 009c 0023     		movs	r3, #0
 3895 009e FBE7     		b	.L306
 3896              	.LVL379:
 3897              	.L316:
1599:Libs/cJSON/cJSON.c ****             }
 3898              		.loc 1 1599 24 view .LVU1196
 3899 00a0 0023     		movs	r3, #0
 3900 00a2 F9E7     		b	.L306
 3901              	.LVL380:
 3902              	.L317:
1615:Libs/cJSON/cJSON.c ****     }
 3903              		.loc 1 1615 16 view .LVU1197
 3904 00a4 0023     		movs	r3, #0
 3905 00a6 F7E7     		b	.L306
 3906              		.cfi_endproc
 3907              	.LFE40:
 3909              		.section	.text.print_object,"ax",%progbits
 3910              		.align	1
 3911              		.syntax unified
 3912              		.thumb
 3913              		.thumb_func
 3915              	print_object:
 3916              	.LVL381:
ARM GAS  C:\Users\nicx5\AppData\Local\Temp\ccUpawvI.s 			page 135


 3917              	.LFB42:
1744:Libs/cJSON/cJSON.c ****     unsigned char *output_pointer = NULL;
 3918              		.loc 1 1744 1 is_stmt 1 view -0
 3919              		.cfi_startproc
 3920              		@ args = 0, pretend = 0, frame = 0
 3921              		@ frame_needed = 0, uses_anonymous_args = 0
1744:Libs/cJSON/cJSON.c ****     unsigned char *output_pointer = NULL;
 3922              		.loc 1 1744 1 is_stmt 0 view .LVU1199
 3923 0000 70B5     		push	{r4, r5, r6, lr}
 3924              	.LCFI45:
 3925              		.cfi_def_cfa_offset 16
 3926              		.cfi_offset 4, -16
 3927              		.cfi_offset 5, -12
 3928              		.cfi_offset 6, -8
 3929              		.cfi_offset 14, -4
1745:Libs/cJSON/cJSON.c ****     size_t length = 0;
 3930              		.loc 1 1745 5 is_stmt 1 view .LVU1200
 3931              	.LVL382:
1746:Libs/cJSON/cJSON.c ****     cJSON *current_item = item->child;
 3932              		.loc 1 1746 5 view .LVU1201
1747:Libs/cJSON/cJSON.c **** 
 3933              		.loc 1 1747 5 view .LVU1202
1747:Libs/cJSON/cJSON.c **** 
 3934              		.loc 1 1747 12 is_stmt 0 view .LVU1203
 3935 0002 8568     		ldr	r5, [r0, #8]
 3936              	.LVL383:
1749:Libs/cJSON/cJSON.c ****     {
 3937              		.loc 1 1749 5 is_stmt 1 view .LVU1204
1749:Libs/cJSON/cJSON.c ****     {
 3938              		.loc 1 1749 8 is_stmt 0 view .LVU1205
 3939 0004 0029     		cmp	r1, #0
 3940 0006 00F0A380 		beq	.L339
 3941 000a 0C46     		mov	r4, r1
1755:Libs/cJSON/cJSON.c ****     output_pointer = ensure(output_buffer, length + 1);
 3942              		.loc 1 1755 5 is_stmt 1 view .LVU1206
1755:Libs/cJSON/cJSON.c ****     output_pointer = ensure(output_buffer, length + 1);
 3943              		.loc 1 1755 37 is_stmt 0 view .LVU1207
 3944 000c 4B69     		ldr	r3, [r1, #20]
1755:Libs/cJSON/cJSON.c ****     output_pointer = ensure(output_buffer, length + 1);
 3945              		.loc 1 1755 14 view .LVU1208
 3946 000e A3B1     		cbz	r3, .L340
1755:Libs/cJSON/cJSON.c ****     output_pointer = ensure(output_buffer, length + 1);
 3947              		.loc 1 1755 14 discriminator 1 view .LVU1209
 3948 0010 0226     		movs	r6, #2
 3949              	.L322:
 3950              	.LVL384:
1756:Libs/cJSON/cJSON.c ****     if (output_pointer == NULL)
 3951              		.loc 1 1756 5 is_stmt 1 view .LVU1210
1756:Libs/cJSON/cJSON.c ****     if (output_pointer == NULL)
 3952              		.loc 1 1756 22 is_stmt 0 view .LVU1211
 3953 0012 711C     		adds	r1, r6, #1
 3954              	.LVL385:
1756:Libs/cJSON/cJSON.c ****     if (output_pointer == NULL)
 3955              		.loc 1 1756 22 view .LVU1212
 3956 0014 2046     		mov	r0, r4
 3957              	.LVL386:
1756:Libs/cJSON/cJSON.c ****     if (output_pointer == NULL)
ARM GAS  C:\Users\nicx5\AppData\Local\Temp\ccUpawvI.s 			page 136


 3958              		.loc 1 1756 22 view .LVU1213
 3959 0016 FFF7FEFF 		bl	ensure
 3960              	.LVL387:
1757:Libs/cJSON/cJSON.c ****     {
 3961              		.loc 1 1757 5 is_stmt 1 view .LVU1214
1757:Libs/cJSON/cJSON.c ****     {
 3962              		.loc 1 1757 8 is_stmt 0 view .LVU1215
 3963 001a 0028     		cmp	r0, #0
 3964 001c 00F09B80 		beq	.L341
1762:Libs/cJSON/cJSON.c ****     output_buffer->depth++;
 3965              		.loc 1 1762 5 is_stmt 1 view .LVU1216
 3966              	.LVL388:
1762:Libs/cJSON/cJSON.c ****     output_buffer->depth++;
 3967              		.loc 1 1762 23 is_stmt 0 view .LVU1217
 3968 0020 7B23     		movs	r3, #123
 3969 0022 0370     		strb	r3, [r0]
1763:Libs/cJSON/cJSON.c ****     if (output_buffer->format)
 3970              		.loc 1 1763 5 is_stmt 1 view .LVU1218
1763:Libs/cJSON/cJSON.c ****     if (output_buffer->format)
 3971              		.loc 1 1763 18 is_stmt 0 view .LVU1219
 3972 0024 E368     		ldr	r3, [r4, #12]
1763:Libs/cJSON/cJSON.c ****     if (output_buffer->format)
 3973              		.loc 1 1763 25 view .LVU1220
 3974 0026 0133     		adds	r3, r3, #1
 3975 0028 E360     		str	r3, [r4, #12]
1764:Libs/cJSON/cJSON.c ****     {
 3976              		.loc 1 1764 5 is_stmt 1 view .LVU1221
1764:Libs/cJSON/cJSON.c ****     {
 3977              		.loc 1 1764 22 is_stmt 0 view .LVU1222
 3978 002a 6369     		ldr	r3, [r4, #20]
1764:Libs/cJSON/cJSON.c ****     {
 3979              		.loc 1 1764 8 view .LVU1223
 3980 002c 0BB1     		cbz	r3, .L323
1766:Libs/cJSON/cJSON.c ****     }
 3981              		.loc 1 1766 9 is_stmt 1 view .LVU1224
 3982              	.LVL389:
1766:Libs/cJSON/cJSON.c ****     }
 3983              		.loc 1 1766 27 is_stmt 0 view .LVU1225
 3984 002e 0A23     		movs	r3, #10
 3985 0030 4370     		strb	r3, [r0, #1]
 3986              	.LVL390:
 3987              	.L323:
1768:Libs/cJSON/cJSON.c **** 
 3988              		.loc 1 1768 5 is_stmt 1 view .LVU1226
1768:Libs/cJSON/cJSON.c **** 
 3989              		.loc 1 1768 18 is_stmt 0 view .LVU1227
 3990 0032 A368     		ldr	r3, [r4, #8]
1768:Libs/cJSON/cJSON.c **** 
 3991              		.loc 1 1768 27 view .LVU1228
 3992 0034 3344     		add	r3, r3, r6
 3993 0036 A360     		str	r3, [r4, #8]
1770:Libs/cJSON/cJSON.c ****     {
 3994              		.loc 1 1770 5 is_stmt 1 view .LVU1229
1770:Libs/cJSON/cJSON.c ****     {
 3995              		.loc 1 1770 11 is_stmt 0 view .LVU1230
 3996 0038 22E0     		b	.L324
 3997              	.LVL391:
ARM GAS  C:\Users\nicx5\AppData\Local\Temp\ccUpawvI.s 			page 137


 3998              	.L340:
1755:Libs/cJSON/cJSON.c ****     output_pointer = ensure(output_buffer, length + 1);
 3999              		.loc 1 1755 14 discriminator 2 view .LVU1231
 4000 003a 0126     		movs	r6, #1
 4001 003c E9E7     		b	.L322
 4002              	.LVL392:
 4003              	.L354:
 4004              	.LBB13:
1774:Libs/cJSON/cJSON.c ****             output_pointer = ensure(output_buffer, output_buffer->depth);
 4005              		.loc 1 1774 13 is_stmt 1 view .LVU1232
1775:Libs/cJSON/cJSON.c ****             if (output_pointer == NULL)
 4006              		.loc 1 1775 13 view .LVU1233
1775:Libs/cJSON/cJSON.c ****             if (output_pointer == NULL)
 4007              		.loc 1 1775 30 is_stmt 0 view .LVU1234
 4008 003e E168     		ldr	r1, [r4, #12]
 4009 0040 2046     		mov	r0, r4
 4010 0042 FFF7FEFF 		bl	ensure
 4011              	.LVL393:
1776:Libs/cJSON/cJSON.c ****             {
 4012              		.loc 1 1776 13 is_stmt 1 view .LVU1235
1776:Libs/cJSON/cJSON.c ****             {
 4013              		.loc 1 1776 16 is_stmt 0 view .LVU1236
 4014 0046 0346     		mov	r3, r0
 4015 0048 0028     		cmp	r0, #0
 4016 004a 00F08680 		beq	.L342
1780:Libs/cJSON/cJSON.c ****             {
 4017              		.loc 1 1780 20 view .LVU1237
 4018 004e 0022     		movs	r2, #0
 4019 0050 03E0     		b	.L326
 4020              	.LVL394:
 4021              	.L327:
1782:Libs/cJSON/cJSON.c ****             }
 4022              		.loc 1 1782 17 is_stmt 1 view .LVU1238
1782:Libs/cJSON/cJSON.c ****             }
 4023              		.loc 1 1782 35 is_stmt 0 view .LVU1239
 4024 0052 0921     		movs	r1, #9
 4025 0054 03F8011B 		strb	r1, [r3], #1
 4026              	.LVL395:
1780:Libs/cJSON/cJSON.c ****             {
 4027              		.loc 1 1780 52 is_stmt 1 discriminator 3 view .LVU1240
 4028 0058 0132     		adds	r2, r2, #1
 4029              	.LVL396:
 4030              	.L326:
1780:Libs/cJSON/cJSON.c ****             {
 4031              		.loc 1 1780 27 discriminator 1 view .LVU1241
1780:Libs/cJSON/cJSON.c ****             {
 4032              		.loc 1 1780 42 is_stmt 0 discriminator 1 view .LVU1242
 4033 005a E168     		ldr	r1, [r4, #12]
1780:Libs/cJSON/cJSON.c ****             {
 4034              		.loc 1 1780 27 discriminator 1 view .LVU1243
 4035 005c 9142     		cmp	r1, r2
 4036 005e F8D8     		bhi	.L327
1784:Libs/cJSON/cJSON.c ****         }
 4037              		.loc 1 1784 13 is_stmt 1 view .LVU1244
1784:Libs/cJSON/cJSON.c ****         }
 4038              		.loc 1 1784 26 is_stmt 0 view .LVU1245
 4039 0060 A368     		ldr	r3, [r4, #8]
ARM GAS  C:\Users\nicx5\AppData\Local\Temp\ccUpawvI.s 			page 138


 4040              	.LVL397:
1784:Libs/cJSON/cJSON.c ****         }
 4041              		.loc 1 1784 35 view .LVU1246
 4042 0062 1944     		add	r1, r1, r3
 4043 0064 A160     		str	r1, [r4, #8]
 4044 0066 10E0     		b	.L325
 4045              	.LVL398:
 4046              	.L343:
1784:Libs/cJSON/cJSON.c ****         }
 4047              		.loc 1 1784 35 view .LVU1247
 4048              	.LBE13:
1794:Libs/cJSON/cJSON.c ****         output_pointer = ensure(output_buffer, length);
 4049              		.loc 1 1794 18 discriminator 2 view .LVU1248
 4050 0068 0126     		movs	r6, #1
 4051              	.LVL399:
1794:Libs/cJSON/cJSON.c ****         output_pointer = ensure(output_buffer, length);
 4052              		.loc 1 1794 18 discriminator 2 view .LVU1249
 4053 006a 1CE0     		b	.L328
 4054              	.LVL400:
 4055              	.L345:
1815:Libs/cJSON/cJSON.c ****         output_pointer = ensure(output_buffer, length + 1);
 4056              		.loc 1 1815 19 discriminator 2 view .LVU1250
 4057 006c 0026     		movs	r6, #0
 4058              	.LVL401:
1815:Libs/cJSON/cJSON.c ****         output_pointer = ensure(output_buffer, length + 1);
 4059              		.loc 1 1815 19 discriminator 2 view .LVU1251
 4060 006e 37E0     		b	.L330
 4061              	.L346:
1815:Libs/cJSON/cJSON.c ****         output_pointer = ensure(output_buffer, length + 1);
 4062              		.loc 1 1815 61 discriminator 6 view .LVU1252
 4063 0070 0023     		movs	r3, #0
 4064 0072 39E0     		b	.L331
 4065              	.LVL402:
 4066              	.L333:
1830:Libs/cJSON/cJSON.c ****         output_buffer->offset += length;
 4067              		.loc 1 1830 9 is_stmt 1 view .LVU1253
1830:Libs/cJSON/cJSON.c ****         output_buffer->offset += length;
 4068              		.loc 1 1830 25 is_stmt 0 view .LVU1254
 4069 0074 0022     		movs	r2, #0
 4070 0076 1A70     		strb	r2, [r3]
1831:Libs/cJSON/cJSON.c **** 
 4071              		.loc 1 1831 9 is_stmt 1 view .LVU1255
1831:Libs/cJSON/cJSON.c **** 
 4072              		.loc 1 1831 22 is_stmt 0 view .LVU1256
 4073 0078 A368     		ldr	r3, [r4, #8]
 4074              	.LVL403:
1831:Libs/cJSON/cJSON.c **** 
 4075              		.loc 1 1831 31 view .LVU1257
 4076 007a 3344     		add	r3, r3, r6
 4077 007c A360     		str	r3, [r4, #8]
1833:Libs/cJSON/cJSON.c ****     }
 4078              		.loc 1 1833 9 is_stmt 1 view .LVU1258
1833:Libs/cJSON/cJSON.c ****     }
 4079              		.loc 1 1833 22 is_stmt 0 view .LVU1259
 4080 007e 2D68     		ldr	r5, [r5]
 4081              	.LVL404:
 4082              	.L324:
ARM GAS  C:\Users\nicx5\AppData\Local\Temp\ccUpawvI.s 			page 139


1770:Libs/cJSON/cJSON.c ****     {
 4083              		.loc 1 1770 12 is_stmt 1 view .LVU1260
 4084 0080 002D     		cmp	r5, #0
 4085 0082 44D0     		beq	.L353
1772:Libs/cJSON/cJSON.c ****         {
 4086              		.loc 1 1772 9 view .LVU1261
1772:Libs/cJSON/cJSON.c ****         {
 4087              		.loc 1 1772 26 is_stmt 0 view .LVU1262
 4088 0084 6369     		ldr	r3, [r4, #20]
1772:Libs/cJSON/cJSON.c ****         {
 4089              		.loc 1 1772 12 view .LVU1263
 4090 0086 002B     		cmp	r3, #0
 4091 0088 D9D1     		bne	.L354
 4092              	.L325:
1788:Libs/cJSON/cJSON.c ****         {
 4093              		.loc 1 1788 9 is_stmt 1 view .LVU1264
1788:Libs/cJSON/cJSON.c ****         {
 4094              		.loc 1 1788 14 is_stmt 0 view .LVU1265
 4095 008a 2146     		mov	r1, r4
 4096 008c 286A     		ldr	r0, [r5, #32]
 4097 008e FFF7FEFF 		bl	print_string_ptr
 4098              	.LVL405:
1788:Libs/cJSON/cJSON.c ****         {
 4099              		.loc 1 1788 12 discriminator 1 view .LVU1266
 4100 0092 0346     		mov	r3, r0
 4101 0094 0028     		cmp	r0, #0
 4102 0096 5CD0     		beq	.L320
1792:Libs/cJSON/cJSON.c **** 
 4103              		.loc 1 1792 9 is_stmt 1 view .LVU1267
 4104 0098 2046     		mov	r0, r4
 4105 009a FFF7FEFF 		bl	update_offset
 4106              	.LVL406:
1794:Libs/cJSON/cJSON.c ****         output_pointer = ensure(output_buffer, length);
 4107              		.loc 1 1794 9 view .LVU1268
1794:Libs/cJSON/cJSON.c ****         output_pointer = ensure(output_buffer, length);
 4108              		.loc 1 1794 41 is_stmt 0 view .LVU1269
 4109 009e 6369     		ldr	r3, [r4, #20]
1794:Libs/cJSON/cJSON.c ****         output_pointer = ensure(output_buffer, length);
 4110              		.loc 1 1794 18 view .LVU1270
 4111 00a0 002B     		cmp	r3, #0
 4112 00a2 E1D0     		beq	.L343
1794:Libs/cJSON/cJSON.c ****         output_pointer = ensure(output_buffer, length);
 4113              		.loc 1 1794 18 discriminator 1 view .LVU1271
 4114 00a4 0226     		movs	r6, #2
 4115              	.LVL407:
 4116              	.L328:
1795:Libs/cJSON/cJSON.c ****         if (output_pointer == NULL)
 4117              		.loc 1 1795 9 is_stmt 1 view .LVU1272
1795:Libs/cJSON/cJSON.c ****         if (output_pointer == NULL)
 4118              		.loc 1 1795 26 is_stmt 0 view .LVU1273
 4119 00a6 3146     		mov	r1, r6
 4120 00a8 2046     		mov	r0, r4
 4121 00aa FFF7FEFF 		bl	ensure
 4122              	.LVL408:
1796:Libs/cJSON/cJSON.c ****         {
 4123              		.loc 1 1796 9 is_stmt 1 view .LVU1274
1796:Libs/cJSON/cJSON.c ****         {
ARM GAS  C:\Users\nicx5\AppData\Local\Temp\ccUpawvI.s 			page 140


 4124              		.loc 1 1796 12 is_stmt 0 view .LVU1275
 4125 00ae 0028     		cmp	r0, #0
 4126 00b0 55D0     		beq	.L344
1800:Libs/cJSON/cJSON.c ****         if (output_buffer->format)
 4127              		.loc 1 1800 9 is_stmt 1 view .LVU1276
 4128              	.LVL409:
1800:Libs/cJSON/cJSON.c ****         if (output_buffer->format)
 4129              		.loc 1 1800 27 is_stmt 0 view .LVU1277
 4130 00b2 3A22     		movs	r2, #58
 4131 00b4 0270     		strb	r2, [r0]
1801:Libs/cJSON/cJSON.c ****         {
 4132              		.loc 1 1801 9 is_stmt 1 view .LVU1278
1801:Libs/cJSON/cJSON.c ****         {
 4133              		.loc 1 1801 26 is_stmt 0 view .LVU1279
 4134 00b6 6269     		ldr	r2, [r4, #20]
1801:Libs/cJSON/cJSON.c ****         {
 4135              		.loc 1 1801 12 view .LVU1280
 4136 00b8 0AB1     		cbz	r2, .L329
1803:Libs/cJSON/cJSON.c ****         }
 4137              		.loc 1 1803 13 is_stmt 1 view .LVU1281
 4138              	.LVL410:
1803:Libs/cJSON/cJSON.c ****         }
 4139              		.loc 1 1803 31 is_stmt 0 view .LVU1282
 4140 00ba 0922     		movs	r2, #9
 4141 00bc 4270     		strb	r2, [r0, #1]
 4142              	.LVL411:
 4143              	.L329:
1805:Libs/cJSON/cJSON.c **** 
 4144              		.loc 1 1805 9 is_stmt 1 view .LVU1283
1805:Libs/cJSON/cJSON.c **** 
 4145              		.loc 1 1805 22 is_stmt 0 view .LVU1284
 4146 00be A368     		ldr	r3, [r4, #8]
1805:Libs/cJSON/cJSON.c **** 
 4147              		.loc 1 1805 31 view .LVU1285
 4148 00c0 3344     		add	r3, r3, r6
 4149 00c2 A360     		str	r3, [r4, #8]
1808:Libs/cJSON/cJSON.c ****         {
 4150              		.loc 1 1808 9 is_stmt 1 view .LVU1286
1808:Libs/cJSON/cJSON.c ****         {
 4151              		.loc 1 1808 14 is_stmt 0 view .LVU1287
 4152 00c4 2146     		mov	r1, r4
 4153 00c6 2846     		mov	r0, r5
 4154 00c8 FFF7FEFF 		bl	print_value
 4155              	.LVL412:
1808:Libs/cJSON/cJSON.c ****         {
 4156              		.loc 1 1808 12 discriminator 1 view .LVU1288
 4157 00cc 0346     		mov	r3, r0
 4158 00ce 0028     		cmp	r0, #0
 4159 00d0 3FD0     		beq	.L320
1812:Libs/cJSON/cJSON.c **** 
 4160              		.loc 1 1812 9 is_stmt 1 view .LVU1289
 4161 00d2 2046     		mov	r0, r4
 4162 00d4 FFF7FEFF 		bl	update_offset
 4163              	.LVL413:
1815:Libs/cJSON/cJSON.c ****         output_pointer = ensure(output_buffer, length + 1);
 4164              		.loc 1 1815 9 view .LVU1290
1815:Libs/cJSON/cJSON.c ****         output_pointer = ensure(output_buffer, length + 1);
ARM GAS  C:\Users\nicx5\AppData\Local\Temp\ccUpawvI.s 			page 141


 4165              		.loc 1 1815 41 is_stmt 0 view .LVU1291
 4166 00d8 6369     		ldr	r3, [r4, #20]
1815:Libs/cJSON/cJSON.c ****         output_pointer = ensure(output_buffer, length + 1);
 4167              		.loc 1 1815 19 view .LVU1292
 4168 00da 002B     		cmp	r3, #0
 4169 00dc C6D0     		beq	.L345
1815:Libs/cJSON/cJSON.c ****         output_pointer = ensure(output_buffer, length + 1);
 4170              		.loc 1 1815 19 discriminator 1 view .LVU1293
 4171 00de 0126     		movs	r6, #1
 4172              	.LVL414:
 4173              	.L330:
1815:Libs/cJSON/cJSON.c ****         output_pointer = ensure(output_buffer, length + 1);
 4174              		.loc 1 1815 82 discriminator 4 view .LVU1294
 4175 00e0 2B68     		ldr	r3, [r5]
1815:Libs/cJSON/cJSON.c ****         output_pointer = ensure(output_buffer, length + 1);
 4176              		.loc 1 1815 61 discriminator 4 view .LVU1295
 4177 00e2 002B     		cmp	r3, #0
 4178 00e4 C4D0     		beq	.L346
1815:Libs/cJSON/cJSON.c ****         output_pointer = ensure(output_buffer, length + 1);
 4179              		.loc 1 1815 61 discriminator 5 view .LVU1296
 4180 00e6 0123     		movs	r3, #1
 4181              	.L331:
1815:Libs/cJSON/cJSON.c ****         output_pointer = ensure(output_buffer, length + 1);
 4182              		.loc 1 1815 16 discriminator 8 view .LVU1297
 4183 00e8 1E44     		add	r6, r6, r3
 4184              	.LVL415:
1816:Libs/cJSON/cJSON.c ****         if (output_pointer == NULL)
 4185              		.loc 1 1816 9 is_stmt 1 view .LVU1298
1816:Libs/cJSON/cJSON.c ****         if (output_pointer == NULL)
 4186              		.loc 1 1816 26 is_stmt 0 view .LVU1299
 4187 00ea 711C     		adds	r1, r6, #1
 4188 00ec 2046     		mov	r0, r4
 4189 00ee FFF7FEFF 		bl	ensure
 4190              	.LVL416:
1817:Libs/cJSON/cJSON.c ****         {
 4191              		.loc 1 1817 9 is_stmt 1 view .LVU1300
1817:Libs/cJSON/cJSON.c ****         {
 4192              		.loc 1 1817 12 is_stmt 0 view .LVU1301
 4193 00f2 0346     		mov	r3, r0
 4194 00f4 A8B3     		cbz	r0, .L347
1821:Libs/cJSON/cJSON.c ****         {
 4195              		.loc 1 1821 9 is_stmt 1 view .LVU1302
1821:Libs/cJSON/cJSON.c ****         {
 4196              		.loc 1 1821 25 is_stmt 0 view .LVU1303
 4197 00f6 2A68     		ldr	r2, [r5]
1821:Libs/cJSON/cJSON.c ****         {
 4198              		.loc 1 1821 12 view .LVU1304
 4199 00f8 12B1     		cbz	r2, .L332
1823:Libs/cJSON/cJSON.c ****         }
 4200              		.loc 1 1823 13 is_stmt 1 view .LVU1305
 4201              	.LVL417:
1823:Libs/cJSON/cJSON.c ****         }
 4202              		.loc 1 1823 31 is_stmt 0 view .LVU1306
 4203 00fa 2C22     		movs	r2, #44
 4204 00fc 03F8012B 		strb	r2, [r3], #1
 4205              	.LVL418:
 4206              	.L332:
ARM GAS  C:\Users\nicx5\AppData\Local\Temp\ccUpawvI.s 			page 142


1826:Libs/cJSON/cJSON.c ****         {
 4207              		.loc 1 1826 9 is_stmt 1 view .LVU1307
1826:Libs/cJSON/cJSON.c ****         {
 4208              		.loc 1 1826 26 is_stmt 0 view .LVU1308
 4209 0100 6269     		ldr	r2, [r4, #20]
1826:Libs/cJSON/cJSON.c ****         {
 4210              		.loc 1 1826 12 view .LVU1309
 4211 0102 002A     		cmp	r2, #0
 4212 0104 B6D0     		beq	.L333
1828:Libs/cJSON/cJSON.c ****         }
 4213              		.loc 1 1828 13 is_stmt 1 view .LVU1310
 4214              	.LVL419:
1828:Libs/cJSON/cJSON.c ****         }
 4215              		.loc 1 1828 31 is_stmt 0 view .LVU1311
 4216 0106 0A22     		movs	r2, #10
 4217 0108 03F8012B 		strb	r2, [r3], #1
 4218              	.LVL420:
1828:Libs/cJSON/cJSON.c ****         }
 4219              		.loc 1 1828 31 view .LVU1312
 4220 010c B2E7     		b	.L333
 4221              	.LVL421:
 4222              	.L353:
1836:Libs/cJSON/cJSON.c ****     if (output_pointer == NULL)
 4223              		.loc 1 1836 5 is_stmt 1 view .LVU1313
1836:Libs/cJSON/cJSON.c ****     if (output_pointer == NULL)
 4224              		.loc 1 1836 57 is_stmt 0 view .LVU1314
 4225 010e 6369     		ldr	r3, [r4, #20]
1836:Libs/cJSON/cJSON.c ****     if (output_pointer == NULL)
 4226              		.loc 1 1836 22 view .LVU1315
 4227 0110 8BB1     		cbz	r3, .L349
1836:Libs/cJSON/cJSON.c ****     if (output_pointer == NULL)
 4228              		.loc 1 1836 82 discriminator 1 view .LVU1316
 4229 0112 E168     		ldr	r1, [r4, #12]
1836:Libs/cJSON/cJSON.c ****     if (output_pointer == NULL)
 4230              		.loc 1 1836 22 discriminator 1 view .LVU1317
 4231 0114 0131     		adds	r1, r1, #1
 4232              	.L335:
1836:Libs/cJSON/cJSON.c ****     if (output_pointer == NULL)
 4233              		.loc 1 1836 22 discriminator 4 view .LVU1318
 4234 0116 2046     		mov	r0, r4
 4235 0118 FFF7FEFF 		bl	ensure
 4236              	.LVL422:
1837:Libs/cJSON/cJSON.c ****     {
 4237              		.loc 1 1837 5 is_stmt 1 view .LVU1319
1837:Libs/cJSON/cJSON.c ****     {
 4238              		.loc 1 1837 8 is_stmt 0 view .LVU1320
 4239 011c 0346     		mov	r3, r0
 4240 011e 10B3     		cbz	r0, .L350
1841:Libs/cJSON/cJSON.c ****     {
 4241              		.loc 1 1841 5 is_stmt 1 view .LVU1321
1841:Libs/cJSON/cJSON.c ****     {
 4242              		.loc 1 1841 22 is_stmt 0 view .LVU1322
 4243 0120 6269     		ldr	r2, [r4, #20]
1841:Libs/cJSON/cJSON.c ****     {
 4244              		.loc 1 1841 8 view .LVU1323
 4245 0122 9AB9     		cbnz	r2, .L351
 4246              	.LVL423:
ARM GAS  C:\Users\nicx5\AppData\Local\Temp\ccUpawvI.s 			page 143


 4247              	.L337:
1849:Libs/cJSON/cJSON.c ****     *output_pointer = '\0';
 4248              		.loc 1 1849 5 is_stmt 1 view .LVU1324
1849:Libs/cJSON/cJSON.c ****     *output_pointer = '\0';
 4249              		.loc 1 1849 23 is_stmt 0 view .LVU1325
 4250 0124 7D22     		movs	r2, #125
 4251 0126 1A70     		strb	r2, [r3]
1850:Libs/cJSON/cJSON.c ****     output_buffer->depth--;
 4252              		.loc 1 1850 5 is_stmt 1 view .LVU1326
1850:Libs/cJSON/cJSON.c ****     output_buffer->depth--;
 4253              		.loc 1 1850 21 is_stmt 0 view .LVU1327
 4254 0128 0022     		movs	r2, #0
 4255 012a 5A70     		strb	r2, [r3, #1]
1851:Libs/cJSON/cJSON.c **** 
 4256              		.loc 1 1851 5 is_stmt 1 view .LVU1328
1851:Libs/cJSON/cJSON.c **** 
 4257              		.loc 1 1851 18 is_stmt 0 view .LVU1329
 4258 012c E368     		ldr	r3, [r4, #12]
 4259              	.LVL424:
1851:Libs/cJSON/cJSON.c **** 
 4260              		.loc 1 1851 25 view .LVU1330
 4261 012e 013B     		subs	r3, r3, #1
 4262 0130 E360     		str	r3, [r4, #12]
1853:Libs/cJSON/cJSON.c **** }
 4263              		.loc 1 1853 5 is_stmt 1 view .LVU1331
1853:Libs/cJSON/cJSON.c **** }
 4264              		.loc 1 1853 12 is_stmt 0 view .LVU1332
 4265 0132 0123     		movs	r3, #1
 4266 0134 0DE0     		b	.L320
 4267              	.LVL425:
 4268              	.L349:
1836:Libs/cJSON/cJSON.c ****     if (output_pointer == NULL)
 4269              		.loc 1 1836 22 discriminator 2 view .LVU1333
 4270 0136 0221     		movs	r1, #2
 4271 0138 EDE7     		b	.L335
 4272              	.LVL426:
 4273              	.L338:
 4274              	.LBB14:
1846:Libs/cJSON/cJSON.c ****         }
 4275              		.loc 1 1846 13 is_stmt 1 view .LVU1334
1846:Libs/cJSON/cJSON.c ****         }
 4276              		.loc 1 1846 31 is_stmt 0 view .LVU1335
 4277 013a 0922     		movs	r2, #9
 4278 013c 03F8012B 		strb	r2, [r3], #1
 4279              	.LVL427:
1844:Libs/cJSON/cJSON.c ****         {
 4280              		.loc 1 1844 54 is_stmt 1 discriminator 3 view .LVU1336
 4281 0140 0131     		adds	r1, r1, #1
 4282              	.LVL428:
 4283              	.L336:
1844:Libs/cJSON/cJSON.c ****         {
 4284              		.loc 1 1844 23 discriminator 1 view .LVU1337
1844:Libs/cJSON/cJSON.c ****         {
 4285              		.loc 1 1844 39 is_stmt 0 discriminator 1 view .LVU1338
 4286 0142 E268     		ldr	r2, [r4, #12]
1844:Libs/cJSON/cJSON.c ****         {
 4287              		.loc 1 1844 47 discriminator 1 view .LVU1339
ARM GAS  C:\Users\nicx5\AppData\Local\Temp\ccUpawvI.s 			page 144


 4288 0144 013A     		subs	r2, r2, #1
1844:Libs/cJSON/cJSON.c ****         {
 4289              		.loc 1 1844 23 discriminator 1 view .LVU1340
 4290 0146 8A42     		cmp	r2, r1
 4291 0148 F7D8     		bhi	.L338
1844:Libs/cJSON/cJSON.c ****         {
 4292              		.loc 1 1844 23 discriminator 1 view .LVU1341
 4293 014a EBE7     		b	.L337
 4294              	.LVL429:
 4295              	.L351:
1844:Libs/cJSON/cJSON.c ****         {
 4296              		.loc 1 1844 16 view .LVU1342
 4297 014c 0021     		movs	r1, #0
 4298 014e F8E7     		b	.L336
 4299              	.LVL430:
 4300              	.L339:
1844:Libs/cJSON/cJSON.c ****         {
 4301              		.loc 1 1844 16 view .LVU1343
 4302              	.LBE14:
1751:Libs/cJSON/cJSON.c ****     }
 4303              		.loc 1 1751 16 view .LVU1344
 4304 0150 0023     		movs	r3, #0
 4305              	.LVL431:
 4306              	.L320:
1854:Libs/cJSON/cJSON.c **** 
 4307              		.loc 1 1854 1 view .LVU1345
 4308 0152 1846     		mov	r0, r3
 4309 0154 70BD     		pop	{r4, r5, r6, pc}
 4310              	.LVL432:
 4311              	.L341:
1759:Libs/cJSON/cJSON.c ****     }
 4312              		.loc 1 1759 16 view .LVU1346
 4313 0156 0023     		movs	r3, #0
 4314 0158 FBE7     		b	.L320
 4315              	.L342:
 4316              	.LBB15:
1778:Libs/cJSON/cJSON.c ****             }
 4317              		.loc 1 1778 24 view .LVU1347
 4318 015a 0023     		movs	r3, #0
 4319 015c F9E7     		b	.L320
 4320              	.L344:
1778:Libs/cJSON/cJSON.c ****             }
 4321              		.loc 1 1778 24 view .LVU1348
 4322              	.LBE15:
1798:Libs/cJSON/cJSON.c ****         }
 4323              		.loc 1 1798 20 view .LVU1349
 4324 015e 0023     		movs	r3, #0
 4325 0160 F7E7     		b	.L320
 4326              	.L347:
1819:Libs/cJSON/cJSON.c ****         }
 4327              		.loc 1 1819 20 view .LVU1350
 4328 0162 0023     		movs	r3, #0
 4329 0164 F5E7     		b	.L320
 4330              	.L350:
1839:Libs/cJSON/cJSON.c ****     }
 4331              		.loc 1 1839 16 view .LVU1351
 4332 0166 0023     		movs	r3, #0
ARM GAS  C:\Users\nicx5\AppData\Local\Temp\ccUpawvI.s 			page 145


 4333 0168 F3E7     		b	.L320
 4334              		.cfi_endproc
 4335              	.LFE42:
 4337              		.section	.text.get_object_item,"ax",%progbits
 4338              		.align	1
 4339              		.syntax unified
 4340              		.thumb
 4341              		.thumb_func
 4343              	get_object_item:
 4344              	.LVL433:
 4345              	.LFB46:
1910:Libs/cJSON/cJSON.c ****     cJSON *current_element = NULL;
 4346              		.loc 1 1910 1 is_stmt 1 view -0
 4347              		.cfi_startproc
 4348              		@ args = 0, pretend = 0, frame = 0
 4349              		@ frame_needed = 0, uses_anonymous_args = 0
1910:Libs/cJSON/cJSON.c ****     cJSON *current_element = NULL;
 4350              		.loc 1 1910 1 is_stmt 0 view .LVU1353
 4351 0000 38B5     		push	{r3, r4, r5, lr}
 4352              	.LCFI46:
 4353              		.cfi_def_cfa_offset 16
 4354              		.cfi_offset 3, -16
 4355              		.cfi_offset 4, -12
 4356              		.cfi_offset 5, -8
 4357              		.cfi_offset 14, -4
1911:Libs/cJSON/cJSON.c **** 
 4358              		.loc 1 1911 5 is_stmt 1 view .LVU1354
 4359              	.LVL434:
1913:Libs/cJSON/cJSON.c ****     {
 4360              		.loc 1 1913 5 view .LVU1355
1913:Libs/cJSON/cJSON.c ****     {
 4361              		.loc 1 1913 8 is_stmt 0 view .LVU1356
 4362 0002 0029     		cmp	r1, #0
 4363 0004 18BF     		it	ne
 4364 0006 0028     		cmpne	r0, #0
 4365 0008 1AD0     		beq	.L362
 4366 000a 0D46     		mov	r5, r1
1918:Libs/cJSON/cJSON.c ****     if (case_sensitive)
 4367              		.loc 1 1918 5 is_stmt 1 view .LVU1357
1918:Libs/cJSON/cJSON.c ****     if (case_sensitive)
 4368              		.loc 1 1918 21 is_stmt 0 view .LVU1358
 4369 000c 8468     		ldr	r4, [r0, #8]
 4370              	.LVL435:
1919:Libs/cJSON/cJSON.c ****     {
 4371              		.loc 1 1919 5 is_stmt 1 view .LVU1359
1919:Libs/cJSON/cJSON.c ****     {
 4372              		.loc 1 1919 8 is_stmt 0 view .LVU1360
 4373 000e 0AB9     		cbnz	r2, .L357
 4374 0010 0AE0     		b	.L358
 4375              	.LVL436:
 4376              	.L360:
1923:Libs/cJSON/cJSON.c ****         }
 4377              		.loc 1 1923 13 is_stmt 1 view .LVU1361
1923:Libs/cJSON/cJSON.c ****         }
 4378              		.loc 1 1923 29 is_stmt 0 view .LVU1362
 4379 0012 2468     		ldr	r4, [r4]
 4380              	.LVL437:
ARM GAS  C:\Users\nicx5\AppData\Local\Temp\ccUpawvI.s 			page 146


 4381              	.L357:
1921:Libs/cJSON/cJSON.c ****         {
 4382              		.loc 1 1921 79 is_stmt 1 view .LVU1363
 4383 0014 7CB1     		cbz	r4, .L359
1921:Libs/cJSON/cJSON.c ****         {
 4384              		.loc 1 1921 61 is_stmt 0 discriminator 1 view .LVU1364
 4385 0016 216A     		ldr	r1, [r4, #32]
1921:Libs/cJSON/cJSON.c ****         {
 4386              		.loc 1 1921 42 discriminator 1 view .LVU1365
 4387 0018 69B1     		cbz	r1, .L359
1921:Libs/cJSON/cJSON.c ****         {
 4388              		.loc 1 1921 83 discriminator 2 view .LVU1366
 4389 001a 2846     		mov	r0, r5
 4390 001c FFF7FEFF 		bl	strcmp
 4391              	.LVL438:
1921:Libs/cJSON/cJSON.c ****         {
 4392              		.loc 1 1921 79 discriminator 1 view .LVU1367
 4393 0020 0028     		cmp	r0, #0
 4394 0022 F6D1     		bne	.L360
 4395 0024 07E0     		b	.L359
 4396              	.L361:
1930:Libs/cJSON/cJSON.c ****         }
 4397              		.loc 1 1930 13 is_stmt 1 view .LVU1368
1930:Libs/cJSON/cJSON.c ****         }
 4398              		.loc 1 1930 29 is_stmt 0 view .LVU1369
 4399 0026 2468     		ldr	r4, [r4]
 4400              	.LVL439:
 4401              	.L358:
1928:Libs/cJSON/cJSON.c ****         {
 4402              		.loc 1 1928 42 is_stmt 1 view .LVU1370
 4403 0028 2CB1     		cbz	r4, .L359
1928:Libs/cJSON/cJSON.c ****         {
 4404              		.loc 1 1928 46 is_stmt 0 discriminator 1 view .LVU1371
 4405 002a 216A     		ldr	r1, [r4, #32]
 4406 002c 2846     		mov	r0, r5
 4407 002e FFF7FEFF 		bl	case_insensitive_strcmp
 4408              	.LVL440:
1928:Libs/cJSON/cJSON.c ****         {
 4409              		.loc 1 1928 42 discriminator 1 view .LVU1372
 4410 0032 0028     		cmp	r0, #0
 4411 0034 F7D1     		bne	.L361
 4412              	.L359:
1934:Libs/cJSON/cJSON.c ****         return NULL;
 4413              		.loc 1 1934 5 is_stmt 1 view .LVU1373
1934:Libs/cJSON/cJSON.c ****         return NULL;
 4414              		.loc 1 1934 8 is_stmt 0 view .LVU1374
 4415 0036 2CB1     		cbz	r4, .L363
1934:Libs/cJSON/cJSON.c ****         return NULL;
 4416              		.loc 1 1934 54 discriminator 1 view .LVU1375
 4417 0038 236A     		ldr	r3, [r4, #32]
1934:Libs/cJSON/cJSON.c ****         return NULL;
 4418              		.loc 1 1934 35 discriminator 1 view .LVU1376
 4419 003a 2BB1     		cbz	r3, .L366
 4420              	.LVL441:
 4421              	.L355:
1939:Libs/cJSON/cJSON.c **** 
 4422              		.loc 1 1939 1 view .LVU1377
ARM GAS  C:\Users\nicx5\AppData\Local\Temp\ccUpawvI.s 			page 147


 4423 003c 2046     		mov	r0, r4
 4424 003e 38BD     		pop	{r3, r4, r5, pc}
 4425              	.LVL442:
 4426              	.L362:
1915:Libs/cJSON/cJSON.c ****     }
 4427              		.loc 1 1915 16 view .LVU1378
 4428 0040 0024     		movs	r4, #0
 4429 0042 FBE7     		b	.L355
 4430              	.LVL443:
 4431              	.L363:
1935:Libs/cJSON/cJSON.c ****     }
 4432              		.loc 1 1935 16 view .LVU1379
 4433 0044 0024     		movs	r4, #0
 4434              	.LVL444:
1935:Libs/cJSON/cJSON.c ****     }
 4435              		.loc 1 1935 16 view .LVU1380
 4436 0046 F9E7     		b	.L355
 4437              	.LVL445:
 4438              	.L366:
1935:Libs/cJSON/cJSON.c ****     }
 4439              		.loc 1 1935 16 view .LVU1381
 4440 0048 0024     		movs	r4, #0
 4441              	.LVL446:
1935:Libs/cJSON/cJSON.c ****     }
 4442              		.loc 1 1935 16 view .LVU1382
 4443 004a F7E7     		b	.L355
 4444              		.cfi_endproc
 4445              	.LFE46:
 4447              		.section	.text.cJSON_GetErrorPtr,"ax",%progbits
 4448              		.align	1
 4449              		.global	cJSON_GetErrorPtr
 4450              		.syntax unified
 4451              		.thumb
 4452              		.thumb_func
 4454              	cJSON_GetErrorPtr:
 4455              	.LFB4:
  95:Libs/cJSON/cJSON.c ****     return (const char*) (global_error.json + global_error.position);
 4456              		.loc 1 95 1 is_stmt 1 view -0
 4457              		.cfi_startproc
 4458              		@ args = 0, pretend = 0, frame = 0
 4459              		@ frame_needed = 0, uses_anonymous_args = 0
 4460              		@ link register save eliminated.
  96:Libs/cJSON/cJSON.c **** }
 4461              		.loc 1 96 5 view .LVU1384
  96:Libs/cJSON/cJSON.c **** }
 4462              		.loc 1 96 39 is_stmt 0 view .LVU1385
 4463 0000 024B     		ldr	r3, .L368
 4464 0002 1868     		ldr	r0, [r3]
  96:Libs/cJSON/cJSON.c **** }
 4465              		.loc 1 96 59 view .LVU1386
 4466 0004 5B68     		ldr	r3, [r3, #4]
  97:Libs/cJSON/cJSON.c **** 
 4467              		.loc 1 97 1 view .LVU1387
 4468 0006 1844     		add	r0, r0, r3
 4469 0008 7047     		bx	lr
 4470              	.L369:
 4471 000a 00BF     		.align	2
ARM GAS  C:\Users\nicx5\AppData\Local\Temp\ccUpawvI.s 			page 148


 4472              	.L368:
 4473 000c 00000000 		.word	global_error
 4474              		.cfi_endproc
 4475              	.LFE4:
 4477              		.section	.rodata.cJSON_Version.str1.4,"aMS",%progbits,1
 4478              		.align	2
 4479              	.LC10:
 4480 0000 25692E25 		.ascii	"%i.%i.%i\000"
 4480      692E2569 
 4480      00
 4481              		.section	.text.cJSON_Version,"ax",%progbits
 4482              		.align	1
 4483              		.global	cJSON_Version
 4484              		.syntax unified
 4485              		.thumb
 4486              		.thumb_func
 4488              	cJSON_Version:
 4489              	.LFB7:
 125:Libs/cJSON/cJSON.c ****     static char version[15];
 4490              		.loc 1 125 1 is_stmt 1 view -0
 4491              		.cfi_startproc
 4492              		@ args = 0, pretend = 0, frame = 0
 4493              		@ frame_needed = 0, uses_anonymous_args = 0
 4494 0000 10B5     		push	{r4, lr}
 4495              	.LCFI47:
 4496              		.cfi_def_cfa_offset 8
 4497              		.cfi_offset 4, -8
 4498              		.cfi_offset 14, -4
 4499 0002 82B0     		sub	sp, sp, #8
 4500              	.LCFI48:
 4501              		.cfi_def_cfa_offset 16
 126:Libs/cJSON/cJSON.c ****     sprintf(version, "%i.%i.%i", CJSON_VERSION_MAJOR, CJSON_VERSION_MINOR, CJSON_VERSION_PATCH);
 4502              		.loc 1 126 5 view .LVU1389
 127:Libs/cJSON/cJSON.c **** 
 4503              		.loc 1 127 5 view .LVU1390
 4504 0004 054C     		ldr	r4, .L372
 4505 0006 1223     		movs	r3, #18
 4506 0008 0093     		str	r3, [sp]
 4507 000a 0723     		movs	r3, #7
 4508 000c 0122     		movs	r2, #1
 4509 000e 0449     		ldr	r1, .L372+4
 4510 0010 2046     		mov	r0, r4
 4511 0012 FFF7FEFF 		bl	sprintf
 4512              	.LVL447:
 129:Libs/cJSON/cJSON.c **** }
 4513              		.loc 1 129 5 view .LVU1391
 130:Libs/cJSON/cJSON.c **** 
 4514              		.loc 1 130 1 is_stmt 0 view .LVU1392
 4515 0016 2046     		mov	r0, r4
 4516 0018 02B0     		add	sp, sp, #8
 4517              	.LCFI49:
 4518              		.cfi_def_cfa_offset 8
 4519              		@ sp needed
 4520 001a 10BD     		pop	{r4, pc}
 4521              	.L373:
 4522              		.align	2
 4523              	.L372:
ARM GAS  C:\Users\nicx5\AppData\Local\Temp\ccUpawvI.s 			page 149


 4524 001c 00000000 		.word	version.0
 4525 0020 00000000 		.word	.LC10
 4526              		.cfi_endproc
 4527              	.LFE7:
 4529              		.section	.text.cJSON_InitHooks,"ax",%progbits
 4530              		.align	1
 4531              		.global	cJSON_InitHooks
 4532              		.syntax unified
 4533              		.thumb
 4534              		.thumb_func
 4536              	cJSON_InitHooks:
 4537              	.LVL448:
 4538              	.LFB10:
 210:Libs/cJSON/cJSON.c ****     if (hooks == NULL)
 4539              		.loc 1 210 1 is_stmt 1 view -0
 4540              		.cfi_startproc
 4541              		@ args = 0, pretend = 0, frame = 0
 4542              		@ frame_needed = 0, uses_anonymous_args = 0
 4543              		@ link register save eliminated.
 211:Libs/cJSON/cJSON.c ****     {
 4544              		.loc 1 211 5 view .LVU1394
 211:Libs/cJSON/cJSON.c ****     {
 4545              		.loc 1 211 8 is_stmt 0 view .LVU1395
 4546 0000 0346     		mov	r3, r0
 4547 0002 A0B1     		cbz	r0, .L379
 220:Libs/cJSON/cJSON.c ****     if (hooks->malloc_fn != NULL)
 4548              		.loc 1 220 5 is_stmt 1 view .LVU1396
 220:Libs/cJSON/cJSON.c ****     if (hooks->malloc_fn != NULL)
 4549              		.loc 1 220 27 is_stmt 0 view .LVU1397
 4550 0004 124A     		ldr	r2, .L381
 4551 0006 1349     		ldr	r1, .L381+4
 4552 0008 1160     		str	r1, [r2]
 221:Libs/cJSON/cJSON.c ****     {
 4553              		.loc 1 221 5 is_stmt 1 view .LVU1398
 221:Libs/cJSON/cJSON.c ****     {
 4554              		.loc 1 221 14 is_stmt 0 view .LVU1399
 4555 000a 0268     		ldr	r2, [r0]
 221:Libs/cJSON/cJSON.c ****     {
 4556              		.loc 1 221 8 view .LVU1400
 4557 000c 0AB1     		cbz	r2, .L377
 223:Libs/cJSON/cJSON.c ****     }
 4558              		.loc 1 223 9 is_stmt 1 view .LVU1401
 223:Libs/cJSON/cJSON.c ****     }
 4559              		.loc 1 223 31 is_stmt 0 view .LVU1402
 4560 000e 1049     		ldr	r1, .L381
 4561 0010 0A60     		str	r2, [r1]
 4562              	.L377:
 226:Libs/cJSON/cJSON.c ****     if (hooks->free_fn != NULL)
 4563              		.loc 1 226 5 is_stmt 1 view .LVU1403
 226:Libs/cJSON/cJSON.c ****     if (hooks->free_fn != NULL)
 4564              		.loc 1 226 29 is_stmt 0 view .LVU1404
 4565 0012 0F4A     		ldr	r2, .L381
 4566 0014 1049     		ldr	r1, .L381+8
 4567 0016 5160     		str	r1, [r2, #4]
 227:Libs/cJSON/cJSON.c ****     {
 4568              		.loc 1 227 5 is_stmt 1 view .LVU1405
 227:Libs/cJSON/cJSON.c ****     {
ARM GAS  C:\Users\nicx5\AppData\Local\Temp\ccUpawvI.s 			page 150


 4569              		.loc 1 227 14 is_stmt 0 view .LVU1406
 4570 0018 5B68     		ldr	r3, [r3, #4]
 227:Libs/cJSON/cJSON.c ****     {
 4571              		.loc 1 227 8 view .LVU1407
 4572 001a 03B1     		cbz	r3, .L378
 229:Libs/cJSON/cJSON.c ****     }
 4573              		.loc 1 229 9 is_stmt 1 view .LVU1408
 229:Libs/cJSON/cJSON.c ****     }
 4574              		.loc 1 229 33 is_stmt 0 view .LVU1409
 4575 001c 5360     		str	r3, [r2, #4]
 4576              	.L378:
 233:Libs/cJSON/cJSON.c ****     if ((global_hooks.allocate == malloc) && (global_hooks.deallocate == free))
 4577              		.loc 1 233 5 is_stmt 1 view .LVU1410
 233:Libs/cJSON/cJSON.c ****     if ((global_hooks.allocate == malloc) && (global_hooks.deallocate == free))
 4578              		.loc 1 233 29 is_stmt 0 view .LVU1411
 4579 001e 0C4B     		ldr	r3, .L381
 4580 0020 0022     		movs	r2, #0
 4581 0022 9A60     		str	r2, [r3, #8]
 234:Libs/cJSON/cJSON.c ****     {
 4582              		.loc 1 234 5 is_stmt 1 view .LVU1412
 234:Libs/cJSON/cJSON.c ****     {
 4583              		.loc 1 234 22 is_stmt 0 view .LVU1413
 4584 0024 1A68     		ldr	r2, [r3]
 234:Libs/cJSON/cJSON.c ****     {
 4585              		.loc 1 234 8 view .LVU1414
 4586 0026 0B4B     		ldr	r3, .L381+4
 4587 0028 9A42     		cmp	r2, r3
 4588 002a 08D0     		beq	.L380
 4589              	.L374:
 238:Libs/cJSON/cJSON.c **** 
 4590              		.loc 1 238 1 view .LVU1415
 4591 002c 7047     		bx	lr
 4592              	.L379:
 214:Libs/cJSON/cJSON.c ****         global_hooks.deallocate = free;
 4593              		.loc 1 214 9 is_stmt 1 view .LVU1416
 214:Libs/cJSON/cJSON.c ****         global_hooks.deallocate = free;
 4594              		.loc 1 214 31 is_stmt 0 view .LVU1417
 4595 002e 084B     		ldr	r3, .L381
 4596 0030 084A     		ldr	r2, .L381+4
 4597 0032 1A60     		str	r2, [r3]
 215:Libs/cJSON/cJSON.c ****         global_hooks.reallocate = realloc;
 4598              		.loc 1 215 9 is_stmt 1 view .LVU1418
 215:Libs/cJSON/cJSON.c ****         global_hooks.reallocate = realloc;
 4599              		.loc 1 215 33 is_stmt 0 view .LVU1419
 4600 0034 084A     		ldr	r2, .L381+8
 4601 0036 5A60     		str	r2, [r3, #4]
 216:Libs/cJSON/cJSON.c ****         return;
 4602              		.loc 1 216 9 is_stmt 1 view .LVU1420
 216:Libs/cJSON/cJSON.c ****         return;
 4603              		.loc 1 216 33 is_stmt 0 view .LVU1421
 4604 0038 084A     		ldr	r2, .L381+12
 4605 003a 9A60     		str	r2, [r3, #8]
 217:Libs/cJSON/cJSON.c ****     }
 4606              		.loc 1 217 9 is_stmt 1 view .LVU1422
 4607 003c 7047     		bx	lr
 4608              	.L380:
 234:Libs/cJSON/cJSON.c ****     {
ARM GAS  C:\Users\nicx5\AppData\Local\Temp\ccUpawvI.s 			page 151


 4609              		.loc 1 234 59 is_stmt 0 discriminator 1 view .LVU1423
 4610 003e 044B     		ldr	r3, .L381
 4611 0040 5A68     		ldr	r2, [r3, #4]
 234:Libs/cJSON/cJSON.c ****     {
 4612              		.loc 1 234 43 discriminator 1 view .LVU1424
 4613 0042 054B     		ldr	r3, .L381+8
 4614 0044 9A42     		cmp	r2, r3
 4615 0046 F1D1     		bne	.L374
 236:Libs/cJSON/cJSON.c ****     }
 4616              		.loc 1 236 9 is_stmt 1 view .LVU1425
 236:Libs/cJSON/cJSON.c ****     }
 4617              		.loc 1 236 33 is_stmt 0 view .LVU1426
 4618 0048 014B     		ldr	r3, .L381
 4619 004a 044A     		ldr	r2, .L381+12
 4620 004c 9A60     		str	r2, [r3, #8]
 4621 004e EDE7     		b	.L374
 4622              	.L382:
 4623              		.align	2
 4624              	.L381:
 4625 0050 00000000 		.word	global_hooks
 4626 0054 00000000 		.word	malloc
 4627 0058 00000000 		.word	free
 4628 005c 00000000 		.word	realloc
 4629              		.cfi_endproc
 4630              	.LFE10:
 4632              		.section	.text.cJSON_Delete,"ax",%progbits
 4633              		.align	1
 4634              		.global	cJSON_Delete
 4635              		.syntax unified
 4636              		.thumb
 4637              		.thumb_func
 4639              	cJSON_Delete:
 4640              	.LVL449:
 4641              	.LFB12:
 254:Libs/cJSON/cJSON.c ****     cJSON *next = NULL;
 4642              		.loc 1 254 1 is_stmt 1 view -0
 4643              		.cfi_startproc
 4644              		@ args = 0, pretend = 0, frame = 0
 4645              		@ frame_needed = 0, uses_anonymous_args = 0
 254:Libs/cJSON/cJSON.c ****     cJSON *next = NULL;
 4646              		.loc 1 254 1 is_stmt 0 view .LVU1428
 4647 0000 38B5     		push	{r3, r4, r5, lr}
 4648              	.LCFI50:
 4649              		.cfi_def_cfa_offset 16
 4650              		.cfi_offset 3, -16
 4651              		.cfi_offset 4, -12
 4652              		.cfi_offset 5, -8
 4653              		.cfi_offset 14, -4
 4654 0002 0446     		mov	r4, r0
 255:Libs/cJSON/cJSON.c ****     while (item != NULL)
 4655              		.loc 1 255 5 is_stmt 1 view .LVU1429
 4656              	.LVL450:
 256:Libs/cJSON/cJSON.c ****     {
 4657              		.loc 1 256 5 view .LVU1430
 256:Libs/cJSON/cJSON.c ****     {
 4658              		.loc 1 256 11 is_stmt 0 view .LVU1431
 4659 0004 1AE0     		b	.L384
ARM GAS  C:\Users\nicx5\AppData\Local\Temp\ccUpawvI.s 			page 152


 4660              	.LVL451:
 4661              	.L385:
 263:Libs/cJSON/cJSON.c ****         {
 4662              		.loc 1 263 9 is_stmt 1 view .LVU1432
 263:Libs/cJSON/cJSON.c ****         {
 4663              		.loc 1 263 19 is_stmt 0 view .LVU1433
 4664 0006 E368     		ldr	r3, [r4, #12]
 263:Libs/cJSON/cJSON.c ****         {
 4665              		.loc 1 263 12 view .LVU1434
 4666 0008 13F4807F 		tst	r3, #256
 4667 000c 06D1     		bne	.L386
 263:Libs/cJSON/cJSON.c ****         {
 4668              		.loc 1 263 55 discriminator 1 view .LVU1435
 4669 000e 2069     		ldr	r0, [r4, #16]
 263:Libs/cJSON/cJSON.c ****         {
 4670              		.loc 1 263 47 discriminator 1 view .LVU1436
 4671 0010 20B1     		cbz	r0, .L386
 265:Libs/cJSON/cJSON.c ****             item->valuestring = NULL;
 4672              		.loc 1 265 13 is_stmt 1 view .LVU1437
 265:Libs/cJSON/cJSON.c ****             item->valuestring = NULL;
 4673              		.loc 1 265 25 is_stmt 0 view .LVU1438
 4674 0012 114B     		ldr	r3, .L391
 4675 0014 5B68     		ldr	r3, [r3, #4]
 265:Libs/cJSON/cJSON.c ****             item->valuestring = NULL;
 4676              		.loc 1 265 13 view .LVU1439
 4677 0016 9847     		blx	r3
 4678              	.LVL452:
 266:Libs/cJSON/cJSON.c ****         }
 4679              		.loc 1 266 13 is_stmt 1 view .LVU1440
 266:Libs/cJSON/cJSON.c ****         }
 4680              		.loc 1 266 31 is_stmt 0 view .LVU1441
 4681 0018 0023     		movs	r3, #0
 4682 001a 2361     		str	r3, [r4, #16]
 4683              	.L386:
 268:Libs/cJSON/cJSON.c ****         {
 4684              		.loc 1 268 9 is_stmt 1 view .LVU1442
 268:Libs/cJSON/cJSON.c ****         {
 4685              		.loc 1 268 19 is_stmt 0 view .LVU1443
 4686 001c E368     		ldr	r3, [r4, #12]
 268:Libs/cJSON/cJSON.c ****         {
 4687              		.loc 1 268 12 view .LVU1444
 4688 001e 13F4007F 		tst	r3, #512
 4689 0022 06D1     		bne	.L387
 268:Libs/cJSON/cJSON.c ****         {
 4690              		.loc 1 268 57 discriminator 1 view .LVU1445
 4691 0024 206A     		ldr	r0, [r4, #32]
 268:Libs/cJSON/cJSON.c ****         {
 4692              		.loc 1 268 49 discriminator 1 view .LVU1446
 4693 0026 20B1     		cbz	r0, .L387
 270:Libs/cJSON/cJSON.c ****             item->string = NULL;
 4694              		.loc 1 270 13 is_stmt 1 view .LVU1447
 270:Libs/cJSON/cJSON.c ****             item->string = NULL;
 4695              		.loc 1 270 25 is_stmt 0 view .LVU1448
 4696 0028 0B4B     		ldr	r3, .L391
 4697 002a 5B68     		ldr	r3, [r3, #4]
 270:Libs/cJSON/cJSON.c ****             item->string = NULL;
 4698              		.loc 1 270 13 view .LVU1449
ARM GAS  C:\Users\nicx5\AppData\Local\Temp\ccUpawvI.s 			page 153


 4699 002c 9847     		blx	r3
 4700              	.LVL453:
 271:Libs/cJSON/cJSON.c ****         }
 4701              		.loc 1 271 13 is_stmt 1 view .LVU1450
 271:Libs/cJSON/cJSON.c ****         }
 4702              		.loc 1 271 26 is_stmt 0 view .LVU1451
 4703 002e 0023     		movs	r3, #0
 4704 0030 2362     		str	r3, [r4, #32]
 4705              	.L387:
 273:Libs/cJSON/cJSON.c ****         item = next;
 4706              		.loc 1 273 9 is_stmt 1 view .LVU1452
 273:Libs/cJSON/cJSON.c ****         item = next;
 4707              		.loc 1 273 21 is_stmt 0 view .LVU1453
 4708 0032 094B     		ldr	r3, .L391
 4709 0034 5B68     		ldr	r3, [r3, #4]
 273:Libs/cJSON/cJSON.c ****         item = next;
 4710              		.loc 1 273 9 view .LVU1454
 4711 0036 2046     		mov	r0, r4
 4712 0038 9847     		blx	r3
 4713              	.LVL454:
 274:Libs/cJSON/cJSON.c ****     }
 4714              		.loc 1 274 9 is_stmt 1 view .LVU1455
 274:Libs/cJSON/cJSON.c ****     }
 4715              		.loc 1 274 14 is_stmt 0 view .LVU1456
 4716 003a 2C46     		mov	r4, r5
 4717              	.LVL455:
 4718              	.L384:
 256:Libs/cJSON/cJSON.c ****     {
 4719              		.loc 1 256 17 is_stmt 1 view .LVU1457
 4720 003c 54B1     		cbz	r4, .L390
 258:Libs/cJSON/cJSON.c ****         if (!(item->type & cJSON_IsReference) && (item->child != NULL))
 4721              		.loc 1 258 9 view .LVU1458
 258:Libs/cJSON/cJSON.c ****         if (!(item->type & cJSON_IsReference) && (item->child != NULL))
 4722              		.loc 1 258 14 is_stmt 0 view .LVU1459
 4723 003e 2568     		ldr	r5, [r4]
 4724              	.LVL456:
 259:Libs/cJSON/cJSON.c ****         {
 4725              		.loc 1 259 9 is_stmt 1 view .LVU1460
 259:Libs/cJSON/cJSON.c ****         {
 4726              		.loc 1 259 19 is_stmt 0 view .LVU1461
 4727 0040 E368     		ldr	r3, [r4, #12]
 259:Libs/cJSON/cJSON.c ****         {
 4728              		.loc 1 259 12 view .LVU1462
 4729 0042 13F4807F 		tst	r3, #256
 4730 0046 DED1     		bne	.L385
 259:Libs/cJSON/cJSON.c ****         {
 4731              		.loc 1 259 55 discriminator 1 view .LVU1463
 4732 0048 A068     		ldr	r0, [r4, #8]
 259:Libs/cJSON/cJSON.c ****         {
 4733              		.loc 1 259 47 discriminator 1 view .LVU1464
 4734 004a 0028     		cmp	r0, #0
 4735 004c DBD0     		beq	.L385
 261:Libs/cJSON/cJSON.c ****         }
 4736              		.loc 1 261 13 is_stmt 1 view .LVU1465
 4737 004e FFF7FEFF 		bl	cJSON_Delete
 4738              	.LVL457:
 4739 0052 D8E7     		b	.L385
ARM GAS  C:\Users\nicx5\AppData\Local\Temp\ccUpawvI.s 			page 154


 4740              	.LVL458:
 4741              	.L390:
 276:Libs/cJSON/cJSON.c **** 
 4742              		.loc 1 276 1 is_stmt 0 view .LVU1466
 4743 0054 38BD     		pop	{r3, r4, r5, pc}
 4744              	.LVL459:
 4745              	.L392:
 276:Libs/cJSON/cJSON.c **** 
 4746              		.loc 1 276 1 view .LVU1467
 4747 0056 00BF     		.align	2
 4748              	.L391:
 4749 0058 00000000 		.word	global_hooks
 4750              		.cfi_endproc
 4751              	.LFE12:
 4753              		.section	.text.parse_object,"ax",%progbits
 4754              		.align	1
 4755              		.syntax unified
 4756              		.thumb
 4757              		.thumb_func
 4759              	parse_object:
 4760              	.LVL460:
 4761              	.LFB41:
1626:Libs/cJSON/cJSON.c ****     cJSON *head = NULL; /* linked list head */
 4762              		.loc 1 1626 1 is_stmt 1 view -0
 4763              		.cfi_startproc
 4764              		@ args = 0, pretend = 0, frame = 0
 4765              		@ frame_needed = 0, uses_anonymous_args = 0
1627:Libs/cJSON/cJSON.c ****     cJSON *current_item = NULL;
 4766              		.loc 1 1627 5 view .LVU1469
1628:Libs/cJSON/cJSON.c **** 
 4767              		.loc 1 1628 5 view .LVU1470
1630:Libs/cJSON/cJSON.c ****     {
 4768              		.loc 1 1630 5 view .LVU1471
1630:Libs/cJSON/cJSON.c ****     {
 4769              		.loc 1 1630 21 is_stmt 0 view .LVU1472
 4770 0000 CB68     		ldr	r3, [r1, #12]
1630:Libs/cJSON/cJSON.c ****     {
 4771              		.loc 1 1630 8 view .LVU1473
 4772 0002 B3F57A7F 		cmp	r3, #1000
 4773 0006 80F08E80 		bcs	.L403
1626:Libs/cJSON/cJSON.c ****     cJSON *head = NULL; /* linked list head */
 4774              		.loc 1 1626 1 view .LVU1474
 4775 000a 2DE9F041 		push	{r4, r5, r6, r7, r8, lr}
 4776              	.LCFI51:
 4777              		.cfi_def_cfa_offset 24
 4778              		.cfi_offset 4, -24
 4779              		.cfi_offset 5, -20
 4780              		.cfi_offset 6, -16
 4781              		.cfi_offset 7, -12
 4782              		.cfi_offset 8, -8
 4783              		.cfi_offset 14, -4
 4784 000e 0646     		mov	r6, r0
 4785 0010 0C46     		mov	r4, r1
1634:Libs/cJSON/cJSON.c **** 
 4786              		.loc 1 1634 5 is_stmt 1 view .LVU1475
1634:Libs/cJSON/cJSON.c **** 
 4787              		.loc 1 1634 24 is_stmt 0 view .LVU1476
ARM GAS  C:\Users\nicx5\AppData\Local\Temp\ccUpawvI.s 			page 155


 4788 0012 0133     		adds	r3, r3, #1
 4789 0014 CB60     		str	r3, [r1, #12]
1636:Libs/cJSON/cJSON.c ****     {
 4790              		.loc 1 1636 5 is_stmt 1 view .LVU1477
1636:Libs/cJSON/cJSON.c ****     {
 4791              		.loc 1 1636 8 is_stmt 0 view .LVU1478
 4792 0016 0029     		cmp	r1, #0
 4793 0018 00F08780 		beq	.L404
1636:Libs/cJSON/cJSON.c ****     {
 4794              		.loc 1 1636 9 discriminator 1 view .LVU1479
 4795 001c 8B68     		ldr	r3, [r1, #8]
 4796 001e 4A68     		ldr	r2, [r1, #4]
 4797 0020 9342     		cmp	r3, r2
 4798 0022 80F08480 		bcs	.L405
1636:Libs/cJSON/cJSON.c ****     {
 4799              		.loc 1 1636 53 discriminator 2 view .LVU1480
 4800 0026 0A68     		ldr	r2, [r1]
1636:Libs/cJSON/cJSON.c ****     {
 4801              		.loc 1 1636 83 discriminator 2 view .LVU1481
 4802 0028 D25C     		ldrb	r2, [r2, r3]	@ zero_extendqisi2
1636:Libs/cJSON/cJSON.c ****     {
 4803              		.loc 1 1636 49 discriminator 2 view .LVU1482
 4804 002a 7B2A     		cmp	r2, #123
 4805 002c 02D0     		beq	.L414
1739:Libs/cJSON/cJSON.c **** }
 4806              		.loc 1 1739 12 view .LVU1483
 4807 002e 0020     		movs	r0, #0
 4808              	.LVL461:
 4809              	.L393:
1740:Libs/cJSON/cJSON.c **** 
 4810              		.loc 1 1740 1 view .LVU1484
 4811 0030 BDE8F081 		pop	{r4, r5, r6, r7, r8, pc}
 4812              	.LVL462:
 4813              	.L414:
1641:Libs/cJSON/cJSON.c ****     buffer_skip_whitespace(input_buffer);
 4814              		.loc 1 1641 5 is_stmt 1 view .LVU1485
1641:Libs/cJSON/cJSON.c ****     buffer_skip_whitespace(input_buffer);
 4815              		.loc 1 1641 25 is_stmt 0 view .LVU1486
 4816 0034 0133     		adds	r3, r3, #1
 4817 0036 8B60     		str	r3, [r1, #8]
1642:Libs/cJSON/cJSON.c ****     if (can_access_at_index(input_buffer, 0) && (buffer_at_offset(input_buffer)[0] == '}'))
 4818              		.loc 1 1642 5 is_stmt 1 view .LVU1487
 4819 0038 0846     		mov	r0, r1
 4820              	.LVL463:
1642:Libs/cJSON/cJSON.c ****     if (can_access_at_index(input_buffer, 0) && (buffer_at_offset(input_buffer)[0] == '}'))
 4821              		.loc 1 1642 5 is_stmt 0 view .LVU1488
 4822 003a FFF7FEFF 		bl	buffer_skip_whitespace
 4823              	.LVL464:
1643:Libs/cJSON/cJSON.c ****     {
 4824              		.loc 1 1643 5 is_stmt 1 view .LVU1489
1643:Libs/cJSON/cJSON.c ****     {
 4825              		.loc 1 1643 9 is_stmt 0 discriminator 1 view .LVU1490
 4826 003e A368     		ldr	r3, [r4, #8]
 4827 0040 6268     		ldr	r2, [r4, #4]
 4828 0042 9342     		cmp	r3, r2
 4829 0044 03D2     		bcs	.L395
1643:Libs/cJSON/cJSON.c ****     {
ARM GAS  C:\Users\nicx5\AppData\Local\Temp\ccUpawvI.s 			page 156


 4830              		.loc 1 1643 50 discriminator 2 view .LVU1491
 4831 0046 2268     		ldr	r2, [r4]
1643:Libs/cJSON/cJSON.c ****     {
 4832              		.loc 1 1643 80 discriminator 2 view .LVU1492
 4833 0048 D35C     		ldrb	r3, [r2, r3]	@ zero_extendqisi2
1643:Libs/cJSON/cJSON.c ****     {
 4834              		.loc 1 1643 46 discriminator 2 view .LVU1493
 4835 004a 7D2B     		cmp	r3, #125
 4836 004c 5CD0     		beq	.L407
 4837              	.L395:
1649:Libs/cJSON/cJSON.c ****     {
 4838              		.loc 1 1649 9 discriminator 1 view .LVU1494
 4839 004e A368     		ldr	r3, [r4, #8]
 4840 0050 6268     		ldr	r2, [r4, #4]
 4841 0052 9342     		cmp	r3, r2
 4842 0054 04D2     		bcs	.L415
1656:Libs/cJSON/cJSON.c ****     /* loop through the comma separated array elements */
 4843              		.loc 1 1656 5 is_stmt 1 view .LVU1495
1656:Libs/cJSON/cJSON.c ****     /* loop through the comma separated array elements */
 4844              		.loc 1 1656 25 is_stmt 0 view .LVU1496
 4845 0056 013B     		subs	r3, r3, #1
 4846 0058 A360     		str	r3, [r4, #8]
1628:Libs/cJSON/cJSON.c **** 
 4847              		.loc 1 1628 12 view .LVU1497
 4848 005a 0025     		movs	r5, #0
1627:Libs/cJSON/cJSON.c ****     cJSON *current_item = NULL;
 4849              		.loc 1 1627 12 view .LVU1498
 4850 005c 2F46     		mov	r7, r5
 4851 005e 37E0     		b	.L401
 4852              	.L415:
1651:Libs/cJSON/cJSON.c ****         goto fail;
 4853              		.loc 1 1651 9 is_stmt 1 view .LVU1499
1651:Libs/cJSON/cJSON.c ****         goto fail;
 4854              		.loc 1 1651 29 is_stmt 0 view .LVU1500
 4855 0060 013B     		subs	r3, r3, #1
 4856 0062 A360     		str	r3, [r4, #8]
1652:Libs/cJSON/cJSON.c ****     }
 4857              		.loc 1 1652 9 is_stmt 1 view .LVU1501
1734:Libs/cJSON/cJSON.c ****     {
 4858              		.loc 1 1734 5 view .LVU1502
1739:Libs/cJSON/cJSON.c **** }
 4859              		.loc 1 1739 12 is_stmt 0 view .LVU1503
 4860 0064 0020     		movs	r0, #0
 4861 0066 E3E7     		b	.L393
 4862              	.LVL465:
 4863              	.L408:
 4864              	.LBB16:
1671:Libs/cJSON/cJSON.c ****         }
 4865              		.loc 1 1671 33 view .LVU1504
 4866 0068 0746     		mov	r7, r0
 4867              	.LVL466:
 4868              	.L399:
1681:Libs/cJSON/cJSON.c ****         {
 4869              		.loc 1 1681 9 is_stmt 1 view .LVU1505
1681:Libs/cJSON/cJSON.c ****         {
 4870              		.loc 1 1681 13 is_stmt 0 discriminator 1 view .LVU1506
 4871 006a A368     		ldr	r3, [r4, #8]
ARM GAS  C:\Users\nicx5\AppData\Local\Temp\ccUpawvI.s 			page 157


 4872 006c 0133     		adds	r3, r3, #1
 4873 006e 6268     		ldr	r2, [r4, #4]
 4874 0070 9342     		cmp	r3, r2
 4875 0072 43D2     		bcs	.L398
1687:Libs/cJSON/cJSON.c ****         buffer_skip_whitespace(input_buffer);
 4876              		.loc 1 1687 9 is_stmt 1 view .LVU1507
1687:Libs/cJSON/cJSON.c ****         buffer_skip_whitespace(input_buffer);
 4877              		.loc 1 1687 29 is_stmt 0 view .LVU1508
 4878 0074 A360     		str	r3, [r4, #8]
1688:Libs/cJSON/cJSON.c ****         if (!parse_string(current_item, input_buffer))
 4879              		.loc 1 1688 9 is_stmt 1 view .LVU1509
 4880 0076 2046     		mov	r0, r4
 4881              	.LVL467:
1688:Libs/cJSON/cJSON.c ****         if (!parse_string(current_item, input_buffer))
 4882              		.loc 1 1688 9 is_stmt 0 view .LVU1510
 4883 0078 FFF7FEFF 		bl	buffer_skip_whitespace
 4884              	.LVL468:
1689:Libs/cJSON/cJSON.c ****         {
 4885              		.loc 1 1689 9 is_stmt 1 view .LVU1511
1689:Libs/cJSON/cJSON.c ****         {
 4886              		.loc 1 1689 14 is_stmt 0 view .LVU1512
 4887 007c 2146     		mov	r1, r4
 4888 007e 2846     		mov	r0, r5
 4889 0080 FFF7FEFF 		bl	parse_string
 4890              	.LVL469:
1689:Libs/cJSON/cJSON.c ****         {
 4891              		.loc 1 1689 12 discriminator 1 view .LVU1513
 4892 0084 0028     		cmp	r0, #0
 4893 0086 39D0     		beq	.L398
1693:Libs/cJSON/cJSON.c **** 
 4894              		.loc 1 1693 9 is_stmt 1 view .LVU1514
 4895 0088 2046     		mov	r0, r4
 4896 008a FFF7FEFF 		bl	buffer_skip_whitespace
 4897              	.LVL470:
1696:Libs/cJSON/cJSON.c ****         current_item->valuestring = NULL;
 4898              		.loc 1 1696 9 view .LVU1515
1696:Libs/cJSON/cJSON.c ****         current_item->valuestring = NULL;
 4899              		.loc 1 1696 44 is_stmt 0 view .LVU1516
 4900 008e 2B69     		ldr	r3, [r5, #16]
1696:Libs/cJSON/cJSON.c ****         current_item->valuestring = NULL;
 4901              		.loc 1 1696 30 view .LVU1517
 4902 0090 2B62     		str	r3, [r5, #32]
1697:Libs/cJSON/cJSON.c **** 
 4903              		.loc 1 1697 9 is_stmt 1 view .LVU1518
1697:Libs/cJSON/cJSON.c **** 
 4904              		.loc 1 1697 35 is_stmt 0 view .LVU1519
 4905 0092 0023     		movs	r3, #0
 4906 0094 2B61     		str	r3, [r5, #16]
1699:Libs/cJSON/cJSON.c ****         {
 4907              		.loc 1 1699 9 is_stmt 1 view .LVU1520
1699:Libs/cJSON/cJSON.c ****         {
 4908              		.loc 1 1699 13 is_stmt 0 discriminator 1 view .LVU1521
 4909 0096 A368     		ldr	r3, [r4, #8]
 4910 0098 6268     		ldr	r2, [r4, #4]
 4911 009a 9342     		cmp	r3, r2
 4912 009c 2ED2     		bcs	.L398
1699:Libs/cJSON/cJSON.c ****         {
ARM GAS  C:\Users\nicx5\AppData\Local\Temp\ccUpawvI.s 			page 158


 4913              		.loc 1 1699 57 discriminator 2 view .LVU1522
 4914 009e 2268     		ldr	r2, [r4]
1699:Libs/cJSON/cJSON.c ****         {
 4915              		.loc 1 1699 87 discriminator 2 view .LVU1523
 4916 00a0 D25C     		ldrb	r2, [r2, r3]	@ zero_extendqisi2
1699:Libs/cJSON/cJSON.c ****         {
 4917              		.loc 1 1699 53 discriminator 2 view .LVU1524
 4918 00a2 3A2A     		cmp	r2, #58
 4919 00a4 2AD1     		bne	.L398
1705:Libs/cJSON/cJSON.c ****         buffer_skip_whitespace(input_buffer);
 4920              		.loc 1 1705 9 is_stmt 1 view .LVU1525
1705:Libs/cJSON/cJSON.c ****         buffer_skip_whitespace(input_buffer);
 4921              		.loc 1 1705 29 is_stmt 0 view .LVU1526
 4922 00a6 0133     		adds	r3, r3, #1
 4923 00a8 A360     		str	r3, [r4, #8]
1706:Libs/cJSON/cJSON.c ****         if (!parse_value(current_item, input_buffer))
 4924              		.loc 1 1706 9 is_stmt 1 view .LVU1527
 4925 00aa 2046     		mov	r0, r4
 4926 00ac FFF7FEFF 		bl	buffer_skip_whitespace
 4927              	.LVL471:
1707:Libs/cJSON/cJSON.c ****         {
 4928              		.loc 1 1707 9 view .LVU1528
1707:Libs/cJSON/cJSON.c ****         {
 4929              		.loc 1 1707 14 is_stmt 0 view .LVU1529
 4930 00b0 2146     		mov	r1, r4
 4931 00b2 2846     		mov	r0, r5
 4932 00b4 FFF7FEFF 		bl	parse_value
 4933              	.LVL472:
1707:Libs/cJSON/cJSON.c ****         {
 4934              		.loc 1 1707 12 discriminator 1 view .LVU1530
 4935 00b8 00B3     		cbz	r0, .L398
1711:Libs/cJSON/cJSON.c ****     }
 4936              		.loc 1 1711 9 is_stmt 1 view .LVU1531
 4937 00ba 2046     		mov	r0, r4
 4938 00bc FFF7FEFF 		bl	buffer_skip_whitespace
 4939              	.LVL473:
 4940              	.LBE16:
1713:Libs/cJSON/cJSON.c **** 
 4941              		.loc 1 1713 49 view .LVU1532
1713:Libs/cJSON/cJSON.c **** 
 4942              		.loc 1 1713 12 is_stmt 0 discriminator 1 view .LVU1533
 4943 00c0 A368     		ldr	r3, [r4, #8]
 4944 00c2 6268     		ldr	r2, [r4, #4]
 4945 00c4 9342     		cmp	r3, r2
 4946 00c6 11D2     		bcs	.L400
1713:Libs/cJSON/cJSON.c **** 
 4947              		.loc 1 1713 53 discriminator 2 view .LVU1534
 4948 00c8 2268     		ldr	r2, [r4]
1713:Libs/cJSON/cJSON.c **** 
 4949              		.loc 1 1713 83 discriminator 2 view .LVU1535
 4950 00ca D35C     		ldrb	r3, [r2, r3]	@ zero_extendqisi2
1713:Libs/cJSON/cJSON.c **** 
 4951              		.loc 1 1713 49 discriminator 2 view .LVU1536
 4952 00cc 2C2B     		cmp	r3, #44
 4953 00ce 0DD1     		bne	.L400
 4954              	.LVL474:
 4955              	.L401:
ARM GAS  C:\Users\nicx5\AppData\Local\Temp\ccUpawvI.s 			page 159


1658:Libs/cJSON/cJSON.c ****     {
 4956              		.loc 1 1658 5 is_stmt 1 view .LVU1537
 4957              	.LBB17:
1661:Libs/cJSON/cJSON.c ****         if (new_item == NULL)
 4958              		.loc 1 1661 9 view .LVU1538
 4959 00d0 A846     		mov	r8, r5
1661:Libs/cJSON/cJSON.c ****         if (new_item == NULL)
 4960              		.loc 1 1661 27 is_stmt 0 view .LVU1539
 4961 00d2 04F11000 		add	r0, r4, #16
 4962 00d6 FFF7FEFF 		bl	cJSON_New_Item
 4963              	.LVL475:
1662:Libs/cJSON/cJSON.c ****         {
 4964              		.loc 1 1662 9 is_stmt 1 view .LVU1540
1662:Libs/cJSON/cJSON.c ****         {
 4965              		.loc 1 1662 12 is_stmt 0 view .LVU1541
 4966 00da 0546     		mov	r5, r0
 4967              	.LVL476:
1662:Libs/cJSON/cJSON.c ****         {
 4968              		.loc 1 1662 12 view .LVU1542
 4969 00dc 70B1     		cbz	r0, .L398
1668:Libs/cJSON/cJSON.c ****         {
 4970              		.loc 1 1668 9 is_stmt 1 view .LVU1543
1668:Libs/cJSON/cJSON.c ****         {
 4971              		.loc 1 1668 12 is_stmt 0 view .LVU1544
 4972 00de 002F     		cmp	r7, #0
 4973 00e0 C2D0     		beq	.L408
1676:Libs/cJSON/cJSON.c ****             new_item->prev = current_item;
 4974              		.loc 1 1676 13 is_stmt 1 view .LVU1545
1676:Libs/cJSON/cJSON.c ****             new_item->prev = current_item;
 4975              		.loc 1 1676 32 is_stmt 0 view .LVU1546
 4976 00e2 C8F80000 		str	r0, [r8]
1677:Libs/cJSON/cJSON.c ****             current_item = new_item;
 4977              		.loc 1 1677 13 is_stmt 1 view .LVU1547
1677:Libs/cJSON/cJSON.c ****             current_item = new_item;
 4978              		.loc 1 1677 28 is_stmt 0 view .LVU1548
 4979 00e6 C0F80480 		str	r8, [r0, #4]
1678:Libs/cJSON/cJSON.c ****         }
 4980              		.loc 1 1678 13 is_stmt 1 view .LVU1549
 4981              	.LVL477:
1678:Libs/cJSON/cJSON.c ****         }
 4982              		.loc 1 1678 13 is_stmt 0 view .LVU1550
 4983 00ea BEE7     		b	.L399
 4984              	.LVL478:
 4985              	.L400:
1678:Libs/cJSON/cJSON.c ****         }
 4986              		.loc 1 1678 13 view .LVU1551
 4987              	.LBE17:
1715:Libs/cJSON/cJSON.c ****     {
 4988              		.loc 1 1715 5 is_stmt 1 view .LVU1552
1715:Libs/cJSON/cJSON.c ****     {
 4989              		.loc 1 1715 9 is_stmt 0 discriminator 1 view .LVU1553
 4990 00ec A368     		ldr	r3, [r4, #8]
 4991 00ee 6268     		ldr	r2, [r4, #4]
 4992 00f0 9342     		cmp	r3, r2
 4993 00f2 03D2     		bcs	.L398
1715:Libs/cJSON/cJSON.c ****     {
 4994              		.loc 1 1715 53 discriminator 2 view .LVU1554
ARM GAS  C:\Users\nicx5\AppData\Local\Temp\ccUpawvI.s 			page 160


 4995 00f4 2268     		ldr	r2, [r4]
1715:Libs/cJSON/cJSON.c ****     {
 4996              		.loc 1 1715 83 discriminator 2 view .LVU1555
 4997 00f6 D35C     		ldrb	r3, [r2, r3]	@ zero_extendqisi2
1715:Libs/cJSON/cJSON.c ****     {
 4998              		.loc 1 1715 49 discriminator 2 view .LVU1556
 4999 00f8 7D2B     		cmp	r3, #125
 5000 00fa 07D0     		beq	.L396
 5001              	.LVL479:
 5002              	.L398:
1734:Libs/cJSON/cJSON.c ****     {
 5003              		.loc 1 1734 5 is_stmt 1 view .LVU1557
1734:Libs/cJSON/cJSON.c ****     {
 5004              		.loc 1 1734 8 is_stmt 0 view .LVU1558
 5005 00fc CFB1     		cbz	r7, .L409
1736:Libs/cJSON/cJSON.c ****     }
 5006              		.loc 1 1736 9 is_stmt 1 view .LVU1559
 5007 00fe 3846     		mov	r0, r7
 5008 0100 FFF7FEFF 		bl	cJSON_Delete
 5009              	.LVL480:
1739:Libs/cJSON/cJSON.c **** }
 5010              		.loc 1 1739 12 is_stmt 0 view .LVU1560
 5011 0104 0020     		movs	r0, #0
 5012 0106 93E7     		b	.L393
 5013              	.LVL481:
 5014              	.L407:
1628:Libs/cJSON/cJSON.c **** 
 5015              		.loc 1 1628 12 view .LVU1561
 5016 0108 0025     		movs	r5, #0
1627:Libs/cJSON/cJSON.c ****     cJSON *current_item = NULL;
 5017              		.loc 1 1627 12 view .LVU1562
 5018 010a 2F46     		mov	r7, r5
 5019              	.LVL482:
 5020              	.L396:
1721:Libs/cJSON/cJSON.c **** 
 5021              		.loc 1 1721 5 is_stmt 1 view .LVU1563
1721:Libs/cJSON/cJSON.c **** 
 5022              		.loc 1 1721 17 is_stmt 0 view .LVU1564
 5023 010c E368     		ldr	r3, [r4, #12]
1721:Libs/cJSON/cJSON.c **** 
 5024              		.loc 1 1721 24 view .LVU1565
 5025 010e 013B     		subs	r3, r3, #1
 5026 0110 E360     		str	r3, [r4, #12]
1723:Libs/cJSON/cJSON.c ****         head->prev = current_item;
 5027              		.loc 1 1723 5 is_stmt 1 view .LVU1566
1723:Libs/cJSON/cJSON.c ****         head->prev = current_item;
 5028              		.loc 1 1723 8 is_stmt 0 view .LVU1567
 5029 0112 07B1     		cbz	r7, .L402
1724:Libs/cJSON/cJSON.c ****     }
 5030              		.loc 1 1724 9 is_stmt 1 view .LVU1568
1724:Libs/cJSON/cJSON.c ****     }
 5031              		.loc 1 1724 20 is_stmt 0 view .LVU1569
 5032 0114 7D60     		str	r5, [r7, #4]
 5033              	.L402:
1727:Libs/cJSON/cJSON.c ****     item->child = head;
 5034              		.loc 1 1727 5 is_stmt 1 view .LVU1570
1727:Libs/cJSON/cJSON.c ****     item->child = head;
ARM GAS  C:\Users\nicx5\AppData\Local\Temp\ccUpawvI.s 			page 161


 5035              		.loc 1 1727 16 is_stmt 0 view .LVU1571
 5036 0116 4023     		movs	r3, #64
 5037 0118 F360     		str	r3, [r6, #12]
1728:Libs/cJSON/cJSON.c **** 
 5038              		.loc 1 1728 5 is_stmt 1 view .LVU1572
1728:Libs/cJSON/cJSON.c **** 
 5039              		.loc 1 1728 17 is_stmt 0 view .LVU1573
 5040 011a B760     		str	r7, [r6, #8]
1730:Libs/cJSON/cJSON.c ****     return true;
 5041              		.loc 1 1730 5 is_stmt 1 view .LVU1574
1730:Libs/cJSON/cJSON.c ****     return true;
 5042              		.loc 1 1730 17 is_stmt 0 view .LVU1575
 5043 011c A368     		ldr	r3, [r4, #8]
1730:Libs/cJSON/cJSON.c ****     return true;
 5044              		.loc 1 1730 25 view .LVU1576
 5045 011e 0133     		adds	r3, r3, #1
 5046 0120 A360     		str	r3, [r4, #8]
1731:Libs/cJSON/cJSON.c **** 
 5047              		.loc 1 1731 5 is_stmt 1 view .LVU1577
1731:Libs/cJSON/cJSON.c **** 
 5048              		.loc 1 1731 12 is_stmt 0 view .LVU1578
 5049 0122 0120     		movs	r0, #1
 5050 0124 84E7     		b	.L393
 5051              	.LVL483:
 5052              	.L403:
 5053              	.LCFI52:
 5054              		.cfi_def_cfa_offset 0
 5055              		.cfi_restore 4
 5056              		.cfi_restore 5
 5057              		.cfi_restore 6
 5058              		.cfi_restore 7
 5059              		.cfi_restore 8
 5060              		.cfi_restore 14
1632:Libs/cJSON/cJSON.c ****     }
 5061              		.loc 1 1632 16 view .LVU1579
 5062 0126 0020     		movs	r0, #0
 5063              	.LVL484:
1740:Libs/cJSON/cJSON.c **** 
 5064              		.loc 1 1740 1 view .LVU1580
 5065 0128 7047     		bx	lr
 5066              	.LVL485:
 5067              	.L404:
 5068              	.LCFI53:
 5069              		.cfi_def_cfa_offset 24
 5070              		.cfi_offset 4, -24
 5071              		.cfi_offset 5, -20
 5072              		.cfi_offset 6, -16
 5073              		.cfi_offset 7, -12
 5074              		.cfi_offset 8, -8
 5075              		.cfi_offset 14, -4
1739:Libs/cJSON/cJSON.c **** }
 5076              		.loc 1 1739 12 view .LVU1581
 5077 012a 0020     		movs	r0, #0
 5078              	.LVL486:
1739:Libs/cJSON/cJSON.c **** }
 5079              		.loc 1 1739 12 view .LVU1582
 5080 012c 80E7     		b	.L393
ARM GAS  C:\Users\nicx5\AppData\Local\Temp\ccUpawvI.s 			page 162


 5081              	.LVL487:
 5082              	.L405:
1739:Libs/cJSON/cJSON.c **** }
 5083              		.loc 1 1739 12 view .LVU1583
 5084 012e 0020     		movs	r0, #0
 5085              	.LVL488:
1739:Libs/cJSON/cJSON.c **** }
 5086              		.loc 1 1739 12 view .LVU1584
 5087 0130 7EE7     		b	.L393
 5088              	.LVL489:
 5089              	.L409:
1739:Libs/cJSON/cJSON.c **** }
 5090              		.loc 1 1739 12 view .LVU1585
 5091 0132 0020     		movs	r0, #0
 5092              	.LVL490:
1739:Libs/cJSON/cJSON.c **** }
 5093              		.loc 1 1739 12 view .LVU1586
 5094 0134 7CE7     		b	.L393
 5095              		.cfi_endproc
 5096              	.LFE41:
 5098              		.section	.text.parse_value,"ax",%progbits
 5099              		.align	1
 5100              		.syntax unified
 5101              		.thumb
 5102              		.thumb_func
 5104              	parse_value:
 5105              	.LVL491:
 5106              	.LFB37:
1337:Libs/cJSON/cJSON.c ****     if ((input_buffer == NULL) || (input_buffer->content == NULL))
 5107              		.loc 1 1337 1 is_stmt 1 view -0
 5108              		.cfi_startproc
 5109              		@ args = 0, pretend = 0, frame = 0
 5110              		@ frame_needed = 0, uses_anonymous_args = 0
1338:Libs/cJSON/cJSON.c ****     {
 5111              		.loc 1 1338 5 view .LVU1588
1338:Libs/cJSON/cJSON.c ****     {
 5112              		.loc 1 1338 8 is_stmt 0 view .LVU1589
 5113 0000 0029     		cmp	r1, #0
 5114 0002 6BD0     		beq	.L424
1337:Libs/cJSON/cJSON.c ****     if ((input_buffer == NULL) || (input_buffer->content == NULL))
 5115              		.loc 1 1337 1 view .LVU1590
 5116 0004 2DE9F843 		push	{r3, r4, r5, r6, r7, r8, r9, lr}
 5117              	.LCFI54:
 5118              		.cfi_def_cfa_offset 32
 5119              		.cfi_offset 3, -32
 5120              		.cfi_offset 4, -28
 5121              		.cfi_offset 5, -24
 5122              		.cfi_offset 6, -20
 5123              		.cfi_offset 7, -16
 5124              		.cfi_offset 8, -12
 5125              		.cfi_offset 9, -8
 5126              		.cfi_offset 14, -4
 5127 0008 8046     		mov	r8, r0
 5128 000a 0D46     		mov	r5, r1
1338:Libs/cJSON/cJSON.c ****     {
 5129              		.loc 1 1338 48 discriminator 1 view .LVU1591
 5130 000c 0F68     		ldr	r7, [r1]
ARM GAS  C:\Users\nicx5\AppData\Local\Temp\ccUpawvI.s 			page 163


1338:Libs/cJSON/cJSON.c ****     {
 5131              		.loc 1 1338 32 discriminator 1 view .LVU1592
 5132 000e 002F     		cmp	r7, #0
 5133 0010 66D0     		beq	.L425
1345:Libs/cJSON/cJSON.c ****     {
 5134              		.loc 1 1345 5 is_stmt 1 view .LVU1593
1345:Libs/cJSON/cJSON.c ****     {
 5135              		.loc 1 1345 9 is_stmt 0 discriminator 1 view .LVU1594
 5136 0012 8C68     		ldr	r4, [r1, #8]
 5137 0014 04F10409 		add	r9, r4, #4
 5138 0018 4E68     		ldr	r6, [r1, #4]
 5139 001a B145     		cmp	r9, r6
 5140 001c 05D8     		bhi	.L418
1345:Libs/cJSON/cJSON.c ****     {
 5141              		.loc 1 1345 39 discriminator 2 view .LVU1595
 5142 001e 0422     		movs	r2, #4
 5143 0020 3249     		ldr	r1, .L439
 5144              	.LVL492:
1345:Libs/cJSON/cJSON.c ****     {
 5145              		.loc 1 1345 39 discriminator 2 view .LVU1596
 5146 0022 3819     		adds	r0, r7, r4
 5147              	.LVL493:
1345:Libs/cJSON/cJSON.c ****     {
 5148              		.loc 1 1345 39 discriminator 2 view .LVU1597
 5149 0024 FFF7FEFF 		bl	strncmp
 5150              	.LVL494:
1345:Libs/cJSON/cJSON.c ****     {
 5151              		.loc 1 1345 35 discriminator 1 view .LVU1598
 5152 0028 58B3     		cbz	r0, .L432
 5153              	.L418:
1352:Libs/cJSON/cJSON.c ****     {
 5154              		.loc 1 1352 9 discriminator 1 view .LVU1599
 5155 002a 631D     		adds	r3, r4, #5
 5156 002c 9E42     		cmp	r6, r3
 5157 002e 05D3     		bcc	.L419
1352:Libs/cJSON/cJSON.c ****     {
 5158              		.loc 1 1352 39 discriminator 2 view .LVU1600
 5159 0030 0522     		movs	r2, #5
 5160 0032 2F49     		ldr	r1, .L439+4
 5161 0034 3819     		adds	r0, r7, r4
 5162 0036 FFF7FEFF 		bl	strncmp
 5163              	.LVL495:
1352:Libs/cJSON/cJSON.c ****     {
 5164              		.loc 1 1352 35 discriminator 1 view .LVU1601
 5165 003a 50B3     		cbz	r0, .L433
 5166              	.L419:
1359:Libs/cJSON/cJSON.c ****     {
 5167              		.loc 1 1359 9 discriminator 1 view .LVU1602
 5168 003c B145     		cmp	r9, r6
 5169 003e 05D8     		bhi	.L420
1359:Libs/cJSON/cJSON.c ****     {
 5170              		.loc 1 1359 39 discriminator 2 view .LVU1603
 5171 0040 0422     		movs	r2, #4
 5172 0042 2C49     		ldr	r1, .L439+8
 5173 0044 3819     		adds	r0, r7, r4
 5174 0046 FFF7FEFF 		bl	strncmp
 5175              	.LVL496:
ARM GAS  C:\Users\nicx5\AppData\Local\Temp\ccUpawvI.s 			page 164


1359:Libs/cJSON/cJSON.c ****     {
 5176              		.loc 1 1359 35 discriminator 1 view .LVU1604
 5177 004a 48B3     		cbz	r0, .L434
 5178              	.L420:
1367:Libs/cJSON/cJSON.c ****     {
 5179              		.loc 1 1367 9 discriminator 1 view .LVU1605
 5180 004c B442     		cmp	r4, r6
 5181 004e 02D2     		bcs	.L421
1367:Libs/cJSON/cJSON.c ****     {
 5182              		.loc 1 1367 80 discriminator 2 view .LVU1606
 5183 0050 3B5D     		ldrb	r3, [r7, r4]	@ zero_extendqisi2
1367:Libs/cJSON/cJSON.c ****     {
 5184              		.loc 1 1367 46 discriminator 2 view .LVU1607
 5185 0052 222B     		cmp	r3, #34
 5186 0054 2ED0     		beq	.L435
 5187              	.L421:
1372:Libs/cJSON/cJSON.c ****     {
 5188              		.loc 1 1372 9 discriminator 1 view .LVU1608
 5189 0056 B442     		cmp	r4, r6
 5190 0058 07D2     		bcs	.L422
1372:Libs/cJSON/cJSON.c ****     {
 5191              		.loc 1 1372 81 discriminator 2 view .LVU1609
 5192 005a 3A5D     		ldrb	r2, [r7, r4]	@ zero_extendqisi2
1372:Libs/cJSON/cJSON.c ****     {
 5193              		.loc 1 1372 93 discriminator 2 view .LVU1610
 5194 005c A2F13003 		sub	r3, r2, #48
 5195 0060 DBB2     		uxtb	r3, r3
1372:Libs/cJSON/cJSON.c ****     {
 5196              		.loc 1 1372 46 discriminator 2 view .LVU1611
 5197 0062 2D2A     		cmp	r2, #45
 5198 0064 18BF     		it	ne
 5199 0066 092B     		cmpne	r3, #9
 5200 0068 29D9     		bls	.L436
 5201              	.L422:
1377:Libs/cJSON/cJSON.c ****     {
 5202              		.loc 1 1377 9 discriminator 1 view .LVU1612
 5203 006a B442     		cmp	r4, r6
 5204 006c 02D2     		bcs	.L423
1377:Libs/cJSON/cJSON.c ****     {
 5205              		.loc 1 1377 80 discriminator 2 view .LVU1613
 5206 006e 3B5D     		ldrb	r3, [r7, r4]	@ zero_extendqisi2
1377:Libs/cJSON/cJSON.c ****     {
 5207              		.loc 1 1377 46 discriminator 2 view .LVU1614
 5208 0070 5B2B     		cmp	r3, #91
 5209 0072 29D0     		beq	.L437
 5210              	.L423:
1382:Libs/cJSON/cJSON.c ****     {
 5211              		.loc 1 1382 9 discriminator 1 view .LVU1615
 5212 0074 B442     		cmp	r4, r6
 5213 0076 35D2     		bcs	.L426
1382:Libs/cJSON/cJSON.c ****     {
 5214              		.loc 1 1382 80 discriminator 2 view .LVU1616
 5215 0078 3B5D     		ldrb	r3, [r7, r4]	@ zero_extendqisi2
1382:Libs/cJSON/cJSON.c ****     {
 5216              		.loc 1 1382 46 discriminator 2 view .LVU1617
 5217 007a 7B2B     		cmp	r3, #123
 5218 007c 29D0     		beq	.L438
ARM GAS  C:\Users\nicx5\AppData\Local\Temp\ccUpawvI.s 			page 165


1387:Libs/cJSON/cJSON.c **** }
 5219              		.loc 1 1387 12 view .LVU1618
 5220 007e 0020     		movs	r0, #0
 5221 0080 31E0     		b	.L416
 5222              	.L432:
1347:Libs/cJSON/cJSON.c ****         input_buffer->offset += 4;
 5223              		.loc 1 1347 9 is_stmt 1 view .LVU1619
1347:Libs/cJSON/cJSON.c ****         input_buffer->offset += 4;
 5224              		.loc 1 1347 20 is_stmt 0 view .LVU1620
 5225 0082 0423     		movs	r3, #4
 5226 0084 C8F80C30 		str	r3, [r8, #12]
1348:Libs/cJSON/cJSON.c ****         return true;
 5227              		.loc 1 1348 9 is_stmt 1 view .LVU1621
1348:Libs/cJSON/cJSON.c ****         return true;
 5228              		.loc 1 1348 21 is_stmt 0 view .LVU1622
 5229 0088 AB68     		ldr	r3, [r5, #8]
1348:Libs/cJSON/cJSON.c ****         return true;
 5230              		.loc 1 1348 30 view .LVU1623
 5231 008a 0433     		adds	r3, r3, #4
 5232 008c AB60     		str	r3, [r5, #8]
1349:Libs/cJSON/cJSON.c ****     }
 5233              		.loc 1 1349 9 is_stmt 1 view .LVU1624
1349:Libs/cJSON/cJSON.c ****     }
 5234              		.loc 1 1349 16 is_stmt 0 view .LVU1625
 5235 008e 0120     		movs	r0, #1
 5236 0090 29E0     		b	.L416
 5237              	.L433:
1354:Libs/cJSON/cJSON.c ****         input_buffer->offset += 5;
 5238              		.loc 1 1354 9 is_stmt 1 view .LVU1626
1354:Libs/cJSON/cJSON.c ****         input_buffer->offset += 5;
 5239              		.loc 1 1354 20 is_stmt 0 view .LVU1627
 5240 0092 0120     		movs	r0, #1
 5241 0094 C8F80C00 		str	r0, [r8, #12]
1355:Libs/cJSON/cJSON.c ****         return true;
 5242              		.loc 1 1355 9 is_stmt 1 view .LVU1628
1355:Libs/cJSON/cJSON.c ****         return true;
 5243              		.loc 1 1355 21 is_stmt 0 view .LVU1629
 5244 0098 AA68     		ldr	r2, [r5, #8]
1355:Libs/cJSON/cJSON.c ****         return true;
 5245              		.loc 1 1355 30 view .LVU1630
 5246 009a 0532     		adds	r2, r2, #5
 5247 009c AA60     		str	r2, [r5, #8]
1356:Libs/cJSON/cJSON.c ****     }
 5248              		.loc 1 1356 9 is_stmt 1 view .LVU1631
1356:Libs/cJSON/cJSON.c ****     }
 5249              		.loc 1 1356 16 is_stmt 0 view .LVU1632
 5250 009e 22E0     		b	.L416
 5251              	.L434:
1361:Libs/cJSON/cJSON.c ****         item->valueint = 1;
 5252              		.loc 1 1361 9 is_stmt 1 view .LVU1633
1361:Libs/cJSON/cJSON.c ****         item->valueint = 1;
 5253              		.loc 1 1361 20 is_stmt 0 view .LVU1634
 5254 00a0 0223     		movs	r3, #2
 5255 00a2 C8F80C30 		str	r3, [r8, #12]
1362:Libs/cJSON/cJSON.c ****         input_buffer->offset += 4;
 5256              		.loc 1 1362 9 is_stmt 1 view .LVU1635
1362:Libs/cJSON/cJSON.c ****         input_buffer->offset += 4;
ARM GAS  C:\Users\nicx5\AppData\Local\Temp\ccUpawvI.s 			page 166


 5257              		.loc 1 1362 24 is_stmt 0 view .LVU1636
 5258 00a6 0120     		movs	r0, #1
 5259 00a8 C8F81400 		str	r0, [r8, #20]
1363:Libs/cJSON/cJSON.c ****         return true;
 5260              		.loc 1 1363 9 is_stmt 1 view .LVU1637
1363:Libs/cJSON/cJSON.c ****         return true;
 5261              		.loc 1 1363 21 is_stmt 0 view .LVU1638
 5262 00ac AA68     		ldr	r2, [r5, #8]
1363:Libs/cJSON/cJSON.c ****         return true;
 5263              		.loc 1 1363 30 view .LVU1639
 5264 00ae 0432     		adds	r2, r2, #4
 5265 00b0 AA60     		str	r2, [r5, #8]
1364:Libs/cJSON/cJSON.c ****     }
 5266              		.loc 1 1364 9 is_stmt 1 view .LVU1640
1364:Libs/cJSON/cJSON.c ****     }
 5267              		.loc 1 1364 16 is_stmt 0 view .LVU1641
 5268 00b2 18E0     		b	.L416
 5269              	.L435:
1369:Libs/cJSON/cJSON.c ****     }
 5270              		.loc 1 1369 9 is_stmt 1 view .LVU1642
1369:Libs/cJSON/cJSON.c ****     }
 5271              		.loc 1 1369 16 is_stmt 0 view .LVU1643
 5272 00b4 2946     		mov	r1, r5
 5273 00b6 4046     		mov	r0, r8
 5274 00b8 FFF7FEFF 		bl	parse_string
 5275              	.LVL497:
 5276 00bc 13E0     		b	.L416
 5277              	.L436:
1374:Libs/cJSON/cJSON.c ****     }
 5278              		.loc 1 1374 9 is_stmt 1 view .LVU1644
1374:Libs/cJSON/cJSON.c ****     }
 5279              		.loc 1 1374 16 is_stmt 0 view .LVU1645
 5280 00be 2946     		mov	r1, r5
 5281 00c0 4046     		mov	r0, r8
 5282 00c2 FFF7FEFF 		bl	parse_number
 5283              	.LVL498:
 5284 00c6 0EE0     		b	.L416
 5285              	.L437:
1379:Libs/cJSON/cJSON.c ****     }
 5286              		.loc 1 1379 9 is_stmt 1 view .LVU1646
1379:Libs/cJSON/cJSON.c ****     }
 5287              		.loc 1 1379 16 is_stmt 0 view .LVU1647
 5288 00c8 2946     		mov	r1, r5
 5289 00ca 4046     		mov	r0, r8
 5290 00cc FFF7FEFF 		bl	parse_array
 5291              	.LVL499:
 5292 00d0 09E0     		b	.L416
 5293              	.L438:
1384:Libs/cJSON/cJSON.c ****     }
 5294              		.loc 1 1384 9 is_stmt 1 view .LVU1648
1384:Libs/cJSON/cJSON.c ****     }
 5295              		.loc 1 1384 16 is_stmt 0 view .LVU1649
 5296 00d2 2946     		mov	r1, r5
 5297 00d4 4046     		mov	r0, r8
 5298 00d6 FFF7FEFF 		bl	parse_object
 5299              	.LVL500:
 5300 00da 04E0     		b	.L416
ARM GAS  C:\Users\nicx5\AppData\Local\Temp\ccUpawvI.s 			page 167


 5301              	.LVL501:
 5302              	.L424:
 5303              	.LCFI55:
 5304              		.cfi_def_cfa_offset 0
 5305              		.cfi_restore 3
 5306              		.cfi_restore 4
 5307              		.cfi_restore 5
 5308              		.cfi_restore 6
 5309              		.cfi_restore 7
 5310              		.cfi_restore 8
 5311              		.cfi_restore 9
 5312              		.cfi_restore 14
1340:Libs/cJSON/cJSON.c ****     }
 5313              		.loc 1 1340 16 view .LVU1650
 5314 00dc 0020     		movs	r0, #0
 5315              	.LVL502:
1388:Libs/cJSON/cJSON.c **** 
 5316              		.loc 1 1388 1 view .LVU1651
 5317 00de 7047     		bx	lr
 5318              	.LVL503:
 5319              	.L425:
 5320              	.LCFI56:
 5321              		.cfi_def_cfa_offset 32
 5322              		.cfi_offset 3, -32
 5323              		.cfi_offset 4, -28
 5324              		.cfi_offset 5, -24
 5325              		.cfi_offset 6, -20
 5326              		.cfi_offset 7, -16
 5327              		.cfi_offset 8, -12
 5328              		.cfi_offset 9, -8
 5329              		.cfi_offset 14, -4
1340:Libs/cJSON/cJSON.c ****     }
 5330              		.loc 1 1340 16 view .LVU1652
 5331 00e0 0020     		movs	r0, #0
 5332              	.LVL504:
1340:Libs/cJSON/cJSON.c ****     }
 5333              		.loc 1 1340 16 view .LVU1653
 5334 00e2 00E0     		b	.L416
 5335              	.LVL505:
 5336              	.L426:
1387:Libs/cJSON/cJSON.c **** }
 5337              		.loc 1 1387 12 view .LVU1654
 5338 00e4 0020     		movs	r0, #0
 5339              	.L416:
1388:Libs/cJSON/cJSON.c **** 
 5340              		.loc 1 1388 1 view .LVU1655
 5341 00e6 BDE8F883 		pop	{r3, r4, r5, r6, r7, r8, r9, pc}
 5342              	.LVL506:
 5343              	.L440:
1388:Libs/cJSON/cJSON.c **** 
 5344              		.loc 1 1388 1 view .LVU1656
 5345 00ea 00BF     		.align	2
 5346              	.L439:
 5347 00ec 00000000 		.word	.LC3
 5348 00f0 00000000 		.word	.LC8
 5349 00f4 08000000 		.word	.LC9
 5350              		.cfi_endproc
ARM GAS  C:\Users\nicx5\AppData\Local\Temp\ccUpawvI.s 			page 168


 5351              	.LFE37:
 5353              		.section	.text.parse_array,"ax",%progbits
 5354              		.align	1
 5355              		.syntax unified
 5356              		.thumb
 5357              		.thumb_func
 5359              	parse_array:
 5360              	.LVL507:
 5361              	.LFB39:
1466:Libs/cJSON/cJSON.c ****     cJSON *head = NULL; /* head of the linked list */
 5362              		.loc 1 1466 1 is_stmt 1 view -0
 5363              		.cfi_startproc
 5364              		@ args = 0, pretend = 0, frame = 0
 5365              		@ frame_needed = 0, uses_anonymous_args = 0
1467:Libs/cJSON/cJSON.c ****     cJSON *current_item = NULL;
 5366              		.loc 1 1467 5 view .LVU1658
1468:Libs/cJSON/cJSON.c **** 
 5367              		.loc 1 1468 5 view .LVU1659
1470:Libs/cJSON/cJSON.c ****     {
 5368              		.loc 1 1470 5 view .LVU1660
1470:Libs/cJSON/cJSON.c ****     {
 5369              		.loc 1 1470 21 is_stmt 0 view .LVU1661
 5370 0000 CB68     		ldr	r3, [r1, #12]
1470:Libs/cJSON/cJSON.c ****     {
 5371              		.loc 1 1470 8 view .LVU1662
 5372 0002 B3F57A7F 		cmp	r3, #1000
 5373 0006 6DD2     		bcs	.L452
1466:Libs/cJSON/cJSON.c ****     cJSON *head = NULL; /* head of the linked list */
 5374              		.loc 1 1466 1 view .LVU1663
 5375 0008 2DE9F041 		push	{r4, r5, r6, r7, r8, lr}
 5376              	.LCFI57:
 5377              		.cfi_def_cfa_offset 24
 5378              		.cfi_offset 4, -24
 5379              		.cfi_offset 5, -20
 5380              		.cfi_offset 6, -16
 5381              		.cfi_offset 7, -12
 5382              		.cfi_offset 8, -8
 5383              		.cfi_offset 14, -4
 5384 000c 0646     		mov	r6, r0
 5385 000e 0C46     		mov	r4, r1
1474:Libs/cJSON/cJSON.c **** 
 5386              		.loc 1 1474 5 is_stmt 1 view .LVU1664
1474:Libs/cJSON/cJSON.c **** 
 5387              		.loc 1 1474 24 is_stmt 0 view .LVU1665
 5388 0010 0133     		adds	r3, r3, #1
 5389 0012 CB60     		str	r3, [r1, #12]
1476:Libs/cJSON/cJSON.c ****     {
 5390              		.loc 1 1476 5 is_stmt 1 view .LVU1666
1476:Libs/cJSON/cJSON.c ****     {
 5391              		.loc 1 1476 9 is_stmt 0 view .LVU1667
 5392 0014 0A68     		ldr	r2, [r1]
 5393 0016 8B68     		ldr	r3, [r1, #8]
1476:Libs/cJSON/cJSON.c ****     {
 5394              		.loc 1 1476 39 view .LVU1668
 5395 0018 D25C     		ldrb	r2, [r2, r3]	@ zero_extendqisi2
1476:Libs/cJSON/cJSON.c ****     {
 5396              		.loc 1 1476 8 view .LVU1669
ARM GAS  C:\Users\nicx5\AppData\Local\Temp\ccUpawvI.s 			page 169


 5397 001a 5B2A     		cmp	r2, #91
 5398 001c 02D0     		beq	.L461
1559:Libs/cJSON/cJSON.c **** }
 5399              		.loc 1 1559 12 view .LVU1670
 5400 001e 0020     		movs	r0, #0
 5401              	.LVL508:
 5402              	.L441:
1560:Libs/cJSON/cJSON.c **** 
 5403              		.loc 1 1560 1 view .LVU1671
 5404 0020 BDE8F081 		pop	{r4, r5, r6, r7, r8, pc}
 5405              	.LVL509:
 5406              	.L461:
1482:Libs/cJSON/cJSON.c ****     buffer_skip_whitespace(input_buffer);
 5407              		.loc 1 1482 5 is_stmt 1 view .LVU1672
1482:Libs/cJSON/cJSON.c ****     buffer_skip_whitespace(input_buffer);
 5408              		.loc 1 1482 25 is_stmt 0 view .LVU1673
 5409 0024 0133     		adds	r3, r3, #1
 5410 0026 8B60     		str	r3, [r1, #8]
1483:Libs/cJSON/cJSON.c ****     if (can_access_at_index(input_buffer, 0) && (buffer_at_offset(input_buffer)[0] == ']'))
 5411              		.loc 1 1483 5 is_stmt 1 view .LVU1674
 5412 0028 0846     		mov	r0, r1
 5413              	.LVL510:
1483:Libs/cJSON/cJSON.c ****     if (can_access_at_index(input_buffer, 0) && (buffer_at_offset(input_buffer)[0] == ']'))
 5414              		.loc 1 1483 5 is_stmt 0 view .LVU1675
 5415 002a FFF7FEFF 		bl	buffer_skip_whitespace
 5416              	.LVL511:
1484:Libs/cJSON/cJSON.c ****     {
 5417              		.loc 1 1484 5 is_stmt 1 view .LVU1676
1484:Libs/cJSON/cJSON.c ****     {
 5418              		.loc 1 1484 8 is_stmt 0 view .LVU1677
 5419 002e 84B1     		cbz	r4, .L443
1484:Libs/cJSON/cJSON.c ****     {
 5420              		.loc 1 1484 9 discriminator 1 view .LVU1678
 5421 0030 A368     		ldr	r3, [r4, #8]
 5422 0032 6268     		ldr	r2, [r4, #4]
 5423 0034 9342     		cmp	r3, r2
 5424 0036 03D2     		bcs	.L444
1484:Libs/cJSON/cJSON.c ****     {
 5425              		.loc 1 1484 50 discriminator 2 view .LVU1679
 5426 0038 2268     		ldr	r2, [r4]
1484:Libs/cJSON/cJSON.c ****     {
 5427              		.loc 1 1484 80 discriminator 2 view .LVU1680
 5428 003a D35C     		ldrb	r3, [r2, r3]	@ zero_extendqisi2
1484:Libs/cJSON/cJSON.c ****     {
 5429              		.loc 1 1484 46 discriminator 2 view .LVU1681
 5430 003c 5D2B     		cmp	r3, #93
 5431 003e 42D0     		beq	.L454
 5432              	.L444:
1491:Libs/cJSON/cJSON.c ****     {
 5433              		.loc 1 1491 9 discriminator 1 view .LVU1682
 5434 0040 A368     		ldr	r3, [r4, #8]
 5435 0042 6268     		ldr	r2, [r4, #4]
 5436 0044 9342     		cmp	r3, r2
 5437 0046 04D2     		bcs	.L443
1498:Libs/cJSON/cJSON.c ****     /* loop through the comma separated array elements */
 5438              		.loc 1 1498 5 is_stmt 1 view .LVU1683
1498:Libs/cJSON/cJSON.c ****     /* loop through the comma separated array elements */
ARM GAS  C:\Users\nicx5\AppData\Local\Temp\ccUpawvI.s 			page 170


 5439              		.loc 1 1498 25 is_stmt 0 view .LVU1684
 5440 0048 013B     		subs	r3, r3, #1
 5441 004a A360     		str	r3, [r4, #8]
1468:Libs/cJSON/cJSON.c **** 
 5442              		.loc 1 1468 12 view .LVU1685
 5443 004c 0025     		movs	r5, #0
1467:Libs/cJSON/cJSON.c ****     cJSON *current_item = NULL;
 5444              		.loc 1 1467 12 view .LVU1686
 5445 004e 2F46     		mov	r7, r5
 5446 0050 1CE0     		b	.L450
 5447              	.L443:
1493:Libs/cJSON/cJSON.c ****         goto fail;
 5448              		.loc 1 1493 9 is_stmt 1 view .LVU1687
1493:Libs/cJSON/cJSON.c ****         goto fail;
 5449              		.loc 1 1493 21 is_stmt 0 view .LVU1688
 5450 0052 A368     		ldr	r3, [r4, #8]
1493:Libs/cJSON/cJSON.c ****         goto fail;
 5451              		.loc 1 1493 29 view .LVU1689
 5452 0054 013B     		subs	r3, r3, #1
 5453 0056 A360     		str	r3, [r4, #8]
1494:Libs/cJSON/cJSON.c ****     }
 5454              		.loc 1 1494 9 is_stmt 1 view .LVU1690
1554:Libs/cJSON/cJSON.c ****     {
 5455              		.loc 1 1554 5 view .LVU1691
1559:Libs/cJSON/cJSON.c **** }
 5456              		.loc 1 1559 12 is_stmt 0 view .LVU1692
 5457 0058 0020     		movs	r0, #0
 5458 005a E1E7     		b	.L441
 5459              	.LVL512:
 5460              	.L455:
 5461              	.LBB18:
1513:Libs/cJSON/cJSON.c ****         }
 5462              		.loc 1 1513 33 view .LVU1693
 5463 005c 0746     		mov	r7, r0
 5464              	.LVL513:
 5465              	.L448:
1524:Libs/cJSON/cJSON.c ****         buffer_skip_whitespace(input_buffer);
 5466              		.loc 1 1524 9 is_stmt 1 view .LVU1694
1524:Libs/cJSON/cJSON.c ****         buffer_skip_whitespace(input_buffer);
 5467              		.loc 1 1524 21 is_stmt 0 view .LVU1695
 5468 005e A368     		ldr	r3, [r4, #8]
1524:Libs/cJSON/cJSON.c ****         buffer_skip_whitespace(input_buffer);
 5469              		.loc 1 1524 29 view .LVU1696
 5470 0060 0133     		adds	r3, r3, #1
 5471 0062 A360     		str	r3, [r4, #8]
1525:Libs/cJSON/cJSON.c ****         if (!parse_value(current_item, input_buffer))
 5472              		.loc 1 1525 9 is_stmt 1 view .LVU1697
 5473 0064 2046     		mov	r0, r4
 5474              	.LVL514:
1525:Libs/cJSON/cJSON.c ****         if (!parse_value(current_item, input_buffer))
 5475              		.loc 1 1525 9 is_stmt 0 view .LVU1698
 5476 0066 FFF7FEFF 		bl	buffer_skip_whitespace
 5477              	.LVL515:
1526:Libs/cJSON/cJSON.c ****         {
 5478              		.loc 1 1526 9 is_stmt 1 view .LVU1699
1526:Libs/cJSON/cJSON.c ****         {
 5479              		.loc 1 1526 14 is_stmt 0 view .LVU1700
ARM GAS  C:\Users\nicx5\AppData\Local\Temp\ccUpawvI.s 			page 171


 5480 006a 2146     		mov	r1, r4
 5481 006c 2846     		mov	r0, r5
 5482 006e FFF7FEFF 		bl	parse_value
 5483              	.LVL516:
1526:Libs/cJSON/cJSON.c ****         {
 5484              		.loc 1 1526 12 discriminator 1 view .LVU1701
 5485 0072 10B3     		cbz	r0, .L447
1530:Libs/cJSON/cJSON.c ****     }
 5486              		.loc 1 1530 9 is_stmt 1 view .LVU1702
 5487 0074 2046     		mov	r0, r4
 5488 0076 FFF7FEFF 		bl	buffer_skip_whitespace
 5489              	.LVL517:
 5490              	.LBE18:
1532:Libs/cJSON/cJSON.c **** 
 5491              		.loc 1 1532 49 view .LVU1703
 5492 007a ACB1     		cbz	r4, .L449
1532:Libs/cJSON/cJSON.c **** 
 5493              		.loc 1 1532 12 is_stmt 0 discriminator 1 view .LVU1704
 5494 007c A368     		ldr	r3, [r4, #8]
 5495 007e 6268     		ldr	r2, [r4, #4]
 5496 0080 9342     		cmp	r3, r2
 5497 0082 11D2     		bcs	.L449
1532:Libs/cJSON/cJSON.c **** 
 5498              		.loc 1 1532 53 discriminator 2 view .LVU1705
 5499 0084 2268     		ldr	r2, [r4]
1532:Libs/cJSON/cJSON.c **** 
 5500              		.loc 1 1532 83 discriminator 2 view .LVU1706
 5501 0086 D35C     		ldrb	r3, [r2, r3]	@ zero_extendqisi2
1532:Libs/cJSON/cJSON.c **** 
 5502              		.loc 1 1532 49 discriminator 2 view .LVU1707
 5503 0088 2C2B     		cmp	r3, #44
 5504 008a 0DD1     		bne	.L449
 5505              	.LVL518:
 5506              	.L450:
1500:Libs/cJSON/cJSON.c ****     {
 5507              		.loc 1 1500 5 is_stmt 1 view .LVU1708
 5508              	.LBB19:
1503:Libs/cJSON/cJSON.c ****         if (new_item == NULL)
 5509              		.loc 1 1503 9 view .LVU1709
 5510 008c A846     		mov	r8, r5
1503:Libs/cJSON/cJSON.c ****         if (new_item == NULL)
 5511              		.loc 1 1503 27 is_stmt 0 view .LVU1710
 5512 008e 04F11000 		add	r0, r4, #16
 5513 0092 FFF7FEFF 		bl	cJSON_New_Item
 5514              	.LVL519:
1504:Libs/cJSON/cJSON.c ****         {
 5515              		.loc 1 1504 9 is_stmt 1 view .LVU1711
1504:Libs/cJSON/cJSON.c ****         {
 5516              		.loc 1 1504 12 is_stmt 0 view .LVU1712
 5517 0096 0546     		mov	r5, r0
 5518              	.LVL520:
1504:Libs/cJSON/cJSON.c ****         {
 5519              		.loc 1 1504 12 view .LVU1713
 5520 0098 78B1     		cbz	r0, .L447
1510:Libs/cJSON/cJSON.c ****         {
 5521              		.loc 1 1510 9 is_stmt 1 view .LVU1714
1510:Libs/cJSON/cJSON.c ****         {
ARM GAS  C:\Users\nicx5\AppData\Local\Temp\ccUpawvI.s 			page 172


 5522              		.loc 1 1510 12 is_stmt 0 view .LVU1715
 5523 009a 002F     		cmp	r7, #0
 5524 009c DED0     		beq	.L455
1518:Libs/cJSON/cJSON.c ****             new_item->prev = current_item;
 5525              		.loc 1 1518 13 is_stmt 1 view .LVU1716
1518:Libs/cJSON/cJSON.c ****             new_item->prev = current_item;
 5526              		.loc 1 1518 32 is_stmt 0 view .LVU1717
 5527 009e C8F80000 		str	r0, [r8]
1519:Libs/cJSON/cJSON.c ****             current_item = new_item;
 5528              		.loc 1 1519 13 is_stmt 1 view .LVU1718
1519:Libs/cJSON/cJSON.c ****             current_item = new_item;
 5529              		.loc 1 1519 28 is_stmt 0 view .LVU1719
 5530 00a2 C0F80480 		str	r8, [r0, #4]
1520:Libs/cJSON/cJSON.c ****         }
 5531              		.loc 1 1520 13 is_stmt 1 view .LVU1720
 5532              	.LVL521:
1520:Libs/cJSON/cJSON.c ****         }
 5533              		.loc 1 1520 13 is_stmt 0 view .LVU1721
 5534 00a6 DAE7     		b	.L448
 5535              	.LVL522:
 5536              	.L449:
1520:Libs/cJSON/cJSON.c ****         }
 5537              		.loc 1 1520 13 view .LVU1722
 5538              	.LBE19:
1534:Libs/cJSON/cJSON.c ****     {
 5539              		.loc 1 1534 5 is_stmt 1 view .LVU1723
1534:Libs/cJSON/cJSON.c ****     {
 5540              		.loc 1 1534 8 is_stmt 0 view .LVU1724
 5541 00a8 3CB1     		cbz	r4, .L447
1534:Libs/cJSON/cJSON.c ****     {
 5542              		.loc 1 1534 9 discriminator 1 view .LVU1725
 5543 00aa A368     		ldr	r3, [r4, #8]
 5544 00ac 6268     		ldr	r2, [r4, #4]
 5545 00ae 9342     		cmp	r3, r2
 5546 00b0 03D2     		bcs	.L447
1534:Libs/cJSON/cJSON.c ****     {
 5547              		.loc 1 1534 52 discriminator 2 view .LVU1726
 5548 00b2 2268     		ldr	r2, [r4]
1534:Libs/cJSON/cJSON.c ****     {
 5549              		.loc 1 1534 82 discriminator 2 view .LVU1727
 5550 00b4 D35C     		ldrb	r3, [r2, r3]	@ zero_extendqisi2
1534:Libs/cJSON/cJSON.c ****     {
 5551              		.loc 1 1534 49 discriminator 2 view .LVU1728
 5552 00b6 5D2B     		cmp	r3, #93
 5553 00b8 07D0     		beq	.L445
 5554              	.LVL523:
 5555              	.L447:
1554:Libs/cJSON/cJSON.c ****     {
 5556              		.loc 1 1554 5 is_stmt 1 view .LVU1729
1554:Libs/cJSON/cJSON.c ****     {
 5557              		.loc 1 1554 8 is_stmt 0 view .LVU1730
 5558 00ba AFB1     		cbz	r7, .L456
1556:Libs/cJSON/cJSON.c ****     }
 5559              		.loc 1 1556 9 is_stmt 1 view .LVU1731
 5560 00bc 3846     		mov	r0, r7
 5561 00be FFF7FEFF 		bl	cJSON_Delete
 5562              	.LVL524:
ARM GAS  C:\Users\nicx5\AppData\Local\Temp\ccUpawvI.s 			page 173


1559:Libs/cJSON/cJSON.c **** }
 5563              		.loc 1 1559 12 is_stmt 0 view .LVU1732
 5564 00c2 0020     		movs	r0, #0
 5565 00c4 ACE7     		b	.L441
 5566              	.LVL525:
 5567              	.L454:
1468:Libs/cJSON/cJSON.c **** 
 5568              		.loc 1 1468 12 view .LVU1733
 5569 00c6 0025     		movs	r5, #0
1467:Libs/cJSON/cJSON.c ****     cJSON *current_item = NULL;
 5570              		.loc 1 1467 12 view .LVU1734
 5571 00c8 2F46     		mov	r7, r5
 5572              	.LVL526:
 5573              	.L445:
1540:Libs/cJSON/cJSON.c **** 
 5574              		.loc 1 1540 5 is_stmt 1 view .LVU1735
1540:Libs/cJSON/cJSON.c **** 
 5575              		.loc 1 1540 17 is_stmt 0 view .LVU1736
 5576 00ca E368     		ldr	r3, [r4, #12]
1540:Libs/cJSON/cJSON.c **** 
 5577              		.loc 1 1540 24 view .LVU1737
 5578 00cc 013B     		subs	r3, r3, #1
 5579 00ce E360     		str	r3, [r4, #12]
1542:Libs/cJSON/cJSON.c ****         head->prev = current_item;
 5580              		.loc 1 1542 5 is_stmt 1 view .LVU1738
1542:Libs/cJSON/cJSON.c ****         head->prev = current_item;
 5581              		.loc 1 1542 8 is_stmt 0 view .LVU1739
 5582 00d0 07B1     		cbz	r7, .L451
1543:Libs/cJSON/cJSON.c ****     }
 5583              		.loc 1 1543 9 is_stmt 1 view .LVU1740
1543:Libs/cJSON/cJSON.c ****     }
 5584              		.loc 1 1543 20 is_stmt 0 view .LVU1741
 5585 00d2 7D60     		str	r5, [r7, #4]
 5586              	.L451:
1546:Libs/cJSON/cJSON.c ****     item->child = head;
 5587              		.loc 1 1546 5 is_stmt 1 view .LVU1742
1546:Libs/cJSON/cJSON.c ****     item->child = head;
 5588              		.loc 1 1546 16 is_stmt 0 view .LVU1743
 5589 00d4 2023     		movs	r3, #32
 5590 00d6 F360     		str	r3, [r6, #12]
1547:Libs/cJSON/cJSON.c **** 
 5591              		.loc 1 1547 5 is_stmt 1 view .LVU1744
1547:Libs/cJSON/cJSON.c **** 
 5592              		.loc 1 1547 17 is_stmt 0 view .LVU1745
 5593 00d8 B760     		str	r7, [r6, #8]
1549:Libs/cJSON/cJSON.c **** 
 5594              		.loc 1 1549 5 is_stmt 1 view .LVU1746
1549:Libs/cJSON/cJSON.c **** 
 5595              		.loc 1 1549 17 is_stmt 0 view .LVU1747
 5596 00da A368     		ldr	r3, [r4, #8]
1549:Libs/cJSON/cJSON.c **** 
 5597              		.loc 1 1549 25 view .LVU1748
 5598 00dc 0133     		adds	r3, r3, #1
 5599 00de A360     		str	r3, [r4, #8]
1551:Libs/cJSON/cJSON.c **** 
 5600              		.loc 1 1551 5 is_stmt 1 view .LVU1749
1551:Libs/cJSON/cJSON.c **** 
ARM GAS  C:\Users\nicx5\AppData\Local\Temp\ccUpawvI.s 			page 174


 5601              		.loc 1 1551 12 is_stmt 0 view .LVU1750
 5602 00e0 0120     		movs	r0, #1
 5603 00e2 9DE7     		b	.L441
 5604              	.LVL527:
 5605              	.L452:
 5606              	.LCFI58:
 5607              		.cfi_def_cfa_offset 0
 5608              		.cfi_restore 4
 5609              		.cfi_restore 5
 5610              		.cfi_restore 6
 5611              		.cfi_restore 7
 5612              		.cfi_restore 8
 5613              		.cfi_restore 14
1472:Libs/cJSON/cJSON.c ****     }
 5614              		.loc 1 1472 16 view .LVU1751
 5615 00e4 0020     		movs	r0, #0
 5616              	.LVL528:
1560:Libs/cJSON/cJSON.c **** 
 5617              		.loc 1 1560 1 view .LVU1752
 5618 00e6 7047     		bx	lr
 5619              	.LVL529:
 5620              	.L456:
 5621              	.LCFI59:
 5622              		.cfi_def_cfa_offset 24
 5623              		.cfi_offset 4, -24
 5624              		.cfi_offset 5, -20
 5625              		.cfi_offset 6, -16
 5626              		.cfi_offset 7, -12
 5627              		.cfi_offset 8, -8
 5628              		.cfi_offset 14, -4
1559:Libs/cJSON/cJSON.c **** }
 5629              		.loc 1 1559 12 view .LVU1753
 5630 00e8 0020     		movs	r0, #0
 5631              	.LVL530:
1559:Libs/cJSON/cJSON.c **** }
 5632              		.loc 1 1559 12 view .LVU1754
 5633 00ea 99E7     		b	.L441
 5634              		.cfi_endproc
 5635              	.LFE39:
 5637              		.section	.text.cJSON_SetNumberHelper,"ax",%progbits
 5638              		.align	1
 5639              		.global	cJSON_SetNumberHelper
 5640              		.syntax unified
 5641              		.thumb
 5642              		.thumb_func
 5644              	cJSON_SetNumberHelper:
 5645              	.LVL531:
 5646              	.LFB15:
 385:Libs/cJSON/cJSON.c ****     if (number >= INT_MAX)
 5647              		.loc 1 385 1 is_stmt 1 view -0
 5648              		.cfi_startproc
 5649              		@ args = 0, pretend = 0, frame = 0
 5650              		@ frame_needed = 0, uses_anonymous_args = 0
 5651              		@ link register save eliminated.
 386:Libs/cJSON/cJSON.c ****     {
 5652              		.loc 1 386 5 view .LVU1756
 386:Libs/cJSON/cJSON.c ****     {
ARM GAS  C:\Users\nicx5\AppData\Local\Temp\ccUpawvI.s 			page 175


 5653              		.loc 1 386 8 is_stmt 0 view .LVU1757
 5654 0000 9FED0F7B 		vldr.64	d7, .L472
 5655 0004 B4EEC70B 		vcmpe.f64	d0, d7
 5656 0008 F1EE10FA 		vmrs	APSR_nzcv, FPSCR
 5657 000c 05DB     		blt	.L470
 388:Libs/cJSON/cJSON.c ****     }
 5658              		.loc 1 388 9 is_stmt 1 view .LVU1758
 388:Libs/cJSON/cJSON.c ****     }
 5659              		.loc 1 388 26 is_stmt 0 view .LVU1759
 5660 000e 6FF00043 		mvn	r3, #-2147483648
 5661 0012 4361     		str	r3, [r0, #20]
 5662              	.L465:
 399:Libs/cJSON/cJSON.c **** }
 5663              		.loc 1 399 5 is_stmt 1 view .LVU1760
 399:Libs/cJSON/cJSON.c **** }
 5664              		.loc 1 399 32 is_stmt 0 view .LVU1761
 5665 0014 80ED060B 		vstr.64	d0, [r0, #24]
 400:Libs/cJSON/cJSON.c **** 
 5666              		.loc 1 400 1 view .LVU1762
 5667 0018 7047     		bx	lr
 5668              	.L470:
 390:Libs/cJSON/cJSON.c ****     {
 5669              		.loc 1 390 10 is_stmt 1 view .LVU1763
 390:Libs/cJSON/cJSON.c ****     {
 5670              		.loc 1 390 13 is_stmt 0 view .LVU1764
 5671 001a 9FED0B7B 		vldr.64	d7, .L472+8
 5672 001e B4EEC70B 		vcmpe.f64	d0, d7
 5673 0022 F1EE10FA 		vmrs	APSR_nzcv, FPSCR
 5674 0026 03D8     		bhi	.L471
 392:Libs/cJSON/cJSON.c ****     }
 5675              		.loc 1 392 9 is_stmt 1 view .LVU1765
 392:Libs/cJSON/cJSON.c ****     }
 5676              		.loc 1 392 26 is_stmt 0 view .LVU1766
 5677 0028 4FF00043 		mov	r3, #-2147483648
 5678 002c 4361     		str	r3, [r0, #20]
 5679 002e F1E7     		b	.L465
 5680              	.L471:
 396:Libs/cJSON/cJSON.c ****     }
 5681              		.loc 1 396 9 is_stmt 1 view .LVU1767
 396:Libs/cJSON/cJSON.c ****     }
 5682              		.loc 1 396 28 is_stmt 0 view .LVU1768
 5683 0030 FDEEC07B 		vcvt.s32.f64	s15, d0
 396:Libs/cJSON/cJSON.c ****     }
 5684              		.loc 1 396 26 view .LVU1769
 5685 0034 C0ED057A 		vstr.32	s15, [r0, #20]	@ int
 5686 0038 ECE7     		b	.L465
 5687              	.L473:
 5688 003a 00BFAFF3 		.align	3
 5688      0080
 5689              	.L472:
 5690 0040 0000C0FF 		.word	-4194304
 5691 0044 FFFFDF41 		.word	1105199103
 5692 0048 00000000 		.word	0
 5693 004c 0000E0C1 		.word	-1042284544
 5694              		.cfi_endproc
 5695              	.LFE15:
 5697              		.section	.text.cJSON_ParseWithLengthOpts,"ax",%progbits
ARM GAS  C:\Users\nicx5\AppData\Local\Temp\ccUpawvI.s 			page 176


 5698              		.align	1
 5699              		.global	cJSON_ParseWithLengthOpts
 5700              		.syntax unified
 5701              		.thumb
 5702              		.thumb_func
 5704              	cJSON_ParseWithLengthOpts:
 5705              	.LVL532:
 5706              	.LFB29:
1116:Libs/cJSON/cJSON.c ****     parse_buffer buffer = { 0, 0, 0, 0, { 0, 0, 0 } };
 5707              		.loc 1 1116 1 is_stmt 1 view -0
 5708              		.cfi_startproc
 5709              		@ args = 0, pretend = 0, frame = 40
 5710              		@ frame_needed = 0, uses_anonymous_args = 0
1116:Libs/cJSON/cJSON.c ****     parse_buffer buffer = { 0, 0, 0, 0, { 0, 0, 0 } };
 5711              		.loc 1 1116 1 is_stmt 0 view .LVU1771
 5712 0000 F0B5     		push	{r4, r5, r6, r7, lr}
 5713              	.LCFI60:
 5714              		.cfi_def_cfa_offset 20
 5715              		.cfi_offset 4, -20
 5716              		.cfi_offset 5, -16
 5717              		.cfi_offset 6, -12
 5718              		.cfi_offset 7, -8
 5719              		.cfi_offset 14, -4
 5720 0002 8BB0     		sub	sp, sp, #44
 5721              	.LCFI61:
 5722              		.cfi_def_cfa_offset 64
 5723 0004 1546     		mov	r5, r2
 5724 0006 1E46     		mov	r6, r3
1117:Libs/cJSON/cJSON.c ****     cJSON *item = NULL;
 5725              		.loc 1 1117 5 is_stmt 1 view .LVU1772
1117:Libs/cJSON/cJSON.c ****     cJSON *item = NULL;
 5726              		.loc 1 1117 18 is_stmt 0 view .LVU1773
 5727 0008 0024     		movs	r4, #0
 5728 000a 0394     		str	r4, [sp, #12]
 5729 000c 0494     		str	r4, [sp, #16]
 5730 000e 0594     		str	r4, [sp, #20]
 5731 0010 0694     		str	r4, [sp, #24]
 5732 0012 0794     		str	r4, [sp, #28]
 5733 0014 0894     		str	r4, [sp, #32]
 5734 0016 0994     		str	r4, [sp, #36]
1118:Libs/cJSON/cJSON.c **** 
 5735              		.loc 1 1118 5 is_stmt 1 view .LVU1774
 5736              	.LVL533:
1121:Libs/cJSON/cJSON.c ****     global_error.position = 0;
 5737              		.loc 1 1121 5 view .LVU1775
1121:Libs/cJSON/cJSON.c ****     global_error.position = 0;
 5738              		.loc 1 1121 23 is_stmt 0 view .LVU1776
 5739 0018 2A4B     		ldr	r3, .L486
 5740              	.LVL534:
1121:Libs/cJSON/cJSON.c ****     global_error.position = 0;
 5741              		.loc 1 1121 23 view .LVU1777
 5742 001a 1C60     		str	r4, [r3]
1122:Libs/cJSON/cJSON.c **** 
 5743              		.loc 1 1122 5 is_stmt 1 view .LVU1778
1122:Libs/cJSON/cJSON.c **** 
 5744              		.loc 1 1122 27 is_stmt 0 view .LVU1779
 5745 001c 5C60     		str	r4, [r3, #4]
ARM GAS  C:\Users\nicx5\AppData\Local\Temp\ccUpawvI.s 			page 177


1124:Libs/cJSON/cJSON.c ****     {
 5746              		.loc 1 1124 5 is_stmt 1 view .LVU1780
1124:Libs/cJSON/cJSON.c ****     {
 5747              		.loc 1 1124 15 is_stmt 0 view .LVU1781
 5748 001e 0446     		mov	r4, r0
1124:Libs/cJSON/cJSON.c ****     {
 5749              		.loc 1 1124 8 view .LVU1782
 5750 0020 0029     		cmp	r1, #0
 5751 0022 18BF     		it	ne
 5752 0024 0028     		cmpne	r0, #0
 5753 0026 17D1     		bne	.L484
 5754              	.LVL535:
 5755              	.L475:
1168:Libs/cJSON/cJSON.c ****     {
 5756              		.loc 1 1168 5 is_stmt 1 view .LVU1783
1168:Libs/cJSON/cJSON.c ****     {
 5757              		.loc 1 1168 8 is_stmt 0 view .LVU1784
 5758 0028 002C     		cmp	r4, #0
 5759 002a 49D0     		beq	.L482
 5760              	.LBB20:
1170:Libs/cJSON/cJSON.c ****         local_error.json = (const unsigned char*)value;
 5761              		.loc 1 1170 9 is_stmt 1 view .LVU1785
1171:Libs/cJSON/cJSON.c ****         local_error.position = 0;
 5762              		.loc 1 1171 9 view .LVU1786
1171:Libs/cJSON/cJSON.c ****         local_error.position = 0;
 5763              		.loc 1 1171 26 is_stmt 0 view .LVU1787
 5764 002c 0194     		str	r4, [sp, #4]
1172:Libs/cJSON/cJSON.c **** 
 5765              		.loc 1 1172 9 is_stmt 1 view .LVU1788
1172:Libs/cJSON/cJSON.c **** 
 5766              		.loc 1 1172 30 is_stmt 0 view .LVU1789
 5767 002e 0023     		movs	r3, #0
 5768 0030 0293     		str	r3, [sp, #8]
1174:Libs/cJSON/cJSON.c ****         {
 5769              		.loc 1 1174 9 is_stmt 1 view .LVU1790
1174:Libs/cJSON/cJSON.c ****         {
 5770              		.loc 1 1174 19 is_stmt 0 view .LVU1791
 5771 0032 059A     		ldr	r2, [sp, #20]
1174:Libs/cJSON/cJSON.c ****         {
 5772              		.loc 1 1174 35 view .LVU1792
 5773 0034 049B     		ldr	r3, [sp, #16]
1174:Libs/cJSON/cJSON.c ****         {
 5774              		.loc 1 1174 12 view .LVU1793
 5775 0036 9A42     		cmp	r2, r3
 5776 0038 3DD2     		bcs	.L479
1176:Libs/cJSON/cJSON.c ****         }
 5777              		.loc 1 1176 13 is_stmt 1 view .LVU1794
1176:Libs/cJSON/cJSON.c ****         }
 5778              		.loc 1 1176 34 is_stmt 0 view .LVU1795
 5779 003a 0292     		str	r2, [sp, #8]
 5780              	.L480:
1183:Libs/cJSON/cJSON.c ****         {
 5781              		.loc 1 1183 9 is_stmt 1 view .LVU1796
1183:Libs/cJSON/cJSON.c ****         {
 5782              		.loc 1 1183 12 is_stmt 0 view .LVU1797
 5783 003c 15B1     		cbz	r5, .L481
1185:Libs/cJSON/cJSON.c ****         }
ARM GAS  C:\Users\nicx5\AppData\Local\Temp\ccUpawvI.s 			page 178


 5784              		.loc 1 1185 13 is_stmt 1 view .LVU1798
1185:Libs/cJSON/cJSON.c ****         }
 5785              		.loc 1 1185 76 is_stmt 0 view .LVU1799
 5786 003e 029B     		ldr	r3, [sp, #8]
1185:Libs/cJSON/cJSON.c ****         }
 5787              		.loc 1 1185 63 view .LVU1800
 5788 0040 2344     		add	r3, r3, r4
1185:Libs/cJSON/cJSON.c ****         }
 5789              		.loc 1 1185 31 view .LVU1801
 5790 0042 2B60     		str	r3, [r5]
 5791              	.L481:
1188:Libs/cJSON/cJSON.c ****     }
 5792              		.loc 1 1188 9 is_stmt 1 view .LVU1802
1188:Libs/cJSON/cJSON.c ****     }
 5793              		.loc 1 1188 22 is_stmt 0 view .LVU1803
 5794 0044 1F4B     		ldr	r3, .L486
 5795 0046 01AA     		add	r2, sp, #4
 5796 0048 92E80300 		ldm	r2, {r0, r1}
 5797 004c 83E80300 		stm	r3, {r0, r1}
 5798              	.LBE20:
1191:Libs/cJSON/cJSON.c **** }
 5799              		.loc 1 1191 12 view .LVU1804
 5800 0050 0027     		movs	r7, #0
 5801              	.L474:
1192:Libs/cJSON/cJSON.c **** 
 5802              		.loc 1 1192 1 view .LVU1805
 5803 0052 3846     		mov	r0, r7
 5804 0054 0BB0     		add	sp, sp, #44
 5805              	.LCFI62:
 5806              		.cfi_remember_state
 5807              		.cfi_def_cfa_offset 20
 5808              		@ sp needed
 5809 0056 F0BD     		pop	{r4, r5, r6, r7, pc}
 5810              	.LVL536:
 5811              	.L484:
 5812              	.LCFI63:
 5813              		.cfi_restore_state
1129:Libs/cJSON/cJSON.c ****     buffer.length = buffer_length;
 5814              		.loc 1 1129 5 is_stmt 1 view .LVU1806
1129:Libs/cJSON/cJSON.c ****     buffer.length = buffer_length;
 5815              		.loc 1 1129 20 is_stmt 0 view .LVU1807
 5816 0058 0390     		str	r0, [sp, #12]
1130:Libs/cJSON/cJSON.c ****     buffer.offset = 0;
 5817              		.loc 1 1130 5 is_stmt 1 view .LVU1808
1130:Libs/cJSON/cJSON.c ****     buffer.offset = 0;
 5818              		.loc 1 1130 19 is_stmt 0 view .LVU1809
 5819 005a 0491     		str	r1, [sp, #16]
1131:Libs/cJSON/cJSON.c ****     buffer.hooks = global_hooks;
 5820              		.loc 1 1131 5 is_stmt 1 view .LVU1810
1132:Libs/cJSON/cJSON.c **** 
 5821              		.loc 1 1132 5 view .LVU1811
1132:Libs/cJSON/cJSON.c **** 
 5822              		.loc 1 1132 18 is_stmt 0 view .LVU1812
 5823 005c 1A4B     		ldr	r3, .L486+4
 5824 005e 93E80700 		ldm	r3, {r0, r1, r2}
 5825              	.LVL537:
1132:Libs/cJSON/cJSON.c **** 
ARM GAS  C:\Users\nicx5\AppData\Local\Temp\ccUpawvI.s 			page 179


 5826              		.loc 1 1132 18 view .LVU1813
 5827 0062 0AAF     		add	r7, sp, #40
 5828 0064 07E90700 		stmdb	r7, {r0, r1, r2}
1134:Libs/cJSON/cJSON.c ****     if (item == NULL) /* memory fail */
 5829              		.loc 1 1134 5 is_stmt 1 view .LVU1814
1134:Libs/cJSON/cJSON.c ****     if (item == NULL) /* memory fail */
 5830              		.loc 1 1134 12 is_stmt 0 view .LVU1815
 5831 0068 1846     		mov	r0, r3
 5832 006a FFF7FEFF 		bl	cJSON_New_Item
 5833              	.LVL538:
1135:Libs/cJSON/cJSON.c ****     {
 5834              		.loc 1 1135 5 is_stmt 1 view .LVU1816
1135:Libs/cJSON/cJSON.c ****     {
 5835              		.loc 1 1135 8 is_stmt 0 view .LVU1817
 5836 006e 0746     		mov	r7, r0
 5837 0070 0028     		cmp	r0, #0
 5838 0072 D9D0     		beq	.L475
1140:Libs/cJSON/cJSON.c ****     {
 5839              		.loc 1 1140 5 is_stmt 1 view .LVU1818
1140:Libs/cJSON/cJSON.c ****     {
 5840              		.loc 1 1140 10 is_stmt 0 view .LVU1819
 5841 0074 03A8     		add	r0, sp, #12
 5842              	.LVL539:
1140:Libs/cJSON/cJSON.c ****     {
 5843              		.loc 1 1140 10 view .LVU1820
 5844 0076 FFF7FEFF 		bl	skip_utf8_bom
 5845              	.LVL540:
1140:Libs/cJSON/cJSON.c ****     {
 5846              		.loc 1 1140 10 discriminator 1 view .LVU1821
 5847 007a FFF7FEFF 		bl	buffer_skip_whitespace
 5848              	.LVL541:
 5849 007e 0146     		mov	r1, r0
1140:Libs/cJSON/cJSON.c ****     {
 5850              		.loc 1 1140 10 discriminator 2 view .LVU1822
 5851 0080 3846     		mov	r0, r7
 5852 0082 FFF7FEFF 		bl	parse_value
 5853              	.LVL542:
1140:Libs/cJSON/cJSON.c ****     {
 5854              		.loc 1 1140 8 discriminator 3 view .LVU1823
 5855 0086 90B1     		cbz	r0, .L476
1147:Libs/cJSON/cJSON.c ****     {
 5856              		.loc 1 1147 5 is_stmt 1 view .LVU1824
1147:Libs/cJSON/cJSON.c ****     {
 5857              		.loc 1 1147 8 is_stmt 0 view .LVU1825
 5858 0088 36B9     		cbnz	r6, .L485
 5859              	.L477:
1155:Libs/cJSON/cJSON.c ****     {
 5860              		.loc 1 1155 5 is_stmt 1 view .LVU1826
1155:Libs/cJSON/cJSON.c ****     {
 5861              		.loc 1 1155 8 is_stmt 0 view .LVU1827
 5862 008a 002D     		cmp	r5, #0
 5863 008c E1D0     		beq	.L474
1157:Libs/cJSON/cJSON.c ****     }
 5864              		.loc 1 1157 9 is_stmt 1 view .LVU1828
1157:Libs/cJSON/cJSON.c ****     }
 5865              		.loc 1 1157 42 is_stmt 0 view .LVU1829
 5866 008e 039B     		ldr	r3, [sp, #12]
ARM GAS  C:\Users\nicx5\AppData\Local\Temp\ccUpawvI.s 			page 180


 5867 0090 059A     		ldr	r2, [sp, #20]
 5868 0092 1344     		add	r3, r3, r2
1157:Libs/cJSON/cJSON.c ****     }
 5869              		.loc 1 1157 27 view .LVU1830
 5870 0094 2B60     		str	r3, [r5]
 5871 0096 DCE7     		b	.L474
 5872              	.L485:
1149:Libs/cJSON/cJSON.c ****         if ((buffer.offset >= buffer.length) || buffer_at_offset(&buffer)[0] != '\0')
 5873              		.loc 1 1149 9 is_stmt 1 view .LVU1831
 5874 0098 03A8     		add	r0, sp, #12
 5875 009a FFF7FEFF 		bl	buffer_skip_whitespace
 5876              	.LVL543:
1150:Libs/cJSON/cJSON.c ****         {
 5877              		.loc 1 1150 9 view .LVU1832
1150:Libs/cJSON/cJSON.c ****         {
 5878              		.loc 1 1150 20 is_stmt 0 view .LVU1833
 5879 009e 059B     		ldr	r3, [sp, #20]
1150:Libs/cJSON/cJSON.c ****         {
 5880              		.loc 1 1150 37 view .LVU1834
 5881 00a0 049A     		ldr	r2, [sp, #16]
1150:Libs/cJSON/cJSON.c ****         {
 5882              		.loc 1 1150 12 view .LVU1835
 5883 00a2 9342     		cmp	r3, r2
 5884 00a4 03D2     		bcs	.L476
1150:Libs/cJSON/cJSON.c ****         {
 5885              		.loc 1 1150 49 discriminator 1 view .LVU1836
 5886 00a6 039A     		ldr	r2, [sp, #12]
1150:Libs/cJSON/cJSON.c ****         {
 5887              		.loc 1 1150 74 discriminator 1 view .LVU1837
 5888 00a8 D35C     		ldrb	r3, [r2, r3]	@ zero_extendqisi2
1150:Libs/cJSON/cJSON.c ****         {
 5889              		.loc 1 1150 46 discriminator 1 view .LVU1838
 5890 00aa 002B     		cmp	r3, #0
 5891 00ac EDD0     		beq	.L477
 5892              	.L476:
1163:Libs/cJSON/cJSON.c ****     {
 5893              		.loc 1 1163 5 is_stmt 1 view .LVU1839
1165:Libs/cJSON/cJSON.c ****     }
 5894              		.loc 1 1165 9 view .LVU1840
 5895 00ae 3846     		mov	r0, r7
 5896 00b0 FFF7FEFF 		bl	cJSON_Delete
 5897              	.LVL544:
 5898 00b4 B8E7     		b	.L475
 5899              	.LVL545:
 5900              	.L479:
 5901              	.LBB21:
1178:Libs/cJSON/cJSON.c ****         {
 5902              		.loc 1 1178 14 view .LVU1841
1178:Libs/cJSON/cJSON.c ****         {
 5903              		.loc 1 1178 17 is_stmt 0 view .LVU1842
 5904 00b6 002B     		cmp	r3, #0
 5905 00b8 C0D0     		beq	.L480
1180:Libs/cJSON/cJSON.c ****         }
 5906              		.loc 1 1180 13 is_stmt 1 view .LVU1843
1180:Libs/cJSON/cJSON.c ****         }
 5907              		.loc 1 1180 50 is_stmt 0 view .LVU1844
 5908 00ba 013B     		subs	r3, r3, #1
ARM GAS  C:\Users\nicx5\AppData\Local\Temp\ccUpawvI.s 			page 181


1180:Libs/cJSON/cJSON.c ****         }
 5909              		.loc 1 1180 34 view .LVU1845
 5910 00bc 0293     		str	r3, [sp, #8]
 5911 00be BDE7     		b	.L480
 5912              	.L482:
1180:Libs/cJSON/cJSON.c ****         }
 5913              		.loc 1 1180 34 view .LVU1846
 5914              	.LBE21:
1191:Libs/cJSON/cJSON.c **** }
 5915              		.loc 1 1191 12 view .LVU1847
 5916 00c0 2746     		mov	r7, r4
 5917 00c2 C6E7     		b	.L474
 5918              	.L487:
 5919              		.align	2
 5920              	.L486:
 5921 00c4 00000000 		.word	global_error
 5922 00c8 00000000 		.word	global_hooks
 5923              		.cfi_endproc
 5924              	.LFE29:
 5926              		.section	.text.cJSON_ParseWithOpts,"ax",%progbits
 5927              		.align	1
 5928              		.global	cJSON_ParseWithOpts
 5929              		.syntax unified
 5930              		.thumb
 5931              		.thumb_func
 5933              	cJSON_ParseWithOpts:
 5934              	.LVL546:
 5935              	.LFB28:
1100:Libs/cJSON/cJSON.c ****     size_t buffer_length;
 5936              		.loc 1 1100 1 is_stmt 1 view -0
 5937              		.cfi_startproc
 5938              		@ args = 0, pretend = 0, frame = 0
 5939              		@ frame_needed = 0, uses_anonymous_args = 0
1100:Libs/cJSON/cJSON.c ****     size_t buffer_length;
 5940              		.loc 1 1100 1 is_stmt 0 view .LVU1849
 5941 0000 70B5     		push	{r4, r5, r6, lr}
 5942              	.LCFI64:
 5943              		.cfi_def_cfa_offset 16
 5944              		.cfi_offset 4, -16
 5945              		.cfi_offset 5, -12
 5946              		.cfi_offset 6, -8
 5947              		.cfi_offset 14, -4
1101:Libs/cJSON/cJSON.c **** 
 5948              		.loc 1 1101 5 is_stmt 1 view .LVU1850
1103:Libs/cJSON/cJSON.c ****     {
 5949              		.loc 1 1103 5 view .LVU1851
1103:Libs/cJSON/cJSON.c ****     {
 5950              		.loc 1 1103 8 is_stmt 0 view .LVU1852
 5951 0002 0446     		mov	r4, r0
 5952 0004 48B1     		cbz	r0, .L488
 5953 0006 0D46     		mov	r5, r1
 5954 0008 1646     		mov	r6, r2
1109:Libs/cJSON/cJSON.c **** 
 5955              		.loc 1 1109 5 is_stmt 1 view .LVU1853
1109:Libs/cJSON/cJSON.c **** 
 5956              		.loc 1 1109 21 is_stmt 0 view .LVU1854
 5957 000a FFF7FEFF 		bl	strlen
ARM GAS  C:\Users\nicx5\AppData\Local\Temp\ccUpawvI.s 			page 182


 5958              	.LVL547:
1111:Libs/cJSON/cJSON.c **** }
 5959              		.loc 1 1111 5 is_stmt 1 view .LVU1855
1111:Libs/cJSON/cJSON.c **** }
 5960              		.loc 1 1111 12 is_stmt 0 view .LVU1856
 5961 000e 3346     		mov	r3, r6
 5962 0010 2A46     		mov	r2, r5
 5963 0012 411C     		adds	r1, r0, #1
 5964              	.LVL548:
1111:Libs/cJSON/cJSON.c **** }
 5965              		.loc 1 1111 12 view .LVU1857
 5966 0014 2046     		mov	r0, r4
 5967 0016 FFF7FEFF 		bl	cJSON_ParseWithLengthOpts
 5968              	.LVL549:
 5969              	.L488:
1112:Libs/cJSON/cJSON.c **** 
 5970              		.loc 1 1112 1 view .LVU1858
 5971 001a 70BD     		pop	{r4, r5, r6, pc}
1112:Libs/cJSON/cJSON.c **** 
 5972              		.loc 1 1112 1 view .LVU1859
 5973              		.cfi_endproc
 5974              	.LFE28:
 5976              		.section	.text.cJSON_Parse,"ax",%progbits
 5977              		.align	1
 5978              		.global	cJSON_Parse
 5979              		.syntax unified
 5980              		.thumb
 5981              		.thumb_func
 5983              	cJSON_Parse:
 5984              	.LVL550:
 5985              	.LFB30:
1196:Libs/cJSON/cJSON.c ****     return cJSON_ParseWithOpts(value, 0, 0);
 5986              		.loc 1 1196 1 is_stmt 1 view -0
 5987              		.cfi_startproc
 5988              		@ args = 0, pretend = 0, frame = 0
 5989              		@ frame_needed = 0, uses_anonymous_args = 0
1196:Libs/cJSON/cJSON.c ****     return cJSON_ParseWithOpts(value, 0, 0);
 5990              		.loc 1 1196 1 is_stmt 0 view .LVU1861
 5991 0000 08B5     		push	{r3, lr}
 5992              	.LCFI65:
 5993              		.cfi_def_cfa_offset 8
 5994              		.cfi_offset 3, -8
 5995              		.cfi_offset 14, -4
1197:Libs/cJSON/cJSON.c **** }
 5996              		.loc 1 1197 5 is_stmt 1 view .LVU1862
1197:Libs/cJSON/cJSON.c **** }
 5997              		.loc 1 1197 12 is_stmt 0 view .LVU1863
 5998 0002 0022     		movs	r2, #0
 5999 0004 1146     		mov	r1, r2
 6000 0006 FFF7FEFF 		bl	cJSON_ParseWithOpts
 6001              	.LVL551:
1198:Libs/cJSON/cJSON.c **** 
 6002              		.loc 1 1198 1 view .LVU1864
 6003 000a 08BD     		pop	{r3, pc}
 6004              		.cfi_endproc
 6005              	.LFE30:
 6007              		.section	.text.cJSON_ParseWithLength,"ax",%progbits
ARM GAS  C:\Users\nicx5\AppData\Local\Temp\ccUpawvI.s 			page 183


 6008              		.align	1
 6009              		.global	cJSON_ParseWithLength
 6010              		.syntax unified
 6011              		.thumb
 6012              		.thumb_func
 6014              	cJSON_ParseWithLength:
 6015              	.LVL552:
 6016              	.LFB31:
1201:Libs/cJSON/cJSON.c ****     return cJSON_ParseWithLengthOpts(value, buffer_length, 0, 0);
 6017              		.loc 1 1201 1 is_stmt 1 view -0
 6018              		.cfi_startproc
 6019              		@ args = 0, pretend = 0, frame = 0
 6020              		@ frame_needed = 0, uses_anonymous_args = 0
1201:Libs/cJSON/cJSON.c ****     return cJSON_ParseWithLengthOpts(value, buffer_length, 0, 0);
 6021              		.loc 1 1201 1 is_stmt 0 view .LVU1866
 6022 0000 08B5     		push	{r3, lr}
 6023              	.LCFI66:
 6024              		.cfi_def_cfa_offset 8
 6025              		.cfi_offset 3, -8
 6026              		.cfi_offset 14, -4
1202:Libs/cJSON/cJSON.c **** }
 6027              		.loc 1 1202 5 is_stmt 1 view .LVU1867
1202:Libs/cJSON/cJSON.c **** }
 6028              		.loc 1 1202 12 is_stmt 0 view .LVU1868
 6029 0002 0023     		movs	r3, #0
 6030 0004 1A46     		mov	r2, r3
 6031 0006 FFF7FEFF 		bl	cJSON_ParseWithLengthOpts
 6032              	.LVL553:
1203:Libs/cJSON/cJSON.c **** 
 6033              		.loc 1 1203 1 view .LVU1869
 6034 000a 08BD     		pop	{r3, pc}
 6035              		.cfi_endproc
 6036              	.LFE31:
 6038              		.section	.text.cJSON_Print,"ax",%progbits
 6039              		.align	1
 6040              		.global	cJSON_Print
 6041              		.syntax unified
 6042              		.thumb
 6043              		.thumb_func
 6045              	cJSON_Print:
 6046              	.LVL554:
 6047              	.LFB33:
1276:Libs/cJSON/cJSON.c ****     return (char*)print(item, true, &global_hooks);
 6048              		.loc 1 1276 1 is_stmt 1 view -0
 6049              		.cfi_startproc
 6050              		@ args = 0, pretend = 0, frame = 0
 6051              		@ frame_needed = 0, uses_anonymous_args = 0
1276:Libs/cJSON/cJSON.c ****     return (char*)print(item, true, &global_hooks);
 6052              		.loc 1 1276 1 is_stmt 0 view .LVU1871
 6053 0000 08B5     		push	{r3, lr}
 6054              	.LCFI67:
 6055              		.cfi_def_cfa_offset 8
 6056              		.cfi_offset 3, -8
 6057              		.cfi_offset 14, -4
1277:Libs/cJSON/cJSON.c **** }
 6058              		.loc 1 1277 5 is_stmt 1 view .LVU1872
1277:Libs/cJSON/cJSON.c **** }
ARM GAS  C:\Users\nicx5\AppData\Local\Temp\ccUpawvI.s 			page 184


 6059              		.loc 1 1277 19 is_stmt 0 view .LVU1873
 6060 0002 024A     		ldr	r2, .L498
 6061 0004 0121     		movs	r1, #1
 6062 0006 FFF7FEFF 		bl	print
 6063              	.LVL555:
1278:Libs/cJSON/cJSON.c **** 
 6064              		.loc 1 1278 1 view .LVU1874
 6065 000a 08BD     		pop	{r3, pc}
 6066              	.L499:
 6067              		.align	2
 6068              	.L498:
 6069 000c 00000000 		.word	global_hooks
 6070              		.cfi_endproc
 6071              	.LFE33:
 6073              		.section	.text.cJSON_PrintUnformatted,"ax",%progbits
 6074              		.align	1
 6075              		.global	cJSON_PrintUnformatted
 6076              		.syntax unified
 6077              		.thumb
 6078              		.thumb_func
 6080              	cJSON_PrintUnformatted:
 6081              	.LVL556:
 6082              	.LFB34:
1281:Libs/cJSON/cJSON.c ****     return (char*)print(item, false, &global_hooks);
 6083              		.loc 1 1281 1 is_stmt 1 view -0
 6084              		.cfi_startproc
 6085              		@ args = 0, pretend = 0, frame = 0
 6086              		@ frame_needed = 0, uses_anonymous_args = 0
1281:Libs/cJSON/cJSON.c ****     return (char*)print(item, false, &global_hooks);
 6087              		.loc 1 1281 1 is_stmt 0 view .LVU1876
 6088 0000 08B5     		push	{r3, lr}
 6089              	.LCFI68:
 6090              		.cfi_def_cfa_offset 8
 6091              		.cfi_offset 3, -8
 6092              		.cfi_offset 14, -4
1282:Libs/cJSON/cJSON.c **** }
 6093              		.loc 1 1282 5 is_stmt 1 view .LVU1877
1282:Libs/cJSON/cJSON.c **** }
 6094              		.loc 1 1282 19 is_stmt 0 view .LVU1878
 6095 0002 024A     		ldr	r2, .L502
 6096 0004 0021     		movs	r1, #0
 6097 0006 FFF7FEFF 		bl	print
 6098              	.LVL557:
1283:Libs/cJSON/cJSON.c **** 
 6099              		.loc 1 1283 1 view .LVU1879
 6100 000a 08BD     		pop	{r3, pc}
 6101              	.L503:
 6102              		.align	2
 6103              	.L502:
 6104 000c 00000000 		.word	global_hooks
 6105              		.cfi_endproc
 6106              	.LFE34:
 6108              		.section	.text.cJSON_PrintBuffered,"ax",%progbits
 6109              		.align	1
 6110              		.global	cJSON_PrintBuffered
 6111              		.syntax unified
 6112              		.thumb
ARM GAS  C:\Users\nicx5\AppData\Local\Temp\ccUpawvI.s 			page 185


 6113              		.thumb_func
 6115              	cJSON_PrintBuffered:
 6116              	.LVL558:
 6117              	.LFB35:
1286:Libs/cJSON/cJSON.c ****     printbuffer p = { 0, 0, 0, 0, 0, 0, { 0, 0, 0 } };
 6118              		.loc 1 1286 1 is_stmt 1 view -0
 6119              		.cfi_startproc
 6120              		@ args = 0, pretend = 0, frame = 40
 6121              		@ frame_needed = 0, uses_anonymous_args = 0
1286:Libs/cJSON/cJSON.c ****     printbuffer p = { 0, 0, 0, 0, 0, 0, { 0, 0, 0 } };
 6122              		.loc 1 1286 1 is_stmt 0 view .LVU1881
 6123 0000 70B5     		push	{r4, r5, r6, lr}
 6124              	.LCFI69:
 6125              		.cfi_def_cfa_offset 16
 6126              		.cfi_offset 4, -16
 6127              		.cfi_offset 5, -12
 6128              		.cfi_offset 6, -8
 6129              		.cfi_offset 14, -4
 6130 0002 8AB0     		sub	sp, sp, #40
 6131              	.LCFI70:
 6132              		.cfi_def_cfa_offset 56
 6133 0004 0546     		mov	r5, r0
 6134 0006 0C46     		mov	r4, r1
 6135 0008 1646     		mov	r6, r2
1287:Libs/cJSON/cJSON.c **** 
 6136              		.loc 1 1287 5 is_stmt 1 view .LVU1882
1287:Libs/cJSON/cJSON.c **** 
 6137              		.loc 1 1287 17 is_stmt 0 view .LVU1883
 6138 000a 2422     		movs	r2, #36
 6139              	.LVL559:
1287:Libs/cJSON/cJSON.c **** 
 6140              		.loc 1 1287 17 view .LVU1884
 6141 000c 0021     		movs	r1, #0
 6142              	.LVL560:
1287:Libs/cJSON/cJSON.c **** 
 6143              		.loc 1 1287 17 view .LVU1885
 6144 000e 01A8     		add	r0, sp, #4
 6145              	.LVL561:
1287:Libs/cJSON/cJSON.c **** 
 6146              		.loc 1 1287 17 view .LVU1886
 6147 0010 FFF7FEFF 		bl	memset
 6148              	.LVL562:
1289:Libs/cJSON/cJSON.c ****     {
 6149              		.loc 1 1289 5 is_stmt 1 view .LVU1887
1289:Libs/cJSON/cJSON.c ****     {
 6150              		.loc 1 1289 8 is_stmt 0 view .LVU1888
 6151 0014 002C     		cmp	r4, #0
 6152 0016 1FDB     		blt	.L507
1294:Libs/cJSON/cJSON.c ****     if (!p.buffer)
 6153              		.loc 1 1294 5 is_stmt 1 view .LVU1889
1294:Libs/cJSON/cJSON.c ****     if (!p.buffer)
 6154              		.loc 1 1294 44 is_stmt 0 view .LVU1890
 6155 0018 104B     		ldr	r3, .L510
 6156 001a 1B68     		ldr	r3, [r3]
1294:Libs/cJSON/cJSON.c ****     if (!p.buffer)
 6157              		.loc 1 1294 32 view .LVU1891
 6158 001c 2046     		mov	r0, r4
ARM GAS  C:\Users\nicx5\AppData\Local\Temp\ccUpawvI.s 			page 186


 6159 001e 9847     		blx	r3
 6160              	.LVL563:
1294:Libs/cJSON/cJSON.c ****     if (!p.buffer)
 6161              		.loc 1 1294 14 discriminator 1 view .LVU1892
 6162 0020 0190     		str	r0, [sp, #4]
1295:Libs/cJSON/cJSON.c ****     {
 6163              		.loc 1 1295 5 is_stmt 1 view .LVU1893
1295:Libs/cJSON/cJSON.c ****     {
 6164              		.loc 1 1295 8 is_stmt 0 view .LVU1894
 6165 0022 80B1     		cbz	r0, .L504
1300:Libs/cJSON/cJSON.c ****     p.offset = 0;
 6166              		.loc 1 1300 5 is_stmt 1 view .LVU1895
1300:Libs/cJSON/cJSON.c ****     p.offset = 0;
 6167              		.loc 1 1300 14 is_stmt 0 view .LVU1896
 6168 0024 0294     		str	r4, [sp, #8]
1301:Libs/cJSON/cJSON.c ****     p.noalloc = false;
 6169              		.loc 1 1301 5 is_stmt 1 view .LVU1897
1301:Libs/cJSON/cJSON.c ****     p.noalloc = false;
 6170              		.loc 1 1301 14 is_stmt 0 view .LVU1898
 6171 0026 0023     		movs	r3, #0
 6172 0028 0393     		str	r3, [sp, #12]
1302:Libs/cJSON/cJSON.c ****     p.format = fmt;
 6173              		.loc 1 1302 5 is_stmt 1 view .LVU1899
1302:Libs/cJSON/cJSON.c ****     p.format = fmt;
 6174              		.loc 1 1302 15 is_stmt 0 view .LVU1900
 6175 002a 0593     		str	r3, [sp, #20]
1303:Libs/cJSON/cJSON.c ****     p.hooks = global_hooks;
 6176              		.loc 1 1303 5 is_stmt 1 view .LVU1901
1303:Libs/cJSON/cJSON.c ****     p.hooks = global_hooks;
 6177              		.loc 1 1303 14 is_stmt 0 view .LVU1902
 6178 002c 0696     		str	r6, [sp, #24]
1304:Libs/cJSON/cJSON.c **** 
 6179              		.loc 1 1304 5 is_stmt 1 view .LVU1903
1304:Libs/cJSON/cJSON.c **** 
 6180              		.loc 1 1304 13 is_stmt 0 view .LVU1904
 6181 002e 0B4B     		ldr	r3, .L510
 6182 0030 93E80700 		ldm	r3, {r0, r1, r2}
 6183 0034 0AAB     		add	r3, sp, #40
 6184 0036 03E90700 		stmdb	r3, {r0, r1, r2}
1306:Libs/cJSON/cJSON.c ****     {
 6185              		.loc 1 1306 5 is_stmt 1 view .LVU1905
1306:Libs/cJSON/cJSON.c ****     {
 6186              		.loc 1 1306 10 is_stmt 0 view .LVU1906
 6187 003a 01A9     		add	r1, sp, #4
 6188 003c 2846     		mov	r0, r5
 6189 003e FFF7FEFF 		bl	print_value
 6190              	.LVL564:
1306:Libs/cJSON/cJSON.c ****     {
 6191              		.loc 1 1306 8 discriminator 1 view .LVU1907
 6192 0042 10B1     		cbz	r0, .L509
1313:Libs/cJSON/cJSON.c **** }
 6193              		.loc 1 1313 5 is_stmt 1 view .LVU1908
1313:Libs/cJSON/cJSON.c **** }
 6194              		.loc 1 1313 12 is_stmt 0 view .LVU1909
 6195 0044 0198     		ldr	r0, [sp, #4]
 6196              	.L504:
1314:Libs/cJSON/cJSON.c **** 
ARM GAS  C:\Users\nicx5\AppData\Local\Temp\ccUpawvI.s 			page 187


 6197              		.loc 1 1314 1 view .LVU1910
 6198 0046 0AB0     		add	sp, sp, #40
 6199              	.LCFI71:
 6200              		.cfi_remember_state
 6201              		.cfi_def_cfa_offset 16
 6202              		@ sp needed
 6203 0048 70BD     		pop	{r4, r5, r6, pc}
 6204              	.LVL565:
 6205              	.L509:
 6206              	.LCFI72:
 6207              		.cfi_restore_state
1308:Libs/cJSON/cJSON.c ****         p.buffer = NULL;
 6208              		.loc 1 1308 9 is_stmt 1 view .LVU1911
1308:Libs/cJSON/cJSON.c ****         p.buffer = NULL;
 6209              		.loc 1 1308 21 is_stmt 0 view .LVU1912
 6210 004a 044B     		ldr	r3, .L510
 6211 004c 5B68     		ldr	r3, [r3, #4]
1308:Libs/cJSON/cJSON.c ****         p.buffer = NULL;
 6212              		.loc 1 1308 9 view .LVU1913
 6213 004e 0198     		ldr	r0, [sp, #4]
 6214 0050 9847     		blx	r3
 6215              	.LVL566:
1309:Libs/cJSON/cJSON.c ****         return NULL;
 6216              		.loc 1 1309 9 is_stmt 1 view .LVU1914
1309:Libs/cJSON/cJSON.c ****         return NULL;
 6217              		.loc 1 1309 18 is_stmt 0 view .LVU1915
 6218 0052 0020     		movs	r0, #0
 6219 0054 0190     		str	r0, [sp, #4]
1310:Libs/cJSON/cJSON.c ****     }
 6220              		.loc 1 1310 9 is_stmt 1 view .LVU1916
1310:Libs/cJSON/cJSON.c ****     }
 6221              		.loc 1 1310 16 is_stmt 0 view .LVU1917
 6222 0056 F6E7     		b	.L504
 6223              	.L507:
1291:Libs/cJSON/cJSON.c ****     }
 6224              		.loc 1 1291 16 view .LVU1918
 6225 0058 0020     		movs	r0, #0
 6226 005a F4E7     		b	.L504
 6227              	.L511:
 6228              		.align	2
 6229              	.L510:
 6230 005c 00000000 		.word	global_hooks
 6231              		.cfi_endproc
 6232              	.LFE35:
 6234              		.section	.text.cJSON_PrintPreallocated,"ax",%progbits
 6235              		.align	1
 6236              		.global	cJSON_PrintPreallocated
 6237              		.syntax unified
 6238              		.thumb
 6239              		.thumb_func
 6241              	cJSON_PrintPreallocated:
 6242              	.LVL567:
 6243              	.LFB36:
1317:Libs/cJSON/cJSON.c ****     printbuffer p = { 0, 0, 0, 0, 0, 0, { 0, 0, 0 } };
 6244              		.loc 1 1317 1 is_stmt 1 view -0
 6245              		.cfi_startproc
 6246              		@ args = 0, pretend = 0, frame = 40
ARM GAS  C:\Users\nicx5\AppData\Local\Temp\ccUpawvI.s 			page 188


 6247              		@ frame_needed = 0, uses_anonymous_args = 0
1317:Libs/cJSON/cJSON.c ****     printbuffer p = { 0, 0, 0, 0, 0, 0, { 0, 0, 0 } };
 6248              		.loc 1 1317 1 is_stmt 0 view .LVU1920
 6249 0000 F0B5     		push	{r4, r5, r6, r7, lr}
 6250              	.LCFI73:
 6251              		.cfi_def_cfa_offset 20
 6252              		.cfi_offset 4, -20
 6253              		.cfi_offset 5, -16
 6254              		.cfi_offset 6, -12
 6255              		.cfi_offset 7, -8
 6256              		.cfi_offset 14, -4
 6257 0002 8BB0     		sub	sp, sp, #44
 6258              	.LCFI74:
 6259              		.cfi_def_cfa_offset 64
 6260 0004 0646     		mov	r6, r0
 6261 0006 0D46     		mov	r5, r1
 6262 0008 1446     		mov	r4, r2
 6263 000a 1F46     		mov	r7, r3
1318:Libs/cJSON/cJSON.c **** 
 6264              		.loc 1 1318 5 is_stmt 1 view .LVU1921
1318:Libs/cJSON/cJSON.c **** 
 6265              		.loc 1 1318 17 is_stmt 0 view .LVU1922
 6266 000c 2422     		movs	r2, #36
 6267              	.LVL568:
1318:Libs/cJSON/cJSON.c **** 
 6268              		.loc 1 1318 17 view .LVU1923
 6269 000e 0021     		movs	r1, #0
 6270              	.LVL569:
1318:Libs/cJSON/cJSON.c **** 
 6271              		.loc 1 1318 17 view .LVU1924
 6272 0010 01A8     		add	r0, sp, #4
 6273              	.LVL570:
1318:Libs/cJSON/cJSON.c **** 
 6274              		.loc 1 1318 17 view .LVU1925
 6275 0012 FFF7FEFF 		bl	memset
 6276              	.LVL571:
1320:Libs/cJSON/cJSON.c ****     {
 6277              		.loc 1 1320 5 is_stmt 1 view .LVU1926
1320:Libs/cJSON/cJSON.c ****     {
 6278              		.loc 1 1320 33 is_stmt 0 view .LVU1927
 6279 0016 B5FA85FC 		clz	ip, r5
 6280 001a 4FEA5C1C 		lsr	ip, ip, #5
1320:Libs/cJSON/cJSON.c ****     {
 6281              		.loc 1 1320 8 view .LVU1928
 6282 001e 5CEAD47C 		orrs	ip, ip, r4, lsr #31
 6283 0022 02D0     		beq	.L516
1322:Libs/cJSON/cJSON.c ****     }
 6284              		.loc 1 1322 16 view .LVU1929
 6285 0024 0020     		movs	r0, #0
 6286              	.L512:
1333:Libs/cJSON/cJSON.c **** 
 6287              		.loc 1 1333 1 view .LVU1930
 6288 0026 0BB0     		add	sp, sp, #44
 6289              	.LCFI75:
 6290              		.cfi_remember_state
 6291              		.cfi_def_cfa_offset 20
 6292              		@ sp needed
ARM GAS  C:\Users\nicx5\AppData\Local\Temp\ccUpawvI.s 			page 189


 6293 0028 F0BD     		pop	{r4, r5, r6, r7, pc}
 6294              	.LVL572:
 6295              	.L516:
 6296              	.LCFI76:
 6297              		.cfi_restore_state
1325:Libs/cJSON/cJSON.c ****     p.length = (size_t)length;
 6298              		.loc 1 1325 5 is_stmt 1 view .LVU1931
1325:Libs/cJSON/cJSON.c ****     p.length = (size_t)length;
 6299              		.loc 1 1325 14 is_stmt 0 view .LVU1932
 6300 002a 0195     		str	r5, [sp, #4]
1326:Libs/cJSON/cJSON.c ****     p.offset = 0;
 6301              		.loc 1 1326 5 is_stmt 1 view .LVU1933
1326:Libs/cJSON/cJSON.c ****     p.offset = 0;
 6302              		.loc 1 1326 14 is_stmt 0 view .LVU1934
 6303 002c 0294     		str	r4, [sp, #8]
1327:Libs/cJSON/cJSON.c ****     p.noalloc = true;
 6304              		.loc 1 1327 5 is_stmt 1 view .LVU1935
1328:Libs/cJSON/cJSON.c ****     p.format = format;
 6305              		.loc 1 1328 5 view .LVU1936
1328:Libs/cJSON/cJSON.c ****     p.format = format;
 6306              		.loc 1 1328 15 is_stmt 0 view .LVU1937
 6307 002e 0123     		movs	r3, #1
 6308 0030 0593     		str	r3, [sp, #20]
1329:Libs/cJSON/cJSON.c ****     p.hooks = global_hooks;
 6309              		.loc 1 1329 5 is_stmt 1 view .LVU1938
1329:Libs/cJSON/cJSON.c ****     p.hooks = global_hooks;
 6310              		.loc 1 1329 14 is_stmt 0 view .LVU1939
 6311 0032 0697     		str	r7, [sp, #24]
1330:Libs/cJSON/cJSON.c **** 
 6312              		.loc 1 1330 5 is_stmt 1 view .LVU1940
1330:Libs/cJSON/cJSON.c **** 
 6313              		.loc 1 1330 13 is_stmt 0 view .LVU1941
 6314 0034 054B     		ldr	r3, .L517
 6315 0036 93E80700 		ldm	r3, {r0, r1, r2}
 6316 003a 0AAB     		add	r3, sp, #40
 6317 003c 03E90700 		stmdb	r3, {r0, r1, r2}
1332:Libs/cJSON/cJSON.c **** }
 6318              		.loc 1 1332 5 is_stmt 1 view .LVU1942
1332:Libs/cJSON/cJSON.c **** }
 6319              		.loc 1 1332 12 is_stmt 0 view .LVU1943
 6320 0040 01A9     		add	r1, sp, #4
 6321 0042 3046     		mov	r0, r6
 6322 0044 FFF7FEFF 		bl	print_value
 6323              	.LVL573:
 6324 0048 EDE7     		b	.L512
 6325              	.L518:
 6326 004a 00BF     		.align	2
 6327              	.L517:
 6328 004c 00000000 		.word	global_hooks
 6329              		.cfi_endproc
 6330              	.LFE36:
 6332              		.section	.text.cJSON_GetArraySize,"ax",%progbits
 6333              		.align	1
 6334              		.global	cJSON_GetArraySize
 6335              		.syntax unified
 6336              		.thumb
 6337              		.thumb_func
ARM GAS  C:\Users\nicx5\AppData\Local\Temp\ccUpawvI.s 			page 190


 6339              	cJSON_GetArraySize:
 6340              	.LVL574:
 6341              	.LFB43:
1858:Libs/cJSON/cJSON.c ****     cJSON *child = NULL;
 6342              		.loc 1 1858 1 is_stmt 1 view -0
 6343              		.cfi_startproc
 6344              		@ args = 0, pretend = 0, frame = 0
 6345              		@ frame_needed = 0, uses_anonymous_args = 0
 6346              		@ link register save eliminated.
1859:Libs/cJSON/cJSON.c ****     size_t size = 0;
 6347              		.loc 1 1859 5 view .LVU1945
1860:Libs/cJSON/cJSON.c **** 
 6348              		.loc 1 1860 5 view .LVU1946
1862:Libs/cJSON/cJSON.c ****     {
 6349              		.loc 1 1862 5 view .LVU1947
1862:Libs/cJSON/cJSON.c ****     {
 6350              		.loc 1 1862 8 is_stmt 0 view .LVU1948
 6351 0000 38B1     		cbz	r0, .L523
1867:Libs/cJSON/cJSON.c **** 
 6352              		.loc 1 1867 5 is_stmt 1 view .LVU1949
1867:Libs/cJSON/cJSON.c **** 
 6353              		.loc 1 1867 11 is_stmt 0 view .LVU1950
 6354 0002 8368     		ldr	r3, [r0, #8]
 6355              	.LVL575:
1869:Libs/cJSON/cJSON.c ****     {
 6356              		.loc 1 1869 5 is_stmt 1 view .LVU1951
1860:Libs/cJSON/cJSON.c **** 
 6357              		.loc 1 1860 12 is_stmt 0 view .LVU1952
 6358 0004 0020     		movs	r0, #0
 6359              	.LVL576:
1869:Libs/cJSON/cJSON.c ****     {
 6360              		.loc 1 1869 10 view .LVU1953
 6361 0006 01E0     		b	.L521
 6362              	.LVL577:
 6363              	.L522:
1871:Libs/cJSON/cJSON.c ****         child = child->next;
 6364              		.loc 1 1871 9 is_stmt 1 view .LVU1954
1871:Libs/cJSON/cJSON.c ****         child = child->next;
 6365              		.loc 1 1871 13 is_stmt 0 view .LVU1955
 6366 0008 0130     		adds	r0, r0, #1
 6367              	.LVL578:
1872:Libs/cJSON/cJSON.c ****     }
 6368              		.loc 1 1872 9 is_stmt 1 view .LVU1956
1872:Libs/cJSON/cJSON.c ****     }
 6369              		.loc 1 1872 15 is_stmt 0 view .LVU1957
 6370 000a 1B68     		ldr	r3, [r3]
 6371              	.LVL579:
 6372              	.L521:
1869:Libs/cJSON/cJSON.c ****     {
 6373              		.loc 1 1869 17 is_stmt 1 view .LVU1958
 6374 000c 002B     		cmp	r3, #0
 6375 000e FBD1     		bne	.L522
1877:Libs/cJSON/cJSON.c **** }
 6376              		.loc 1 1877 5 view .LVU1959
1877:Libs/cJSON/cJSON.c **** }
 6377              		.loc 1 1877 12 is_stmt 0 view .LVU1960
 6378 0010 7047     		bx	lr
ARM GAS  C:\Users\nicx5\AppData\Local\Temp\ccUpawvI.s 			page 191


 6379              	.LVL580:
 6380              	.L523:
1864:Libs/cJSON/cJSON.c ****     }
 6381              		.loc 1 1864 16 view .LVU1961
 6382 0012 0020     		movs	r0, #0
 6383              	.LVL581:
1878:Libs/cJSON/cJSON.c **** 
 6384              		.loc 1 1878 1 view .LVU1962
 6385 0014 7047     		bx	lr
 6386              		.cfi_endproc
 6387              	.LFE43:
 6389              		.section	.text.cJSON_GetArrayItem,"ax",%progbits
 6390              		.align	1
 6391              		.global	cJSON_GetArrayItem
 6392              		.syntax unified
 6393              		.thumb
 6394              		.thumb_func
 6396              	cJSON_GetArrayItem:
 6397              	.LVL582:
 6398              	.LFB45:
1900:Libs/cJSON/cJSON.c ****     if (index < 0)
 6399              		.loc 1 1900 1 is_stmt 1 view -0
 6400              		.cfi_startproc
 6401              		@ args = 0, pretend = 0, frame = 0
 6402              		@ frame_needed = 0, uses_anonymous_args = 0
1901:Libs/cJSON/cJSON.c ****     {
 6403              		.loc 1 1901 5 view .LVU1964
1901:Libs/cJSON/cJSON.c ****     {
 6404              		.loc 1 1901 8 is_stmt 0 view .LVU1965
 6405 0000 0029     		cmp	r1, #0
1901:Libs/cJSON/cJSON.c ****     {
 6406              		.loc 1 1901 8 view .LVU1966
 6407 0002 03DB     		blt	.L526
1900:Libs/cJSON/cJSON.c ****     if (index < 0)
 6408              		.loc 1 1900 1 view .LVU1967
 6409 0004 08B5     		push	{r3, lr}
 6410              	.LCFI77:
 6411              		.cfi_def_cfa_offset 8
 6412              		.cfi_offset 3, -8
 6413              		.cfi_offset 14, -4
1906:Libs/cJSON/cJSON.c **** }
 6414              		.loc 1 1906 5 is_stmt 1 view .LVU1968
1906:Libs/cJSON/cJSON.c **** }
 6415              		.loc 1 1906 12 is_stmt 0 view .LVU1969
 6416 0006 FFF7FEFF 		bl	get_array_item
 6417              	.LVL583:
1907:Libs/cJSON/cJSON.c **** 
 6418              		.loc 1 1907 1 view .LVU1970
 6419 000a 08BD     		pop	{r3, pc}
 6420              	.LVL584:
 6421              	.L526:
 6422              	.LCFI78:
 6423              		.cfi_def_cfa_offset 0
 6424              		.cfi_restore 3
 6425              		.cfi_restore 14
1903:Libs/cJSON/cJSON.c ****     }
 6426              		.loc 1 1903 16 view .LVU1971
ARM GAS  C:\Users\nicx5\AppData\Local\Temp\ccUpawvI.s 			page 192


 6427 000c 0020     		movs	r0, #0
 6428              	.LVL585:
1907:Libs/cJSON/cJSON.c **** 
 6429              		.loc 1 1907 1 view .LVU1972
 6430 000e 7047     		bx	lr
 6431              		.cfi_endproc
 6432              	.LFE45:
 6434              		.section	.text.cJSON_GetObjectItem,"ax",%progbits
 6435              		.align	1
 6436              		.global	cJSON_GetObjectItem
 6437              		.syntax unified
 6438              		.thumb
 6439              		.thumb_func
 6441              	cJSON_GetObjectItem:
 6442              	.LVL586:
 6443              	.LFB47:
1942:Libs/cJSON/cJSON.c ****     return get_object_item(object, string, false);
 6444              		.loc 1 1942 1 is_stmt 1 view -0
 6445              		.cfi_startproc
 6446              		@ args = 0, pretend = 0, frame = 0
 6447              		@ frame_needed = 0, uses_anonymous_args = 0
1942:Libs/cJSON/cJSON.c ****     return get_object_item(object, string, false);
 6448              		.loc 1 1942 1 is_stmt 0 view .LVU1974
 6449 0000 08B5     		push	{r3, lr}
 6450              	.LCFI79:
 6451              		.cfi_def_cfa_offset 8
 6452              		.cfi_offset 3, -8
 6453              		.cfi_offset 14, -4
1943:Libs/cJSON/cJSON.c **** }
 6454              		.loc 1 1943 5 is_stmt 1 view .LVU1975
1943:Libs/cJSON/cJSON.c **** }
 6455              		.loc 1 1943 12 is_stmt 0 view .LVU1976
 6456 0002 0022     		movs	r2, #0
 6457 0004 FFF7FEFF 		bl	get_object_item
 6458              	.LVL587:
1944:Libs/cJSON/cJSON.c **** 
 6459              		.loc 1 1944 1 view .LVU1977
 6460 0008 08BD     		pop	{r3, pc}
 6461              		.cfi_endproc
 6462              	.LFE47:
 6464              		.section	.text.cJSON_GetObjectItemCaseSensitive,"ax",%progbits
 6465              		.align	1
 6466              		.global	cJSON_GetObjectItemCaseSensitive
 6467              		.syntax unified
 6468              		.thumb
 6469              		.thumb_func
 6471              	cJSON_GetObjectItemCaseSensitive:
 6472              	.LVL588:
 6473              	.LFB48:
1947:Libs/cJSON/cJSON.c ****     return get_object_item(object, string, true);
 6474              		.loc 1 1947 1 is_stmt 1 view -0
 6475              		.cfi_startproc
 6476              		@ args = 0, pretend = 0, frame = 0
 6477              		@ frame_needed = 0, uses_anonymous_args = 0
1947:Libs/cJSON/cJSON.c ****     return get_object_item(object, string, true);
 6478              		.loc 1 1947 1 is_stmt 0 view .LVU1979
 6479 0000 08B5     		push	{r3, lr}
ARM GAS  C:\Users\nicx5\AppData\Local\Temp\ccUpawvI.s 			page 193


 6480              	.LCFI80:
 6481              		.cfi_def_cfa_offset 8
 6482              		.cfi_offset 3, -8
 6483              		.cfi_offset 14, -4
1948:Libs/cJSON/cJSON.c **** }
 6484              		.loc 1 1948 5 is_stmt 1 view .LVU1980
1948:Libs/cJSON/cJSON.c **** }
 6485              		.loc 1 1948 12 is_stmt 0 view .LVU1981
 6486 0002 0122     		movs	r2, #1
 6487 0004 FFF7FEFF 		bl	get_object_item
 6488              	.LVL589:
1949:Libs/cJSON/cJSON.c **** 
 6489              		.loc 1 1949 1 view .LVU1982
 6490 0008 08BD     		pop	{r3, pc}
 6491              		.cfi_endproc
 6492              	.LFE48:
 6494              		.section	.text.cJSON_HasObjectItem,"ax",%progbits
 6495              		.align	1
 6496              		.global	cJSON_HasObjectItem
 6497              		.syntax unified
 6498              		.thumb
 6499              		.thumb_func
 6501              	cJSON_HasObjectItem:
 6502              	.LVL590:
 6503              	.LFB49:
1952:Libs/cJSON/cJSON.c ****     return cJSON_GetObjectItem(object, string) ? 1 : 0;
 6504              		.loc 1 1952 1 is_stmt 1 view -0
 6505              		.cfi_startproc
 6506              		@ args = 0, pretend = 0, frame = 0
 6507              		@ frame_needed = 0, uses_anonymous_args = 0
1952:Libs/cJSON/cJSON.c ****     return cJSON_GetObjectItem(object, string) ? 1 : 0;
 6508              		.loc 1 1952 1 is_stmt 0 view .LVU1984
 6509 0000 08B5     		push	{r3, lr}
 6510              	.LCFI81:
 6511              		.cfi_def_cfa_offset 8
 6512              		.cfi_offset 3, -8
 6513              		.cfi_offset 14, -4
1953:Libs/cJSON/cJSON.c **** }
 6514              		.loc 1 1953 5 is_stmt 1 view .LVU1985
1953:Libs/cJSON/cJSON.c **** }
 6515              		.loc 1 1953 12 is_stmt 0 view .LVU1986
 6516 0002 FFF7FEFF 		bl	cJSON_GetObjectItem
 6517              	.LVL591:
1954:Libs/cJSON/cJSON.c **** 
 6518              		.loc 1 1954 1 view .LVU1987
 6519 0006 0038     		subs	r0, r0, #0
 6520 0008 18BF     		it	ne
 6521 000a 0120     		movne	r0, #1
 6522 000c 08BD     		pop	{r3, pc}
 6523              		.cfi_endproc
 6524              	.LFE49:
 6526              		.section	.text.cJSON_AddItemToArray,"ax",%progbits
 6527              		.align	1
 6528              		.global	cJSON_AddItemToArray
 6529              		.syntax unified
 6530              		.thumb
 6531              		.thumb_func
ARM GAS  C:\Users\nicx5\AppData\Local\Temp\ccUpawvI.s 			page 194


 6533              	cJSON_AddItemToArray:
 6534              	.LVL592:
 6535              	.LFB53:
2020:Libs/cJSON/cJSON.c ****     return add_item_to_array(array, item);
 6536              		.loc 1 2020 1 is_stmt 1 view -0
 6537              		.cfi_startproc
 6538              		@ args = 0, pretend = 0, frame = 0
 6539              		@ frame_needed = 0, uses_anonymous_args = 0
2020:Libs/cJSON/cJSON.c ****     return add_item_to_array(array, item);
 6540              		.loc 1 2020 1 is_stmt 0 view .LVU1989
 6541 0000 08B5     		push	{r3, lr}
 6542              	.LCFI82:
 6543              		.cfi_def_cfa_offset 8
 6544              		.cfi_offset 3, -8
 6545              		.cfi_offset 14, -4
2021:Libs/cJSON/cJSON.c **** }
 6546              		.loc 1 2021 5 is_stmt 1 view .LVU1990
2021:Libs/cJSON/cJSON.c **** }
 6547              		.loc 1 2021 12 is_stmt 0 view .LVU1991
 6548 0002 FFF7FEFF 		bl	add_item_to_array
 6549              	.LVL593:
2022:Libs/cJSON/cJSON.c **** 
 6550              		.loc 1 2022 1 view .LVU1992
 6551 0006 08BD     		pop	{r3, pc}
 6552              		.cfi_endproc
 6553              	.LFE53:
 6555              		.section	.text.cJSON_AddItemToObject,"ax",%progbits
 6556              		.align	1
 6557              		.global	cJSON_AddItemToObject
 6558              		.syntax unified
 6559              		.thumb
 6560              		.thumb_func
 6562              	cJSON_AddItemToObject:
 6563              	.LVL594:
 6564              	.LFB56:
2078:Libs/cJSON/cJSON.c ****     return add_item_to_object(object, string, item, &global_hooks, false);
 6565              		.loc 1 2078 1 is_stmt 1 view -0
 6566              		.cfi_startproc
 6567              		@ args = 0, pretend = 0, frame = 0
 6568              		@ frame_needed = 0, uses_anonymous_args = 0
2078:Libs/cJSON/cJSON.c ****     return add_item_to_object(object, string, item, &global_hooks, false);
 6569              		.loc 1 2078 1 is_stmt 0 view .LVU1994
 6570 0000 00B5     		push	{lr}
 6571              	.LCFI83:
 6572              		.cfi_def_cfa_offset 4
 6573              		.cfi_offset 14, -4
 6574 0002 83B0     		sub	sp, sp, #12
 6575              	.LCFI84:
 6576              		.cfi_def_cfa_offset 16
2079:Libs/cJSON/cJSON.c **** }
 6577              		.loc 1 2079 5 is_stmt 1 view .LVU1995
2079:Libs/cJSON/cJSON.c **** }
 6578              		.loc 1 2079 12 is_stmt 0 view .LVU1996
 6579 0004 0023     		movs	r3, #0
 6580 0006 0093     		str	r3, [sp]
 6581 0008 024B     		ldr	r3, .L541
 6582 000a FFF7FEFF 		bl	add_item_to_object
ARM GAS  C:\Users\nicx5\AppData\Local\Temp\ccUpawvI.s 			page 195


 6583              	.LVL595:
2080:Libs/cJSON/cJSON.c **** 
 6584              		.loc 1 2080 1 view .LVU1997
 6585 000e 03B0     		add	sp, sp, #12
 6586              	.LCFI85:
 6587              		.cfi_def_cfa_offset 4
 6588              		@ sp needed
 6589 0010 5DF804FB 		ldr	pc, [sp], #4
 6590              	.L542:
 6591              		.align	2
 6592              	.L541:
 6593 0014 00000000 		.word	global_hooks
 6594              		.cfi_endproc
 6595              	.LFE56:
 6597              		.section	.text.cJSON_AddItemToObjectCS,"ax",%progbits
 6598              		.align	1
 6599              		.global	cJSON_AddItemToObjectCS
 6600              		.syntax unified
 6601              		.thumb
 6602              		.thumb_func
 6604              	cJSON_AddItemToObjectCS:
 6605              	.LVL596:
 6606              	.LFB57:
2084:Libs/cJSON/cJSON.c ****     return add_item_to_object(object, string, item, &global_hooks, true);
 6607              		.loc 1 2084 1 is_stmt 1 view -0
 6608              		.cfi_startproc
 6609              		@ args = 0, pretend = 0, frame = 0
 6610              		@ frame_needed = 0, uses_anonymous_args = 0
2084:Libs/cJSON/cJSON.c ****     return add_item_to_object(object, string, item, &global_hooks, true);
 6611              		.loc 1 2084 1 is_stmt 0 view .LVU1999
 6612 0000 00B5     		push	{lr}
 6613              	.LCFI86:
 6614              		.cfi_def_cfa_offset 4
 6615              		.cfi_offset 14, -4
 6616 0002 83B0     		sub	sp, sp, #12
 6617              	.LCFI87:
 6618              		.cfi_def_cfa_offset 16
2085:Libs/cJSON/cJSON.c **** }
 6619              		.loc 1 2085 5 is_stmt 1 view .LVU2000
2085:Libs/cJSON/cJSON.c **** }
 6620              		.loc 1 2085 12 is_stmt 0 view .LVU2001
 6621 0004 0123     		movs	r3, #1
 6622 0006 0093     		str	r3, [sp]
 6623 0008 024B     		ldr	r3, .L545
 6624 000a FFF7FEFF 		bl	add_item_to_object
 6625              	.LVL597:
2086:Libs/cJSON/cJSON.c **** 
 6626              		.loc 1 2086 1 view .LVU2002
 6627 000e 03B0     		add	sp, sp, #12
 6628              	.LCFI88:
 6629              		.cfi_def_cfa_offset 4
 6630              		@ sp needed
 6631 0010 5DF804FB 		ldr	pc, [sp], #4
 6632              	.L546:
 6633              		.align	2
 6634              	.L545:
 6635 0014 00000000 		.word	global_hooks
ARM GAS  C:\Users\nicx5\AppData\Local\Temp\ccUpawvI.s 			page 196


 6636              		.cfi_endproc
 6637              	.LFE57:
 6639              		.section	.text.cJSON_AddItemReferenceToArray,"ax",%progbits
 6640              		.align	1
 6641              		.global	cJSON_AddItemReferenceToArray
 6642              		.syntax unified
 6643              		.thumb
 6644              		.thumb_func
 6646              	cJSON_AddItemReferenceToArray:
 6647              	.LVL598:
 6648              	.LFB58:
2089:Libs/cJSON/cJSON.c ****     if (array == NULL)
 6649              		.loc 1 2089 1 is_stmt 1 view -0
 6650              		.cfi_startproc
 6651              		@ args = 0, pretend = 0, frame = 0
 6652              		@ frame_needed = 0, uses_anonymous_args = 0
2090:Libs/cJSON/cJSON.c ****     {
 6653              		.loc 1 2090 5 view .LVU2004
2090:Libs/cJSON/cJSON.c ****     {
 6654              		.loc 1 2090 8 is_stmt 0 view .LVU2005
 6655 0000 58B1     		cbz	r0, .L549
2089:Libs/cJSON/cJSON.c ****     if (array == NULL)
 6656              		.loc 1 2089 1 view .LVU2006
 6657 0002 10B5     		push	{r4, lr}
 6658              	.LCFI89:
 6659              		.cfi_def_cfa_offset 8
 6660              		.cfi_offset 4, -8
 6661              		.cfi_offset 14, -4
 6662 0004 0B46     		mov	r3, r1
 6663 0006 0446     		mov	r4, r0
2095:Libs/cJSON/cJSON.c **** }
 6664              		.loc 1 2095 5 is_stmt 1 view .LVU2007
2095:Libs/cJSON/cJSON.c **** }
 6665              		.loc 1 2095 12 is_stmt 0 view .LVU2008
 6666 0008 0549     		ldr	r1, .L554
 6667              	.LVL599:
2095:Libs/cJSON/cJSON.c **** }
 6668              		.loc 1 2095 12 view .LVU2009
 6669 000a 1846     		mov	r0, r3
 6670              	.LVL600:
2095:Libs/cJSON/cJSON.c **** }
 6671              		.loc 1 2095 12 view .LVU2010
 6672 000c FFF7FEFF 		bl	create_reference
 6673              	.LVL601:
2095:Libs/cJSON/cJSON.c **** }
 6674              		.loc 1 2095 12 view .LVU2011
 6675 0010 0146     		mov	r1, r0
2095:Libs/cJSON/cJSON.c **** }
 6676              		.loc 1 2095 12 discriminator 1 view .LVU2012
 6677 0012 2046     		mov	r0, r4
 6678 0014 FFF7FEFF 		bl	add_item_to_array
 6679              	.LVL602:
2096:Libs/cJSON/cJSON.c **** 
 6680              		.loc 1 2096 1 view .LVU2013
 6681 0018 10BD     		pop	{r4, pc}
 6682              	.LVL603:
 6683              	.L549:
ARM GAS  C:\Users\nicx5\AppData\Local\Temp\ccUpawvI.s 			page 197


 6684              	.LCFI90:
 6685              		.cfi_def_cfa_offset 0
 6686              		.cfi_restore 4
 6687              		.cfi_restore 14
2092:Libs/cJSON/cJSON.c ****     }
 6688              		.loc 1 2092 16 view .LVU2014
 6689 001a 0020     		movs	r0, #0
 6690              	.LVL604:
2096:Libs/cJSON/cJSON.c **** 
 6691              		.loc 1 2096 1 view .LVU2015
 6692 001c 7047     		bx	lr
 6693              	.L555:
 6694 001e 00BF     		.align	2
 6695              	.L554:
 6696 0020 00000000 		.word	global_hooks
 6697              		.cfi_endproc
 6698              	.LFE58:
 6700              		.section	.text.cJSON_AddItemReferenceToObject,"ax",%progbits
 6701              		.align	1
 6702              		.global	cJSON_AddItemReferenceToObject
 6703              		.syntax unified
 6704              		.thumb
 6705              		.thumb_func
 6707              	cJSON_AddItemReferenceToObject:
 6708              	.LVL605:
 6709              	.LFB59:
2099:Libs/cJSON/cJSON.c ****     if ((object == NULL) || (string == NULL))
 6710              		.loc 1 2099 1 is_stmt 1 view -0
 6711              		.cfi_startproc
 6712              		@ args = 0, pretend = 0, frame = 0
 6713              		@ frame_needed = 0, uses_anonymous_args = 0
2100:Libs/cJSON/cJSON.c ****     {
 6714              		.loc 1 2100 5 view .LVU2017
2100:Libs/cJSON/cJSON.c ****     {
 6715              		.loc 1 2100 8 is_stmt 0 view .LVU2018
 6716 0000 0029     		cmp	r1, #0
 6717 0002 18BF     		it	ne
 6718 0004 0028     		cmpne	r0, #0
 6719 0006 01D1     		bne	.L563
2102:Libs/cJSON/cJSON.c ****     }
 6720              		.loc 1 2102 16 view .LVU2019
 6721 0008 0020     		movs	r0, #0
 6722              	.LVL606:
2106:Libs/cJSON/cJSON.c **** 
 6723              		.loc 1 2106 1 view .LVU2020
 6724 000a 7047     		bx	lr
 6725              	.LVL607:
 6726              	.L563:
2099:Libs/cJSON/cJSON.c ****     if ((object == NULL) || (string == NULL))
 6727              		.loc 1 2099 1 view .LVU2021
 6728 000c 70B5     		push	{r4, r5, r6, lr}
 6729              	.LCFI91:
 6730              		.cfi_def_cfa_offset 16
 6731              		.cfi_offset 4, -16
 6732              		.cfi_offset 5, -12
 6733              		.cfi_offset 6, -8
 6734              		.cfi_offset 14, -4
ARM GAS  C:\Users\nicx5\AppData\Local\Temp\ccUpawvI.s 			page 198


 6735 000e 82B0     		sub	sp, sp, #8
 6736              	.LCFI92:
 6737              		.cfi_def_cfa_offset 24
 6738 0010 0446     		mov	r4, r0
 6739 0012 0D46     		mov	r5, r1
2105:Libs/cJSON/cJSON.c **** }
 6740              		.loc 1 2105 5 is_stmt 1 view .LVU2022
2105:Libs/cJSON/cJSON.c **** }
 6741              		.loc 1 2105 12 is_stmt 0 view .LVU2023
 6742 0014 074E     		ldr	r6, .L564
 6743 0016 3146     		mov	r1, r6
 6744              	.LVL608:
2105:Libs/cJSON/cJSON.c **** }
 6745              		.loc 1 2105 12 view .LVU2024
 6746 0018 1046     		mov	r0, r2
 6747              	.LVL609:
2105:Libs/cJSON/cJSON.c **** }
 6748              		.loc 1 2105 12 view .LVU2025
 6749 001a FFF7FEFF 		bl	create_reference
 6750              	.LVL610:
2105:Libs/cJSON/cJSON.c **** }
 6751              		.loc 1 2105 12 view .LVU2026
 6752 001e 0246     		mov	r2, r0
2105:Libs/cJSON/cJSON.c **** }
 6753              		.loc 1 2105 12 discriminator 1 view .LVU2027
 6754 0020 0023     		movs	r3, #0
 6755 0022 0093     		str	r3, [sp]
 6756 0024 3346     		mov	r3, r6
 6757 0026 2946     		mov	r1, r5
 6758 0028 2046     		mov	r0, r4
 6759 002a FFF7FEFF 		bl	add_item_to_object
 6760              	.LVL611:
2106:Libs/cJSON/cJSON.c **** 
 6761              		.loc 1 2106 1 view .LVU2028
 6762 002e 02B0     		add	sp, sp, #8
 6763              	.LCFI93:
 6764              		.cfi_def_cfa_offset 16
 6765              		@ sp needed
 6766 0030 70BD     		pop	{r4, r5, r6, pc}
 6767              	.LVL612:
 6768              	.L565:
2106:Libs/cJSON/cJSON.c **** 
 6769              		.loc 1 2106 1 view .LVU2029
 6770 0032 00BF     		.align	2
 6771              	.L564:
 6772 0034 00000000 		.word	global_hooks
 6773              		.cfi_endproc
 6774              	.LFE59:
 6776              		.section	.text.cJSON_DetachItemViaPointer,"ax",%progbits
 6777              		.align	1
 6778              		.global	cJSON_DetachItemViaPointer
 6779              		.syntax unified
 6780              		.thumb
 6781              		.thumb_func
 6783              	cJSON_DetachItemViaPointer:
 6784              	.LVL613:
 6785              	.LFB69:
ARM GAS  C:\Users\nicx5\AppData\Local\Temp\ccUpawvI.s 			page 199


2217:Libs/cJSON/cJSON.c ****     if ((parent == NULL) || (item == NULL) || (item != parent->child && item->prev == NULL))
 6786              		.loc 1 2217 1 is_stmt 1 view -0
 6787              		.cfi_startproc
 6788              		@ args = 0, pretend = 0, frame = 0
 6789              		@ frame_needed = 0, uses_anonymous_args = 0
 6790              		@ link register save eliminated.
2218:Libs/cJSON/cJSON.c ****     {
 6791              		.loc 1 2218 5 view .LVU2031
2218:Libs/cJSON/cJSON.c ****     {
 6792              		.loc 1 2218 17 is_stmt 0 view .LVU2032
 6793 0000 0246     		mov	r2, r0
2218:Libs/cJSON/cJSON.c ****     {
 6794              		.loc 1 2218 35 view .LVU2033
 6795 0002 0B46     		mov	r3, r1
2218:Libs/cJSON/cJSON.c ****     {
 6796              		.loc 1 2218 8 view .LVU2034
 6797 0004 0029     		cmp	r1, #0
 6798 0006 18BF     		it	ne
 6799 0008 0028     		cmpne	r0, #0
 6800 000a 1DD0     		beq	.L573
2218:Libs/cJSON/cJSON.c ****     {
 6801              		.loc 1 2218 62 discriminator 1 view .LVU2035
 6802 000c 8168     		ldr	r1, [r0, #8]
 6803              	.LVL614:
2218:Libs/cJSON/cJSON.c ****     {
 6804              		.loc 1 2218 44 discriminator 1 view .LVU2036
 6805 000e 9942     		cmp	r1, r3
 6806 0010 01D0     		beq	.L568
2218:Libs/cJSON/cJSON.c ****     {
 6807              		.loc 1 2218 77 discriminator 2 view .LVU2037
 6808 0012 5868     		ldr	r0, [r3, #4]
 6809              	.LVL615:
2218:Libs/cJSON/cJSON.c ****     {
 6810              		.loc 1 2218 70 discriminator 2 view .LVU2038
 6811 0014 C8B1     		cbz	r0, .L566
 6812              	.L568:
2223:Libs/cJSON/cJSON.c ****     {
 6813              		.loc 1 2223 5 is_stmt 1 view .LVU2039
2223:Libs/cJSON/cJSON.c ****     {
 6814              		.loc 1 2223 8 is_stmt 0 view .LVU2040
 6815 0016 9942     		cmp	r1, r3
 6816 0018 02D0     		beq	.L569
2226:Libs/cJSON/cJSON.c ****     }
 6817              		.loc 1 2226 9 is_stmt 1 view .LVU2041
2226:Libs/cJSON/cJSON.c ****     }
 6818              		.loc 1 2226 13 is_stmt 0 view .LVU2042
 6819 001a 5968     		ldr	r1, [r3, #4]
2226:Libs/cJSON/cJSON.c ****     }
 6820              		.loc 1 2226 32 view .LVU2043
 6821 001c 1868     		ldr	r0, [r3]
2226:Libs/cJSON/cJSON.c ****     }
 6822              		.loc 1 2226 26 view .LVU2044
 6823 001e 0860     		str	r0, [r1]
 6824              	.L569:
2228:Libs/cJSON/cJSON.c ****     {
 6825              		.loc 1 2228 5 is_stmt 1 view .LVU2045
2228:Libs/cJSON/cJSON.c ****     {
ARM GAS  C:\Users\nicx5\AppData\Local\Temp\ccUpawvI.s 			page 200


 6826              		.loc 1 2228 13 is_stmt 0 view .LVU2046
 6827 0020 1968     		ldr	r1, [r3]
2228:Libs/cJSON/cJSON.c ****     {
 6828              		.loc 1 2228 8 view .LVU2047
 6829 0022 09B1     		cbz	r1, .L570
2231:Libs/cJSON/cJSON.c ****     }
 6830              		.loc 1 2231 9 is_stmt 1 view .LVU2048
2231:Libs/cJSON/cJSON.c ****     }
 6831              		.loc 1 2231 32 is_stmt 0 view .LVU2049
 6832 0024 5868     		ldr	r0, [r3, #4]
2231:Libs/cJSON/cJSON.c ****     }
 6833              		.loc 1 2231 26 view .LVU2050
 6834 0026 4860     		str	r0, [r1, #4]
 6835              	.L570:
2234:Libs/cJSON/cJSON.c ****     {
 6836              		.loc 1 2234 5 is_stmt 1 view .LVU2051
2234:Libs/cJSON/cJSON.c ****     {
 6837              		.loc 1 2234 23 is_stmt 0 view .LVU2052
 6838 0028 9168     		ldr	r1, [r2, #8]
2234:Libs/cJSON/cJSON.c ****     {
 6839              		.loc 1 2234 8 view .LVU2053
 6840 002a 9942     		cmp	r1, r3
 6841 002c 06D0     		beq	.L574
2239:Libs/cJSON/cJSON.c ****     {
 6842              		.loc 1 2239 10 is_stmt 1 view .LVU2054
2239:Libs/cJSON/cJSON.c ****     {
 6843              		.loc 1 2239 18 is_stmt 0 view .LVU2055
 6844 002e 1A68     		ldr	r2, [r3]
 6845              	.LVL616:
2239:Libs/cJSON/cJSON.c ****     {
 6846              		.loc 1 2239 13 view .LVU2056
 6847 0030 3AB1     		cbz	r2, .L575
 6848              	.L572:
2246:Libs/cJSON/cJSON.c ****     item->next = NULL;
 6849              		.loc 1 2246 5 is_stmt 1 view .LVU2057
2246:Libs/cJSON/cJSON.c ****     item->next = NULL;
 6850              		.loc 1 2246 16 is_stmt 0 view .LVU2058
 6851 0032 0022     		movs	r2, #0
 6852 0034 5A60     		str	r2, [r3, #4]
2247:Libs/cJSON/cJSON.c **** 
 6853              		.loc 1 2247 5 is_stmt 1 view .LVU2059
2247:Libs/cJSON/cJSON.c **** 
 6854              		.loc 1 2247 16 is_stmt 0 view .LVU2060
 6855 0036 1A60     		str	r2, [r3]
2249:Libs/cJSON/cJSON.c **** }
 6856              		.loc 1 2249 5 is_stmt 1 view .LVU2061
2249:Libs/cJSON/cJSON.c **** }
 6857              		.loc 1 2249 12 is_stmt 0 view .LVU2062
 6858 0038 1846     		mov	r0, r3
 6859 003a 7047     		bx	lr
 6860              	.LVL617:
 6861              	.L574:
2237:Libs/cJSON/cJSON.c ****     }
 6862              		.loc 1 2237 9 is_stmt 1 view .LVU2063
2237:Libs/cJSON/cJSON.c ****     }
 6863              		.loc 1 2237 29 is_stmt 0 view .LVU2064
 6864 003c 1968     		ldr	r1, [r3]
ARM GAS  C:\Users\nicx5\AppData\Local\Temp\ccUpawvI.s 			page 201


2237:Libs/cJSON/cJSON.c ****     }
 6865              		.loc 1 2237 23 view .LVU2065
 6866 003e 9160     		str	r1, [r2, #8]
 6867 0040 F7E7     		b	.L572
 6868              	.LVL618:
 6869              	.L575:
2242:Libs/cJSON/cJSON.c ****     }
 6870              		.loc 1 2242 9 is_stmt 1 view .LVU2066
2242:Libs/cJSON/cJSON.c ****     }
 6871              		.loc 1 2242 35 is_stmt 0 view .LVU2067
 6872 0042 5A68     		ldr	r2, [r3, #4]
2242:Libs/cJSON/cJSON.c ****     }
 6873              		.loc 1 2242 29 view .LVU2068
 6874 0044 4A60     		str	r2, [r1, #4]
 6875 0046 F4E7     		b	.L572
 6876              	.LVL619:
 6877              	.L573:
2220:Libs/cJSON/cJSON.c ****     }
 6878              		.loc 1 2220 16 view .LVU2069
 6879 0048 0020     		movs	r0, #0
 6880              	.LVL620:
 6881              	.L566:
2250:Libs/cJSON/cJSON.c **** 
 6882              		.loc 1 2250 1 view .LVU2070
 6883 004a 7047     		bx	lr
 6884              		.cfi_endproc
 6885              	.LFE69:
 6887              		.section	.text.cJSON_DetachItemFromArray,"ax",%progbits
 6888              		.align	1
 6889              		.global	cJSON_DetachItemFromArray
 6890              		.syntax unified
 6891              		.thumb
 6892              		.thumb_func
 6894              	cJSON_DetachItemFromArray:
 6895              	.LVL621:
 6896              	.LFB70:
2253:Libs/cJSON/cJSON.c ****     if (which < 0)
 6897              		.loc 1 2253 1 is_stmt 1 view -0
 6898              		.cfi_startproc
 6899              		@ args = 0, pretend = 0, frame = 0
 6900              		@ frame_needed = 0, uses_anonymous_args = 0
2254:Libs/cJSON/cJSON.c ****     {
 6901              		.loc 1 2254 5 view .LVU2072
2254:Libs/cJSON/cJSON.c ****     {
 6902              		.loc 1 2254 8 is_stmt 0 view .LVU2073
 6903 0000 0029     		cmp	r1, #0
2254:Libs/cJSON/cJSON.c ****     {
 6904              		.loc 1 2254 8 view .LVU2074
 6905 0002 08DB     		blt	.L578
2253:Libs/cJSON/cJSON.c ****     if (which < 0)
 6906              		.loc 1 2253 1 view .LVU2075
 6907 0004 10B5     		push	{r4, lr}
 6908              	.LCFI94:
 6909              		.cfi_def_cfa_offset 8
 6910              		.cfi_offset 4, -8
 6911              		.cfi_offset 14, -4
 6912 0006 0446     		mov	r4, r0
ARM GAS  C:\Users\nicx5\AppData\Local\Temp\ccUpawvI.s 			page 202


2259:Libs/cJSON/cJSON.c **** }
 6913              		.loc 1 2259 5 is_stmt 1 view .LVU2076
2259:Libs/cJSON/cJSON.c **** }
 6914              		.loc 1 2259 12 is_stmt 0 view .LVU2077
 6915 0008 FFF7FEFF 		bl	get_array_item
 6916              	.LVL622:
2259:Libs/cJSON/cJSON.c **** }
 6917              		.loc 1 2259 12 view .LVU2078
 6918 000c 0146     		mov	r1, r0
2259:Libs/cJSON/cJSON.c **** }
 6919              		.loc 1 2259 12 discriminator 1 view .LVU2079
 6920 000e 2046     		mov	r0, r4
 6921 0010 FFF7FEFF 		bl	cJSON_DetachItemViaPointer
 6922              	.LVL623:
2260:Libs/cJSON/cJSON.c **** 
 6923              		.loc 1 2260 1 view .LVU2080
 6924 0014 10BD     		pop	{r4, pc}
 6925              	.LVL624:
 6926              	.L578:
 6927              	.LCFI95:
 6928              		.cfi_def_cfa_offset 0
 6929              		.cfi_restore 4
 6930              		.cfi_restore 14
2256:Libs/cJSON/cJSON.c ****     }
 6931              		.loc 1 2256 16 view .LVU2081
 6932 0016 0020     		movs	r0, #0
 6933              	.LVL625:
2260:Libs/cJSON/cJSON.c **** 
 6934              		.loc 1 2260 1 view .LVU2082
 6935 0018 7047     		bx	lr
 6936              		.cfi_endproc
 6937              	.LFE70:
 6939              		.section	.text.cJSON_DeleteItemFromArray,"ax",%progbits
 6940              		.align	1
 6941              		.global	cJSON_DeleteItemFromArray
 6942              		.syntax unified
 6943              		.thumb
 6944              		.thumb_func
 6946              	cJSON_DeleteItemFromArray:
 6947              	.LVL626:
 6948              	.LFB71:
2263:Libs/cJSON/cJSON.c ****     cJSON_Delete(cJSON_DetachItemFromArray(array, which));
 6949              		.loc 1 2263 1 is_stmt 1 view -0
 6950              		.cfi_startproc
 6951              		@ args = 0, pretend = 0, frame = 0
 6952              		@ frame_needed = 0, uses_anonymous_args = 0
2263:Libs/cJSON/cJSON.c ****     cJSON_Delete(cJSON_DetachItemFromArray(array, which));
 6953              		.loc 1 2263 1 is_stmt 0 view .LVU2084
 6954 0000 08B5     		push	{r3, lr}
 6955              	.LCFI96:
 6956              		.cfi_def_cfa_offset 8
 6957              		.cfi_offset 3, -8
 6958              		.cfi_offset 14, -4
2264:Libs/cJSON/cJSON.c **** }
 6959              		.loc 1 2264 5 is_stmt 1 view .LVU2085
 6960 0002 FFF7FEFF 		bl	cJSON_DetachItemFromArray
 6961              	.LVL627:
ARM GAS  C:\Users\nicx5\AppData\Local\Temp\ccUpawvI.s 			page 203


2264:Libs/cJSON/cJSON.c **** }
 6962              		.loc 1 2264 5 is_stmt 0 discriminator 1 view .LVU2086
 6963 0006 FFF7FEFF 		bl	cJSON_Delete
 6964              	.LVL628:
2265:Libs/cJSON/cJSON.c **** 
 6965              		.loc 1 2265 1 view .LVU2087
 6966 000a 08BD     		pop	{r3, pc}
 6967              		.cfi_endproc
 6968              	.LFE71:
 6970              		.section	.text.cJSON_DetachItemFromObject,"ax",%progbits
 6971              		.align	1
 6972              		.global	cJSON_DetachItemFromObject
 6973              		.syntax unified
 6974              		.thumb
 6975              		.thumb_func
 6977              	cJSON_DetachItemFromObject:
 6978              	.LVL629:
 6979              	.LFB72:
2268:Libs/cJSON/cJSON.c ****     cJSON *to_detach = cJSON_GetObjectItem(object, string);
 6980              		.loc 1 2268 1 is_stmt 1 view -0
 6981              		.cfi_startproc
 6982              		@ args = 0, pretend = 0, frame = 0
 6983              		@ frame_needed = 0, uses_anonymous_args = 0
2268:Libs/cJSON/cJSON.c ****     cJSON *to_detach = cJSON_GetObjectItem(object, string);
 6984              		.loc 1 2268 1 is_stmt 0 view .LVU2089
 6985 0000 10B5     		push	{r4, lr}
 6986              	.LCFI97:
 6987              		.cfi_def_cfa_offset 8
 6988              		.cfi_offset 4, -8
 6989              		.cfi_offset 14, -4
 6990 0002 0446     		mov	r4, r0
2269:Libs/cJSON/cJSON.c **** 
 6991              		.loc 1 2269 5 is_stmt 1 view .LVU2090
2269:Libs/cJSON/cJSON.c **** 
 6992              		.loc 1 2269 24 is_stmt 0 view .LVU2091
 6993 0004 FFF7FEFF 		bl	cJSON_GetObjectItem
 6994              	.LVL630:
2269:Libs/cJSON/cJSON.c **** 
 6995              		.loc 1 2269 24 view .LVU2092
 6996 0008 0146     		mov	r1, r0
 6997              	.LVL631:
2271:Libs/cJSON/cJSON.c **** }
 6998              		.loc 1 2271 5 is_stmt 1 view .LVU2093
2271:Libs/cJSON/cJSON.c **** }
 6999              		.loc 1 2271 12 is_stmt 0 view .LVU2094
 7000 000a 2046     		mov	r0, r4
 7001              	.LVL632:
2271:Libs/cJSON/cJSON.c **** }
 7002              		.loc 1 2271 12 view .LVU2095
 7003 000c FFF7FEFF 		bl	cJSON_DetachItemViaPointer
 7004              	.LVL633:
2272:Libs/cJSON/cJSON.c **** 
 7005              		.loc 1 2272 1 view .LVU2096
 7006 0010 10BD     		pop	{r4, pc}
2272:Libs/cJSON/cJSON.c **** 
 7007              		.loc 1 2272 1 view .LVU2097
 7008              		.cfi_endproc
ARM GAS  C:\Users\nicx5\AppData\Local\Temp\ccUpawvI.s 			page 204


 7009              	.LFE72:
 7011              		.section	.text.cJSON_DetachItemFromObjectCaseSensitive,"ax",%progbits
 7012              		.align	1
 7013              		.global	cJSON_DetachItemFromObjectCaseSensitive
 7014              		.syntax unified
 7015              		.thumb
 7016              		.thumb_func
 7018              	cJSON_DetachItemFromObjectCaseSensitive:
 7019              	.LVL634:
 7020              	.LFB73:
2275:Libs/cJSON/cJSON.c ****     cJSON *to_detach = cJSON_GetObjectItemCaseSensitive(object, string);
 7021              		.loc 1 2275 1 is_stmt 1 view -0
 7022              		.cfi_startproc
 7023              		@ args = 0, pretend = 0, frame = 0
 7024              		@ frame_needed = 0, uses_anonymous_args = 0
2275:Libs/cJSON/cJSON.c ****     cJSON *to_detach = cJSON_GetObjectItemCaseSensitive(object, string);
 7025              		.loc 1 2275 1 is_stmt 0 view .LVU2099
 7026 0000 10B5     		push	{r4, lr}
 7027              	.LCFI98:
 7028              		.cfi_def_cfa_offset 8
 7029              		.cfi_offset 4, -8
 7030              		.cfi_offset 14, -4
 7031 0002 0446     		mov	r4, r0
2276:Libs/cJSON/cJSON.c **** 
 7032              		.loc 1 2276 5 is_stmt 1 view .LVU2100
2276:Libs/cJSON/cJSON.c **** 
 7033              		.loc 1 2276 24 is_stmt 0 view .LVU2101
 7034 0004 FFF7FEFF 		bl	cJSON_GetObjectItemCaseSensitive
 7035              	.LVL635:
2276:Libs/cJSON/cJSON.c **** 
 7036              		.loc 1 2276 24 view .LVU2102
 7037 0008 0146     		mov	r1, r0
 7038              	.LVL636:
2278:Libs/cJSON/cJSON.c **** }
 7039              		.loc 1 2278 5 is_stmt 1 view .LVU2103
2278:Libs/cJSON/cJSON.c **** }
 7040              		.loc 1 2278 12 is_stmt 0 view .LVU2104
 7041 000a 2046     		mov	r0, r4
 7042              	.LVL637:
2278:Libs/cJSON/cJSON.c **** }
 7043              		.loc 1 2278 12 view .LVU2105
 7044 000c FFF7FEFF 		bl	cJSON_DetachItemViaPointer
 7045              	.LVL638:
2279:Libs/cJSON/cJSON.c **** 
 7046              		.loc 1 2279 1 view .LVU2106
 7047 0010 10BD     		pop	{r4, pc}
2279:Libs/cJSON/cJSON.c **** 
 7048              		.loc 1 2279 1 view .LVU2107
 7049              		.cfi_endproc
 7050              	.LFE73:
 7052              		.section	.text.cJSON_DeleteItemFromObject,"ax",%progbits
 7053              		.align	1
 7054              		.global	cJSON_DeleteItemFromObject
 7055              		.syntax unified
 7056              		.thumb
 7057              		.thumb_func
 7059              	cJSON_DeleteItemFromObject:
ARM GAS  C:\Users\nicx5\AppData\Local\Temp\ccUpawvI.s 			page 205


 7060              	.LVL639:
 7061              	.LFB74:
2282:Libs/cJSON/cJSON.c ****     cJSON_Delete(cJSON_DetachItemFromObject(object, string));
 7062              		.loc 1 2282 1 is_stmt 1 view -0
 7063              		.cfi_startproc
 7064              		@ args = 0, pretend = 0, frame = 0
 7065              		@ frame_needed = 0, uses_anonymous_args = 0
2282:Libs/cJSON/cJSON.c ****     cJSON_Delete(cJSON_DetachItemFromObject(object, string));
 7066              		.loc 1 2282 1 is_stmt 0 view .LVU2109
 7067 0000 08B5     		push	{r3, lr}
 7068              	.LCFI99:
 7069              		.cfi_def_cfa_offset 8
 7070              		.cfi_offset 3, -8
 7071              		.cfi_offset 14, -4
2283:Libs/cJSON/cJSON.c **** }
 7072              		.loc 1 2283 5 is_stmt 1 view .LVU2110
 7073 0002 FFF7FEFF 		bl	cJSON_DetachItemFromObject
 7074              	.LVL640:
2283:Libs/cJSON/cJSON.c **** }
 7075              		.loc 1 2283 5 is_stmt 0 discriminator 1 view .LVU2111
 7076 0006 FFF7FEFF 		bl	cJSON_Delete
 7077              	.LVL641:
2284:Libs/cJSON/cJSON.c **** 
 7078              		.loc 1 2284 1 view .LVU2112
 7079 000a 08BD     		pop	{r3, pc}
 7080              		.cfi_endproc
 7081              	.LFE74:
 7083              		.section	.text.cJSON_DeleteItemFromObjectCaseSensitive,"ax",%progbits
 7084              		.align	1
 7085              		.global	cJSON_DeleteItemFromObjectCaseSensitive
 7086              		.syntax unified
 7087              		.thumb
 7088              		.thumb_func
 7090              	cJSON_DeleteItemFromObjectCaseSensitive:
 7091              	.LVL642:
 7092              	.LFB75:
2287:Libs/cJSON/cJSON.c ****     cJSON_Delete(cJSON_DetachItemFromObjectCaseSensitive(object, string));
 7093              		.loc 1 2287 1 is_stmt 1 view -0
 7094              		.cfi_startproc
 7095              		@ args = 0, pretend = 0, frame = 0
 7096              		@ frame_needed = 0, uses_anonymous_args = 0
2287:Libs/cJSON/cJSON.c ****     cJSON_Delete(cJSON_DetachItemFromObjectCaseSensitive(object, string));
 7097              		.loc 1 2287 1 is_stmt 0 view .LVU2114
 7098 0000 08B5     		push	{r3, lr}
 7099              	.LCFI100:
 7100              		.cfi_def_cfa_offset 8
 7101              		.cfi_offset 3, -8
 7102              		.cfi_offset 14, -4
2288:Libs/cJSON/cJSON.c **** }
 7103              		.loc 1 2288 5 is_stmt 1 view .LVU2115
 7104 0002 FFF7FEFF 		bl	cJSON_DetachItemFromObjectCaseSensitive
 7105              	.LVL643:
2288:Libs/cJSON/cJSON.c **** }
 7106              		.loc 1 2288 5 is_stmt 0 discriminator 1 view .LVU2116
 7107 0006 FFF7FEFF 		bl	cJSON_Delete
 7108              	.LVL644:
2289:Libs/cJSON/cJSON.c **** 
ARM GAS  C:\Users\nicx5\AppData\Local\Temp\ccUpawvI.s 			page 206


 7109              		.loc 1 2289 1 view .LVU2117
 7110 000a 08BD     		pop	{r3, pc}
 7111              		.cfi_endproc
 7112              	.LFE75:
 7114              		.section	.text.cJSON_InsertItemInArray,"ax",%progbits
 7115              		.align	1
 7116              		.global	cJSON_InsertItemInArray
 7117              		.syntax unified
 7118              		.thumb
 7119              		.thumb_func
 7121              	cJSON_InsertItemInArray:
 7122              	.LVL645:
 7123              	.LFB76:
2293:Libs/cJSON/cJSON.c ****     cJSON *after_inserted = NULL;
 7124              		.loc 1 2293 1 is_stmt 1 view -0
 7125              		.cfi_startproc
 7126              		@ args = 0, pretend = 0, frame = 0
 7127              		@ frame_needed = 0, uses_anonymous_args = 0
2293:Libs/cJSON/cJSON.c ****     cJSON *after_inserted = NULL;
 7128              		.loc 1 2293 1 is_stmt 0 view .LVU2119
 7129 0000 38B5     		push	{r3, r4, r5, lr}
 7130              	.LCFI101:
 7131              		.cfi_def_cfa_offset 16
 7132              		.cfi_offset 3, -16
 7133              		.cfi_offset 4, -12
 7134              		.cfi_offset 5, -8
 7135              		.cfi_offset 14, -4
2294:Libs/cJSON/cJSON.c **** 
 7136              		.loc 1 2294 5 is_stmt 1 view .LVU2120
 7137              	.LVL646:
2296:Libs/cJSON/cJSON.c ****     {
 7138              		.loc 1 2296 5 view .LVU2121
2296:Libs/cJSON/cJSON.c ****     {
 7139              		.loc 1 2296 30 is_stmt 0 view .LVU2122
 7140 0002 1546     		mov	r5, r2
 7141 0004 B2FA82F2 		clz	r2, r2
 7142              	.LVL647:
2296:Libs/cJSON/cJSON.c ****     {
 7143              		.loc 1 2296 30 view .LVU2123
 7144 0008 5209     		lsrs	r2, r2, #5
2296:Libs/cJSON/cJSON.c ****     {
 7145              		.loc 1 2296 8 view .LVU2124
 7146 000a 52EAD172 		orrs	r2, r2, r1, lsr #31
 7147 000e 01D0     		beq	.L601
2298:Libs/cJSON/cJSON.c ****     }
 7148              		.loc 1 2298 16 view .LVU2125
 7149 0010 0020     		movs	r0, #0
 7150              	.LVL648:
 7151              	.L593:
2324:Libs/cJSON/cJSON.c **** 
 7152              		.loc 1 2324 1 view .LVU2126
 7153 0012 38BD     		pop	{r3, r4, r5, pc}
 7154              	.LVL649:
 7155              	.L601:
2324:Libs/cJSON/cJSON.c **** 
 7156              		.loc 1 2324 1 view .LVU2127
 7157 0014 0446     		mov	r4, r0
ARM GAS  C:\Users\nicx5\AppData\Local\Temp\ccUpawvI.s 			page 207


2301:Libs/cJSON/cJSON.c ****     if (after_inserted == NULL)
 7158              		.loc 1 2301 5 is_stmt 1 view .LVU2128
2301:Libs/cJSON/cJSON.c ****     if (after_inserted == NULL)
 7159              		.loc 1 2301 22 is_stmt 0 view .LVU2129
 7160 0016 FFF7FEFF 		bl	get_array_item
 7161              	.LVL650:
2302:Libs/cJSON/cJSON.c ****     {
 7162              		.loc 1 2302 5 is_stmt 1 view .LVU2130
2302:Libs/cJSON/cJSON.c ****     {
 7163              		.loc 1 2302 8 is_stmt 0 view .LVU2131
 7164 001a 0346     		mov	r3, r0
 7165 001c 78B1     		cbz	r0, .L602
2307:Libs/cJSON/cJSON.c ****         /* return false if after_inserted is a corrupted array item */
 7166              		.loc 1 2307 5 is_stmt 1 view .LVU2132
2307:Libs/cJSON/cJSON.c ****         /* return false if after_inserted is a corrupted array item */
 7167              		.loc 1 2307 32 is_stmt 0 view .LVU2133
 7168 001e A268     		ldr	r2, [r4, #8]
2307:Libs/cJSON/cJSON.c ****         /* return false if after_inserted is a corrupted array item */
 7169              		.loc 1 2307 8 view .LVU2134
 7170 0020 8242     		cmp	r2, r0
 7171 0022 01D0     		beq	.L596
2307:Libs/cJSON/cJSON.c ****         /* return false if after_inserted is a corrupted array item */
 7172              		.loc 1 2307 57 discriminator 1 view .LVU2135
 7173 0024 4268     		ldr	r2, [r0, #4]
2307:Libs/cJSON/cJSON.c ****         /* return false if after_inserted is a corrupted array item */
 7174              		.loc 1 2307 40 discriminator 1 view .LVU2136
 7175 0026 92B1     		cbz	r2, .L599
 7176              	.L596:
2312:Libs/cJSON/cJSON.c ****     newitem->prev = after_inserted->prev;
 7177              		.loc 1 2312 5 is_stmt 1 view .LVU2137
2312:Libs/cJSON/cJSON.c ****     newitem->prev = after_inserted->prev;
 7178              		.loc 1 2312 19 is_stmt 0 view .LVU2138
 7179 0028 2B60     		str	r3, [r5]
2313:Libs/cJSON/cJSON.c ****     after_inserted->prev = newitem;
 7180              		.loc 1 2313 5 is_stmt 1 view .LVU2139
2313:Libs/cJSON/cJSON.c ****     after_inserted->prev = newitem;
 7181              		.loc 1 2313 35 is_stmt 0 view .LVU2140
 7182 002a 5A68     		ldr	r2, [r3, #4]
2313:Libs/cJSON/cJSON.c ****     after_inserted->prev = newitem;
 7183              		.loc 1 2313 19 view .LVU2141
 7184 002c 6A60     		str	r2, [r5, #4]
2314:Libs/cJSON/cJSON.c ****     if (after_inserted == array->child)
 7185              		.loc 1 2314 5 is_stmt 1 view .LVU2142
2314:Libs/cJSON/cJSON.c ****     if (after_inserted == array->child)
 7186              		.loc 1 2314 26 is_stmt 0 view .LVU2143
 7187 002e 5D60     		str	r5, [r3, #4]
2315:Libs/cJSON/cJSON.c ****     {
 7188              		.loc 1 2315 5 is_stmt 1 view .LVU2144
2315:Libs/cJSON/cJSON.c ****     {
 7189              		.loc 1 2315 32 is_stmt 0 view .LVU2145
 7190 0030 A268     		ldr	r2, [r4, #8]
2315:Libs/cJSON/cJSON.c ****     {
 7191              		.loc 1 2315 8 view .LVU2146
 7192 0032 9A42     		cmp	r2, r3
 7193 0034 08D0     		beq	.L603
2321:Libs/cJSON/cJSON.c ****     }
 7194              		.loc 1 2321 9 is_stmt 1 view .LVU2147
ARM GAS  C:\Users\nicx5\AppData\Local\Temp\ccUpawvI.s 			page 208


2321:Libs/cJSON/cJSON.c ****     }
 7195              		.loc 1 2321 16 is_stmt 0 view .LVU2148
 7196 0036 6B68     		ldr	r3, [r5, #4]
2321:Libs/cJSON/cJSON.c ****     }
 7197              		.loc 1 2321 29 view .LVU2149
 7198 0038 1D60     		str	r5, [r3]
2323:Libs/cJSON/cJSON.c **** }
 7199              		.loc 1 2323 12 view .LVU2150
 7200 003a 0120     		movs	r0, #1
 7201              	.LVL651:
2323:Libs/cJSON/cJSON.c **** }
 7202              		.loc 1 2323 12 view .LVU2151
 7203 003c E9E7     		b	.L593
 7204              	.LVL652:
 7205              	.L602:
2304:Libs/cJSON/cJSON.c ****     }
 7206              		.loc 1 2304 9 is_stmt 1 view .LVU2152
2304:Libs/cJSON/cJSON.c ****     }
 7207              		.loc 1 2304 16 is_stmt 0 view .LVU2153
 7208 003e 2946     		mov	r1, r5
 7209 0040 2046     		mov	r0, r4
 7210              	.LVL653:
2304:Libs/cJSON/cJSON.c ****     }
 7211              		.loc 1 2304 16 view .LVU2154
 7212 0042 FFF7FEFF 		bl	add_item_to_array
 7213              	.LVL654:
2304:Libs/cJSON/cJSON.c ****     }
 7214              		.loc 1 2304 16 view .LVU2155
 7215 0046 E4E7     		b	.L593
 7216              	.LVL655:
 7217              	.L603:
2317:Libs/cJSON/cJSON.c ****     }
 7218              		.loc 1 2317 9 is_stmt 1 view .LVU2156
2317:Libs/cJSON/cJSON.c ****     }
 7219              		.loc 1 2317 22 is_stmt 0 view .LVU2157
 7220 0048 A560     		str	r5, [r4, #8]
2323:Libs/cJSON/cJSON.c **** }
 7221              		.loc 1 2323 12 view .LVU2158
 7222 004a 0120     		movs	r0, #1
 7223              	.LVL656:
2323:Libs/cJSON/cJSON.c **** }
 7224              		.loc 1 2323 12 view .LVU2159
 7225 004c E1E7     		b	.L593
 7226              	.LVL657:
 7227              	.L599:
2309:Libs/cJSON/cJSON.c ****     }
 7228              		.loc 1 2309 16 view .LVU2160
 7229 004e 0020     		movs	r0, #0
 7230              	.LVL658:
2309:Libs/cJSON/cJSON.c ****     }
 7231              		.loc 1 2309 16 view .LVU2161
 7232 0050 DFE7     		b	.L593
 7233              		.cfi_endproc
 7234              	.LFE76:
 7236              		.section	.text.cJSON_ReplaceItemViaPointer,"ax",%progbits
 7237              		.align	1
 7238              		.global	cJSON_ReplaceItemViaPointer
ARM GAS  C:\Users\nicx5\AppData\Local\Temp\ccUpawvI.s 			page 209


 7239              		.syntax unified
 7240              		.thumb
 7241              		.thumb_func
 7243              	cJSON_ReplaceItemViaPointer:
 7244              	.LVL659:
 7245              	.LFB77:
2327:Libs/cJSON/cJSON.c ****     if ((parent == NULL) || (parent->child == NULL) || (replacement == NULL) || (item == NULL))
 7246              		.loc 1 2327 1 is_stmt 1 view -0
 7247              		.cfi_startproc
 7248              		@ args = 0, pretend = 0, frame = 0
 7249              		@ frame_needed = 0, uses_anonymous_args = 0
2328:Libs/cJSON/cJSON.c ****     {
 7250              		.loc 1 2328 5 view .LVU2163
2328:Libs/cJSON/cJSON.c ****     {
 7251              		.loc 1 2328 8 is_stmt 0 view .LVU2164
 7252 0000 68B3     		cbz	r0, .L611
2327:Libs/cJSON/cJSON.c ****     if ((parent == NULL) || (parent->child == NULL) || (replacement == NULL) || (item == NULL))
 7253              		.loc 1 2327 1 view .LVU2165
 7254 0002 08B5     		push	{r3, lr}
 7255              	.LCFI102:
 7256              		.cfi_def_cfa_offset 8
 7257              		.cfi_offset 3, -8
 7258              		.cfi_offset 14, -4
 7259 0004 8446     		mov	ip, r0
2328:Libs/cJSON/cJSON.c ****     {
 7260              		.loc 1 2328 36 discriminator 1 view .LVU2166
 7261 0006 8368     		ldr	r3, [r0, #8]
2328:Libs/cJSON/cJSON.c ****     {
 7262              		.loc 1 2328 26 discriminator 1 view .LVU2167
 7263 0008 5BB3     		cbz	r3, .L612
2328:Libs/cJSON/cJSON.c ****     {
 7264              		.loc 1 2328 87 discriminator 2 view .LVU2168
 7265 000a B1FA81F3 		clz	r3, r1
 7266 000e 5B09     		lsrs	r3, r3, #5
2328:Libs/cJSON/cJSON.c ****     {
 7267              		.loc 1 2328 78 discriminator 2 view .LVU2169
 7268 0010 4AB3     		cbz	r2, .L613
 7269 0012 43BB     		cbnz	r3, .L613
2333:Libs/cJSON/cJSON.c ****     {
 7270              		.loc 1 2333 5 is_stmt 1 view .LVU2170
2333:Libs/cJSON/cJSON.c ****     {
 7271              		.loc 1 2333 8 is_stmt 0 view .LVU2171
 7272 0014 8A42     		cmp	r2, r1
 7273 0016 28D0     		beq	.L614
2338:Libs/cJSON/cJSON.c ****     replacement->prev = item->prev;
 7274              		.loc 1 2338 5 is_stmt 1 view .LVU2172
2338:Libs/cJSON/cJSON.c ****     replacement->prev = item->prev;
 7275              		.loc 1 2338 29 is_stmt 0 view .LVU2173
 7276 0018 0B68     		ldr	r3, [r1]
2338:Libs/cJSON/cJSON.c ****     replacement->prev = item->prev;
 7277              		.loc 1 2338 23 view .LVU2174
 7278 001a 1360     		str	r3, [r2]
2339:Libs/cJSON/cJSON.c **** 
 7279              		.loc 1 2339 5 is_stmt 1 view .LVU2175
2339:Libs/cJSON/cJSON.c **** 
 7280              		.loc 1 2339 29 is_stmt 0 view .LVU2176
 7281 001c 4868     		ldr	r0, [r1, #4]
ARM GAS  C:\Users\nicx5\AppData\Local\Temp\ccUpawvI.s 			page 210


 7282              	.LVL660:
2339:Libs/cJSON/cJSON.c **** 
 7283              		.loc 1 2339 23 view .LVU2177
 7284 001e 5060     		str	r0, [r2, #4]
2341:Libs/cJSON/cJSON.c ****     {
 7285              		.loc 1 2341 5 is_stmt 1 view .LVU2178
2341:Libs/cJSON/cJSON.c ****     {
 7286              		.loc 1 2341 8 is_stmt 0 view .LVU2179
 7287 0020 03B1     		cbz	r3, .L606
2343:Libs/cJSON/cJSON.c ****     }
 7288              		.loc 1 2343 9 is_stmt 1 view .LVU2180
2343:Libs/cJSON/cJSON.c ****     }
 7289              		.loc 1 2343 33 is_stmt 0 view .LVU2181
 7290 0022 5A60     		str	r2, [r3, #4]
 7291              	.L606:
2345:Libs/cJSON/cJSON.c ****     {
 7292              		.loc 1 2345 5 is_stmt 1 view .LVU2182
2345:Libs/cJSON/cJSON.c ****     {
 7293              		.loc 1 2345 15 is_stmt 0 view .LVU2183
 7294 0024 DCF80830 		ldr	r3, [ip, #8]
2345:Libs/cJSON/cJSON.c ****     {
 7295              		.loc 1 2345 8 view .LVU2184
 7296 0028 8B42     		cmp	r3, r1
 7297 002a 0CD0     		beq	.L619
2358:Libs/cJSON/cJSON.c ****         {
 7298              		.loc 1 2358 9 is_stmt 1 view .LVU2185
2358:Libs/cJSON/cJSON.c ****         {
 7299              		.loc 1 2358 24 is_stmt 0 view .LVU2186
 7300 002c 5368     		ldr	r3, [r2, #4]
2358:Libs/cJSON/cJSON.c ****         {
 7301              		.loc 1 2358 12 view .LVU2187
 7302 002e 03B1     		cbz	r3, .L610
2360:Libs/cJSON/cJSON.c ****         }
 7303              		.loc 1 2360 13 is_stmt 1 view .LVU2188
2360:Libs/cJSON/cJSON.c ****         }
 7304              		.loc 1 2360 37 is_stmt 0 view .LVU2189
 7305 0030 1A60     		str	r2, [r3]
 7306              	.L610:
2362:Libs/cJSON/cJSON.c ****         {
 7307              		.loc 1 2362 9 is_stmt 1 view .LVU2190
2362:Libs/cJSON/cJSON.c ****         {
 7308              		.loc 1 2362 24 is_stmt 0 view .LVU2191
 7309 0032 1368     		ldr	r3, [r2]
2362:Libs/cJSON/cJSON.c ****         {
 7310              		.loc 1 2362 12 view .LVU2192
 7311 0034 7BB1     		cbz	r3, .L620
 7312              	.L609:
2368:Libs/cJSON/cJSON.c ****     item->prev = NULL;
 7313              		.loc 1 2368 5 is_stmt 1 view .LVU2193
2368:Libs/cJSON/cJSON.c ****     item->prev = NULL;
 7314              		.loc 1 2368 16 is_stmt 0 view .LVU2194
 7315 0036 0023     		movs	r3, #0
 7316 0038 0B60     		str	r3, [r1]
2369:Libs/cJSON/cJSON.c ****     cJSON_Delete(item);
 7317              		.loc 1 2369 5 is_stmt 1 view .LVU2195
2369:Libs/cJSON/cJSON.c ****     cJSON_Delete(item);
 7318              		.loc 1 2369 16 is_stmt 0 view .LVU2196
ARM GAS  C:\Users\nicx5\AppData\Local\Temp\ccUpawvI.s 			page 211


 7319 003a 4B60     		str	r3, [r1, #4]
2370:Libs/cJSON/cJSON.c **** 
 7320              		.loc 1 2370 5 is_stmt 1 view .LVU2197
 7321 003c 0846     		mov	r0, r1
 7322 003e FFF7FEFF 		bl	cJSON_Delete
 7323              	.LVL661:
2372:Libs/cJSON/cJSON.c **** }
 7324              		.loc 1 2372 5 view .LVU2198
2372:Libs/cJSON/cJSON.c **** }
 7325              		.loc 1 2372 12 is_stmt 0 view .LVU2199
 7326 0042 0120     		movs	r0, #1
 7327              	.L604:
2373:Libs/cJSON/cJSON.c **** 
 7328              		.loc 1 2373 1 view .LVU2200
 7329 0044 08BD     		pop	{r3, pc}
 7330              	.LVL662:
 7331              	.L619:
2347:Libs/cJSON/cJSON.c ****         {
 7332              		.loc 1 2347 9 is_stmt 1 view .LVU2201
2347:Libs/cJSON/cJSON.c ****         {
 7333              		.loc 1 2347 26 is_stmt 0 view .LVU2202
 7334 0046 5868     		ldr	r0, [r3, #4]
2347:Libs/cJSON/cJSON.c ****         {
 7335              		.loc 1 2347 12 view .LVU2203
 7336 0048 8342     		cmp	r3, r0
 7337 004a 02D0     		beq	.L621
 7338              	.L608:
2351:Libs/cJSON/cJSON.c ****     }
 7339              		.loc 1 2351 9 is_stmt 1 view .LVU2204
2351:Libs/cJSON/cJSON.c ****     }
 7340              		.loc 1 2351 23 is_stmt 0 view .LVU2205
 7341 004c CCF80820 		str	r2, [ip, #8]
 7342 0050 F1E7     		b	.L609
 7343              	.L621:
2349:Libs/cJSON/cJSON.c ****         }
 7344              		.loc 1 2349 13 is_stmt 1 view .LVU2206
2349:Libs/cJSON/cJSON.c ****         }
 7345              		.loc 1 2349 31 is_stmt 0 view .LVU2207
 7346 0052 5260     		str	r2, [r2, #4]
 7347 0054 FAE7     		b	.L608
 7348              	.L620:
2364:Libs/cJSON/cJSON.c ****         }
 7349              		.loc 1 2364 13 is_stmt 1 view .LVU2208
2364:Libs/cJSON/cJSON.c ****         }
 7350              		.loc 1 2364 19 is_stmt 0 view .LVU2209
 7351 0056 DCF80830 		ldr	r3, [ip, #8]
2364:Libs/cJSON/cJSON.c ****         }
 7352              		.loc 1 2364 33 view .LVU2210
 7353 005a 5A60     		str	r2, [r3, #4]
 7354 005c EBE7     		b	.L609
 7355              	.LVL663:
 7356              	.L611:
 7357              	.LCFI103:
 7358              		.cfi_def_cfa_offset 0
 7359              		.cfi_restore 3
 7360              		.cfi_restore 14
2330:Libs/cJSON/cJSON.c ****     }
ARM GAS  C:\Users\nicx5\AppData\Local\Temp\ccUpawvI.s 			page 212


 7361              		.loc 1 2330 16 view .LVU2211
 7362 005e 0020     		movs	r0, #0
 7363              	.LVL664:
2373:Libs/cJSON/cJSON.c **** 
 7364              		.loc 1 2373 1 view .LVU2212
 7365 0060 7047     		bx	lr
 7366              	.LVL665:
 7367              	.L612:
 7368              	.LCFI104:
 7369              		.cfi_def_cfa_offset 8
 7370              		.cfi_offset 3, -8
 7371              		.cfi_offset 14, -4
2330:Libs/cJSON/cJSON.c ****     }
 7372              		.loc 1 2330 16 view .LVU2213
 7373 0062 0020     		movs	r0, #0
 7374              	.LVL666:
2330:Libs/cJSON/cJSON.c ****     }
 7375              		.loc 1 2330 16 view .LVU2214
 7376 0064 EEE7     		b	.L604
 7377              	.LVL667:
 7378              	.L613:
2330:Libs/cJSON/cJSON.c ****     }
 7379              		.loc 1 2330 16 view .LVU2215
 7380 0066 0020     		movs	r0, #0
 7381              	.LVL668:
2330:Libs/cJSON/cJSON.c ****     }
 7382              		.loc 1 2330 16 view .LVU2216
 7383 0068 ECE7     		b	.L604
 7384              	.LVL669:
 7385              	.L614:
2335:Libs/cJSON/cJSON.c ****     }
 7386              		.loc 1 2335 16 view .LVU2217
 7387 006a 0120     		movs	r0, #1
 7388              	.LVL670:
2335:Libs/cJSON/cJSON.c ****     }
 7389              		.loc 1 2335 16 view .LVU2218
 7390 006c EAE7     		b	.L604
 7391              		.cfi_endproc
 7392              	.LFE77:
 7394              		.section	.text.cJSON_ReplaceItemInArray,"ax",%progbits
 7395              		.align	1
 7396              		.global	cJSON_ReplaceItemInArray
 7397              		.syntax unified
 7398              		.thumb
 7399              		.thumb_func
 7401              	cJSON_ReplaceItemInArray:
 7402              	.LVL671:
 7403              	.LFB78:
2376:Libs/cJSON/cJSON.c ****     if (which < 0)
 7404              		.loc 1 2376 1 is_stmt 1 view -0
 7405              		.cfi_startproc
 7406              		@ args = 0, pretend = 0, frame = 0
 7407              		@ frame_needed = 0, uses_anonymous_args = 0
2377:Libs/cJSON/cJSON.c ****     {
 7408              		.loc 1 2377 5 view .LVU2220
2377:Libs/cJSON/cJSON.c ****     {
 7409              		.loc 1 2377 8 is_stmt 0 view .LVU2221
ARM GAS  C:\Users\nicx5\AppData\Local\Temp\ccUpawvI.s 			page 213


 7410 0000 0029     		cmp	r1, #0
2377:Libs/cJSON/cJSON.c ****     {
 7411              		.loc 1 2377 8 view .LVU2222
 7412 0002 0ADB     		blt	.L624
2376:Libs/cJSON/cJSON.c ****     if (which < 0)
 7413              		.loc 1 2376 1 view .LVU2223
 7414 0004 38B5     		push	{r3, r4, r5, lr}
 7415              	.LCFI105:
 7416              		.cfi_def_cfa_offset 16
 7417              		.cfi_offset 3, -16
 7418              		.cfi_offset 4, -12
 7419              		.cfi_offset 5, -8
 7420              		.cfi_offset 14, -4
 7421 0006 0446     		mov	r4, r0
 7422 0008 1546     		mov	r5, r2
2382:Libs/cJSON/cJSON.c **** }
 7423              		.loc 1 2382 5 is_stmt 1 view .LVU2224
2382:Libs/cJSON/cJSON.c **** }
 7424              		.loc 1 2382 12 is_stmt 0 view .LVU2225
 7425 000a FFF7FEFF 		bl	get_array_item
 7426              	.LVL672:
2382:Libs/cJSON/cJSON.c **** }
 7427              		.loc 1 2382 12 view .LVU2226
 7428 000e 0146     		mov	r1, r0
2382:Libs/cJSON/cJSON.c **** }
 7429              		.loc 1 2382 12 discriminator 1 view .LVU2227
 7430 0010 2A46     		mov	r2, r5
 7431 0012 2046     		mov	r0, r4
 7432 0014 FFF7FEFF 		bl	cJSON_ReplaceItemViaPointer
 7433              	.LVL673:
2383:Libs/cJSON/cJSON.c **** 
 7434              		.loc 1 2383 1 view .LVU2228
 7435 0018 38BD     		pop	{r3, r4, r5, pc}
 7436              	.LVL674:
 7437              	.L624:
 7438              	.LCFI106:
 7439              		.cfi_def_cfa_offset 0
 7440              		.cfi_restore 3
 7441              		.cfi_restore 4
 7442              		.cfi_restore 5
 7443              		.cfi_restore 14
2379:Libs/cJSON/cJSON.c ****     }
 7444              		.loc 1 2379 16 view .LVU2229
 7445 001a 0020     		movs	r0, #0
 7446              	.LVL675:
2383:Libs/cJSON/cJSON.c **** 
 7447              		.loc 1 2383 1 view .LVU2230
 7448 001c 7047     		bx	lr
 7449              		.cfi_endproc
 7450              	.LFE78:
 7452              		.section	.text.cJSON_CreateNull,"ax",%progbits
 7453              		.align	1
 7454              		.global	cJSON_CreateNull
 7455              		.syntax unified
 7456              		.thumb
 7457              		.thumb_func
 7459              	cJSON_CreateNull:
ARM GAS  C:\Users\nicx5\AppData\Local\Temp\ccUpawvI.s 			page 214


 7460              	.LFB82:
2420:Libs/cJSON/cJSON.c ****     cJSON *item = cJSON_New_Item(&global_hooks);
 7461              		.loc 1 2420 1 is_stmt 1 view -0
 7462              		.cfi_startproc
 7463              		@ args = 0, pretend = 0, frame = 0
 7464              		@ frame_needed = 0, uses_anonymous_args = 0
 7465 0000 08B5     		push	{r3, lr}
 7466              	.LCFI107:
 7467              		.cfi_def_cfa_offset 8
 7468              		.cfi_offset 3, -8
 7469              		.cfi_offset 14, -4
2421:Libs/cJSON/cJSON.c ****     if(item)
 7470              		.loc 1 2421 5 view .LVU2232
2421:Libs/cJSON/cJSON.c ****     if(item)
 7471              		.loc 1 2421 19 is_stmt 0 view .LVU2233
 7472 0002 0348     		ldr	r0, .L632
 7473 0004 FFF7FEFF 		bl	cJSON_New_Item
 7474              	.LVL676:
2422:Libs/cJSON/cJSON.c ****     {
 7475              		.loc 1 2422 5 is_stmt 1 view .LVU2234
2422:Libs/cJSON/cJSON.c ****     {
 7476              		.loc 1 2422 7 is_stmt 0 view .LVU2235
 7477 0008 08B1     		cbz	r0, .L629
2424:Libs/cJSON/cJSON.c ****     }
 7478              		.loc 1 2424 9 is_stmt 1 view .LVU2236
2424:Libs/cJSON/cJSON.c ****     }
 7479              		.loc 1 2424 20 is_stmt 0 view .LVU2237
 7480 000a 0423     		movs	r3, #4
 7481 000c C360     		str	r3, [r0, #12]
2427:Libs/cJSON/cJSON.c **** }
 7482              		.loc 1 2427 5 is_stmt 1 view .LVU2238
 7483              	.L629:
2428:Libs/cJSON/cJSON.c **** 
 7484              		.loc 1 2428 1 is_stmt 0 view .LVU2239
 7485 000e 08BD     		pop	{r3, pc}
 7486              	.L633:
 7487              		.align	2
 7488              	.L632:
 7489 0010 00000000 		.word	global_hooks
 7490              		.cfi_endproc
 7491              	.LFE82:
 7493              		.section	.text.cJSON_AddNullToObject,"ax",%progbits
 7494              		.align	1
 7495              		.global	cJSON_AddNullToObject
 7496              		.syntax unified
 7497              		.thumb
 7498              		.thumb_func
 7500              	cJSON_AddNullToObject:
 7501              	.LVL677:
 7502              	.LFB60:
2109:Libs/cJSON/cJSON.c ****     cJSON *null = cJSON_CreateNull();
 7503              		.loc 1 2109 1 is_stmt 1 view -0
 7504              		.cfi_startproc
 7505              		@ args = 0, pretend = 0, frame = 0
 7506              		@ frame_needed = 0, uses_anonymous_args = 0
2109:Libs/cJSON/cJSON.c ****     cJSON *null = cJSON_CreateNull();
 7507              		.loc 1 2109 1 is_stmt 0 view .LVU2241
ARM GAS  C:\Users\nicx5\AppData\Local\Temp\ccUpawvI.s 			page 215


 7508 0000 70B5     		push	{r4, r5, r6, lr}
 7509              	.LCFI108:
 7510              		.cfi_def_cfa_offset 16
 7511              		.cfi_offset 4, -16
 7512              		.cfi_offset 5, -12
 7513              		.cfi_offset 6, -8
 7514              		.cfi_offset 14, -4
 7515 0002 82B0     		sub	sp, sp, #8
 7516              	.LCFI109:
 7517              		.cfi_def_cfa_offset 24
 7518 0004 0546     		mov	r5, r0
 7519 0006 0E46     		mov	r6, r1
2110:Libs/cJSON/cJSON.c ****     if (add_item_to_object(object, name, null, &global_hooks, false))
 7520              		.loc 1 2110 5 is_stmt 1 view .LVU2242
2110:Libs/cJSON/cJSON.c ****     if (add_item_to_object(object, name, null, &global_hooks, false))
 7521              		.loc 1 2110 19 is_stmt 0 view .LVU2243
 7522 0008 FFF7FEFF 		bl	cJSON_CreateNull
 7523              	.LVL678:
2110:Libs/cJSON/cJSON.c ****     if (add_item_to_object(object, name, null, &global_hooks, false))
 7524              		.loc 1 2110 19 view .LVU2244
 7525 000c 0446     		mov	r4, r0
 7526              	.LVL679:
2111:Libs/cJSON/cJSON.c ****     {
 7527              		.loc 1 2111 5 is_stmt 1 view .LVU2245
2111:Libs/cJSON/cJSON.c ****     {
 7528              		.loc 1 2111 9 is_stmt 0 view .LVU2246
 7529 000e 0023     		movs	r3, #0
 7530 0010 0093     		str	r3, [sp]
 7531 0012 074B     		ldr	r3, .L638
 7532 0014 0246     		mov	r2, r0
 7533 0016 3146     		mov	r1, r6
 7534 0018 2846     		mov	r0, r5
 7535              	.LVL680:
2111:Libs/cJSON/cJSON.c ****     {
 7536              		.loc 1 2111 9 view .LVU2247
 7537 001a FFF7FEFF 		bl	add_item_to_object
 7538              	.LVL681:
2111:Libs/cJSON/cJSON.c ****     {
 7539              		.loc 1 2111 8 discriminator 1 view .LVU2248
 7540 001e 10B1     		cbz	r0, .L637
 7541              	.LVL682:
 7542              	.L634:
2118:Libs/cJSON/cJSON.c **** 
 7543              		.loc 1 2118 1 view .LVU2249
 7544 0020 2046     		mov	r0, r4
 7545 0022 02B0     		add	sp, sp, #8
 7546              	.LCFI110:
 7547              		.cfi_remember_state
 7548              		.cfi_def_cfa_offset 16
 7549              		@ sp needed
 7550 0024 70BD     		pop	{r4, r5, r6, pc}
 7551              	.LVL683:
 7552              	.L637:
 7553              	.LCFI111:
 7554              		.cfi_restore_state
2116:Libs/cJSON/cJSON.c ****     return NULL;
 7555              		.loc 1 2116 5 is_stmt 1 view .LVU2250
ARM GAS  C:\Users\nicx5\AppData\Local\Temp\ccUpawvI.s 			page 216


 7556 0026 2046     		mov	r0, r4
 7557 0028 FFF7FEFF 		bl	cJSON_Delete
 7558              	.LVL684:
2117:Libs/cJSON/cJSON.c **** }
 7559              		.loc 1 2117 5 view .LVU2251
2117:Libs/cJSON/cJSON.c **** }
 7560              		.loc 1 2117 12 is_stmt 0 view .LVU2252
 7561 002c 0024     		movs	r4, #0
 7562              	.LVL685:
2117:Libs/cJSON/cJSON.c **** }
 7563              		.loc 1 2117 12 view .LVU2253
 7564 002e F7E7     		b	.L634
 7565              	.L639:
 7566              		.align	2
 7567              	.L638:
 7568 0030 00000000 		.word	global_hooks
 7569              		.cfi_endproc
 7570              	.LFE60:
 7572              		.section	.text.cJSON_CreateTrue,"ax",%progbits
 7573              		.align	1
 7574              		.global	cJSON_CreateTrue
 7575              		.syntax unified
 7576              		.thumb
 7577              		.thumb_func
 7579              	cJSON_CreateTrue:
 7580              	.LFB83:
2431:Libs/cJSON/cJSON.c ****     cJSON *item = cJSON_New_Item(&global_hooks);
 7581              		.loc 1 2431 1 is_stmt 1 view -0
 7582              		.cfi_startproc
 7583              		@ args = 0, pretend = 0, frame = 0
 7584              		@ frame_needed = 0, uses_anonymous_args = 0
 7585 0000 08B5     		push	{r3, lr}
 7586              	.LCFI112:
 7587              		.cfi_def_cfa_offset 8
 7588              		.cfi_offset 3, -8
 7589              		.cfi_offset 14, -4
2432:Libs/cJSON/cJSON.c ****     if(item)
 7590              		.loc 1 2432 5 view .LVU2255
2432:Libs/cJSON/cJSON.c ****     if(item)
 7591              		.loc 1 2432 19 is_stmt 0 view .LVU2256
 7592 0002 0348     		ldr	r0, .L643
 7593 0004 FFF7FEFF 		bl	cJSON_New_Item
 7594              	.LVL686:
2433:Libs/cJSON/cJSON.c ****     {
 7595              		.loc 1 2433 5 is_stmt 1 view .LVU2257
2433:Libs/cJSON/cJSON.c ****     {
 7596              		.loc 1 2433 7 is_stmt 0 view .LVU2258
 7597 0008 08B1     		cbz	r0, .L640
2435:Libs/cJSON/cJSON.c ****     }
 7598              		.loc 1 2435 9 is_stmt 1 view .LVU2259
2435:Libs/cJSON/cJSON.c ****     }
 7599              		.loc 1 2435 20 is_stmt 0 view .LVU2260
 7600 000a 0223     		movs	r3, #2
 7601 000c C360     		str	r3, [r0, #12]
2438:Libs/cJSON/cJSON.c **** }
 7602              		.loc 1 2438 5 is_stmt 1 view .LVU2261
 7603              	.L640:
ARM GAS  C:\Users\nicx5\AppData\Local\Temp\ccUpawvI.s 			page 217


2439:Libs/cJSON/cJSON.c **** 
 7604              		.loc 1 2439 1 is_stmt 0 view .LVU2262
 7605 000e 08BD     		pop	{r3, pc}
 7606              	.L644:
 7607              		.align	2
 7608              	.L643:
 7609 0010 00000000 		.word	global_hooks
 7610              		.cfi_endproc
 7611              	.LFE83:
 7613              		.section	.text.cJSON_AddTrueToObject,"ax",%progbits
 7614              		.align	1
 7615              		.global	cJSON_AddTrueToObject
 7616              		.syntax unified
 7617              		.thumb
 7618              		.thumb_func
 7620              	cJSON_AddTrueToObject:
 7621              	.LVL687:
 7622              	.LFB61:
2121:Libs/cJSON/cJSON.c ****     cJSON *true_item = cJSON_CreateTrue();
 7623              		.loc 1 2121 1 is_stmt 1 view -0
 7624              		.cfi_startproc
 7625              		@ args = 0, pretend = 0, frame = 0
 7626              		@ frame_needed = 0, uses_anonymous_args = 0
2121:Libs/cJSON/cJSON.c ****     cJSON *true_item = cJSON_CreateTrue();
 7627              		.loc 1 2121 1 is_stmt 0 view .LVU2264
 7628 0000 70B5     		push	{r4, r5, r6, lr}
 7629              	.LCFI113:
 7630              		.cfi_def_cfa_offset 16
 7631              		.cfi_offset 4, -16
 7632              		.cfi_offset 5, -12
 7633              		.cfi_offset 6, -8
 7634              		.cfi_offset 14, -4
 7635 0002 82B0     		sub	sp, sp, #8
 7636              	.LCFI114:
 7637              		.cfi_def_cfa_offset 24
 7638 0004 0546     		mov	r5, r0
 7639 0006 0E46     		mov	r6, r1
2122:Libs/cJSON/cJSON.c ****     if (add_item_to_object(object, name, true_item, &global_hooks, false))
 7640              		.loc 1 2122 5 is_stmt 1 view .LVU2265
2122:Libs/cJSON/cJSON.c ****     if (add_item_to_object(object, name, true_item, &global_hooks, false))
 7641              		.loc 1 2122 24 is_stmt 0 view .LVU2266
 7642 0008 FFF7FEFF 		bl	cJSON_CreateTrue
 7643              	.LVL688:
2122:Libs/cJSON/cJSON.c ****     if (add_item_to_object(object, name, true_item, &global_hooks, false))
 7644              		.loc 1 2122 24 view .LVU2267
 7645 000c 0446     		mov	r4, r0
 7646              	.LVL689:
2123:Libs/cJSON/cJSON.c ****     {
 7647              		.loc 1 2123 5 is_stmt 1 view .LVU2268
2123:Libs/cJSON/cJSON.c ****     {
 7648              		.loc 1 2123 9 is_stmt 0 view .LVU2269
 7649 000e 0023     		movs	r3, #0
 7650 0010 0093     		str	r3, [sp]
 7651 0012 074B     		ldr	r3, .L649
 7652 0014 0246     		mov	r2, r0
 7653 0016 3146     		mov	r1, r6
 7654 0018 2846     		mov	r0, r5
ARM GAS  C:\Users\nicx5\AppData\Local\Temp\ccUpawvI.s 			page 218


 7655              	.LVL690:
2123:Libs/cJSON/cJSON.c ****     {
 7656              		.loc 1 2123 9 view .LVU2270
 7657 001a FFF7FEFF 		bl	add_item_to_object
 7658              	.LVL691:
2123:Libs/cJSON/cJSON.c ****     {
 7659              		.loc 1 2123 8 discriminator 1 view .LVU2271
 7660 001e 10B1     		cbz	r0, .L648
 7661              	.LVL692:
 7662              	.L645:
2130:Libs/cJSON/cJSON.c **** 
 7663              		.loc 1 2130 1 view .LVU2272
 7664 0020 2046     		mov	r0, r4
 7665 0022 02B0     		add	sp, sp, #8
 7666              	.LCFI115:
 7667              		.cfi_remember_state
 7668              		.cfi_def_cfa_offset 16
 7669              		@ sp needed
 7670 0024 70BD     		pop	{r4, r5, r6, pc}
 7671              	.LVL693:
 7672              	.L648:
 7673              	.LCFI116:
 7674              		.cfi_restore_state
2128:Libs/cJSON/cJSON.c ****     return NULL;
 7675              		.loc 1 2128 5 is_stmt 1 view .LVU2273
 7676 0026 2046     		mov	r0, r4
 7677 0028 FFF7FEFF 		bl	cJSON_Delete
 7678              	.LVL694:
2129:Libs/cJSON/cJSON.c **** }
 7679              		.loc 1 2129 5 view .LVU2274
2129:Libs/cJSON/cJSON.c **** }
 7680              		.loc 1 2129 12 is_stmt 0 view .LVU2275
 7681 002c 0024     		movs	r4, #0
 7682              	.LVL695:
2129:Libs/cJSON/cJSON.c **** }
 7683              		.loc 1 2129 12 view .LVU2276
 7684 002e F7E7     		b	.L645
 7685              	.L650:
 7686              		.align	2
 7687              	.L649:
 7688 0030 00000000 		.word	global_hooks
 7689              		.cfi_endproc
 7690              	.LFE61:
 7692              		.section	.text.cJSON_CreateFalse,"ax",%progbits
 7693              		.align	1
 7694              		.global	cJSON_CreateFalse
 7695              		.syntax unified
 7696              		.thumb
 7697              		.thumb_func
 7699              	cJSON_CreateFalse:
 7700              	.LFB84:
2442:Libs/cJSON/cJSON.c ****     cJSON *item = cJSON_New_Item(&global_hooks);
 7701              		.loc 1 2442 1 is_stmt 1 view -0
 7702              		.cfi_startproc
 7703              		@ args = 0, pretend = 0, frame = 0
 7704              		@ frame_needed = 0, uses_anonymous_args = 0
 7705 0000 08B5     		push	{r3, lr}
ARM GAS  C:\Users\nicx5\AppData\Local\Temp\ccUpawvI.s 			page 219


 7706              	.LCFI117:
 7707              		.cfi_def_cfa_offset 8
 7708              		.cfi_offset 3, -8
 7709              		.cfi_offset 14, -4
2443:Libs/cJSON/cJSON.c ****     if(item)
 7710              		.loc 1 2443 5 view .LVU2278
2443:Libs/cJSON/cJSON.c ****     if(item)
 7711              		.loc 1 2443 19 is_stmt 0 view .LVU2279
 7712 0002 0348     		ldr	r0, .L654
 7713 0004 FFF7FEFF 		bl	cJSON_New_Item
 7714              	.LVL696:
2444:Libs/cJSON/cJSON.c ****     {
 7715              		.loc 1 2444 5 is_stmt 1 view .LVU2280
2444:Libs/cJSON/cJSON.c ****     {
 7716              		.loc 1 2444 7 is_stmt 0 view .LVU2281
 7717 0008 08B1     		cbz	r0, .L651
2446:Libs/cJSON/cJSON.c ****     }
 7718              		.loc 1 2446 9 is_stmt 1 view .LVU2282
2446:Libs/cJSON/cJSON.c ****     }
 7719              		.loc 1 2446 20 is_stmt 0 view .LVU2283
 7720 000a 0123     		movs	r3, #1
 7721 000c C360     		str	r3, [r0, #12]
2449:Libs/cJSON/cJSON.c **** }
 7722              		.loc 1 2449 5 is_stmt 1 view .LVU2284
 7723              	.L651:
2450:Libs/cJSON/cJSON.c **** 
 7724              		.loc 1 2450 1 is_stmt 0 view .LVU2285
 7725 000e 08BD     		pop	{r3, pc}
 7726              	.L655:
 7727              		.align	2
 7728              	.L654:
 7729 0010 00000000 		.word	global_hooks
 7730              		.cfi_endproc
 7731              	.LFE84:
 7733              		.section	.text.cJSON_AddFalseToObject,"ax",%progbits
 7734              		.align	1
 7735              		.global	cJSON_AddFalseToObject
 7736              		.syntax unified
 7737              		.thumb
 7738              		.thumb_func
 7740              	cJSON_AddFalseToObject:
 7741              	.LVL697:
 7742              	.LFB62:
2133:Libs/cJSON/cJSON.c ****     cJSON *false_item = cJSON_CreateFalse();
 7743              		.loc 1 2133 1 is_stmt 1 view -0
 7744              		.cfi_startproc
 7745              		@ args = 0, pretend = 0, frame = 0
 7746              		@ frame_needed = 0, uses_anonymous_args = 0
2133:Libs/cJSON/cJSON.c ****     cJSON *false_item = cJSON_CreateFalse();
 7747              		.loc 1 2133 1 is_stmt 0 view .LVU2287
 7748 0000 70B5     		push	{r4, r5, r6, lr}
 7749              	.LCFI118:
 7750              		.cfi_def_cfa_offset 16
 7751              		.cfi_offset 4, -16
 7752              		.cfi_offset 5, -12
 7753              		.cfi_offset 6, -8
 7754              		.cfi_offset 14, -4
ARM GAS  C:\Users\nicx5\AppData\Local\Temp\ccUpawvI.s 			page 220


 7755 0002 82B0     		sub	sp, sp, #8
 7756              	.LCFI119:
 7757              		.cfi_def_cfa_offset 24
 7758 0004 0546     		mov	r5, r0
 7759 0006 0E46     		mov	r6, r1
2134:Libs/cJSON/cJSON.c ****     if (add_item_to_object(object, name, false_item, &global_hooks, false))
 7760              		.loc 1 2134 5 is_stmt 1 view .LVU2288
2134:Libs/cJSON/cJSON.c ****     if (add_item_to_object(object, name, false_item, &global_hooks, false))
 7761              		.loc 1 2134 25 is_stmt 0 view .LVU2289
 7762 0008 FFF7FEFF 		bl	cJSON_CreateFalse
 7763              	.LVL698:
2134:Libs/cJSON/cJSON.c ****     if (add_item_to_object(object, name, false_item, &global_hooks, false))
 7764              		.loc 1 2134 25 view .LVU2290
 7765 000c 0446     		mov	r4, r0
 7766              	.LVL699:
2135:Libs/cJSON/cJSON.c ****     {
 7767              		.loc 1 2135 5 is_stmt 1 view .LVU2291
2135:Libs/cJSON/cJSON.c ****     {
 7768              		.loc 1 2135 9 is_stmt 0 view .LVU2292
 7769 000e 0023     		movs	r3, #0
 7770 0010 0093     		str	r3, [sp]
 7771 0012 074B     		ldr	r3, .L660
 7772 0014 0246     		mov	r2, r0
 7773 0016 3146     		mov	r1, r6
 7774 0018 2846     		mov	r0, r5
 7775              	.LVL700:
2135:Libs/cJSON/cJSON.c ****     {
 7776              		.loc 1 2135 9 view .LVU2293
 7777 001a FFF7FEFF 		bl	add_item_to_object
 7778              	.LVL701:
2135:Libs/cJSON/cJSON.c ****     {
 7779              		.loc 1 2135 8 discriminator 1 view .LVU2294
 7780 001e 10B1     		cbz	r0, .L659
 7781              	.LVL702:
 7782              	.L656:
2142:Libs/cJSON/cJSON.c **** 
 7783              		.loc 1 2142 1 view .LVU2295
 7784 0020 2046     		mov	r0, r4
 7785 0022 02B0     		add	sp, sp, #8
 7786              	.LCFI120:
 7787              		.cfi_remember_state
 7788              		.cfi_def_cfa_offset 16
 7789              		@ sp needed
 7790 0024 70BD     		pop	{r4, r5, r6, pc}
 7791              	.LVL703:
 7792              	.L659:
 7793              	.LCFI121:
 7794              		.cfi_restore_state
2140:Libs/cJSON/cJSON.c ****     return NULL;
 7795              		.loc 1 2140 5 is_stmt 1 view .LVU2296
 7796 0026 2046     		mov	r0, r4
 7797 0028 FFF7FEFF 		bl	cJSON_Delete
 7798              	.LVL704:
2141:Libs/cJSON/cJSON.c **** }
 7799              		.loc 1 2141 5 view .LVU2297
2141:Libs/cJSON/cJSON.c **** }
 7800              		.loc 1 2141 12 is_stmt 0 view .LVU2298
ARM GAS  C:\Users\nicx5\AppData\Local\Temp\ccUpawvI.s 			page 221


 7801 002c 0024     		movs	r4, #0
 7802              	.LVL705:
2141:Libs/cJSON/cJSON.c **** }
 7803              		.loc 1 2141 12 view .LVU2299
 7804 002e F7E7     		b	.L656
 7805              	.L661:
 7806              		.align	2
 7807              	.L660:
 7808 0030 00000000 		.word	global_hooks
 7809              		.cfi_endproc
 7810              	.LFE62:
 7812              		.section	.text.cJSON_CreateBool,"ax",%progbits
 7813              		.align	1
 7814              		.global	cJSON_CreateBool
 7815              		.syntax unified
 7816              		.thumb
 7817              		.thumb_func
 7819              	cJSON_CreateBool:
 7820              	.LVL706:
 7821              	.LFB85:
2453:Libs/cJSON/cJSON.c ****     cJSON *item = cJSON_New_Item(&global_hooks);
 7822              		.loc 1 2453 1 is_stmt 1 view -0
 7823              		.cfi_startproc
 7824              		@ args = 0, pretend = 0, frame = 0
 7825              		@ frame_needed = 0, uses_anonymous_args = 0
2453:Libs/cJSON/cJSON.c ****     cJSON *item = cJSON_New_Item(&global_hooks);
 7826              		.loc 1 2453 1 is_stmt 0 view .LVU2301
 7827 0000 10B5     		push	{r4, lr}
 7828              	.LCFI122:
 7829              		.cfi_def_cfa_offset 8
 7830              		.cfi_offset 4, -8
 7831              		.cfi_offset 14, -4
 7832 0002 0446     		mov	r4, r0
2454:Libs/cJSON/cJSON.c ****     if(item)
 7833              		.loc 1 2454 5 is_stmt 1 view .LVU2302
2454:Libs/cJSON/cJSON.c ****     if(item)
 7834              		.loc 1 2454 19 is_stmt 0 view .LVU2303
 7835 0004 0448     		ldr	r0, .L667
 7836              	.LVL707:
2454:Libs/cJSON/cJSON.c ****     if(item)
 7837              		.loc 1 2454 19 view .LVU2304
 7838 0006 FFF7FEFF 		bl	cJSON_New_Item
 7839              	.LVL708:
2455:Libs/cJSON/cJSON.c ****     {
 7840              		.loc 1 2455 5 is_stmt 1 view .LVU2305
2455:Libs/cJSON/cJSON.c ****     {
 7841              		.loc 1 2455 7 is_stmt 0 view .LVU2306
 7842 000a 10B1     		cbz	r0, .L662
2457:Libs/cJSON/cJSON.c ****     }
 7843              		.loc 1 2457 9 is_stmt 1 view .LVU2307
2457:Libs/cJSON/cJSON.c ****     }
 7844              		.loc 1 2457 43 is_stmt 0 view .LVU2308
 7845 000c 14B1     		cbz	r4, .L665
2457:Libs/cJSON/cJSON.c ****     }
 7846              		.loc 1 2457 43 discriminator 1 view .LVU2309
 7847 000e 0223     		movs	r3, #2
 7848              	.L664:
ARM GAS  C:\Users\nicx5\AppData\Local\Temp\ccUpawvI.s 			page 222


2457:Libs/cJSON/cJSON.c ****     }
 7849              		.loc 1 2457 20 discriminator 4 view .LVU2310
 7850 0010 C360     		str	r3, [r0, #12]
2460:Libs/cJSON/cJSON.c **** }
 7851              		.loc 1 2460 5 is_stmt 1 view .LVU2311
 7852              	.L662:
2461:Libs/cJSON/cJSON.c **** 
 7853              		.loc 1 2461 1 is_stmt 0 view .LVU2312
 7854 0012 10BD     		pop	{r4, pc}
 7855              	.LVL709:
 7856              	.L665:
2457:Libs/cJSON/cJSON.c ****     }
 7857              		.loc 1 2457 43 discriminator 2 view .LVU2313
 7858 0014 0123     		movs	r3, #1
 7859 0016 FBE7     		b	.L664
 7860              	.L668:
 7861              		.align	2
 7862              	.L667:
 7863 0018 00000000 		.word	global_hooks
 7864              		.cfi_endproc
 7865              	.LFE85:
 7867              		.section	.text.cJSON_AddBoolToObject,"ax",%progbits
 7868              		.align	1
 7869              		.global	cJSON_AddBoolToObject
 7870              		.syntax unified
 7871              		.thumb
 7872              		.thumb_func
 7874              	cJSON_AddBoolToObject:
 7875              	.LVL710:
 7876              	.LFB63:
2145:Libs/cJSON/cJSON.c ****     cJSON *bool_item = cJSON_CreateBool(boolean);
 7877              		.loc 1 2145 1 is_stmt 1 view -0
 7878              		.cfi_startproc
 7879              		@ args = 0, pretend = 0, frame = 0
 7880              		@ frame_needed = 0, uses_anonymous_args = 0
2145:Libs/cJSON/cJSON.c ****     cJSON *bool_item = cJSON_CreateBool(boolean);
 7881              		.loc 1 2145 1 is_stmt 0 view .LVU2315
 7882 0000 70B5     		push	{r4, r5, r6, lr}
 7883              	.LCFI123:
 7884              		.cfi_def_cfa_offset 16
 7885              		.cfi_offset 4, -16
 7886              		.cfi_offset 5, -12
 7887              		.cfi_offset 6, -8
 7888              		.cfi_offset 14, -4
 7889 0002 82B0     		sub	sp, sp, #8
 7890              	.LCFI124:
 7891              		.cfi_def_cfa_offset 24
 7892 0004 0546     		mov	r5, r0
 7893 0006 0E46     		mov	r6, r1
2146:Libs/cJSON/cJSON.c ****     if (add_item_to_object(object, name, bool_item, &global_hooks, false))
 7894              		.loc 1 2146 5 is_stmt 1 view .LVU2316
2146:Libs/cJSON/cJSON.c ****     if (add_item_to_object(object, name, bool_item, &global_hooks, false))
 7895              		.loc 1 2146 24 is_stmt 0 view .LVU2317
 7896 0008 1046     		mov	r0, r2
 7897              	.LVL711:
2146:Libs/cJSON/cJSON.c ****     if (add_item_to_object(object, name, bool_item, &global_hooks, false))
 7898              		.loc 1 2146 24 view .LVU2318
ARM GAS  C:\Users\nicx5\AppData\Local\Temp\ccUpawvI.s 			page 223


 7899 000a FFF7FEFF 		bl	cJSON_CreateBool
 7900              	.LVL712:
2146:Libs/cJSON/cJSON.c ****     if (add_item_to_object(object, name, bool_item, &global_hooks, false))
 7901              		.loc 1 2146 24 view .LVU2319
 7902 000e 0446     		mov	r4, r0
 7903              	.LVL713:
2147:Libs/cJSON/cJSON.c ****     {
 7904              		.loc 1 2147 5 is_stmt 1 view .LVU2320
2147:Libs/cJSON/cJSON.c ****     {
 7905              		.loc 1 2147 9 is_stmt 0 view .LVU2321
 7906 0010 0023     		movs	r3, #0
 7907 0012 0093     		str	r3, [sp]
 7908 0014 074B     		ldr	r3, .L673
 7909 0016 0246     		mov	r2, r0
 7910 0018 3146     		mov	r1, r6
 7911 001a 2846     		mov	r0, r5
 7912              	.LVL714:
2147:Libs/cJSON/cJSON.c ****     {
 7913              		.loc 1 2147 9 view .LVU2322
 7914 001c FFF7FEFF 		bl	add_item_to_object
 7915              	.LVL715:
2147:Libs/cJSON/cJSON.c ****     {
 7916              		.loc 1 2147 8 discriminator 1 view .LVU2323
 7917 0020 10B1     		cbz	r0, .L672
 7918              	.LVL716:
 7919              	.L669:
2154:Libs/cJSON/cJSON.c **** 
 7920              		.loc 1 2154 1 view .LVU2324
 7921 0022 2046     		mov	r0, r4
 7922 0024 02B0     		add	sp, sp, #8
 7923              	.LCFI125:
 7924              		.cfi_remember_state
 7925              		.cfi_def_cfa_offset 16
 7926              		@ sp needed
 7927 0026 70BD     		pop	{r4, r5, r6, pc}
 7928              	.LVL717:
 7929              	.L672:
 7930              	.LCFI126:
 7931              		.cfi_restore_state
2152:Libs/cJSON/cJSON.c ****     return NULL;
 7932              		.loc 1 2152 5 is_stmt 1 view .LVU2325
 7933 0028 2046     		mov	r0, r4
 7934 002a FFF7FEFF 		bl	cJSON_Delete
 7935              	.LVL718:
2153:Libs/cJSON/cJSON.c **** }
 7936              		.loc 1 2153 5 view .LVU2326
2153:Libs/cJSON/cJSON.c **** }
 7937              		.loc 1 2153 12 is_stmt 0 view .LVU2327
 7938 002e 0024     		movs	r4, #0
 7939              	.LVL719:
2153:Libs/cJSON/cJSON.c **** }
 7940              		.loc 1 2153 12 view .LVU2328
 7941 0030 F7E7     		b	.L669
 7942              	.L674:
 7943 0032 00BF     		.align	2
 7944              	.L673:
 7945 0034 00000000 		.word	global_hooks
ARM GAS  C:\Users\nicx5\AppData\Local\Temp\ccUpawvI.s 			page 224


 7946              		.cfi_endproc
 7947              	.LFE63:
 7949              		.section	.text.cJSON_CreateNumber,"ax",%progbits
 7950              		.align	1
 7951              		.global	cJSON_CreateNumber
 7952              		.syntax unified
 7953              		.thumb
 7954              		.thumb_func
 7956              	cJSON_CreateNumber:
 7957              	.LVL720:
 7958              	.LFB86:
2464:Libs/cJSON/cJSON.c ****     cJSON *item = cJSON_New_Item(&global_hooks);
 7959              		.loc 1 2464 1 is_stmt 1 view -0
 7960              		.cfi_startproc
 7961              		@ args = 0, pretend = 0, frame = 0
 7962              		@ frame_needed = 0, uses_anonymous_args = 0
2464:Libs/cJSON/cJSON.c ****     cJSON *item = cJSON_New_Item(&global_hooks);
 7963              		.loc 1 2464 1 is_stmt 0 view .LVU2330
 7964 0000 08B5     		push	{r3, lr}
 7965              	.LCFI127:
 7966              		.cfi_def_cfa_offset 8
 7967              		.cfi_offset 3, -8
 7968              		.cfi_offset 14, -4
 7969 0002 2DED028B 		vpush.64	{d8}
 7970              	.LCFI128:
 7971              		.cfi_def_cfa_offset 16
 7972              		.cfi_offset 80, -16
 7973              		.cfi_offset 81, -12
 7974 0006 B0EE408B 		vmov.f64	d8, d0
2465:Libs/cJSON/cJSON.c ****     if(item)
 7975              		.loc 1 2465 5 is_stmt 1 view .LVU2331
2465:Libs/cJSON/cJSON.c ****     if(item)
 7976              		.loc 1 2465 19 is_stmt 0 view .LVU2332
 7977 000a 1748     		ldr	r0, .L686+16
 7978 000c FFF7FEFF 		bl	cJSON_New_Item
 7979              	.LVL721:
2466:Libs/cJSON/cJSON.c ****     {
 7980              		.loc 1 2466 5 is_stmt 1 view .LVU2333
2466:Libs/cJSON/cJSON.c ****     {
 7981              		.loc 1 2466 7 is_stmt 0 view .LVU2334
 7982 0010 0346     		mov	r3, r0
 7983 0012 68B1     		cbz	r0, .L675
2468:Libs/cJSON/cJSON.c ****         item->valuedouble = num;
 7984              		.loc 1 2468 9 is_stmt 1 view .LVU2335
2468:Libs/cJSON/cJSON.c ****         item->valuedouble = num;
 7985              		.loc 1 2468 20 is_stmt 0 view .LVU2336
 7986 0014 0822     		movs	r2, #8
 7987 0016 C260     		str	r2, [r0, #12]
2469:Libs/cJSON/cJSON.c **** 
 7988              		.loc 1 2469 9 is_stmt 1 view .LVU2337
2469:Libs/cJSON/cJSON.c **** 
 7989              		.loc 1 2469 27 is_stmt 0 view .LVU2338
 7990 0018 80ED068B 		vstr.64	d8, [r0, #24]
2472:Libs/cJSON/cJSON.c ****         {
 7991              		.loc 1 2472 9 is_stmt 1 view .LVU2339
2472:Libs/cJSON/cJSON.c ****         {
 7992              		.loc 1 2472 12 is_stmt 0 view .LVU2340
ARM GAS  C:\Users\nicx5\AppData\Local\Temp\ccUpawvI.s 			page 225


 7993 001c 9FED0E7B 		vldr.64	d7, .L686
 7994 0020 B4EEC78B 		vcmpe.f64	d8, d7
 7995 0024 F1EE10FA 		vmrs	APSR_nzcv, FPSCR
 7996 0028 06DB     		blt	.L683
2474:Libs/cJSON/cJSON.c ****         }
 7997              		.loc 1 2474 13 is_stmt 1 view .LVU2341
2474:Libs/cJSON/cJSON.c ****         }
 7998              		.loc 1 2474 28 is_stmt 0 view .LVU2342
 7999 002a 6FF00042 		mvn	r2, #-2147483648
 8000 002e 4261     		str	r2, [r0, #20]
 8001              	.LVL722:
 8002              	.L675:
2487:Libs/cJSON/cJSON.c **** 
 8003              		.loc 1 2487 1 view .LVU2343
 8004 0030 1846     		mov	r0, r3
 8005              	.LVL723:
2487:Libs/cJSON/cJSON.c **** 
 8006              		.loc 1 2487 1 view .LVU2344
 8007 0032 BDEC028B 		vldm	sp!, {d8}
 8008              	.LCFI129:
 8009              		.cfi_remember_state
 8010              		.cfi_restore 80
 8011              		.cfi_restore 81
 8012              		.cfi_def_cfa_offset 8
 8013 0036 08BD     		pop	{r3, pc}
 8014              	.LVL724:
 8015              	.L683:
 8016              	.LCFI130:
 8017              		.cfi_restore_state
2476:Libs/cJSON/cJSON.c ****         {
 8018              		.loc 1 2476 14 is_stmt 1 view .LVU2345
2476:Libs/cJSON/cJSON.c ****         {
 8019              		.loc 1 2476 17 is_stmt 0 view .LVU2346
 8020 0038 9FED097B 		vldr.64	d7, .L686+8
 8021 003c B4EEC78B 		vcmpe.f64	d8, d7
 8022 0040 F1EE10FA 		vmrs	APSR_nzcv, FPSCR
 8023 0044 03D8     		bhi	.L684
2478:Libs/cJSON/cJSON.c ****         }
 8024              		.loc 1 2478 13 is_stmt 1 view .LVU2347
2478:Libs/cJSON/cJSON.c ****         }
 8025              		.loc 1 2478 28 is_stmt 0 view .LVU2348
 8026 0046 4FF00042 		mov	r2, #-2147483648
 8027 004a 4261     		str	r2, [r0, #20]
 8028 004c F0E7     		b	.L675
 8029              	.L684:
2482:Libs/cJSON/cJSON.c ****         }
 8030              		.loc 1 2482 13 is_stmt 1 view .LVU2349
2482:Libs/cJSON/cJSON.c ****         }
 8031              		.loc 1 2482 30 is_stmt 0 view .LVU2350
 8032 004e BDEEC88B 		vcvt.s32.f64	s16, d8
 8033              	.LVL725:
2482:Libs/cJSON/cJSON.c ****         }
 8034              		.loc 1 2482 28 view .LVU2351
 8035 0052 80ED058A 		vstr.32	s16, [r0, #20]	@ int
2486:Libs/cJSON/cJSON.c **** }
 8036              		.loc 1 2486 5 is_stmt 1 view .LVU2352
2486:Libs/cJSON/cJSON.c **** }
ARM GAS  C:\Users\nicx5\AppData\Local\Temp\ccUpawvI.s 			page 226


 8037              		.loc 1 2486 12 is_stmt 0 view .LVU2353
 8038 0056 EBE7     		b	.L675
 8039              	.L687:
 8040              		.align	3
 8041              	.L686:
 8042 0058 0000C0FF 		.word	-4194304
 8043 005c FFFFDF41 		.word	1105199103
 8044 0060 00000000 		.word	0
 8045 0064 0000E0C1 		.word	-1042284544
 8046 0068 00000000 		.word	global_hooks
 8047              		.cfi_endproc
 8048              	.LFE86:
 8050              		.section	.text.cJSON_AddNumberToObject,"ax",%progbits
 8051              		.align	1
 8052              		.global	cJSON_AddNumberToObject
 8053              		.syntax unified
 8054              		.thumb
 8055              		.thumb_func
 8057              	cJSON_AddNumberToObject:
 8058              	.LVL726:
 8059              	.LFB64:
2157:Libs/cJSON/cJSON.c ****     cJSON *number_item = cJSON_CreateNumber(number);
 8060              		.loc 1 2157 1 is_stmt 1 view -0
 8061              		.cfi_startproc
 8062              		@ args = 0, pretend = 0, frame = 0
 8063              		@ frame_needed = 0, uses_anonymous_args = 0
2157:Libs/cJSON/cJSON.c ****     cJSON *number_item = cJSON_CreateNumber(number);
 8064              		.loc 1 2157 1 is_stmt 0 view .LVU2355
 8065 0000 70B5     		push	{r4, r5, r6, lr}
 8066              	.LCFI131:
 8067              		.cfi_def_cfa_offset 16
 8068              		.cfi_offset 4, -16
 8069              		.cfi_offset 5, -12
 8070              		.cfi_offset 6, -8
 8071              		.cfi_offset 14, -4
 8072 0002 82B0     		sub	sp, sp, #8
 8073              	.LCFI132:
 8074              		.cfi_def_cfa_offset 24
 8075 0004 0546     		mov	r5, r0
 8076 0006 0E46     		mov	r6, r1
2158:Libs/cJSON/cJSON.c ****     if (add_item_to_object(object, name, number_item, &global_hooks, false))
 8077              		.loc 1 2158 5 is_stmt 1 view .LVU2356
2158:Libs/cJSON/cJSON.c ****     if (add_item_to_object(object, name, number_item, &global_hooks, false))
 8078              		.loc 1 2158 26 is_stmt 0 view .LVU2357
 8079 0008 FFF7FEFF 		bl	cJSON_CreateNumber
 8080              	.LVL727:
2158:Libs/cJSON/cJSON.c ****     if (add_item_to_object(object, name, number_item, &global_hooks, false))
 8081              		.loc 1 2158 26 view .LVU2358
 8082 000c 0446     		mov	r4, r0
 8083              	.LVL728:
2159:Libs/cJSON/cJSON.c ****     {
 8084              		.loc 1 2159 5 is_stmt 1 view .LVU2359
2159:Libs/cJSON/cJSON.c ****     {
 8085              		.loc 1 2159 9 is_stmt 0 view .LVU2360
 8086 000e 0023     		movs	r3, #0
 8087 0010 0093     		str	r3, [sp]
 8088 0012 074B     		ldr	r3, .L692
ARM GAS  C:\Users\nicx5\AppData\Local\Temp\ccUpawvI.s 			page 227


 8089 0014 0246     		mov	r2, r0
 8090 0016 3146     		mov	r1, r6
 8091 0018 2846     		mov	r0, r5
 8092              	.LVL729:
2159:Libs/cJSON/cJSON.c ****     {
 8093              		.loc 1 2159 9 view .LVU2361
 8094 001a FFF7FEFF 		bl	add_item_to_object
 8095              	.LVL730:
2159:Libs/cJSON/cJSON.c ****     {
 8096              		.loc 1 2159 8 discriminator 1 view .LVU2362
 8097 001e 10B1     		cbz	r0, .L691
 8098              	.LVL731:
 8099              	.L688:
2166:Libs/cJSON/cJSON.c **** 
 8100              		.loc 1 2166 1 view .LVU2363
 8101 0020 2046     		mov	r0, r4
 8102 0022 02B0     		add	sp, sp, #8
 8103              	.LCFI133:
 8104              		.cfi_remember_state
 8105              		.cfi_def_cfa_offset 16
 8106              		@ sp needed
 8107 0024 70BD     		pop	{r4, r5, r6, pc}
 8108              	.LVL732:
 8109              	.L691:
 8110              	.LCFI134:
 8111              		.cfi_restore_state
2164:Libs/cJSON/cJSON.c ****     return NULL;
 8112              		.loc 1 2164 5 is_stmt 1 view .LVU2364
 8113 0026 2046     		mov	r0, r4
 8114 0028 FFF7FEFF 		bl	cJSON_Delete
 8115              	.LVL733:
2165:Libs/cJSON/cJSON.c **** }
 8116              		.loc 1 2165 5 view .LVU2365
2165:Libs/cJSON/cJSON.c **** }
 8117              		.loc 1 2165 12 is_stmt 0 view .LVU2366
 8118 002c 0024     		movs	r4, #0
 8119              	.LVL734:
2165:Libs/cJSON/cJSON.c **** }
 8120              		.loc 1 2165 12 view .LVU2367
 8121 002e F7E7     		b	.L688
 8122              	.L693:
 8123              		.align	2
 8124              	.L692:
 8125 0030 00000000 		.word	global_hooks
 8126              		.cfi_endproc
 8127              	.LFE64:
 8129              		.section	.text.cJSON_CreateString,"ax",%progbits
 8130              		.align	1
 8131              		.global	cJSON_CreateString
 8132              		.syntax unified
 8133              		.thumb
 8134              		.thumb_func
 8136              	cJSON_CreateString:
 8137              	.LVL735:
 8138              	.LFB87:
2490:Libs/cJSON/cJSON.c ****     cJSON *item = cJSON_New_Item(&global_hooks);
 8139              		.loc 1 2490 1 is_stmt 1 view -0
ARM GAS  C:\Users\nicx5\AppData\Local\Temp\ccUpawvI.s 			page 228


 8140              		.cfi_startproc
 8141              		@ args = 0, pretend = 0, frame = 0
 8142              		@ frame_needed = 0, uses_anonymous_args = 0
2490:Libs/cJSON/cJSON.c ****     cJSON *item = cJSON_New_Item(&global_hooks);
 8143              		.loc 1 2490 1 is_stmt 0 view .LVU2369
 8144 0000 38B5     		push	{r3, r4, r5, lr}
 8145              	.LCFI135:
 8146              		.cfi_def_cfa_offset 16
 8147              		.cfi_offset 3, -16
 8148              		.cfi_offset 4, -12
 8149              		.cfi_offset 5, -8
 8150              		.cfi_offset 14, -4
 8151 0002 0446     		mov	r4, r0
2491:Libs/cJSON/cJSON.c ****     if(item)
 8152              		.loc 1 2491 5 is_stmt 1 view .LVU2370
2491:Libs/cJSON/cJSON.c ****     if(item)
 8153              		.loc 1 2491 19 is_stmt 0 view .LVU2371
 8154 0004 0A48     		ldr	r0, .L698
 8155              	.LVL736:
2491:Libs/cJSON/cJSON.c ****     if(item)
 8156              		.loc 1 2491 19 view .LVU2372
 8157 0006 FFF7FEFF 		bl	cJSON_New_Item
 8158              	.LVL737:
2492:Libs/cJSON/cJSON.c ****     {
 8159              		.loc 1 2492 5 is_stmt 1 view .LVU2373
2492:Libs/cJSON/cJSON.c ****     {
 8160              		.loc 1 2492 7 is_stmt 0 view .LVU2374
 8161 000a 0546     		mov	r5, r0
 8162 000c 40B1     		cbz	r0, .L694
2494:Libs/cJSON/cJSON.c ****         item->valuestring = (char*)cJSON_strdup((const unsigned char*)string, &global_hooks);
 8163              		.loc 1 2494 9 is_stmt 1 view .LVU2375
2494:Libs/cJSON/cJSON.c ****         item->valuestring = (char*)cJSON_strdup((const unsigned char*)string, &global_hooks);
 8164              		.loc 1 2494 20 is_stmt 0 view .LVU2376
 8165 000e 1023     		movs	r3, #16
 8166 0010 C360     		str	r3, [r0, #12]
2495:Libs/cJSON/cJSON.c ****         if(!item->valuestring)
 8167              		.loc 1 2495 9 is_stmt 1 view .LVU2377
2495:Libs/cJSON/cJSON.c ****         if(!item->valuestring)
 8168              		.loc 1 2495 36 is_stmt 0 view .LVU2378
 8169 0012 0749     		ldr	r1, .L698
 8170 0014 2046     		mov	r0, r4
 8171              	.LVL738:
2495:Libs/cJSON/cJSON.c ****         if(!item->valuestring)
 8172              		.loc 1 2495 36 view .LVU2379
 8173 0016 FFF7FEFF 		bl	cJSON_strdup
 8174              	.LVL739:
 8175 001a 0446     		mov	r4, r0
 8176              	.LVL740:
2495:Libs/cJSON/cJSON.c ****         if(!item->valuestring)
 8177              		.loc 1 2495 27 discriminator 1 view .LVU2380
 8178 001c 2861     		str	r0, [r5, #16]
2496:Libs/cJSON/cJSON.c ****         {
 8179              		.loc 1 2496 9 is_stmt 1 view .LVU2381
2496:Libs/cJSON/cJSON.c ****         {
 8180              		.loc 1 2496 11 is_stmt 0 view .LVU2382
 8181 001e 08B1     		cbz	r0, .L697
 8182              	.LVL741:
ARM GAS  C:\Users\nicx5\AppData\Local\Temp\ccUpawvI.s 			page 229


 8183              	.L694:
2504:Libs/cJSON/cJSON.c **** 
 8184              		.loc 1 2504 1 view .LVU2383
 8185 0020 2846     		mov	r0, r5
 8186 0022 38BD     		pop	{r3, r4, r5, pc}
 8187              	.LVL742:
 8188              	.L697:
2498:Libs/cJSON/cJSON.c ****             return NULL;
 8189              		.loc 1 2498 13 is_stmt 1 view .LVU2384
 8190 0024 2846     		mov	r0, r5
 8191 0026 FFF7FEFF 		bl	cJSON_Delete
 8192              	.LVL743:
2499:Libs/cJSON/cJSON.c ****         }
 8193              		.loc 1 2499 13 view .LVU2385
2499:Libs/cJSON/cJSON.c ****         }
 8194              		.loc 1 2499 20 is_stmt 0 view .LVU2386
 8195 002a 2546     		mov	r5, r4
 8196              	.LVL744:
2499:Libs/cJSON/cJSON.c ****         }
 8197              		.loc 1 2499 20 view .LVU2387
 8198 002c F8E7     		b	.L694
 8199              	.L699:
 8200 002e 00BF     		.align	2
 8201              	.L698:
 8202 0030 00000000 		.word	global_hooks
 8203              		.cfi_endproc
 8204              	.LFE87:
 8206              		.section	.text.cJSON_AddStringToObject,"ax",%progbits
 8207              		.align	1
 8208              		.global	cJSON_AddStringToObject
 8209              		.syntax unified
 8210              		.thumb
 8211              		.thumb_func
 8213              	cJSON_AddStringToObject:
 8214              	.LVL745:
 8215              	.LFB65:
2169:Libs/cJSON/cJSON.c ****     cJSON *string_item = cJSON_CreateString(string);
 8216              		.loc 1 2169 1 is_stmt 1 view -0
 8217              		.cfi_startproc
 8218              		@ args = 0, pretend = 0, frame = 0
 8219              		@ frame_needed = 0, uses_anonymous_args = 0
2169:Libs/cJSON/cJSON.c ****     cJSON *string_item = cJSON_CreateString(string);
 8220              		.loc 1 2169 1 is_stmt 0 view .LVU2389
 8221 0000 70B5     		push	{r4, r5, r6, lr}
 8222              	.LCFI136:
 8223              		.cfi_def_cfa_offset 16
 8224              		.cfi_offset 4, -16
 8225              		.cfi_offset 5, -12
 8226              		.cfi_offset 6, -8
 8227              		.cfi_offset 14, -4
 8228 0002 82B0     		sub	sp, sp, #8
 8229              	.LCFI137:
 8230              		.cfi_def_cfa_offset 24
 8231 0004 0546     		mov	r5, r0
 8232 0006 0E46     		mov	r6, r1
2170:Libs/cJSON/cJSON.c ****     if (add_item_to_object(object, name, string_item, &global_hooks, false))
 8233              		.loc 1 2170 5 is_stmt 1 view .LVU2390
ARM GAS  C:\Users\nicx5\AppData\Local\Temp\ccUpawvI.s 			page 230


2170:Libs/cJSON/cJSON.c ****     if (add_item_to_object(object, name, string_item, &global_hooks, false))
 8234              		.loc 1 2170 26 is_stmt 0 view .LVU2391
 8235 0008 1046     		mov	r0, r2
 8236              	.LVL746:
2170:Libs/cJSON/cJSON.c ****     if (add_item_to_object(object, name, string_item, &global_hooks, false))
 8237              		.loc 1 2170 26 view .LVU2392
 8238 000a FFF7FEFF 		bl	cJSON_CreateString
 8239              	.LVL747:
2170:Libs/cJSON/cJSON.c ****     if (add_item_to_object(object, name, string_item, &global_hooks, false))
 8240              		.loc 1 2170 26 view .LVU2393
 8241 000e 0446     		mov	r4, r0
 8242              	.LVL748:
2171:Libs/cJSON/cJSON.c ****     {
 8243              		.loc 1 2171 5 is_stmt 1 view .LVU2394
2171:Libs/cJSON/cJSON.c ****     {
 8244              		.loc 1 2171 9 is_stmt 0 view .LVU2395
 8245 0010 0023     		movs	r3, #0
 8246 0012 0093     		str	r3, [sp]
 8247 0014 074B     		ldr	r3, .L704
 8248 0016 0246     		mov	r2, r0
 8249 0018 3146     		mov	r1, r6
 8250 001a 2846     		mov	r0, r5
 8251              	.LVL749:
2171:Libs/cJSON/cJSON.c ****     {
 8252              		.loc 1 2171 9 view .LVU2396
 8253 001c FFF7FEFF 		bl	add_item_to_object
 8254              	.LVL750:
2171:Libs/cJSON/cJSON.c ****     {
 8255              		.loc 1 2171 8 discriminator 1 view .LVU2397
 8256 0020 10B1     		cbz	r0, .L703
 8257              	.LVL751:
 8258              	.L700:
2178:Libs/cJSON/cJSON.c **** 
 8259              		.loc 1 2178 1 view .LVU2398
 8260 0022 2046     		mov	r0, r4
 8261 0024 02B0     		add	sp, sp, #8
 8262              	.LCFI138:
 8263              		.cfi_remember_state
 8264              		.cfi_def_cfa_offset 16
 8265              		@ sp needed
 8266 0026 70BD     		pop	{r4, r5, r6, pc}
 8267              	.LVL752:
 8268              	.L703:
 8269              	.LCFI139:
 8270              		.cfi_restore_state
2176:Libs/cJSON/cJSON.c ****     return NULL;
 8271              		.loc 1 2176 5 is_stmt 1 view .LVU2399
 8272 0028 2046     		mov	r0, r4
 8273 002a FFF7FEFF 		bl	cJSON_Delete
 8274              	.LVL753:
2177:Libs/cJSON/cJSON.c **** }
 8275              		.loc 1 2177 5 view .LVU2400
2177:Libs/cJSON/cJSON.c **** }
 8276              		.loc 1 2177 12 is_stmt 0 view .LVU2401
 8277 002e 0024     		movs	r4, #0
 8278              	.LVL754:
2177:Libs/cJSON/cJSON.c **** }
ARM GAS  C:\Users\nicx5\AppData\Local\Temp\ccUpawvI.s 			page 231


 8279              		.loc 1 2177 12 view .LVU2402
 8280 0030 F7E7     		b	.L700
 8281              	.L705:
 8282 0032 00BF     		.align	2
 8283              	.L704:
 8284 0034 00000000 		.word	global_hooks
 8285              		.cfi_endproc
 8286              	.LFE65:
 8288              		.section	.text.cJSON_CreateStringReference,"ax",%progbits
 8289              		.align	1
 8290              		.global	cJSON_CreateStringReference
 8291              		.syntax unified
 8292              		.thumb
 8293              		.thumb_func
 8295              	cJSON_CreateStringReference:
 8296              	.LVL755:
 8297              	.LFB88:
2507:Libs/cJSON/cJSON.c ****     cJSON *item = cJSON_New_Item(&global_hooks);
 8298              		.loc 1 2507 1 is_stmt 1 view -0
 8299              		.cfi_startproc
 8300              		@ args = 0, pretend = 0, frame = 0
 8301              		@ frame_needed = 0, uses_anonymous_args = 0
2507:Libs/cJSON/cJSON.c ****     cJSON *item = cJSON_New_Item(&global_hooks);
 8302              		.loc 1 2507 1 is_stmt 0 view .LVU2404
 8303 0000 38B5     		push	{r3, r4, r5, lr}
 8304              	.LCFI140:
 8305              		.cfi_def_cfa_offset 16
 8306              		.cfi_offset 3, -16
 8307              		.cfi_offset 4, -12
 8308              		.cfi_offset 5, -8
 8309              		.cfi_offset 14, -4
 8310 0002 0446     		mov	r4, r0
2508:Libs/cJSON/cJSON.c ****     if (item != NULL)
 8311              		.loc 1 2508 5 is_stmt 1 view .LVU2405
2508:Libs/cJSON/cJSON.c ****     if (item != NULL)
 8312              		.loc 1 2508 19 is_stmt 0 view .LVU2406
 8313 0004 0648     		ldr	r0, .L709
 8314              	.LVL756:
2508:Libs/cJSON/cJSON.c ****     if (item != NULL)
 8315              		.loc 1 2508 19 view .LVU2407
 8316 0006 FFF7FEFF 		bl	cJSON_New_Item
 8317              	.LVL757:
2509:Libs/cJSON/cJSON.c ****     {
 8318              		.loc 1 2509 5 is_stmt 1 view .LVU2408
2509:Libs/cJSON/cJSON.c ****     {
 8319              		.loc 1 2509 8 is_stmt 0 view .LVU2409
 8320 000a 0546     		mov	r5, r0
 8321 000c 30B1     		cbz	r0, .L706
2511:Libs/cJSON/cJSON.c ****         item->valuestring = (char*)cast_away_const(string);
 8322              		.loc 1 2511 9 is_stmt 1 view .LVU2410
2511:Libs/cJSON/cJSON.c ****         item->valuestring = (char*)cast_away_const(string);
 8323              		.loc 1 2511 20 is_stmt 0 view .LVU2411
 8324 000e 4FF48873 		mov	r3, #272
 8325 0012 C360     		str	r3, [r0, #12]
2512:Libs/cJSON/cJSON.c ****     }
 8326              		.loc 1 2512 9 is_stmt 1 view .LVU2412
2512:Libs/cJSON/cJSON.c ****     }
ARM GAS  C:\Users\nicx5\AppData\Local\Temp\ccUpawvI.s 			page 232


 8327              		.loc 1 2512 36 is_stmt 0 view .LVU2413
 8328 0014 2046     		mov	r0, r4
 8329              	.LVL758:
2512:Libs/cJSON/cJSON.c ****     }
 8330              		.loc 1 2512 36 view .LVU2414
 8331 0016 FFF7FEFF 		bl	cast_away_const
 8332              	.LVL759:
2512:Libs/cJSON/cJSON.c ****     }
 8333              		.loc 1 2512 27 discriminator 1 view .LVU2415
 8334 001a 2861     		str	r0, [r5, #16]
2515:Libs/cJSON/cJSON.c **** }
 8335              		.loc 1 2515 5 is_stmt 1 view .LVU2416
 8336              	.L706:
2516:Libs/cJSON/cJSON.c **** 
 8337              		.loc 1 2516 1 is_stmt 0 view .LVU2417
 8338 001c 2846     		mov	r0, r5
 8339 001e 38BD     		pop	{r3, r4, r5, pc}
 8340              	.LVL760:
 8341              	.L710:
2516:Libs/cJSON/cJSON.c **** 
 8342              		.loc 1 2516 1 view .LVU2418
 8343              		.align	2
 8344              	.L709:
 8345 0020 00000000 		.word	global_hooks
 8346              		.cfi_endproc
 8347              	.LFE88:
 8349              		.section	.text.cJSON_CreateObjectReference,"ax",%progbits
 8350              		.align	1
 8351              		.global	cJSON_CreateObjectReference
 8352              		.syntax unified
 8353              		.thumb
 8354              		.thumb_func
 8356              	cJSON_CreateObjectReference:
 8357              	.LVL761:
 8358              	.LFB89:
2519:Libs/cJSON/cJSON.c ****     cJSON *item = cJSON_New_Item(&global_hooks);
 8359              		.loc 1 2519 1 is_stmt 1 view -0
 8360              		.cfi_startproc
 8361              		@ args = 0, pretend = 0, frame = 0
 8362              		@ frame_needed = 0, uses_anonymous_args = 0
2519:Libs/cJSON/cJSON.c ****     cJSON *item = cJSON_New_Item(&global_hooks);
 8363              		.loc 1 2519 1 is_stmt 0 view .LVU2420
 8364 0000 38B5     		push	{r3, r4, r5, lr}
 8365              	.LCFI141:
 8366              		.cfi_def_cfa_offset 16
 8367              		.cfi_offset 3, -16
 8368              		.cfi_offset 4, -12
 8369              		.cfi_offset 5, -8
 8370              		.cfi_offset 14, -4
 8371 0002 0446     		mov	r4, r0
2520:Libs/cJSON/cJSON.c ****     if (item != NULL) {
 8372              		.loc 1 2520 5 is_stmt 1 view .LVU2421
2520:Libs/cJSON/cJSON.c ****     if (item != NULL) {
 8373              		.loc 1 2520 19 is_stmt 0 view .LVU2422
 8374 0004 0648     		ldr	r0, .L714
 8375              	.LVL762:
2520:Libs/cJSON/cJSON.c ****     if (item != NULL) {
ARM GAS  C:\Users\nicx5\AppData\Local\Temp\ccUpawvI.s 			page 233


 8376              		.loc 1 2520 19 view .LVU2423
 8377 0006 FFF7FEFF 		bl	cJSON_New_Item
 8378              	.LVL763:
2521:Libs/cJSON/cJSON.c ****         item->type = cJSON_Object | cJSON_IsReference;
 8379              		.loc 1 2521 5 is_stmt 1 view .LVU2424
2521:Libs/cJSON/cJSON.c ****         item->type = cJSON_Object | cJSON_IsReference;
 8380              		.loc 1 2521 8 is_stmt 0 view .LVU2425
 8381 000a 0546     		mov	r5, r0
 8382 000c 30B1     		cbz	r0, .L711
2522:Libs/cJSON/cJSON.c ****         item->child = (cJSON*)cast_away_const(child);
 8383              		.loc 1 2522 9 is_stmt 1 view .LVU2426
2522:Libs/cJSON/cJSON.c ****         item->child = (cJSON*)cast_away_const(child);
 8384              		.loc 1 2522 20 is_stmt 0 view .LVU2427
 8385 000e 4FF4A073 		mov	r3, #320
 8386 0012 C360     		str	r3, [r0, #12]
2523:Libs/cJSON/cJSON.c ****     }
 8387              		.loc 1 2523 9 is_stmt 1 view .LVU2428
2523:Libs/cJSON/cJSON.c ****     }
 8388              		.loc 1 2523 31 is_stmt 0 view .LVU2429
 8389 0014 2046     		mov	r0, r4
 8390              	.LVL764:
2523:Libs/cJSON/cJSON.c ****     }
 8391              		.loc 1 2523 31 view .LVU2430
 8392 0016 FFF7FEFF 		bl	cast_away_const
 8393              	.LVL765:
2523:Libs/cJSON/cJSON.c ****     }
 8394              		.loc 1 2523 21 discriminator 1 view .LVU2431
 8395 001a A860     		str	r0, [r5, #8]
2526:Libs/cJSON/cJSON.c **** }
 8396              		.loc 1 2526 5 is_stmt 1 view .LVU2432
 8397              	.L711:
2527:Libs/cJSON/cJSON.c **** 
 8398              		.loc 1 2527 1 is_stmt 0 view .LVU2433
 8399 001c 2846     		mov	r0, r5
 8400 001e 38BD     		pop	{r3, r4, r5, pc}
 8401              	.LVL766:
 8402              	.L715:
2527:Libs/cJSON/cJSON.c **** 
 8403              		.loc 1 2527 1 view .LVU2434
 8404              		.align	2
 8405              	.L714:
 8406 0020 00000000 		.word	global_hooks
 8407              		.cfi_endproc
 8408              	.LFE89:
 8410              		.section	.text.cJSON_CreateArrayReference,"ax",%progbits
 8411              		.align	1
 8412              		.global	cJSON_CreateArrayReference
 8413              		.syntax unified
 8414              		.thumb
 8415              		.thumb_func
 8417              	cJSON_CreateArrayReference:
 8418              	.LVL767:
 8419              	.LFB90:
2529:Libs/cJSON/cJSON.c ****     cJSON *item = cJSON_New_Item(&global_hooks);
 8420              		.loc 1 2529 70 is_stmt 1 view -0
 8421              		.cfi_startproc
 8422              		@ args = 0, pretend = 0, frame = 0
ARM GAS  C:\Users\nicx5\AppData\Local\Temp\ccUpawvI.s 			page 234


 8423              		@ frame_needed = 0, uses_anonymous_args = 0
2529:Libs/cJSON/cJSON.c ****     cJSON *item = cJSON_New_Item(&global_hooks);
 8424              		.loc 1 2529 70 is_stmt 0 view .LVU2436
 8425 0000 38B5     		push	{r3, r4, r5, lr}
 8426              	.LCFI142:
 8427              		.cfi_def_cfa_offset 16
 8428              		.cfi_offset 3, -16
 8429              		.cfi_offset 4, -12
 8430              		.cfi_offset 5, -8
 8431              		.cfi_offset 14, -4
 8432 0002 0446     		mov	r4, r0
2530:Libs/cJSON/cJSON.c ****     if (item != NULL) {
 8433              		.loc 1 2530 5 is_stmt 1 view .LVU2437
2530:Libs/cJSON/cJSON.c ****     if (item != NULL) {
 8434              		.loc 1 2530 19 is_stmt 0 view .LVU2438
 8435 0004 0648     		ldr	r0, .L719
 8436              	.LVL768:
2530:Libs/cJSON/cJSON.c ****     if (item != NULL) {
 8437              		.loc 1 2530 19 view .LVU2439
 8438 0006 FFF7FEFF 		bl	cJSON_New_Item
 8439              	.LVL769:
2531:Libs/cJSON/cJSON.c ****         item->type = cJSON_Array | cJSON_IsReference;
 8440              		.loc 1 2531 5 is_stmt 1 view .LVU2440
2531:Libs/cJSON/cJSON.c ****         item->type = cJSON_Array | cJSON_IsReference;
 8441              		.loc 1 2531 8 is_stmt 0 view .LVU2441
 8442 000a 0546     		mov	r5, r0
 8443 000c 30B1     		cbz	r0, .L716
2532:Libs/cJSON/cJSON.c ****         item->child = (cJSON*)cast_away_const(child);
 8444              		.loc 1 2532 9 is_stmt 1 view .LVU2442
2532:Libs/cJSON/cJSON.c ****         item->child = (cJSON*)cast_away_const(child);
 8445              		.loc 1 2532 20 is_stmt 0 view .LVU2443
 8446 000e 4FF49073 		mov	r3, #288
 8447 0012 C360     		str	r3, [r0, #12]
2533:Libs/cJSON/cJSON.c ****     }
 8448              		.loc 1 2533 9 is_stmt 1 view .LVU2444
2533:Libs/cJSON/cJSON.c ****     }
 8449              		.loc 1 2533 31 is_stmt 0 view .LVU2445
 8450 0014 2046     		mov	r0, r4
 8451              	.LVL770:
2533:Libs/cJSON/cJSON.c ****     }
 8452              		.loc 1 2533 31 view .LVU2446
 8453 0016 FFF7FEFF 		bl	cast_away_const
 8454              	.LVL771:
2533:Libs/cJSON/cJSON.c ****     }
 8455              		.loc 1 2533 21 discriminator 1 view .LVU2447
 8456 001a A860     		str	r0, [r5, #8]
2536:Libs/cJSON/cJSON.c **** }
 8457              		.loc 1 2536 5 is_stmt 1 view .LVU2448
 8458              	.L716:
2537:Libs/cJSON/cJSON.c **** 
 8459              		.loc 1 2537 1 is_stmt 0 view .LVU2449
 8460 001c 2846     		mov	r0, r5
 8461 001e 38BD     		pop	{r3, r4, r5, pc}
 8462              	.LVL772:
 8463              	.L720:
2537:Libs/cJSON/cJSON.c **** 
 8464              		.loc 1 2537 1 view .LVU2450
ARM GAS  C:\Users\nicx5\AppData\Local\Temp\ccUpawvI.s 			page 235


 8465              		.align	2
 8466              	.L719:
 8467 0020 00000000 		.word	global_hooks
 8468              		.cfi_endproc
 8469              	.LFE90:
 8471              		.section	.text.cJSON_CreateRaw,"ax",%progbits
 8472              		.align	1
 8473              		.global	cJSON_CreateRaw
 8474              		.syntax unified
 8475              		.thumb
 8476              		.thumb_func
 8478              	cJSON_CreateRaw:
 8479              	.LVL773:
 8480              	.LFB91:
2540:Libs/cJSON/cJSON.c ****     cJSON *item = cJSON_New_Item(&global_hooks);
 8481              		.loc 1 2540 1 is_stmt 1 view -0
 8482              		.cfi_startproc
 8483              		@ args = 0, pretend = 0, frame = 0
 8484              		@ frame_needed = 0, uses_anonymous_args = 0
2540:Libs/cJSON/cJSON.c ****     cJSON *item = cJSON_New_Item(&global_hooks);
 8485              		.loc 1 2540 1 is_stmt 0 view .LVU2452
 8486 0000 38B5     		push	{r3, r4, r5, lr}
 8487              	.LCFI143:
 8488              		.cfi_def_cfa_offset 16
 8489              		.cfi_offset 3, -16
 8490              		.cfi_offset 4, -12
 8491              		.cfi_offset 5, -8
 8492              		.cfi_offset 14, -4
 8493 0002 0446     		mov	r4, r0
2541:Libs/cJSON/cJSON.c ****     if(item)
 8494              		.loc 1 2541 5 is_stmt 1 view .LVU2453
2541:Libs/cJSON/cJSON.c ****     if(item)
 8495              		.loc 1 2541 19 is_stmt 0 view .LVU2454
 8496 0004 0A48     		ldr	r0, .L725
 8497              	.LVL774:
2541:Libs/cJSON/cJSON.c ****     if(item)
 8498              		.loc 1 2541 19 view .LVU2455
 8499 0006 FFF7FEFF 		bl	cJSON_New_Item
 8500              	.LVL775:
2542:Libs/cJSON/cJSON.c ****     {
 8501              		.loc 1 2542 5 is_stmt 1 view .LVU2456
2542:Libs/cJSON/cJSON.c ****     {
 8502              		.loc 1 2542 7 is_stmt 0 view .LVU2457
 8503 000a 0546     		mov	r5, r0
 8504 000c 40B1     		cbz	r0, .L721
2544:Libs/cJSON/cJSON.c ****         item->valuestring = (char*)cJSON_strdup((const unsigned char*)raw, &global_hooks);
 8505              		.loc 1 2544 9 is_stmt 1 view .LVU2458
2544:Libs/cJSON/cJSON.c ****         item->valuestring = (char*)cJSON_strdup((const unsigned char*)raw, &global_hooks);
 8506              		.loc 1 2544 20 is_stmt 0 view .LVU2459
 8507 000e 8023     		movs	r3, #128
 8508 0010 C360     		str	r3, [r0, #12]
2545:Libs/cJSON/cJSON.c ****         if(!item->valuestring)
 8509              		.loc 1 2545 9 is_stmt 1 view .LVU2460
2545:Libs/cJSON/cJSON.c ****         if(!item->valuestring)
 8510              		.loc 1 2545 36 is_stmt 0 view .LVU2461
 8511 0012 0749     		ldr	r1, .L725
 8512 0014 2046     		mov	r0, r4
ARM GAS  C:\Users\nicx5\AppData\Local\Temp\ccUpawvI.s 			page 236


 8513              	.LVL776:
2545:Libs/cJSON/cJSON.c ****         if(!item->valuestring)
 8514              		.loc 1 2545 36 view .LVU2462
 8515 0016 FFF7FEFF 		bl	cJSON_strdup
 8516              	.LVL777:
 8517 001a 0446     		mov	r4, r0
 8518              	.LVL778:
2545:Libs/cJSON/cJSON.c ****         if(!item->valuestring)
 8519              		.loc 1 2545 27 discriminator 1 view .LVU2463
 8520 001c 2861     		str	r0, [r5, #16]
2546:Libs/cJSON/cJSON.c ****         {
 8521              		.loc 1 2546 9 is_stmt 1 view .LVU2464
2546:Libs/cJSON/cJSON.c ****         {
 8522              		.loc 1 2546 11 is_stmt 0 view .LVU2465
 8523 001e 08B1     		cbz	r0, .L724
 8524              	.LVL779:
 8525              	.L721:
2554:Libs/cJSON/cJSON.c **** 
 8526              		.loc 1 2554 1 view .LVU2466
 8527 0020 2846     		mov	r0, r5
 8528 0022 38BD     		pop	{r3, r4, r5, pc}
 8529              	.LVL780:
 8530              	.L724:
2548:Libs/cJSON/cJSON.c ****             return NULL;
 8531              		.loc 1 2548 13 is_stmt 1 view .LVU2467
 8532 0024 2846     		mov	r0, r5
 8533 0026 FFF7FEFF 		bl	cJSON_Delete
 8534              	.LVL781:
2549:Libs/cJSON/cJSON.c ****         }
 8535              		.loc 1 2549 13 view .LVU2468
2549:Libs/cJSON/cJSON.c ****         }
 8536              		.loc 1 2549 20 is_stmt 0 view .LVU2469
 8537 002a 2546     		mov	r5, r4
 8538              	.LVL782:
2549:Libs/cJSON/cJSON.c ****         }
 8539              		.loc 1 2549 20 view .LVU2470
 8540 002c F8E7     		b	.L721
 8541              	.L726:
 8542 002e 00BF     		.align	2
 8543              	.L725:
 8544 0030 00000000 		.word	global_hooks
 8545              		.cfi_endproc
 8546              	.LFE91:
 8548              		.section	.text.cJSON_AddRawToObject,"ax",%progbits
 8549              		.align	1
 8550              		.global	cJSON_AddRawToObject
 8551              		.syntax unified
 8552              		.thumb
 8553              		.thumb_func
 8555              	cJSON_AddRawToObject:
 8556              	.LVL783:
 8557              	.LFB66:
2181:Libs/cJSON/cJSON.c ****     cJSON *raw_item = cJSON_CreateRaw(raw);
 8558              		.loc 1 2181 1 is_stmt 1 view -0
 8559              		.cfi_startproc
 8560              		@ args = 0, pretend = 0, frame = 0
 8561              		@ frame_needed = 0, uses_anonymous_args = 0
ARM GAS  C:\Users\nicx5\AppData\Local\Temp\ccUpawvI.s 			page 237


2181:Libs/cJSON/cJSON.c ****     cJSON *raw_item = cJSON_CreateRaw(raw);
 8562              		.loc 1 2181 1 is_stmt 0 view .LVU2472
 8563 0000 70B5     		push	{r4, r5, r6, lr}
 8564              	.LCFI144:
 8565              		.cfi_def_cfa_offset 16
 8566              		.cfi_offset 4, -16
 8567              		.cfi_offset 5, -12
 8568              		.cfi_offset 6, -8
 8569              		.cfi_offset 14, -4
 8570 0002 82B0     		sub	sp, sp, #8
 8571              	.LCFI145:
 8572              		.cfi_def_cfa_offset 24
 8573 0004 0546     		mov	r5, r0
 8574 0006 0E46     		mov	r6, r1
2182:Libs/cJSON/cJSON.c ****     if (add_item_to_object(object, name, raw_item, &global_hooks, false))
 8575              		.loc 1 2182 5 is_stmt 1 view .LVU2473
2182:Libs/cJSON/cJSON.c ****     if (add_item_to_object(object, name, raw_item, &global_hooks, false))
 8576              		.loc 1 2182 23 is_stmt 0 view .LVU2474
 8577 0008 1046     		mov	r0, r2
 8578              	.LVL784:
2182:Libs/cJSON/cJSON.c ****     if (add_item_to_object(object, name, raw_item, &global_hooks, false))
 8579              		.loc 1 2182 23 view .LVU2475
 8580 000a FFF7FEFF 		bl	cJSON_CreateRaw
 8581              	.LVL785:
2182:Libs/cJSON/cJSON.c ****     if (add_item_to_object(object, name, raw_item, &global_hooks, false))
 8582              		.loc 1 2182 23 view .LVU2476
 8583 000e 0446     		mov	r4, r0
 8584              	.LVL786:
2183:Libs/cJSON/cJSON.c ****     {
 8585              		.loc 1 2183 5 is_stmt 1 view .LVU2477
2183:Libs/cJSON/cJSON.c ****     {
 8586              		.loc 1 2183 9 is_stmt 0 view .LVU2478
 8587 0010 0023     		movs	r3, #0
 8588 0012 0093     		str	r3, [sp]
 8589 0014 074B     		ldr	r3, .L731
 8590 0016 0246     		mov	r2, r0
 8591 0018 3146     		mov	r1, r6
 8592 001a 2846     		mov	r0, r5
 8593              	.LVL787:
2183:Libs/cJSON/cJSON.c ****     {
 8594              		.loc 1 2183 9 view .LVU2479
 8595 001c FFF7FEFF 		bl	add_item_to_object
 8596              	.LVL788:
2183:Libs/cJSON/cJSON.c ****     {
 8597              		.loc 1 2183 8 discriminator 1 view .LVU2480
 8598 0020 10B1     		cbz	r0, .L730
 8599              	.LVL789:
 8600              	.L727:
2190:Libs/cJSON/cJSON.c **** 
 8601              		.loc 1 2190 1 view .LVU2481
 8602 0022 2046     		mov	r0, r4
 8603 0024 02B0     		add	sp, sp, #8
 8604              	.LCFI146:
 8605              		.cfi_remember_state
 8606              		.cfi_def_cfa_offset 16
 8607              		@ sp needed
 8608 0026 70BD     		pop	{r4, r5, r6, pc}
ARM GAS  C:\Users\nicx5\AppData\Local\Temp\ccUpawvI.s 			page 238


 8609              	.LVL790:
 8610              	.L730:
 8611              	.LCFI147:
 8612              		.cfi_restore_state
2188:Libs/cJSON/cJSON.c ****     return NULL;
 8613              		.loc 1 2188 5 is_stmt 1 view .LVU2482
 8614 0028 2046     		mov	r0, r4
 8615 002a FFF7FEFF 		bl	cJSON_Delete
 8616              	.LVL791:
2189:Libs/cJSON/cJSON.c **** }
 8617              		.loc 1 2189 5 view .LVU2483
2189:Libs/cJSON/cJSON.c **** }
 8618              		.loc 1 2189 12 is_stmt 0 view .LVU2484
 8619 002e 0024     		movs	r4, #0
 8620              	.LVL792:
2189:Libs/cJSON/cJSON.c **** }
 8621              		.loc 1 2189 12 view .LVU2485
 8622 0030 F7E7     		b	.L727
 8623              	.L732:
 8624 0032 00BF     		.align	2
 8625              	.L731:
 8626 0034 00000000 		.word	global_hooks
 8627              		.cfi_endproc
 8628              	.LFE66:
 8630              		.section	.text.cJSON_CreateArray,"ax",%progbits
 8631              		.align	1
 8632              		.global	cJSON_CreateArray
 8633              		.syntax unified
 8634              		.thumb
 8635              		.thumb_func
 8637              	cJSON_CreateArray:
 8638              	.LFB92:
2557:Libs/cJSON/cJSON.c ****     cJSON *item = cJSON_New_Item(&global_hooks);
 8639              		.loc 1 2557 1 is_stmt 1 view -0
 8640              		.cfi_startproc
 8641              		@ args = 0, pretend = 0, frame = 0
 8642              		@ frame_needed = 0, uses_anonymous_args = 0
 8643 0000 08B5     		push	{r3, lr}
 8644              	.LCFI148:
 8645              		.cfi_def_cfa_offset 8
 8646              		.cfi_offset 3, -8
 8647              		.cfi_offset 14, -4
2558:Libs/cJSON/cJSON.c ****     if(item)
 8648              		.loc 1 2558 5 view .LVU2487
2558:Libs/cJSON/cJSON.c ****     if(item)
 8649              		.loc 1 2558 19 is_stmt 0 view .LVU2488
 8650 0002 0348     		ldr	r0, .L736
 8651 0004 FFF7FEFF 		bl	cJSON_New_Item
 8652              	.LVL793:
2559:Libs/cJSON/cJSON.c ****     {
 8653              		.loc 1 2559 5 is_stmt 1 view .LVU2489
2559:Libs/cJSON/cJSON.c ****     {
 8654              		.loc 1 2559 7 is_stmt 0 view .LVU2490
 8655 0008 08B1     		cbz	r0, .L733
2561:Libs/cJSON/cJSON.c ****     }
 8656              		.loc 1 2561 9 is_stmt 1 view .LVU2491
2561:Libs/cJSON/cJSON.c ****     }
ARM GAS  C:\Users\nicx5\AppData\Local\Temp\ccUpawvI.s 			page 239


 8657              		.loc 1 2561 19 is_stmt 0 view .LVU2492
 8658 000a 2023     		movs	r3, #32
 8659 000c C360     		str	r3, [r0, #12]
2564:Libs/cJSON/cJSON.c **** }
 8660              		.loc 1 2564 5 is_stmt 1 view .LVU2493
 8661              	.L733:
2565:Libs/cJSON/cJSON.c **** 
 8662              		.loc 1 2565 1 is_stmt 0 view .LVU2494
 8663 000e 08BD     		pop	{r3, pc}
 8664              	.L737:
 8665              		.align	2
 8666              	.L736:
 8667 0010 00000000 		.word	global_hooks
 8668              		.cfi_endproc
 8669              	.LFE92:
 8671              		.section	.text.cJSON_AddArrayToObject,"ax",%progbits
 8672              		.align	1
 8673              		.global	cJSON_AddArrayToObject
 8674              		.syntax unified
 8675              		.thumb
 8676              		.thumb_func
 8678              	cJSON_AddArrayToObject:
 8679              	.LVL794:
 8680              	.LFB68:
2205:Libs/cJSON/cJSON.c ****     cJSON *array = cJSON_CreateArray();
 8681              		.loc 1 2205 1 is_stmt 1 view -0
 8682              		.cfi_startproc
 8683              		@ args = 0, pretend = 0, frame = 0
 8684              		@ frame_needed = 0, uses_anonymous_args = 0
2205:Libs/cJSON/cJSON.c ****     cJSON *array = cJSON_CreateArray();
 8685              		.loc 1 2205 1 is_stmt 0 view .LVU2496
 8686 0000 70B5     		push	{r4, r5, r6, lr}
 8687              	.LCFI149:
 8688              		.cfi_def_cfa_offset 16
 8689              		.cfi_offset 4, -16
 8690              		.cfi_offset 5, -12
 8691              		.cfi_offset 6, -8
 8692              		.cfi_offset 14, -4
 8693 0002 82B0     		sub	sp, sp, #8
 8694              	.LCFI150:
 8695              		.cfi_def_cfa_offset 24
 8696 0004 0546     		mov	r5, r0
 8697 0006 0E46     		mov	r6, r1
2206:Libs/cJSON/cJSON.c ****     if (add_item_to_object(object, name, array, &global_hooks, false))
 8698              		.loc 1 2206 5 is_stmt 1 view .LVU2497
2206:Libs/cJSON/cJSON.c ****     if (add_item_to_object(object, name, array, &global_hooks, false))
 8699              		.loc 1 2206 20 is_stmt 0 view .LVU2498
 8700 0008 FFF7FEFF 		bl	cJSON_CreateArray
 8701              	.LVL795:
2206:Libs/cJSON/cJSON.c ****     if (add_item_to_object(object, name, array, &global_hooks, false))
 8702              		.loc 1 2206 20 view .LVU2499
 8703 000c 0446     		mov	r4, r0
 8704              	.LVL796:
2207:Libs/cJSON/cJSON.c ****     {
 8705              		.loc 1 2207 5 is_stmt 1 view .LVU2500
2207:Libs/cJSON/cJSON.c ****     {
 8706              		.loc 1 2207 9 is_stmt 0 view .LVU2501
ARM GAS  C:\Users\nicx5\AppData\Local\Temp\ccUpawvI.s 			page 240


 8707 000e 0023     		movs	r3, #0
 8708 0010 0093     		str	r3, [sp]
 8709 0012 074B     		ldr	r3, .L742
 8710 0014 0246     		mov	r2, r0
 8711 0016 3146     		mov	r1, r6
 8712 0018 2846     		mov	r0, r5
 8713              	.LVL797:
2207:Libs/cJSON/cJSON.c ****     {
 8714              		.loc 1 2207 9 view .LVU2502
 8715 001a FFF7FEFF 		bl	add_item_to_object
 8716              	.LVL798:
2207:Libs/cJSON/cJSON.c ****     {
 8717              		.loc 1 2207 8 discriminator 1 view .LVU2503
 8718 001e 10B1     		cbz	r0, .L741
 8719              	.LVL799:
 8720              	.L738:
2214:Libs/cJSON/cJSON.c **** 
 8721              		.loc 1 2214 1 view .LVU2504
 8722 0020 2046     		mov	r0, r4
 8723 0022 02B0     		add	sp, sp, #8
 8724              	.LCFI151:
 8725              		.cfi_remember_state
 8726              		.cfi_def_cfa_offset 16
 8727              		@ sp needed
 8728 0024 70BD     		pop	{r4, r5, r6, pc}
 8729              	.LVL800:
 8730              	.L741:
 8731              	.LCFI152:
 8732              		.cfi_restore_state
2212:Libs/cJSON/cJSON.c ****     return NULL;
 8733              		.loc 1 2212 5 is_stmt 1 view .LVU2505
 8734 0026 2046     		mov	r0, r4
 8735 0028 FFF7FEFF 		bl	cJSON_Delete
 8736              	.LVL801:
2213:Libs/cJSON/cJSON.c **** }
 8737              		.loc 1 2213 5 view .LVU2506
2213:Libs/cJSON/cJSON.c **** }
 8738              		.loc 1 2213 12 is_stmt 0 view .LVU2507
 8739 002c 0024     		movs	r4, #0
 8740              	.LVL802:
2213:Libs/cJSON/cJSON.c **** }
 8741              		.loc 1 2213 12 view .LVU2508
 8742 002e F7E7     		b	.L738
 8743              	.L743:
 8744              		.align	2
 8745              	.L742:
 8746 0030 00000000 		.word	global_hooks
 8747              		.cfi_endproc
 8748              	.LFE68:
 8750              		.section	.text.cJSON_CreateObject,"ax",%progbits
 8751              		.align	1
 8752              		.global	cJSON_CreateObject
 8753              		.syntax unified
 8754              		.thumb
 8755              		.thumb_func
 8757              	cJSON_CreateObject:
 8758              	.LFB93:
ARM GAS  C:\Users\nicx5\AppData\Local\Temp\ccUpawvI.s 			page 241


2568:Libs/cJSON/cJSON.c ****     cJSON *item = cJSON_New_Item(&global_hooks);
 8759              		.loc 1 2568 1 is_stmt 1 view -0
 8760              		.cfi_startproc
 8761              		@ args = 0, pretend = 0, frame = 0
 8762              		@ frame_needed = 0, uses_anonymous_args = 0
 8763 0000 08B5     		push	{r3, lr}
 8764              	.LCFI153:
 8765              		.cfi_def_cfa_offset 8
 8766              		.cfi_offset 3, -8
 8767              		.cfi_offset 14, -4
2569:Libs/cJSON/cJSON.c ****     if (item)
 8768              		.loc 1 2569 5 view .LVU2510
2569:Libs/cJSON/cJSON.c ****     if (item)
 8769              		.loc 1 2569 19 is_stmt 0 view .LVU2511
 8770 0002 0348     		ldr	r0, .L747
 8771 0004 FFF7FEFF 		bl	cJSON_New_Item
 8772              	.LVL803:
2570:Libs/cJSON/cJSON.c ****     {
 8773              		.loc 1 2570 5 is_stmt 1 view .LVU2512
2570:Libs/cJSON/cJSON.c ****     {
 8774              		.loc 1 2570 8 is_stmt 0 view .LVU2513
 8775 0008 08B1     		cbz	r0, .L744
2572:Libs/cJSON/cJSON.c ****     }
 8776              		.loc 1 2572 9 is_stmt 1 view .LVU2514
2572:Libs/cJSON/cJSON.c ****     }
 8777              		.loc 1 2572 20 is_stmt 0 view .LVU2515
 8778 000a 4023     		movs	r3, #64
 8779 000c C360     		str	r3, [r0, #12]
2575:Libs/cJSON/cJSON.c **** }
 8780              		.loc 1 2575 5 is_stmt 1 view .LVU2516
 8781              	.L744:
2576:Libs/cJSON/cJSON.c **** 
 8782              		.loc 1 2576 1 is_stmt 0 view .LVU2517
 8783 000e 08BD     		pop	{r3, pc}
 8784              	.L748:
 8785              		.align	2
 8786              	.L747:
 8787 0010 00000000 		.word	global_hooks
 8788              		.cfi_endproc
 8789              	.LFE93:
 8791              		.section	.text.cJSON_AddObjectToObject,"ax",%progbits
 8792              		.align	1
 8793              		.global	cJSON_AddObjectToObject
 8794              		.syntax unified
 8795              		.thumb
 8796              		.thumb_func
 8798              	cJSON_AddObjectToObject:
 8799              	.LVL804:
 8800              	.LFB67:
2193:Libs/cJSON/cJSON.c ****     cJSON *object_item = cJSON_CreateObject();
 8801              		.loc 1 2193 1 is_stmt 1 view -0
 8802              		.cfi_startproc
 8803              		@ args = 0, pretend = 0, frame = 0
 8804              		@ frame_needed = 0, uses_anonymous_args = 0
2193:Libs/cJSON/cJSON.c ****     cJSON *object_item = cJSON_CreateObject();
 8805              		.loc 1 2193 1 is_stmt 0 view .LVU2519
 8806 0000 70B5     		push	{r4, r5, r6, lr}
ARM GAS  C:\Users\nicx5\AppData\Local\Temp\ccUpawvI.s 			page 242


 8807              	.LCFI154:
 8808              		.cfi_def_cfa_offset 16
 8809              		.cfi_offset 4, -16
 8810              		.cfi_offset 5, -12
 8811              		.cfi_offset 6, -8
 8812              		.cfi_offset 14, -4
 8813 0002 82B0     		sub	sp, sp, #8
 8814              	.LCFI155:
 8815              		.cfi_def_cfa_offset 24
 8816 0004 0546     		mov	r5, r0
 8817 0006 0E46     		mov	r6, r1
2194:Libs/cJSON/cJSON.c ****     if (add_item_to_object(object, name, object_item, &global_hooks, false))
 8818              		.loc 1 2194 5 is_stmt 1 view .LVU2520
2194:Libs/cJSON/cJSON.c ****     if (add_item_to_object(object, name, object_item, &global_hooks, false))
 8819              		.loc 1 2194 26 is_stmt 0 view .LVU2521
 8820 0008 FFF7FEFF 		bl	cJSON_CreateObject
 8821              	.LVL805:
2194:Libs/cJSON/cJSON.c ****     if (add_item_to_object(object, name, object_item, &global_hooks, false))
 8822              		.loc 1 2194 26 view .LVU2522
 8823 000c 0446     		mov	r4, r0
 8824              	.LVL806:
2195:Libs/cJSON/cJSON.c ****     {
 8825              		.loc 1 2195 5 is_stmt 1 view .LVU2523
2195:Libs/cJSON/cJSON.c ****     {
 8826              		.loc 1 2195 9 is_stmt 0 view .LVU2524
 8827 000e 0023     		movs	r3, #0
 8828 0010 0093     		str	r3, [sp]
 8829 0012 074B     		ldr	r3, .L753
 8830 0014 0246     		mov	r2, r0
 8831 0016 3146     		mov	r1, r6
 8832 0018 2846     		mov	r0, r5
 8833              	.LVL807:
2195:Libs/cJSON/cJSON.c ****     {
 8834              		.loc 1 2195 9 view .LVU2525
 8835 001a FFF7FEFF 		bl	add_item_to_object
 8836              	.LVL808:
2195:Libs/cJSON/cJSON.c ****     {
 8837              		.loc 1 2195 8 discriminator 1 view .LVU2526
 8838 001e 10B1     		cbz	r0, .L752
 8839              	.LVL809:
 8840              	.L749:
2202:Libs/cJSON/cJSON.c **** 
 8841              		.loc 1 2202 1 view .LVU2527
 8842 0020 2046     		mov	r0, r4
 8843 0022 02B0     		add	sp, sp, #8
 8844              	.LCFI156:
 8845              		.cfi_remember_state
 8846              		.cfi_def_cfa_offset 16
 8847              		@ sp needed
 8848 0024 70BD     		pop	{r4, r5, r6, pc}
 8849              	.LVL810:
 8850              	.L752:
 8851              	.LCFI157:
 8852              		.cfi_restore_state
2200:Libs/cJSON/cJSON.c ****     return NULL;
 8853              		.loc 1 2200 5 is_stmt 1 view .LVU2528
 8854 0026 2046     		mov	r0, r4
ARM GAS  C:\Users\nicx5\AppData\Local\Temp\ccUpawvI.s 			page 243


 8855 0028 FFF7FEFF 		bl	cJSON_Delete
 8856              	.LVL811:
2201:Libs/cJSON/cJSON.c **** }
 8857              		.loc 1 2201 5 view .LVU2529
2201:Libs/cJSON/cJSON.c **** }
 8858              		.loc 1 2201 12 is_stmt 0 view .LVU2530
 8859 002c 0024     		movs	r4, #0
 8860              	.LVL812:
2201:Libs/cJSON/cJSON.c **** }
 8861              		.loc 1 2201 12 view .LVU2531
 8862 002e F7E7     		b	.L749
 8863              	.L754:
 8864              		.align	2
 8865              	.L753:
 8866 0030 00000000 		.word	global_hooks
 8867              		.cfi_endproc
 8868              	.LFE67:
 8870              		.section	.text.cJSON_CreateIntArray,"ax",%progbits
 8871              		.align	1
 8872              		.global	cJSON_CreateIntArray
 8873              		.syntax unified
 8874              		.thumb
 8875              		.thumb_func
 8877              	cJSON_CreateIntArray:
 8878              	.LVL813:
 8879              	.LFB94:
2580:Libs/cJSON/cJSON.c ****     size_t i = 0;
 8880              		.loc 1 2580 1 is_stmt 1 view -0
 8881              		.cfi_startproc
 8882              		@ args = 0, pretend = 0, frame = 0
 8883              		@ frame_needed = 0, uses_anonymous_args = 0
2580:Libs/cJSON/cJSON.c ****     size_t i = 0;
 8884              		.loc 1 2580 1 is_stmt 0 view .LVU2533
 8885 0000 2DE9F843 		push	{r3, r4, r5, r6, r7, r8, r9, lr}
 8886              	.LCFI158:
 8887              		.cfi_def_cfa_offset 32
 8888              		.cfi_offset 3, -32
 8889              		.cfi_offset 4, -28
 8890              		.cfi_offset 5, -24
 8891              		.cfi_offset 6, -20
 8892              		.cfi_offset 7, -16
 8893              		.cfi_offset 8, -12
 8894              		.cfi_offset 9, -8
 8895              		.cfi_offset 14, -4
2581:Libs/cJSON/cJSON.c ****     cJSON *n = NULL;
 8896              		.loc 1 2581 5 is_stmt 1 view .LVU2534
 8897              	.LVL814:
2582:Libs/cJSON/cJSON.c ****     cJSON *p = NULL;
 8898              		.loc 1 2582 5 view .LVU2535
2583:Libs/cJSON/cJSON.c ****     cJSON *a = NULL;
 8899              		.loc 1 2583 5 view .LVU2536
2584:Libs/cJSON/cJSON.c **** 
 8900              		.loc 1 2584 5 view .LVU2537
2586:Libs/cJSON/cJSON.c ****     {
 8901              		.loc 1 2586 5 view .LVU2538
2586:Libs/cJSON/cJSON.c ****     {
 8902              		.loc 1 2586 33 is_stmt 0 view .LVU2539
ARM GAS  C:\Users\nicx5\AppData\Local\Temp\ccUpawvI.s 			page 244


 8903 0004 8046     		mov	r8, r0
 8904 0006 B0FA80F0 		clz	r0, r0
 8905              	.LVL815:
2586:Libs/cJSON/cJSON.c ****     {
 8906              		.loc 1 2586 33 view .LVU2540
 8907 000a 4009     		lsrs	r0, r0, #5
2586:Libs/cJSON/cJSON.c ****     {
 8908              		.loc 1 2586 8 view .LVU2541
 8909 000c 50EAD170 		orrs	r0, r0, r1, lsr #31
 8910 0010 31D1     		bne	.L763
 8911 0012 0F46     		mov	r7, r1
2591:Libs/cJSON/cJSON.c **** 
 8912              		.loc 1 2591 5 is_stmt 1 view .LVU2542
2591:Libs/cJSON/cJSON.c **** 
 8913              		.loc 1 2591 9 is_stmt 0 view .LVU2543
 8914 0014 FFF7FEFF 		bl	cJSON_CreateArray
 8915              	.LVL816:
2591:Libs/cJSON/cJSON.c **** 
 8916              		.loc 1 2591 9 view .LVU2544
 8917 0018 0646     		mov	r6, r0
 8918              	.LVL817:
2593:Libs/cJSON/cJSON.c ****     {
 8919              		.loc 1 2593 5 is_stmt 1 view .LVU2545
2582:Libs/cJSON/cJSON.c ****     cJSON *p = NULL;
 8920              		.loc 1 2582 12 is_stmt 0 view .LVU2546
 8921 001a 4FF00009 		mov	r9, #0
2593:Libs/cJSON/cJSON.c ****     {
 8922              		.loc 1 2593 11 view .LVU2547
 8923 001e 4C46     		mov	r4, r9
2593:Libs/cJSON/cJSON.c ****     {
 8924              		.loc 1 2593 5 view .LVU2548
 8925 0020 0CE0     		b	.L757
 8926              	.LVL818:
 8927              	.L766:
2598:Libs/cJSON/cJSON.c ****             return NULL;
 8928              		.loc 1 2598 13 is_stmt 1 view .LVU2549
 8929 0022 3046     		mov	r0, r6
 8930              	.LVL819:
2598:Libs/cJSON/cJSON.c ****             return NULL;
 8931              		.loc 1 2598 13 is_stmt 0 view .LVU2550
 8932 0024 FFF7FEFF 		bl	cJSON_Delete
 8933              	.LVL820:
2599:Libs/cJSON/cJSON.c ****         }
 8934              		.loc 1 2599 13 is_stmt 1 view .LVU2551
2599:Libs/cJSON/cJSON.c ****         }
 8935              		.loc 1 2599 20 is_stmt 0 view .LVU2552
 8936 0028 2E46     		mov	r6, r5
 8937              	.LVL821:
 8938              	.L755:
2617:Libs/cJSON/cJSON.c **** 
 8939              		.loc 1 2617 1 view .LVU2553
 8940 002a 3046     		mov	r0, r6
 8941 002c BDE8F883 		pop	{r3, r4, r5, r6, r7, r8, r9, pc}
 8942              	.LVL822:
 8943              	.L759:
2607:Libs/cJSON/cJSON.c ****         }
 8944              		.loc 1 2607 13 is_stmt 1 view .LVU2554
ARM GAS  C:\Users\nicx5\AppData\Local\Temp\ccUpawvI.s 			page 245


 8945 0030 0146     		mov	r1, r0
 8946 0032 4846     		mov	r0, r9
 8947              	.LVL823:
2607:Libs/cJSON/cJSON.c ****         }
 8948              		.loc 1 2607 13 is_stmt 0 view .LVU2555
 8949 0034 FFF7FEFF 		bl	suffix_object
 8950              	.LVL824:
 8951              	.L760:
2609:Libs/cJSON/cJSON.c ****     }
 8952              		.loc 1 2609 9 is_stmt 1 view .LVU2556
2593:Libs/cJSON/cJSON.c ****     {
 8953              		.loc 1 2593 43 discriminator 2 view .LVU2557
 8954 0038 0134     		adds	r4, r4, #1
 8955              	.LVL825:
2595:Libs/cJSON/cJSON.c ****         if (!n)
 8956              		.loc 1 2595 13 is_stmt 0 view .LVU2558
 8957 003a A946     		mov	r9, r5
 8958              	.LVL826:
 8959              	.L757:
2593:Libs/cJSON/cJSON.c ****     {
 8960              		.loc 1 2593 18 is_stmt 1 discriminator 1 view .LVU2559
2593:Libs/cJSON/cJSON.c ****     {
 8961              		.loc 1 2593 24 is_stmt 0 discriminator 1 view .LVU2560
 8962 003c A742     		cmp	r7, r4
 8963 003e 94BF     		ite	ls
 8964 0040 0023     		movls	r3, #0
 8965 0042 0123     		movhi	r3, #1
2593:Libs/cJSON/cJSON.c ****     {
 8966              		.loc 1 2593 18 discriminator 1 view .LVU2561
 8967 0044 7EB1     		cbz	r6, .L764
 8968 0046 73B1     		cbz	r3, .L764
2595:Libs/cJSON/cJSON.c ****         if (!n)
 8969              		.loc 1 2595 9 is_stmt 1 view .LVU2562
2595:Libs/cJSON/cJSON.c ****         if (!n)
 8970              		.loc 1 2595 13 is_stmt 0 view .LVU2563
 8971 0048 58F82430 		ldr	r3, [r8, r4, lsl #2]
 8972 004c 07EE903A 		vmov	s15, r3	@ int
 8973 0050 B8EEE70B 		vcvt.f64.s32	d0, s15
 8974 0054 FFF7FEFF 		bl	cJSON_CreateNumber
 8975              	.LVL827:
2596:Libs/cJSON/cJSON.c ****         {
 8976              		.loc 1 2596 9 is_stmt 1 view .LVU2564
2596:Libs/cJSON/cJSON.c ****         {
 8977              		.loc 1 2596 12 is_stmt 0 view .LVU2565
 8978 0058 0546     		mov	r5, r0
 8979 005a 0028     		cmp	r0, #0
 8980 005c E1D0     		beq	.L766
2601:Libs/cJSON/cJSON.c ****         {
 8981              		.loc 1 2601 9 is_stmt 1 view .LVU2566
2601:Libs/cJSON/cJSON.c ****         {
 8982              		.loc 1 2601 11 is_stmt 0 view .LVU2567
 8983 005e 002C     		cmp	r4, #0
 8984 0060 E6D1     		bne	.L759
2603:Libs/cJSON/cJSON.c ****         }
 8985              		.loc 1 2603 13 is_stmt 1 view .LVU2568
2603:Libs/cJSON/cJSON.c ****         }
 8986              		.loc 1 2603 22 is_stmt 0 view .LVU2569
ARM GAS  C:\Users\nicx5\AppData\Local\Temp\ccUpawvI.s 			page 246


 8987 0062 B060     		str	r0, [r6, #8]
 8988 0064 E8E7     		b	.L760
 8989              	.LVL828:
 8990              	.L764:
2612:Libs/cJSON/cJSON.c ****         a->child->prev = n;
 8991              		.loc 1 2612 5 is_stmt 1 view .LVU2570
2612:Libs/cJSON/cJSON.c ****         a->child->prev = n;
 8992              		.loc 1 2612 8 is_stmt 0 view .LVU2571
 8993 0066 002E     		cmp	r6, #0
 8994 0068 DFD0     		beq	.L755
2612:Libs/cJSON/cJSON.c ****         a->child->prev = n;
 8995              		.loc 1 2612 15 discriminator 1 view .LVU2572
 8996 006a B368     		ldr	r3, [r6, #8]
2612:Libs/cJSON/cJSON.c ****         a->child->prev = n;
 8997              		.loc 1 2612 11 discriminator 1 view .LVU2573
 8998 006c 002B     		cmp	r3, #0
 8999 006e DCD0     		beq	.L755
2613:Libs/cJSON/cJSON.c ****     }
 9000              		.loc 1 2613 9 is_stmt 1 view .LVU2574
2613:Libs/cJSON/cJSON.c ****     }
 9001              		.loc 1 2613 24 is_stmt 0 view .LVU2575
 9002 0070 C3F80490 		str	r9, [r3, #4]
 9003 0074 D9E7     		b	.L755
 9004              	.LVL829:
 9005              	.L763:
2588:Libs/cJSON/cJSON.c ****     }
 9006              		.loc 1 2588 16 view .LVU2576
 9007 0076 0026     		movs	r6, #0
 9008 0078 D7E7     		b	.L755
 9009              		.cfi_endproc
 9010              	.LFE94:
 9012              		.section	.text.cJSON_CreateFloatArray,"ax",%progbits
 9013              		.align	1
 9014              		.global	cJSON_CreateFloatArray
 9015              		.syntax unified
 9016              		.thumb
 9017              		.thumb_func
 9019              	cJSON_CreateFloatArray:
 9020              	.LVL830:
 9021              	.LFB95:
2620:Libs/cJSON/cJSON.c ****     size_t i = 0;
 9022              		.loc 1 2620 1 is_stmt 1 view -0
 9023              		.cfi_startproc
 9024              		@ args = 0, pretend = 0, frame = 0
 9025              		@ frame_needed = 0, uses_anonymous_args = 0
2620:Libs/cJSON/cJSON.c ****     size_t i = 0;
 9026              		.loc 1 2620 1 is_stmt 0 view .LVU2578
 9027 0000 2DE9F843 		push	{r3, r4, r5, r6, r7, r8, r9, lr}
 9028              	.LCFI159:
 9029              		.cfi_def_cfa_offset 32
 9030              		.cfi_offset 3, -32
 9031              		.cfi_offset 4, -28
 9032              		.cfi_offset 5, -24
 9033              		.cfi_offset 6, -20
 9034              		.cfi_offset 7, -16
 9035              		.cfi_offset 8, -12
 9036              		.cfi_offset 9, -8
ARM GAS  C:\Users\nicx5\AppData\Local\Temp\ccUpawvI.s 			page 247


 9037              		.cfi_offset 14, -4
2621:Libs/cJSON/cJSON.c ****     cJSON *n = NULL;
 9038              		.loc 1 2621 5 is_stmt 1 view .LVU2579
 9039              	.LVL831:
2622:Libs/cJSON/cJSON.c ****     cJSON *p = NULL;
 9040              		.loc 1 2622 5 view .LVU2580
2623:Libs/cJSON/cJSON.c ****     cJSON *a = NULL;
 9041              		.loc 1 2623 5 view .LVU2581
2624:Libs/cJSON/cJSON.c **** 
 9042              		.loc 1 2624 5 view .LVU2582
2626:Libs/cJSON/cJSON.c ****     {
 9043              		.loc 1 2626 5 view .LVU2583
2626:Libs/cJSON/cJSON.c ****     {
 9044              		.loc 1 2626 33 is_stmt 0 view .LVU2584
 9045 0004 8146     		mov	r9, r0
 9046 0006 B0FA80F0 		clz	r0, r0
 9047              	.LVL832:
2626:Libs/cJSON/cJSON.c ****     {
 9048              		.loc 1 2626 33 view .LVU2585
 9049 000a 4009     		lsrs	r0, r0, #5
2626:Libs/cJSON/cJSON.c ****     {
 9050              		.loc 1 2626 8 view .LVU2586
 9051 000c 50EAD170 		orrs	r0, r0, r1, lsr #31
 9052 0010 31D1     		bne	.L775
 9053 0012 0F46     		mov	r7, r1
2631:Libs/cJSON/cJSON.c **** 
 9054              		.loc 1 2631 5 is_stmt 1 view .LVU2587
2631:Libs/cJSON/cJSON.c **** 
 9055              		.loc 1 2631 9 is_stmt 0 view .LVU2588
 9056 0014 FFF7FEFF 		bl	cJSON_CreateArray
 9057              	.LVL833:
2631:Libs/cJSON/cJSON.c **** 
 9058              		.loc 1 2631 9 view .LVU2589
 9059 0018 0646     		mov	r6, r0
 9060              	.LVL834:
2633:Libs/cJSON/cJSON.c ****     {
 9061              		.loc 1 2633 5 is_stmt 1 view .LVU2590
2622:Libs/cJSON/cJSON.c ****     cJSON *p = NULL;
 9062              		.loc 1 2622 12 is_stmt 0 view .LVU2591
 9063 001a 4FF00008 		mov	r8, #0
2633:Libs/cJSON/cJSON.c ****     {
 9064              		.loc 1 2633 11 view .LVU2592
 9065 001e 4446     		mov	r4, r8
2633:Libs/cJSON/cJSON.c ****     {
 9066              		.loc 1 2633 5 view .LVU2593
 9067 0020 0CE0     		b	.L769
 9068              	.LVL835:
 9069              	.L778:
2638:Libs/cJSON/cJSON.c ****             return NULL;
 9070              		.loc 1 2638 13 is_stmt 1 view .LVU2594
 9071 0022 3046     		mov	r0, r6
 9072              	.LVL836:
2638:Libs/cJSON/cJSON.c ****             return NULL;
 9073              		.loc 1 2638 13 is_stmt 0 view .LVU2595
 9074 0024 FFF7FEFF 		bl	cJSON_Delete
 9075              	.LVL837:
2639:Libs/cJSON/cJSON.c ****         }
ARM GAS  C:\Users\nicx5\AppData\Local\Temp\ccUpawvI.s 			page 248


 9076              		.loc 1 2639 13 is_stmt 1 view .LVU2596
2639:Libs/cJSON/cJSON.c ****         }
 9077              		.loc 1 2639 20 is_stmt 0 view .LVU2597
 9078 0028 2E46     		mov	r6, r5
 9079              	.LVL838:
 9080              	.L767:
2657:Libs/cJSON/cJSON.c **** 
 9081              		.loc 1 2657 1 view .LVU2598
 9082 002a 3046     		mov	r0, r6
 9083 002c BDE8F883 		pop	{r3, r4, r5, r6, r7, r8, r9, pc}
 9084              	.LVL839:
 9085              	.L771:
2647:Libs/cJSON/cJSON.c ****         }
 9086              		.loc 1 2647 13 is_stmt 1 view .LVU2599
 9087 0030 0146     		mov	r1, r0
 9088 0032 4046     		mov	r0, r8
 9089              	.LVL840:
2647:Libs/cJSON/cJSON.c ****         }
 9090              		.loc 1 2647 13 is_stmt 0 view .LVU2600
 9091 0034 FFF7FEFF 		bl	suffix_object
 9092              	.LVL841:
 9093              	.L772:
2649:Libs/cJSON/cJSON.c ****     }
 9094              		.loc 1 2649 9 is_stmt 1 view .LVU2601
2633:Libs/cJSON/cJSON.c ****     {
 9095              		.loc 1 2633 43 discriminator 2 view .LVU2602
 9096 0038 0134     		adds	r4, r4, #1
 9097              	.LVL842:
2635:Libs/cJSON/cJSON.c ****         if(!n)
 9098              		.loc 1 2635 13 is_stmt 0 view .LVU2603
 9099 003a A846     		mov	r8, r5
 9100              	.LVL843:
 9101              	.L769:
2633:Libs/cJSON/cJSON.c ****     {
 9102              		.loc 1 2633 18 is_stmt 1 discriminator 1 view .LVU2604
2633:Libs/cJSON/cJSON.c ****     {
 9103              		.loc 1 2633 24 is_stmt 0 discriminator 1 view .LVU2605
 9104 003c A742     		cmp	r7, r4
 9105 003e 94BF     		ite	ls
 9106 0040 0023     		movls	r3, #0
 9107 0042 0123     		movhi	r3, #1
2633:Libs/cJSON/cJSON.c ****     {
 9108              		.loc 1 2633 18 discriminator 1 view .LVU2606
 9109 0044 7EB1     		cbz	r6, .L776
 9110 0046 73B1     		cbz	r3, .L776
2635:Libs/cJSON/cJSON.c ****         if(!n)
 9111              		.loc 1 2635 9 is_stmt 1 view .LVU2607
2635:Libs/cJSON/cJSON.c ****         if(!n)
 9112              		.loc 1 2635 47 is_stmt 0 view .LVU2608
 9113 0048 09EB8403 		add	r3, r9, r4, lsl #2
 9114 004c 93ED000A 		vldr.32	s0, [r3]
2635:Libs/cJSON/cJSON.c ****         if(!n)
 9115              		.loc 1 2635 13 view .LVU2609
 9116 0050 B7EEC00A 		vcvt.f64.f32	d0, s0
 9117 0054 FFF7FEFF 		bl	cJSON_CreateNumber
 9118              	.LVL844:
2636:Libs/cJSON/cJSON.c ****         {
ARM GAS  C:\Users\nicx5\AppData\Local\Temp\ccUpawvI.s 			page 249


 9119              		.loc 1 2636 9 is_stmt 1 view .LVU2610
2636:Libs/cJSON/cJSON.c ****         {
 9120              		.loc 1 2636 11 is_stmt 0 view .LVU2611
 9121 0058 0546     		mov	r5, r0
 9122 005a 0028     		cmp	r0, #0
 9123 005c E1D0     		beq	.L778
2641:Libs/cJSON/cJSON.c ****         {
 9124              		.loc 1 2641 9 is_stmt 1 view .LVU2612
2641:Libs/cJSON/cJSON.c ****         {
 9125              		.loc 1 2641 11 is_stmt 0 view .LVU2613
 9126 005e 002C     		cmp	r4, #0
 9127 0060 E6D1     		bne	.L771
2643:Libs/cJSON/cJSON.c ****         }
 9128              		.loc 1 2643 13 is_stmt 1 view .LVU2614
2643:Libs/cJSON/cJSON.c ****         }
 9129              		.loc 1 2643 22 is_stmt 0 view .LVU2615
 9130 0062 B060     		str	r0, [r6, #8]
 9131 0064 E8E7     		b	.L772
 9132              	.LVL845:
 9133              	.L776:
2652:Libs/cJSON/cJSON.c ****         a->child->prev = n;
 9134              		.loc 1 2652 5 is_stmt 1 view .LVU2616
2652:Libs/cJSON/cJSON.c ****         a->child->prev = n;
 9135              		.loc 1 2652 8 is_stmt 0 view .LVU2617
 9136 0066 002E     		cmp	r6, #0
 9137 0068 DFD0     		beq	.L767
2652:Libs/cJSON/cJSON.c ****         a->child->prev = n;
 9138              		.loc 1 2652 15 discriminator 1 view .LVU2618
 9139 006a B368     		ldr	r3, [r6, #8]
2652:Libs/cJSON/cJSON.c ****         a->child->prev = n;
 9140              		.loc 1 2652 11 discriminator 1 view .LVU2619
 9141 006c 002B     		cmp	r3, #0
 9142 006e DCD0     		beq	.L767
2653:Libs/cJSON/cJSON.c ****     }
 9143              		.loc 1 2653 9 is_stmt 1 view .LVU2620
2653:Libs/cJSON/cJSON.c ****     }
 9144              		.loc 1 2653 24 is_stmt 0 view .LVU2621
 9145 0070 C3F80480 		str	r8, [r3, #4]
 9146 0074 D9E7     		b	.L767
 9147              	.LVL846:
 9148              	.L775:
2628:Libs/cJSON/cJSON.c ****     }
 9149              		.loc 1 2628 16 view .LVU2622
 9150 0076 0026     		movs	r6, #0
 9151 0078 D7E7     		b	.L767
 9152              		.cfi_endproc
 9153              	.LFE95:
 9155              		.section	.text.cJSON_CreateDoubleArray,"ax",%progbits
 9156              		.align	1
 9157              		.global	cJSON_CreateDoubleArray
 9158              		.syntax unified
 9159              		.thumb
 9160              		.thumb_func
 9162              	cJSON_CreateDoubleArray:
 9163              	.LVL847:
 9164              	.LFB96:
2660:Libs/cJSON/cJSON.c ****     size_t i = 0;
ARM GAS  C:\Users\nicx5\AppData\Local\Temp\ccUpawvI.s 			page 250


 9165              		.loc 1 2660 1 is_stmt 1 view -0
 9166              		.cfi_startproc
 9167              		@ args = 0, pretend = 0, frame = 0
 9168              		@ frame_needed = 0, uses_anonymous_args = 0
2660:Libs/cJSON/cJSON.c ****     size_t i = 0;
 9169              		.loc 1 2660 1 is_stmt 0 view .LVU2624
 9170 0000 2DE9F843 		push	{r3, r4, r5, r6, r7, r8, r9, lr}
 9171              	.LCFI160:
 9172              		.cfi_def_cfa_offset 32
 9173              		.cfi_offset 3, -32
 9174              		.cfi_offset 4, -28
 9175              		.cfi_offset 5, -24
 9176              		.cfi_offset 6, -20
 9177              		.cfi_offset 7, -16
 9178              		.cfi_offset 8, -12
 9179              		.cfi_offset 9, -8
 9180              		.cfi_offset 14, -4
2661:Libs/cJSON/cJSON.c ****     cJSON *n = NULL;
 9181              		.loc 1 2661 5 is_stmt 1 view .LVU2625
 9182              	.LVL848:
2662:Libs/cJSON/cJSON.c ****     cJSON *p = NULL;
 9183              		.loc 1 2662 5 view .LVU2626
2663:Libs/cJSON/cJSON.c ****     cJSON *a = NULL;
 9184              		.loc 1 2663 5 view .LVU2627
2664:Libs/cJSON/cJSON.c **** 
 9185              		.loc 1 2664 5 view .LVU2628
2666:Libs/cJSON/cJSON.c ****     {
 9186              		.loc 1 2666 5 view .LVU2629
2666:Libs/cJSON/cJSON.c ****     {
 9187              		.loc 1 2666 33 is_stmt 0 view .LVU2630
 9188 0004 8146     		mov	r9, r0
 9189 0006 B0FA80F0 		clz	r0, r0
 9190              	.LVL849:
2666:Libs/cJSON/cJSON.c ****     {
 9191              		.loc 1 2666 33 view .LVU2631
 9192 000a 4009     		lsrs	r0, r0, #5
2666:Libs/cJSON/cJSON.c ****     {
 9193              		.loc 1 2666 8 view .LVU2632
 9194 000c 50EAD170 		orrs	r0, r0, r1, lsr #31
 9195 0010 2FD1     		bne	.L787
 9196 0012 0F46     		mov	r7, r1
2671:Libs/cJSON/cJSON.c **** 
 9197              		.loc 1 2671 5 is_stmt 1 view .LVU2633
2671:Libs/cJSON/cJSON.c **** 
 9198              		.loc 1 2671 9 is_stmt 0 view .LVU2634
 9199 0014 FFF7FEFF 		bl	cJSON_CreateArray
 9200              	.LVL850:
2671:Libs/cJSON/cJSON.c **** 
 9201              		.loc 1 2671 9 view .LVU2635
 9202 0018 0646     		mov	r6, r0
 9203              	.LVL851:
2673:Libs/cJSON/cJSON.c ****     {
 9204              		.loc 1 2673 5 is_stmt 1 view .LVU2636
2662:Libs/cJSON/cJSON.c ****     cJSON *p = NULL;
 9205              		.loc 1 2662 12 is_stmt 0 view .LVU2637
 9206 001a 4FF00008 		mov	r8, #0
2673:Libs/cJSON/cJSON.c ****     {
ARM GAS  C:\Users\nicx5\AppData\Local\Temp\ccUpawvI.s 			page 251


 9207              		.loc 1 2673 11 view .LVU2638
 9208 001e 4446     		mov	r4, r8
2673:Libs/cJSON/cJSON.c ****     {
 9209              		.loc 1 2673 5 view .LVU2639
 9210 0020 0CE0     		b	.L781
 9211              	.LVL852:
 9212              	.L790:
2678:Libs/cJSON/cJSON.c ****             return NULL;
 9213              		.loc 1 2678 13 is_stmt 1 view .LVU2640
 9214 0022 3046     		mov	r0, r6
 9215              	.LVL853:
2678:Libs/cJSON/cJSON.c ****             return NULL;
 9216              		.loc 1 2678 13 is_stmt 0 view .LVU2641
 9217 0024 FFF7FEFF 		bl	cJSON_Delete
 9218              	.LVL854:
2679:Libs/cJSON/cJSON.c ****         }
 9219              		.loc 1 2679 13 is_stmt 1 view .LVU2642
2679:Libs/cJSON/cJSON.c ****         }
 9220              		.loc 1 2679 20 is_stmt 0 view .LVU2643
 9221 0028 2E46     		mov	r6, r5
 9222              	.LVL855:
 9223              	.L779:
2697:Libs/cJSON/cJSON.c **** 
 9224              		.loc 1 2697 1 view .LVU2644
 9225 002a 3046     		mov	r0, r6
 9226 002c BDE8F883 		pop	{r3, r4, r5, r6, r7, r8, r9, pc}
 9227              	.LVL856:
 9228              	.L783:
2687:Libs/cJSON/cJSON.c ****         }
 9229              		.loc 1 2687 13 is_stmt 1 view .LVU2645
 9230 0030 0146     		mov	r1, r0
 9231 0032 4046     		mov	r0, r8
 9232              	.LVL857:
2687:Libs/cJSON/cJSON.c ****         }
 9233              		.loc 1 2687 13 is_stmt 0 view .LVU2646
 9234 0034 FFF7FEFF 		bl	suffix_object
 9235              	.LVL858:
 9236              	.L784:
2689:Libs/cJSON/cJSON.c ****     }
 9237              		.loc 1 2689 9 is_stmt 1 view .LVU2647
2673:Libs/cJSON/cJSON.c ****     {
 9238              		.loc 1 2673 43 discriminator 2 view .LVU2648
 9239 0038 0134     		adds	r4, r4, #1
 9240              	.LVL859:
2675:Libs/cJSON/cJSON.c ****         if(!n)
 9241              		.loc 1 2675 13 is_stmt 0 view .LVU2649
 9242 003a A846     		mov	r8, r5
 9243              	.LVL860:
 9244              	.L781:
2673:Libs/cJSON/cJSON.c ****     {
 9245              		.loc 1 2673 18 is_stmt 1 discriminator 1 view .LVU2650
2673:Libs/cJSON/cJSON.c ****     {
 9246              		.loc 1 2673 24 is_stmt 0 discriminator 1 view .LVU2651
 9247 003c A742     		cmp	r7, r4
 9248 003e 94BF     		ite	ls
 9249 0040 0023     		movls	r3, #0
 9250 0042 0123     		movhi	r3, #1
ARM GAS  C:\Users\nicx5\AppData\Local\Temp\ccUpawvI.s 			page 252


2673:Libs/cJSON/cJSON.c ****     {
 9251              		.loc 1 2673 18 discriminator 1 view .LVU2652
 9252 0044 6EB1     		cbz	r6, .L788
 9253 0046 63B1     		cbz	r3, .L788
2675:Libs/cJSON/cJSON.c ****         if(!n)
 9254              		.loc 1 2675 9 is_stmt 1 view .LVU2653
2675:Libs/cJSON/cJSON.c ****         if(!n)
 9255              		.loc 1 2675 39 is_stmt 0 view .LVU2654
 9256 0048 09EBC403 		add	r3, r9, r4, lsl #3
2675:Libs/cJSON/cJSON.c ****         if(!n)
 9257              		.loc 1 2675 13 view .LVU2655
 9258 004c 93ED000B 		vldr.64	d0, [r3]
 9259 0050 FFF7FEFF 		bl	cJSON_CreateNumber
 9260              	.LVL861:
2676:Libs/cJSON/cJSON.c ****         {
 9261              		.loc 1 2676 9 is_stmt 1 view .LVU2656
2676:Libs/cJSON/cJSON.c ****         {
 9262              		.loc 1 2676 11 is_stmt 0 view .LVU2657
 9263 0054 0546     		mov	r5, r0
 9264 0056 0028     		cmp	r0, #0
 9265 0058 E3D0     		beq	.L790
2681:Libs/cJSON/cJSON.c ****         {
 9266              		.loc 1 2681 9 is_stmt 1 view .LVU2658
2681:Libs/cJSON/cJSON.c ****         {
 9267              		.loc 1 2681 11 is_stmt 0 view .LVU2659
 9268 005a 002C     		cmp	r4, #0
 9269 005c E8D1     		bne	.L783
2683:Libs/cJSON/cJSON.c ****         }
 9270              		.loc 1 2683 13 is_stmt 1 view .LVU2660
2683:Libs/cJSON/cJSON.c ****         }
 9271              		.loc 1 2683 22 is_stmt 0 view .LVU2661
 9272 005e B060     		str	r0, [r6, #8]
 9273 0060 EAE7     		b	.L784
 9274              	.LVL862:
 9275              	.L788:
2692:Libs/cJSON/cJSON.c ****         a->child->prev = n;
 9276              		.loc 1 2692 5 is_stmt 1 view .LVU2662
2692:Libs/cJSON/cJSON.c ****         a->child->prev = n;
 9277              		.loc 1 2692 8 is_stmt 0 view .LVU2663
 9278 0062 002E     		cmp	r6, #0
 9279 0064 E1D0     		beq	.L779
2692:Libs/cJSON/cJSON.c ****         a->child->prev = n;
 9280              		.loc 1 2692 15 discriminator 1 view .LVU2664
 9281 0066 B368     		ldr	r3, [r6, #8]
2692:Libs/cJSON/cJSON.c ****         a->child->prev = n;
 9282              		.loc 1 2692 11 discriminator 1 view .LVU2665
 9283 0068 002B     		cmp	r3, #0
 9284 006a DED0     		beq	.L779
2693:Libs/cJSON/cJSON.c ****     }
 9285              		.loc 1 2693 9 is_stmt 1 view .LVU2666
2693:Libs/cJSON/cJSON.c ****     }
 9286              		.loc 1 2693 24 is_stmt 0 view .LVU2667
 9287 006c C3F80480 		str	r8, [r3, #4]
 9288 0070 DBE7     		b	.L779
 9289              	.LVL863:
 9290              	.L787:
2668:Libs/cJSON/cJSON.c ****     }
ARM GAS  C:\Users\nicx5\AppData\Local\Temp\ccUpawvI.s 			page 253


 9291              		.loc 1 2668 16 view .LVU2668
 9292 0072 0026     		movs	r6, #0
 9293 0074 D9E7     		b	.L779
 9294              		.cfi_endproc
 9295              	.LFE96:
 9297              		.section	.text.cJSON_CreateStringArray,"ax",%progbits
 9298              		.align	1
 9299              		.global	cJSON_CreateStringArray
 9300              		.syntax unified
 9301              		.thumb
 9302              		.thumb_func
 9304              	cJSON_CreateStringArray:
 9305              	.LVL864:
 9306              	.LFB97:
2700:Libs/cJSON/cJSON.c ****     size_t i = 0;
 9307              		.loc 1 2700 1 is_stmt 1 view -0
 9308              		.cfi_startproc
 9309              		@ args = 0, pretend = 0, frame = 0
 9310              		@ frame_needed = 0, uses_anonymous_args = 0
2700:Libs/cJSON/cJSON.c ****     size_t i = 0;
 9311              		.loc 1 2700 1 is_stmt 0 view .LVU2670
 9312 0000 2DE9F843 		push	{r3, r4, r5, r6, r7, r8, r9, lr}
 9313              	.LCFI161:
 9314              		.cfi_def_cfa_offset 32
 9315              		.cfi_offset 3, -32
 9316              		.cfi_offset 4, -28
 9317              		.cfi_offset 5, -24
 9318              		.cfi_offset 6, -20
 9319              		.cfi_offset 7, -16
 9320              		.cfi_offset 8, -12
 9321              		.cfi_offset 9, -8
 9322              		.cfi_offset 14, -4
2701:Libs/cJSON/cJSON.c ****     cJSON *n = NULL;
 9323              		.loc 1 2701 5 is_stmt 1 view .LVU2671
 9324              	.LVL865:
2702:Libs/cJSON/cJSON.c ****     cJSON *p = NULL;
 9325              		.loc 1 2702 5 view .LVU2672
2703:Libs/cJSON/cJSON.c ****     cJSON *a = NULL;
 9326              		.loc 1 2703 5 view .LVU2673
2704:Libs/cJSON/cJSON.c **** 
 9327              		.loc 1 2704 5 view .LVU2674
2706:Libs/cJSON/cJSON.c ****     {
 9328              		.loc 1 2706 5 view .LVU2675
2706:Libs/cJSON/cJSON.c ****     {
 9329              		.loc 1 2706 33 is_stmt 0 view .LVU2676
 9330 0004 8046     		mov	r8, r0
 9331 0006 B0FA80F0 		clz	r0, r0
 9332              	.LVL866:
2706:Libs/cJSON/cJSON.c ****     {
 9333              		.loc 1 2706 33 view .LVU2677
 9334 000a 4009     		lsrs	r0, r0, #5
2706:Libs/cJSON/cJSON.c ****     {
 9335              		.loc 1 2706 8 view .LVU2678
 9336 000c 50EAD170 		orrs	r0, r0, r1, lsr #31
 9337 0010 2DD1     		bne	.L799
 9338 0012 0F46     		mov	r7, r1
2711:Libs/cJSON/cJSON.c **** 
ARM GAS  C:\Users\nicx5\AppData\Local\Temp\ccUpawvI.s 			page 254


 9339              		.loc 1 2711 5 is_stmt 1 view .LVU2679
2711:Libs/cJSON/cJSON.c **** 
 9340              		.loc 1 2711 9 is_stmt 0 view .LVU2680
 9341 0014 FFF7FEFF 		bl	cJSON_CreateArray
 9342              	.LVL867:
2711:Libs/cJSON/cJSON.c **** 
 9343              		.loc 1 2711 9 view .LVU2681
 9344 0018 0646     		mov	r6, r0
 9345              	.LVL868:
2713:Libs/cJSON/cJSON.c ****     {
 9346              		.loc 1 2713 5 is_stmt 1 view .LVU2682
2702:Libs/cJSON/cJSON.c ****     cJSON *p = NULL;
 9347              		.loc 1 2702 12 is_stmt 0 view .LVU2683
 9348 001a 4FF00009 		mov	r9, #0
2713:Libs/cJSON/cJSON.c ****     {
 9349              		.loc 1 2713 12 view .LVU2684
 9350 001e 4C46     		mov	r4, r9
2713:Libs/cJSON/cJSON.c ****     {
 9351              		.loc 1 2713 5 view .LVU2685
 9352 0020 0CE0     		b	.L793
 9353              	.LVL869:
 9354              	.L802:
2718:Libs/cJSON/cJSON.c ****             return NULL;
 9355              		.loc 1 2718 13 is_stmt 1 view .LVU2686
 9356 0022 3046     		mov	r0, r6
 9357              	.LVL870:
2718:Libs/cJSON/cJSON.c ****             return NULL;
 9358              		.loc 1 2718 13 is_stmt 0 view .LVU2687
 9359 0024 FFF7FEFF 		bl	cJSON_Delete
 9360              	.LVL871:
2719:Libs/cJSON/cJSON.c ****         }
 9361              		.loc 1 2719 13 is_stmt 1 view .LVU2688
2719:Libs/cJSON/cJSON.c ****         }
 9362              		.loc 1 2719 20 is_stmt 0 view .LVU2689
 9363 0028 2E46     		mov	r6, r5
 9364              	.LVL872:
 9365              	.L791:
2737:Libs/cJSON/cJSON.c **** 
 9366              		.loc 1 2737 1 view .LVU2690
 9367 002a 3046     		mov	r0, r6
 9368 002c BDE8F883 		pop	{r3, r4, r5, r6, r7, r8, r9, pc}
 9369              	.LVL873:
 9370              	.L795:
2727:Libs/cJSON/cJSON.c ****         }
 9371              		.loc 1 2727 13 is_stmt 1 view .LVU2691
 9372 0030 0146     		mov	r1, r0
 9373 0032 4846     		mov	r0, r9
 9374              	.LVL874:
2727:Libs/cJSON/cJSON.c ****         }
 9375              		.loc 1 2727 13 is_stmt 0 view .LVU2692
 9376 0034 FFF7FEFF 		bl	suffix_object
 9377              	.LVL875:
 9378              	.L796:
2729:Libs/cJSON/cJSON.c ****     }
 9379              		.loc 1 2729 9 is_stmt 1 view .LVU2693
2713:Libs/cJSON/cJSON.c ****     {
 9380              		.loc 1 2713 44 discriminator 2 view .LVU2694
ARM GAS  C:\Users\nicx5\AppData\Local\Temp\ccUpawvI.s 			page 255


 9381 0038 0134     		adds	r4, r4, #1
 9382              	.LVL876:
2715:Libs/cJSON/cJSON.c ****         if(!n)
 9383              		.loc 1 2715 13 is_stmt 0 view .LVU2695
 9384 003a A946     		mov	r9, r5
 9385              	.LVL877:
 9386              	.L793:
2713:Libs/cJSON/cJSON.c ****     {
 9387              		.loc 1 2713 19 is_stmt 1 discriminator 1 view .LVU2696
2713:Libs/cJSON/cJSON.c ****     {
 9388              		.loc 1 2713 25 is_stmt 0 discriminator 1 view .LVU2697
 9389 003c A742     		cmp	r7, r4
 9390 003e 94BF     		ite	ls
 9391 0040 0023     		movls	r3, #0
 9392 0042 0123     		movhi	r3, #1
2713:Libs/cJSON/cJSON.c ****     {
 9393              		.loc 1 2713 19 discriminator 1 view .LVU2698
 9394 0044 5EB1     		cbz	r6, .L800
 9395 0046 53B1     		cbz	r3, .L800
2715:Libs/cJSON/cJSON.c ****         if(!n)
 9396              		.loc 1 2715 9 is_stmt 1 view .LVU2699
2715:Libs/cJSON/cJSON.c ****         if(!n)
 9397              		.loc 1 2715 13 is_stmt 0 view .LVU2700
 9398 0048 58F82400 		ldr	r0, [r8, r4, lsl #2]
 9399 004c FFF7FEFF 		bl	cJSON_CreateString
 9400              	.LVL878:
2716:Libs/cJSON/cJSON.c ****         {
 9401              		.loc 1 2716 9 is_stmt 1 view .LVU2701
2716:Libs/cJSON/cJSON.c ****         {
 9402              		.loc 1 2716 11 is_stmt 0 view .LVU2702
 9403 0050 0546     		mov	r5, r0
 9404 0052 0028     		cmp	r0, #0
 9405 0054 E5D0     		beq	.L802
2721:Libs/cJSON/cJSON.c ****         {
 9406              		.loc 1 2721 9 is_stmt 1 view .LVU2703
2721:Libs/cJSON/cJSON.c ****         {
 9407              		.loc 1 2721 11 is_stmt 0 view .LVU2704
 9408 0056 002C     		cmp	r4, #0
 9409 0058 EAD1     		bne	.L795
2723:Libs/cJSON/cJSON.c ****         }
 9410              		.loc 1 2723 13 is_stmt 1 view .LVU2705
2723:Libs/cJSON/cJSON.c ****         }
 9411              		.loc 1 2723 22 is_stmt 0 view .LVU2706
 9412 005a B060     		str	r0, [r6, #8]
 9413 005c ECE7     		b	.L796
 9414              	.LVL879:
 9415              	.L800:
2732:Libs/cJSON/cJSON.c ****         a->child->prev = n;
 9416              		.loc 1 2732 5 is_stmt 1 view .LVU2707
2732:Libs/cJSON/cJSON.c ****         a->child->prev = n;
 9417              		.loc 1 2732 8 is_stmt 0 view .LVU2708
 9418 005e 002E     		cmp	r6, #0
 9419 0060 E3D0     		beq	.L791
2732:Libs/cJSON/cJSON.c ****         a->child->prev = n;
 9420              		.loc 1 2732 15 discriminator 1 view .LVU2709
 9421 0062 B368     		ldr	r3, [r6, #8]
2732:Libs/cJSON/cJSON.c ****         a->child->prev = n;
ARM GAS  C:\Users\nicx5\AppData\Local\Temp\ccUpawvI.s 			page 256


 9422              		.loc 1 2732 11 discriminator 1 view .LVU2710
 9423 0064 002B     		cmp	r3, #0
 9424 0066 E0D0     		beq	.L791
2733:Libs/cJSON/cJSON.c ****     }
 9425              		.loc 1 2733 9 is_stmt 1 view .LVU2711
2733:Libs/cJSON/cJSON.c ****     }
 9426              		.loc 1 2733 24 is_stmt 0 view .LVU2712
 9427 0068 C3F80490 		str	r9, [r3, #4]
 9428 006c DDE7     		b	.L791
 9429              	.LVL880:
 9430              	.L799:
2708:Libs/cJSON/cJSON.c ****     }
 9431              		.loc 1 2708 16 view .LVU2713
 9432 006e 0026     		movs	r6, #0
 9433 0070 DBE7     		b	.L791
 9434              		.cfi_endproc
 9435              	.LFE97:
 9437              		.section	.text.cJSON_Duplicate_rec,"ax",%progbits
 9438              		.align	1
 9439              		.global	cJSON_Duplicate_rec
 9440              		.syntax unified
 9441              		.thumb
 9442              		.thumb_func
 9444              	cJSON_Duplicate_rec:
 9445              	.LVL881:
 9446              	.LFB99:
2748:Libs/cJSON/cJSON.c ****     cJSON *newitem = NULL;
 9447              		.loc 1 2748 1 is_stmt 1 view -0
 9448              		.cfi_startproc
 9449              		@ args = 0, pretend = 0, frame = 0
 9450              		@ frame_needed = 0, uses_anonymous_args = 0
2748:Libs/cJSON/cJSON.c ****     cJSON *newitem = NULL;
 9451              		.loc 1 2748 1 is_stmt 0 view .LVU2715
 9452 0000 F8B5     		push	{r3, r4, r5, r6, r7, lr}
 9453              	.LCFI162:
 9454              		.cfi_def_cfa_offset 24
 9455              		.cfi_offset 3, -24
 9456              		.cfi_offset 4, -20
 9457              		.cfi_offset 5, -16
 9458              		.cfi_offset 6, -12
 9459              		.cfi_offset 7, -8
 9460              		.cfi_offset 14, -4
2749:Libs/cJSON/cJSON.c ****     cJSON *child = NULL;
 9461              		.loc 1 2749 5 is_stmt 1 view .LVU2716
 9462              	.LVL882:
2750:Libs/cJSON/cJSON.c ****     cJSON *next = NULL;
 9463              		.loc 1 2750 5 view .LVU2717
2751:Libs/cJSON/cJSON.c ****     cJSON *newchild = NULL;
 9464              		.loc 1 2751 5 view .LVU2718
2752:Libs/cJSON/cJSON.c **** 
 9465              		.loc 1 2752 5 view .LVU2719
2755:Libs/cJSON/cJSON.c ****     {
 9466              		.loc 1 2755 5 view .LVU2720
2755:Libs/cJSON/cJSON.c ****     {
 9467              		.loc 1 2755 8 is_stmt 0 view .LVU2721
 9468 0002 0446     		mov	r4, r0
 9469 0004 0028     		cmp	r0, #0
ARM GAS  C:\Users\nicx5\AppData\Local\Temp\ccUpawvI.s 			page 257


 9470 0006 47D0     		beq	.L813
 9471 0008 0F46     		mov	r7, r1
 9472 000a 1646     		mov	r6, r2
2760:Libs/cJSON/cJSON.c ****     if (!newitem)
 9473              		.loc 1 2760 5 is_stmt 1 view .LVU2722
2760:Libs/cJSON/cJSON.c ****     if (!newitem)
 9474              		.loc 1 2760 15 is_stmt 0 view .LVU2723
 9475 000c 2348     		ldr	r0, .L818
 9476              	.LVL883:
2760:Libs/cJSON/cJSON.c ****     if (!newitem)
 9477              		.loc 1 2760 15 view .LVU2724
 9478 000e FFF7FEFF 		bl	cJSON_New_Item
 9479              	.LVL884:
2761:Libs/cJSON/cJSON.c ****     {
 9480              		.loc 1 2761 5 is_stmt 1 view .LVU2725
2761:Libs/cJSON/cJSON.c ****     {
 9481              		.loc 1 2761 8 is_stmt 0 view .LVU2726
 9482 0012 0546     		mov	r5, r0
 9483 0014 0028     		cmp	r0, #0
 9484 0016 36D0     		beq	.L803
2766:Libs/cJSON/cJSON.c ****     newitem->valueint = item->valueint;
 9485              		.loc 1 2766 5 is_stmt 1 view .LVU2727
2766:Libs/cJSON/cJSON.c ****     newitem->valueint = item->valueint;
 9486              		.loc 1 2766 25 is_stmt 0 view .LVU2728
 9487 0018 E368     		ldr	r3, [r4, #12]
2766:Libs/cJSON/cJSON.c ****     newitem->valueint = item->valueint;
 9488              		.loc 1 2766 32 view .LVU2729
 9489 001a 23F48073 		bic	r3, r3, #256
2766:Libs/cJSON/cJSON.c ****     newitem->valueint = item->valueint;
 9490              		.loc 1 2766 19 view .LVU2730
 9491 001e C360     		str	r3, [r0, #12]
2767:Libs/cJSON/cJSON.c ****     newitem->valuedouble = item->valuedouble;
 9492              		.loc 1 2767 5 is_stmt 1 view .LVU2731
2767:Libs/cJSON/cJSON.c ****     newitem->valuedouble = item->valuedouble;
 9493              		.loc 1 2767 29 is_stmt 0 view .LVU2732
 9494 0020 6369     		ldr	r3, [r4, #20]
2767:Libs/cJSON/cJSON.c ****     newitem->valuedouble = item->valuedouble;
 9495              		.loc 1 2767 23 view .LVU2733
 9496 0022 4361     		str	r3, [r0, #20]
2768:Libs/cJSON/cJSON.c ****     if (item->valuestring)
 9497              		.loc 1 2768 5 is_stmt 1 view .LVU2734
2768:Libs/cJSON/cJSON.c ****     if (item->valuestring)
 9498              		.loc 1 2768 32 is_stmt 0 view .LVU2735
 9499 0024 D4E90623 		ldrd	r2, [r4, #24]
2768:Libs/cJSON/cJSON.c ****     if (item->valuestring)
 9500              		.loc 1 2768 26 view .LVU2736
 9501 0028 C0E90623 		strd	r2, [r0, #24]
2769:Libs/cJSON/cJSON.c ****     {
 9502              		.loc 1 2769 5 is_stmt 1 view .LVU2737
2769:Libs/cJSON/cJSON.c ****     {
 9503              		.loc 1 2769 13 is_stmt 0 view .LVU2738
 9504 002c 2069     		ldr	r0, [r4, #16]
 9505              	.LVL885:
2769:Libs/cJSON/cJSON.c ****     {
 9506              		.loc 1 2769 8 view .LVU2739
 9507 002e 20B1     		cbz	r0, .L805
2771:Libs/cJSON/cJSON.c ****         if (!newitem->valuestring)
ARM GAS  C:\Users\nicx5\AppData\Local\Temp\ccUpawvI.s 			page 258


 9508              		.loc 1 2771 9 is_stmt 1 view .LVU2740
2771:Libs/cJSON/cJSON.c ****         if (!newitem->valuestring)
 9509              		.loc 1 2771 39 is_stmt 0 view .LVU2741
 9510 0030 1A49     		ldr	r1, .L818
 9511 0032 FFF7FEFF 		bl	cJSON_strdup
 9512              	.LVL886:
2771:Libs/cJSON/cJSON.c ****         if (!newitem->valuestring)
 9513              		.loc 1 2771 30 discriminator 1 view .LVU2742
 9514 0036 2861     		str	r0, [r5, #16]
2772:Libs/cJSON/cJSON.c ****         {
 9515              		.loc 1 2772 9 is_stmt 1 view .LVU2743
2772:Libs/cJSON/cJSON.c ****         {
 9516              		.loc 1 2772 12 is_stmt 0 view .LVU2744
 9517 0038 08B3     		cbz	r0, .L806
 9518              	.L805:
2777:Libs/cJSON/cJSON.c ****     {
 9519              		.loc 1 2777 5 is_stmt 1 view .LVU2745
2777:Libs/cJSON/cJSON.c ****     {
 9520              		.loc 1 2777 13 is_stmt 0 view .LVU2746
 9521 003a 206A     		ldr	r0, [r4, #32]
2777:Libs/cJSON/cJSON.c ****     {
 9522              		.loc 1 2777 8 view .LVU2747
 9523 003c 28B1     		cbz	r0, .L807
2779:Libs/cJSON/cJSON.c ****         if (!newitem->string)
 9524              		.loc 1 2779 9 is_stmt 1 view .LVU2748
2779:Libs/cJSON/cJSON.c ****         if (!newitem->string)
 9525              		.loc 1 2779 32 is_stmt 0 view .LVU2749
 9526 003e E368     		ldr	r3, [r4, #12]
2779:Libs/cJSON/cJSON.c ****         if (!newitem->string)
 9527              		.loc 1 2779 75 view .LVU2750
 9528 0040 13F4007F 		tst	r3, #512
 9529 0044 05D0     		beq	.L815
 9530              	.L808:
2779:Libs/cJSON/cJSON.c ****         if (!newitem->string)
 9531              		.loc 1 2779 25 discriminator 4 view .LVU2751
 9532 0046 2862     		str	r0, [r5, #32]
2780:Libs/cJSON/cJSON.c ****         {
 9533              		.loc 1 2780 9 is_stmt 1 view .LVU2752
2780:Libs/cJSON/cJSON.c ****         {
 9534              		.loc 1 2780 12 is_stmt 0 view .LVU2753
 9535 0048 C8B1     		cbz	r0, .L806
 9536              	.L807:
2786:Libs/cJSON/cJSON.c ****     {
 9537              		.loc 1 2786 5 is_stmt 1 view .LVU2754
2786:Libs/cJSON/cJSON.c ****     {
 9538              		.loc 1 2786 8 is_stmt 0 view .LVU2755
 9539 004a E6B1     		cbz	r6, .L803
2791:Libs/cJSON/cJSON.c ****     while (child != NULL)
 9540              		.loc 1 2791 5 is_stmt 1 view .LVU2756
2791:Libs/cJSON/cJSON.c ****     while (child != NULL)
 9541              		.loc 1 2791 11 is_stmt 0 view .LVU2757
 9542 004c A468     		ldr	r4, [r4, #8]
 9543              	.LVL887:
2792:Libs/cJSON/cJSON.c ****     {
 9544              		.loc 1 2792 5 is_stmt 1 view .LVU2758
2751:Libs/cJSON/cJSON.c ****     cJSON *newchild = NULL;
 9545              		.loc 1 2751 12 is_stmt 0 view .LVU2759
ARM GAS  C:\Users\nicx5\AppData\Local\Temp\ccUpawvI.s 			page 259


 9546 004e 0026     		movs	r6, #0
 9547              	.LVL888:
2792:Libs/cJSON/cJSON.c ****     {
 9548              		.loc 1 2792 11 view .LVU2760
 9549 0050 08E0     		b	.L809
 9550              	.LVL889:
 9551              	.L815:
2779:Libs/cJSON/cJSON.c ****         if (!newitem->string)
 9552              		.loc 1 2779 84 discriminator 2 view .LVU2761
 9553 0052 1249     		ldr	r1, .L818
 9554 0054 FFF7FEFF 		bl	cJSON_strdup
 9555              	.LVL890:
 9556 0058 F5E7     		b	.L808
 9557              	.LVL891:
 9558              	.L817:
2802:Libs/cJSON/cJSON.c ****         {
 9559              		.loc 1 2802 9 is_stmt 1 view .LVU2762
2802:Libs/cJSON/cJSON.c ****         {
 9560              		.loc 1 2802 12 is_stmt 0 view .LVU2763
 9561 005a B6B1     		cbz	r6, .L810
2805:Libs/cJSON/cJSON.c ****             newchild->prev = next;
 9562              		.loc 1 2805 13 is_stmt 1 view .LVU2764
2805:Libs/cJSON/cJSON.c ****             newchild->prev = next;
 9563              		.loc 1 2805 24 is_stmt 0 view .LVU2765
 9564 005c 3060     		str	r0, [r6]
2806:Libs/cJSON/cJSON.c ****             next = newchild;
 9565              		.loc 1 2806 13 is_stmt 1 view .LVU2766
2806:Libs/cJSON/cJSON.c ****             next = newchild;
 9566              		.loc 1 2806 28 is_stmt 0 view .LVU2767
 9567 005e 4660     		str	r6, [r0, #4]
2807:Libs/cJSON/cJSON.c ****         }
 9568              		.loc 1 2807 13 is_stmt 1 view .LVU2768
 9569              	.LVL892:
 9570              	.L811:
2815:Libs/cJSON/cJSON.c ****     }
 9571              		.loc 1 2815 9 view .LVU2769
2815:Libs/cJSON/cJSON.c ****     }
 9572              		.loc 1 2815 15 is_stmt 0 view .LVU2770
 9573 0060 2468     		ldr	r4, [r4]
 9574              	.LVL893:
2815:Libs/cJSON/cJSON.c ****     }
 9575              		.loc 1 2815 15 view .LVU2771
 9576 0062 1E46     		mov	r6, r3
 9577              	.LVL894:
 9578              	.L809:
2792:Libs/cJSON/cJSON.c ****     {
 9579              		.loc 1 2792 18 is_stmt 1 view .LVU2772
 9580 0064 9CB1     		cbz	r4, .L816
2794:Libs/cJSON/cJSON.c ****             goto fail;
 9581              		.loc 1 2794 9 view .LVU2773
2794:Libs/cJSON/cJSON.c ****             goto fail;
 9582              		.loc 1 2794 11 is_stmt 0 view .LVU2774
 9583 0066 42F20F73 		movw	r3, #9999
 9584 006a 9F42     		cmp	r7, r3
 9585 006c 07D8     		bhi	.L806
2797:Libs/cJSON/cJSON.c ****         if (!newchild)
 9586              		.loc 1 2797 9 is_stmt 1 view .LVU2775
ARM GAS  C:\Users\nicx5\AppData\Local\Temp\ccUpawvI.s 			page 260


2797:Libs/cJSON/cJSON.c ****         if (!newchild)
 9587              		.loc 1 2797 20 is_stmt 0 view .LVU2776
 9588 006e 0122     		movs	r2, #1
 9589 0070 B918     		adds	r1, r7, r2
 9590 0072 2046     		mov	r0, r4
 9591 0074 FFF7FEFF 		bl	cJSON_Duplicate_rec
 9592              	.LVL895:
2798:Libs/cJSON/cJSON.c ****         {
 9593              		.loc 1 2798 9 is_stmt 1 view .LVU2777
2798:Libs/cJSON/cJSON.c ****         {
 9594              		.loc 1 2798 12 is_stmt 0 view .LVU2778
 9595 0078 0346     		mov	r3, r0
 9596 007a 0028     		cmp	r0, #0
 9597 007c EDD1     		bne	.L817
 9598              	.LVL896:
 9599              	.L806:
2827:Libs/cJSON/cJSON.c ****     }
 9600              		.loc 1 2827 9 is_stmt 1 view .LVU2779
 9601 007e 2846     		mov	r0, r5
 9602 0080 FFF7FEFF 		bl	cJSON_Delete
 9603              	.LVL897:
2830:Libs/cJSON/cJSON.c **** }
 9604              		.loc 1 2830 12 is_stmt 0 view .LVU2780
 9605 0084 0025     		movs	r5, #0
 9606              	.LVL898:
 9607              	.L803:
2831:Libs/cJSON/cJSON.c **** 
 9608              		.loc 1 2831 1 view .LVU2781
 9609 0086 2846     		mov	r0, r5
 9610 0088 F8BD     		pop	{r3, r4, r5, r6, r7, pc}
 9611              	.LVL899:
 9612              	.L810:
2812:Libs/cJSON/cJSON.c ****             next = newchild;
 9613              		.loc 1 2812 13 is_stmt 1 view .LVU2782
2812:Libs/cJSON/cJSON.c ****             next = newchild;
 9614              		.loc 1 2812 28 is_stmt 0 view .LVU2783
 9615 008a A860     		str	r0, [r5, #8]
2813:Libs/cJSON/cJSON.c ****         }
 9616              		.loc 1 2813 13 is_stmt 1 view .LVU2784
 9617              	.LVL900:
2813:Libs/cJSON/cJSON.c ****         }
 9618              		.loc 1 2813 13 is_stmt 0 view .LVU2785
 9619 008c E8E7     		b	.L811
 9620              	.LVL901:
 9621              	.L816:
2817:Libs/cJSON/cJSON.c ****     {
 9622              		.loc 1 2817 5 is_stmt 1 view .LVU2786
2817:Libs/cJSON/cJSON.c ****     {
 9623              		.loc 1 2817 27 is_stmt 0 discriminator 1 view .LVU2787
 9624 008e AB68     		ldr	r3, [r5, #8]
2817:Libs/cJSON/cJSON.c ****     {
 9625              		.loc 1 2817 17 discriminator 1 view .LVU2788
 9626 0090 002B     		cmp	r3, #0
 9627 0092 F8D0     		beq	.L803
2819:Libs/cJSON/cJSON.c ****     }
 9628              		.loc 1 2819 9 is_stmt 1 view .LVU2789
2819:Libs/cJSON/cJSON.c ****     }
ARM GAS  C:\Users\nicx5\AppData\Local\Temp\ccUpawvI.s 			page 261


 9629              		.loc 1 2819 30 is_stmt 0 view .LVU2790
 9630 0094 5E60     		str	r6, [r3, #4]
 9631 0096 F6E7     		b	.L803
 9632              	.LVL902:
 9633              	.L813:
2830:Libs/cJSON/cJSON.c **** }
 9634              		.loc 1 2830 12 view .LVU2791
 9635 0098 0546     		mov	r5, r0
 9636              	.LVL903:
2830:Libs/cJSON/cJSON.c **** }
 9637              		.loc 1 2830 12 view .LVU2792
 9638 009a F4E7     		b	.L803
 9639              	.L819:
 9640              		.align	2
 9641              	.L818:
 9642 009c 00000000 		.word	global_hooks
 9643              		.cfi_endproc
 9644              	.LFE99:
 9646              		.section	.text.cJSON_Duplicate,"ax",%progbits
 9647              		.align	1
 9648              		.global	cJSON_Duplicate
 9649              		.syntax unified
 9650              		.thumb
 9651              		.thumb_func
 9653              	cJSON_Duplicate:
 9654              	.LVL904:
 9655              	.LFB98:
2743:Libs/cJSON/cJSON.c ****     return cJSON_Duplicate_rec(item, 0, recurse );
 9656              		.loc 1 2743 1 is_stmt 1 view -0
 9657              		.cfi_startproc
 9658              		@ args = 0, pretend = 0, frame = 0
 9659              		@ frame_needed = 0, uses_anonymous_args = 0
2743:Libs/cJSON/cJSON.c ****     return cJSON_Duplicate_rec(item, 0, recurse );
 9660              		.loc 1 2743 1 is_stmt 0 view .LVU2794
 9661 0000 08B5     		push	{r3, lr}
 9662              	.LCFI163:
 9663              		.cfi_def_cfa_offset 8
 9664              		.cfi_offset 3, -8
 9665              		.cfi_offset 14, -4
 9666 0002 0A46     		mov	r2, r1
2744:Libs/cJSON/cJSON.c **** }
 9667              		.loc 1 2744 5 is_stmt 1 view .LVU2795
2744:Libs/cJSON/cJSON.c **** }
 9668              		.loc 1 2744 12 is_stmt 0 view .LVU2796
 9669 0004 0021     		movs	r1, #0
 9670              	.LVL905:
2744:Libs/cJSON/cJSON.c **** }
 9671              		.loc 1 2744 12 view .LVU2797
 9672 0006 FFF7FEFF 		bl	cJSON_Duplicate_rec
 9673              	.LVL906:
2745:Libs/cJSON/cJSON.c **** 
 9674              		.loc 1 2745 1 view .LVU2798
 9675 000a 08BD     		pop	{r3, pc}
 9676              		.cfi_endproc
 9677              	.LFE98:
 9679              		.section	.text.cJSON_Minify,"ax",%progbits
 9680              		.align	1
ARM GAS  C:\Users\nicx5\AppData\Local\Temp\ccUpawvI.s 			page 262


 9681              		.global	cJSON_Minify
 9682              		.syntax unified
 9683              		.thumb
 9684              		.thumb_func
 9686              	cJSON_Minify:
 9687              	.LVL907:
 9688              	.LFB103:
2881:Libs/cJSON/cJSON.c **** 
2882:Libs/cJSON/cJSON.c **** CJSON_PUBLIC(void) cJSON_Minify(char *json)
2883:Libs/cJSON/cJSON.c **** {
 9689              		.loc 1 2883 1 is_stmt 1 view -0
 9690              		.cfi_startproc
 9691              		@ args = 0, pretend = 0, frame = 16
 9692              		@ frame_needed = 0, uses_anonymous_args = 0
 9693              		.loc 1 2883 1 is_stmt 0 view .LVU2800
 9694 0000 00B5     		push	{lr}
 9695              	.LCFI164:
 9696              		.cfi_def_cfa_offset 4
 9697              		.cfi_offset 14, -4
 9698 0002 85B0     		sub	sp, sp, #20
 9699              	.LCFI165:
 9700              		.cfi_def_cfa_offset 24
 9701 0004 0190     		str	r0, [sp, #4]
2884:Libs/cJSON/cJSON.c ****     char *into = json;
 9702              		.loc 1 2884 5 is_stmt 1 view .LVU2801
 9703              		.loc 1 2884 11 is_stmt 0 view .LVU2802
 9704 0006 0390     		str	r0, [sp, #12]
2885:Libs/cJSON/cJSON.c **** 
2886:Libs/cJSON/cJSON.c ****     if (json == NULL)
 9705              		.loc 1 2886 5 is_stmt 1 view .LVU2803
 9706              		.loc 1 2886 8 is_stmt 0 view .LVU2804
 9707 0008 10B9     		cbnz	r0, .L823
 9708 000a 7BE0     		b	.L822
 9709              	.LVL908:
 9710              	.L829:
2887:Libs/cJSON/cJSON.c ****     {
2888:Libs/cJSON/cJSON.c ****         return;
2889:Libs/cJSON/cJSON.c ****     }
2890:Libs/cJSON/cJSON.c **** 
2891:Libs/cJSON/cJSON.c ****     while (json[0] != '\0')
2892:Libs/cJSON/cJSON.c ****     {
2893:Libs/cJSON/cJSON.c ****         switch (json[0])
2894:Libs/cJSON/cJSON.c ****         {
2895:Libs/cJSON/cJSON.c ****             case ' ':
2896:Libs/cJSON/cJSON.c ****             case '\t':
2897:Libs/cJSON/cJSON.c ****             case '\r':
2898:Libs/cJSON/cJSON.c ****             case '\n':
2899:Libs/cJSON/cJSON.c ****                 json++;
 9711              		.loc 1 2899 17 is_stmt 1 view .LVU2805
 9712              		.loc 1 2899 21 is_stmt 0 view .LVU2806
 9713 000c 0133     		adds	r3, r3, #1
 9714 000e 0193     		str	r3, [sp, #4]
2900:Libs/cJSON/cJSON.c ****                 break;
 9715              		.loc 1 2900 17 is_stmt 1 view .LVU2807
 9716              	.L823:
2891:Libs/cJSON/cJSON.c ****     {
 9717              		.loc 1 2891 20 view .LVU2808
ARM GAS  C:\Users\nicx5\AppData\Local\Temp\ccUpawvI.s 			page 263


2891:Libs/cJSON/cJSON.c ****     {
 9718              		.loc 1 2891 16 is_stmt 0 view .LVU2809
 9719 0010 019B     		ldr	r3, [sp, #4]
 9720 0012 1A78     		ldrb	r2, [r3]	@ zero_extendqisi2
2891:Libs/cJSON/cJSON.c ****     {
 9721              		.loc 1 2891 20 view .LVU2810
 9722 0014 002A     		cmp	r2, #0
 9723 0016 73D0     		beq	.L835
2893:Libs/cJSON/cJSON.c ****         {
 9724              		.loc 1 2893 9 is_stmt 1 view .LVU2811
 9725 0018 A2F10901 		sub	r1, r2, #9
 9726 001c 2629     		cmp	r1, #38
 9727 001e 66D8     		bhi	.L825
 9728 0020 01A0     		adr	r0, .L827
 9729 0022 50F821F0 		ldr	pc, [r0, r1, lsl #2]
 9730 0026 00BF     		.p2align 2
 9731              	.L827:
 9732 0028 0D000000 		.word	.L829+1
 9733 002c 0D000000 		.word	.L829+1
 9734 0030 EF000000 		.word	.L825+1
 9735 0034 EF000000 		.word	.L825+1
 9736 0038 0D000000 		.word	.L829+1
 9737 003c EF000000 		.word	.L825+1
 9738 0040 EF000000 		.word	.L825+1
 9739 0044 EF000000 		.word	.L825+1
 9740 0048 EF000000 		.word	.L825+1
 9741 004c EF000000 		.word	.L825+1
 9742 0050 EF000000 		.word	.L825+1
 9743 0054 EF000000 		.word	.L825+1
 9744 0058 EF000000 		.word	.L825+1
 9745 005c EF000000 		.word	.L825+1
 9746 0060 EF000000 		.word	.L825+1
 9747 0064 EF000000 		.word	.L825+1
 9748 0068 EF000000 		.word	.L825+1
 9749 006c EF000000 		.word	.L825+1
 9750 0070 EF000000 		.word	.L825+1
 9751 0074 EF000000 		.word	.L825+1
 9752 0078 EF000000 		.word	.L825+1
 9753 007c EF000000 		.word	.L825+1
 9754 0080 EF000000 		.word	.L825+1
 9755 0084 0D000000 		.word	.L829+1
 9756 0088 EF000000 		.word	.L825+1
 9757 008c E5000000 		.word	.L828+1
 9758 0090 EF000000 		.word	.L825+1
 9759 0094 EF000000 		.word	.L825+1
 9760 0098 EF000000 		.word	.L825+1
 9761 009c EF000000 		.word	.L825+1
 9762 00a0 EF000000 		.word	.L825+1
 9763 00a4 EF000000 		.word	.L825+1
 9764 00a8 EF000000 		.word	.L825+1
 9765 00ac EF000000 		.word	.L825+1
 9766 00b0 EF000000 		.word	.L825+1
 9767 00b4 EF000000 		.word	.L825+1
 9768 00b8 EF000000 		.word	.L825+1
 9769 00bc EF000000 		.word	.L825+1
 9770 00c0 C5000000 		.word	.L826+1
 9771              		.p2align 1
ARM GAS  C:\Users\nicx5\AppData\Local\Temp\ccUpawvI.s 			page 264


 9772              	.L826:
2901:Libs/cJSON/cJSON.c **** 
2902:Libs/cJSON/cJSON.c ****             case '/':
2903:Libs/cJSON/cJSON.c ****                 if (json[1] == '/')
 9773              		.loc 1 2903 17 view .LVU2812
 9774              		.loc 1 2903 25 is_stmt 0 view .LVU2813
 9775 00c4 5A78     		ldrb	r2, [r3, #1]	@ zero_extendqisi2
 9776              		.loc 1 2903 20 view .LVU2814
 9777 00c6 2F2A     		cmp	r2, #47
 9778 00c8 04D0     		beq	.L836
2904:Libs/cJSON/cJSON.c ****                 {
2905:Libs/cJSON/cJSON.c ****                     skip_oneline_comment(&json);
2906:Libs/cJSON/cJSON.c ****                 }
2907:Libs/cJSON/cJSON.c ****                 else if (json[1] == '*')
 9779              		.loc 1 2907 22 is_stmt 1 view .LVU2815
 9780              		.loc 1 2907 25 is_stmt 0 view .LVU2816
 9781 00ca 2A2A     		cmp	r2, #42
 9782 00cc 06D0     		beq	.L837
2908:Libs/cJSON/cJSON.c ****                 {
2909:Libs/cJSON/cJSON.c ****                     skip_multiline_comment(&json);
2910:Libs/cJSON/cJSON.c ****                 } else {
2911:Libs/cJSON/cJSON.c ****                     json++;
 9783              		.loc 1 2911 21 is_stmt 1 view .LVU2817
 9784              		.loc 1 2911 25 is_stmt 0 view .LVU2818
 9785 00ce 0133     		adds	r3, r3, #1
 9786 00d0 0193     		str	r3, [sp, #4]
 9787 00d2 9DE7     		b	.L823
 9788              	.L836:
2905:Libs/cJSON/cJSON.c ****                 }
 9789              		.loc 1 2905 21 is_stmt 1 view .LVU2819
 9790 00d4 01A8     		add	r0, sp, #4
 9791 00d6 FFF7FEFF 		bl	skip_oneline_comment
 9792              	.LVL909:
 9793 00da 99E7     		b	.L823
 9794              	.L837:
2909:Libs/cJSON/cJSON.c ****                 } else {
 9795              		.loc 1 2909 21 view .LVU2820
 9796 00dc 01A8     		add	r0, sp, #4
 9797 00de FFF7FEFF 		bl	skip_multiline_comment
 9798              	.LVL910:
 9799 00e2 95E7     		b	.L823
 9800              	.L828:
2912:Libs/cJSON/cJSON.c ****                 }
2913:Libs/cJSON/cJSON.c ****                 break;
2914:Libs/cJSON/cJSON.c **** 
2915:Libs/cJSON/cJSON.c ****             case '\"':
2916:Libs/cJSON/cJSON.c ****                 minify_string(&json, (char**)&into);
 9801              		.loc 1 2916 17 view .LVU2821
 9802 00e4 03A9     		add	r1, sp, #12
 9803 00e6 01A8     		add	r0, sp, #4
 9804 00e8 FFF7FEFF 		bl	minify_string
 9805              	.LVL911:
2917:Libs/cJSON/cJSON.c ****                 break;
 9806              		.loc 1 2917 17 view .LVU2822
 9807 00ec 90E7     		b	.L823
 9808              	.L825:
2918:Libs/cJSON/cJSON.c **** 
ARM GAS  C:\Users\nicx5\AppData\Local\Temp\ccUpawvI.s 			page 265


2919:Libs/cJSON/cJSON.c ****             default:
2920:Libs/cJSON/cJSON.c ****                 into[0] = json[0];
 9809              		.loc 1 2920 17 view .LVU2823
 9810              		.loc 1 2920 21 is_stmt 0 view .LVU2824
 9811 00ee 039B     		ldr	r3, [sp, #12]
 9812              		.loc 1 2920 25 view .LVU2825
 9813 00f0 1A70     		strb	r2, [r3]
2921:Libs/cJSON/cJSON.c ****                 json++;
 9814              		.loc 1 2921 17 is_stmt 1 view .LVU2826
 9815              		.loc 1 2921 21 is_stmt 0 view .LVU2827
 9816 00f2 019B     		ldr	r3, [sp, #4]
 9817 00f4 0133     		adds	r3, r3, #1
 9818 00f6 0193     		str	r3, [sp, #4]
2922:Libs/cJSON/cJSON.c ****                 into++;
 9819              		.loc 1 2922 17 is_stmt 1 view .LVU2828
 9820              		.loc 1 2922 21 is_stmt 0 view .LVU2829
 9821 00f8 039B     		ldr	r3, [sp, #12]
 9822 00fa 0133     		adds	r3, r3, #1
 9823 00fc 0393     		str	r3, [sp, #12]
 9824 00fe 87E7     		b	.L823
 9825              	.L835:
2923:Libs/cJSON/cJSON.c ****         }
2924:Libs/cJSON/cJSON.c ****     }
2925:Libs/cJSON/cJSON.c **** 
2926:Libs/cJSON/cJSON.c ****     /* and null-terminate. */
2927:Libs/cJSON/cJSON.c ****     *into = '\0';
 9826              		.loc 1 2927 5 is_stmt 1 view .LVU2830
 9827              		.loc 1 2927 11 is_stmt 0 view .LVU2831
 9828 0100 039B     		ldr	r3, [sp, #12]
 9829 0102 1A70     		strb	r2, [r3]
 9830              	.L822:
2928:Libs/cJSON/cJSON.c **** }
 9831              		.loc 1 2928 1 view .LVU2832
 9832 0104 05B0     		add	sp, sp, #20
 9833              	.LCFI166:
 9834              		.cfi_def_cfa_offset 4
 9835              		@ sp needed
 9836 0106 5DF804FB 		ldr	pc, [sp], #4
 9837              		.cfi_endproc
 9838              	.LFE103:
 9840 010a 00BF     		.section	.text.cJSON_IsInvalid,"ax",%progbits
 9841              		.align	1
 9842              		.global	cJSON_IsInvalid
 9843              		.syntax unified
 9844              		.thumb
 9845              		.thumb_func
 9847              	cJSON_IsInvalid:
 9848              	.LVL912:
 9849              	.LFB104:
2929:Libs/cJSON/cJSON.c **** 
2930:Libs/cJSON/cJSON.c **** CJSON_PUBLIC(cJSON_bool) cJSON_IsInvalid(const cJSON * const item)
2931:Libs/cJSON/cJSON.c **** {
 9850              		.loc 1 2931 1 is_stmt 1 view -0
 9851              		.cfi_startproc
 9852              		@ args = 0, pretend = 0, frame = 0
 9853              		@ frame_needed = 0, uses_anonymous_args = 0
 9854              		@ link register save eliminated.
ARM GAS  C:\Users\nicx5\AppData\Local\Temp\ccUpawvI.s 			page 266


2932:Libs/cJSON/cJSON.c ****     if (item == NULL)
 9855              		.loc 1 2932 5 view .LVU2834
 9856              		.loc 1 2932 8 is_stmt 0 view .LVU2835
 9857 0000 20B1     		cbz	r0, .L840
2933:Libs/cJSON/cJSON.c ****     {
2934:Libs/cJSON/cJSON.c ****         return false;
2935:Libs/cJSON/cJSON.c ****     }
2936:Libs/cJSON/cJSON.c **** 
2937:Libs/cJSON/cJSON.c ****     return (item->type & 0xFF) == cJSON_Invalid;
 9858              		.loc 1 2937 5 is_stmt 1 view .LVU2836
 9859              		.loc 1 2937 24 is_stmt 0 view .LVU2837
 9860 0002 007B     		ldrb	r0, [r0, #12]	@ zero_extendqisi2
 9861              	.LVL913:
 9862              		.loc 1 2937 32 view .LVU2838
 9863 0004 B0FA80F0 		clz	r0, r0
 9864 0008 4009     		lsrs	r0, r0, #5
 9865 000a 7047     		bx	lr
 9866              	.LVL914:
 9867              	.L840:
2934:Libs/cJSON/cJSON.c ****     }
 9868              		.loc 1 2934 16 view .LVU2839
 9869 000c 0020     		movs	r0, #0
 9870              	.LVL915:
2938:Libs/cJSON/cJSON.c **** }
 9871              		.loc 1 2938 1 view .LVU2840
 9872 000e 7047     		bx	lr
 9873              		.cfi_endproc
 9874              	.LFE104:
 9876              		.section	.text.cJSON_IsFalse,"ax",%progbits
 9877              		.align	1
 9878              		.global	cJSON_IsFalse
 9879              		.syntax unified
 9880              		.thumb
 9881              		.thumb_func
 9883              	cJSON_IsFalse:
 9884              	.LVL916:
 9885              	.LFB105:
2939:Libs/cJSON/cJSON.c **** 
2940:Libs/cJSON/cJSON.c **** CJSON_PUBLIC(cJSON_bool) cJSON_IsFalse(const cJSON * const item)
2941:Libs/cJSON/cJSON.c **** {
 9886              		.loc 1 2941 1 is_stmt 1 view -0
 9887              		.cfi_startproc
 9888              		@ args = 0, pretend = 0, frame = 0
 9889              		@ frame_needed = 0, uses_anonymous_args = 0
 9890              		@ link register save eliminated.
2942:Libs/cJSON/cJSON.c ****     if (item == NULL)
 9891              		.loc 1 2942 5 view .LVU2842
 9892              		.loc 1 2942 8 is_stmt 0 view .LVU2843
 9893 0000 28B1     		cbz	r0, .L843
2943:Libs/cJSON/cJSON.c ****     {
2944:Libs/cJSON/cJSON.c ****         return false;
2945:Libs/cJSON/cJSON.c ****     }
2946:Libs/cJSON/cJSON.c **** 
2947:Libs/cJSON/cJSON.c ****     return (item->type & 0xFF) == cJSON_False;
 9894              		.loc 1 2947 5 is_stmt 1 view .LVU2844
 9895              		.loc 1 2947 24 is_stmt 0 view .LVU2845
 9896 0002 007B     		ldrb	r0, [r0, #12]	@ zero_extendqisi2
ARM GAS  C:\Users\nicx5\AppData\Local\Temp\ccUpawvI.s 			page 267


 9897              	.LVL917:
 9898              		.loc 1 2947 32 view .LVU2846
 9899 0004 0128     		cmp	r0, #1
 9900 0006 14BF     		ite	ne
 9901 0008 0020     		movne	r0, #0
 9902 000a 0120     		moveq	r0, #1
 9903 000c 7047     		bx	lr
 9904              	.LVL918:
 9905              	.L843:
2944:Libs/cJSON/cJSON.c ****     }
 9906              		.loc 1 2944 16 view .LVU2847
 9907 000e 0020     		movs	r0, #0
 9908              	.LVL919:
2948:Libs/cJSON/cJSON.c **** }
 9909              		.loc 1 2948 1 view .LVU2848
 9910 0010 7047     		bx	lr
 9911              		.cfi_endproc
 9912              	.LFE105:
 9914              		.section	.text.cJSON_IsTrue,"ax",%progbits
 9915              		.align	1
 9916              		.global	cJSON_IsTrue
 9917              		.syntax unified
 9918              		.thumb
 9919              		.thumb_func
 9921              	cJSON_IsTrue:
 9922              	.LVL920:
 9923              	.LFB106:
2949:Libs/cJSON/cJSON.c **** 
2950:Libs/cJSON/cJSON.c **** CJSON_PUBLIC(cJSON_bool) cJSON_IsTrue(const cJSON * const item)
2951:Libs/cJSON/cJSON.c **** {
 9924              		.loc 1 2951 1 is_stmt 1 view -0
 9925              		.cfi_startproc
 9926              		@ args = 0, pretend = 0, frame = 0
 9927              		@ frame_needed = 0, uses_anonymous_args = 0
 9928              		@ link register save eliminated.
2952:Libs/cJSON/cJSON.c ****     if (item == NULL)
 9929              		.loc 1 2952 5 view .LVU2850
 9930              		.loc 1 2952 8 is_stmt 0 view .LVU2851
 9931 0000 28B1     		cbz	r0, .L846
2953:Libs/cJSON/cJSON.c ****     {
2954:Libs/cJSON/cJSON.c ****         return false;
2955:Libs/cJSON/cJSON.c ****     }
2956:Libs/cJSON/cJSON.c **** 
2957:Libs/cJSON/cJSON.c ****     return (item->type & 0xff) == cJSON_True;
 9932              		.loc 1 2957 5 is_stmt 1 view .LVU2852
 9933              		.loc 1 2957 24 is_stmt 0 view .LVU2853
 9934 0002 007B     		ldrb	r0, [r0, #12]	@ zero_extendqisi2
 9935              	.LVL921:
 9936              		.loc 1 2957 32 view .LVU2854
 9937 0004 0228     		cmp	r0, #2
 9938 0006 14BF     		ite	ne
 9939 0008 0020     		movne	r0, #0
 9940 000a 0120     		moveq	r0, #1
 9941 000c 7047     		bx	lr
 9942              	.LVL922:
 9943              	.L846:
2954:Libs/cJSON/cJSON.c ****     }
ARM GAS  C:\Users\nicx5\AppData\Local\Temp\ccUpawvI.s 			page 268


 9944              		.loc 1 2954 16 view .LVU2855
 9945 000e 0020     		movs	r0, #0
 9946              	.LVL923:
2958:Libs/cJSON/cJSON.c **** }
 9947              		.loc 1 2958 1 view .LVU2856
 9948 0010 7047     		bx	lr
 9949              		.cfi_endproc
 9950              	.LFE106:
 9952              		.section	.text.cJSON_IsBool,"ax",%progbits
 9953              		.align	1
 9954              		.global	cJSON_IsBool
 9955              		.syntax unified
 9956              		.thumb
 9957              		.thumb_func
 9959              	cJSON_IsBool:
 9960              	.LVL924:
 9961              	.LFB107:
2959:Libs/cJSON/cJSON.c **** 
2960:Libs/cJSON/cJSON.c **** 
2961:Libs/cJSON/cJSON.c **** CJSON_PUBLIC(cJSON_bool) cJSON_IsBool(const cJSON * const item)
2962:Libs/cJSON/cJSON.c **** {
 9962              		.loc 1 2962 1 is_stmt 1 view -0
 9963              		.cfi_startproc
 9964              		@ args = 0, pretend = 0, frame = 0
 9965              		@ frame_needed = 0, uses_anonymous_args = 0
 9966              		@ link register save eliminated.
2963:Libs/cJSON/cJSON.c ****     if (item == NULL)
 9967              		.loc 1 2963 5 view .LVU2858
 9968              		.loc 1 2963 8 is_stmt 0 view .LVU2859
 9969 0000 28B1     		cbz	r0, .L849
2964:Libs/cJSON/cJSON.c ****     {
2965:Libs/cJSON/cJSON.c ****         return false;
2966:Libs/cJSON/cJSON.c ****     }
2967:Libs/cJSON/cJSON.c **** 
2968:Libs/cJSON/cJSON.c ****     return (item->type & (cJSON_True | cJSON_False)) != 0;
 9970              		.loc 1 2968 5 is_stmt 1 view .LVU2860
 9971              		.loc 1 2968 17 is_stmt 0 view .LVU2861
 9972 0002 C068     		ldr	r0, [r0, #12]
 9973              	.LVL925:
 9974              		.loc 1 2968 54 view .LVU2862
 9975 0004 10F00300 		ands	r0, r0, #3
 9976 0008 18BF     		it	ne
 9977 000a 0120     		movne	r0, #1
 9978 000c 7047     		bx	lr
 9979              	.LVL926:
 9980              	.L849:
2965:Libs/cJSON/cJSON.c ****     }
 9981              		.loc 1 2965 16 view .LVU2863
 9982 000e 0020     		movs	r0, #0
 9983              	.LVL927:
2969:Libs/cJSON/cJSON.c **** }
 9984              		.loc 1 2969 1 view .LVU2864
 9985 0010 7047     		bx	lr
 9986              		.cfi_endproc
 9987              	.LFE107:
 9989              		.section	.text.cJSON_IsNull,"ax",%progbits
 9990              		.align	1
ARM GAS  C:\Users\nicx5\AppData\Local\Temp\ccUpawvI.s 			page 269


 9991              		.global	cJSON_IsNull
 9992              		.syntax unified
 9993              		.thumb
 9994              		.thumb_func
 9996              	cJSON_IsNull:
 9997              	.LVL928:
 9998              	.LFB108:
2970:Libs/cJSON/cJSON.c **** CJSON_PUBLIC(cJSON_bool) cJSON_IsNull(const cJSON * const item)
2971:Libs/cJSON/cJSON.c **** {
 9999              		.loc 1 2971 1 is_stmt 1 view -0
 10000              		.cfi_startproc
 10001              		@ args = 0, pretend = 0, frame = 0
 10002              		@ frame_needed = 0, uses_anonymous_args = 0
 10003              		@ link register save eliminated.
2972:Libs/cJSON/cJSON.c ****     if (item == NULL)
 10004              		.loc 1 2972 5 view .LVU2866
 10005              		.loc 1 2972 8 is_stmt 0 view .LVU2867
 10006 0000 28B1     		cbz	r0, .L852
2973:Libs/cJSON/cJSON.c ****     {
2974:Libs/cJSON/cJSON.c ****         return false;
2975:Libs/cJSON/cJSON.c ****     }
2976:Libs/cJSON/cJSON.c **** 
2977:Libs/cJSON/cJSON.c ****     return (item->type & 0xFF) == cJSON_NULL;
 10007              		.loc 1 2977 5 is_stmt 1 view .LVU2868
 10008              		.loc 1 2977 24 is_stmt 0 view .LVU2869
 10009 0002 007B     		ldrb	r0, [r0, #12]	@ zero_extendqisi2
 10010              	.LVL929:
 10011              		.loc 1 2977 32 view .LVU2870
 10012 0004 0428     		cmp	r0, #4
 10013 0006 14BF     		ite	ne
 10014 0008 0020     		movne	r0, #0
 10015 000a 0120     		moveq	r0, #1
 10016 000c 7047     		bx	lr
 10017              	.LVL930:
 10018              	.L852:
2974:Libs/cJSON/cJSON.c ****     }
 10019              		.loc 1 2974 16 view .LVU2871
 10020 000e 0020     		movs	r0, #0
 10021              	.LVL931:
2978:Libs/cJSON/cJSON.c **** }
 10022              		.loc 1 2978 1 view .LVU2872
 10023 0010 7047     		bx	lr
 10024              		.cfi_endproc
 10025              	.LFE108:
 10027              		.section	.text.cJSON_IsNumber,"ax",%progbits
 10028              		.align	1
 10029              		.global	cJSON_IsNumber
 10030              		.syntax unified
 10031              		.thumb
 10032              		.thumb_func
 10034              	cJSON_IsNumber:
 10035              	.LVL932:
 10036              	.LFB109:
2979:Libs/cJSON/cJSON.c **** 
2980:Libs/cJSON/cJSON.c **** CJSON_PUBLIC(cJSON_bool) cJSON_IsNumber(const cJSON * const item)
2981:Libs/cJSON/cJSON.c **** {
 10037              		.loc 1 2981 1 is_stmt 1 view -0
ARM GAS  C:\Users\nicx5\AppData\Local\Temp\ccUpawvI.s 			page 270


 10038              		.cfi_startproc
 10039              		@ args = 0, pretend = 0, frame = 0
 10040              		@ frame_needed = 0, uses_anonymous_args = 0
 10041              		@ link register save eliminated.
2982:Libs/cJSON/cJSON.c ****     if (item == NULL)
 10042              		.loc 1 2982 5 view .LVU2874
 10043              		.loc 1 2982 8 is_stmt 0 view .LVU2875
 10044 0000 28B1     		cbz	r0, .L855
2983:Libs/cJSON/cJSON.c ****     {
2984:Libs/cJSON/cJSON.c ****         return false;
2985:Libs/cJSON/cJSON.c ****     }
2986:Libs/cJSON/cJSON.c **** 
2987:Libs/cJSON/cJSON.c ****     return (item->type & 0xFF) == cJSON_Number;
 10045              		.loc 1 2987 5 is_stmt 1 view .LVU2876
 10046              		.loc 1 2987 24 is_stmt 0 view .LVU2877
 10047 0002 007B     		ldrb	r0, [r0, #12]	@ zero_extendqisi2
 10048              	.LVL933:
 10049              		.loc 1 2987 32 view .LVU2878
 10050 0004 0828     		cmp	r0, #8
 10051 0006 14BF     		ite	ne
 10052 0008 0020     		movne	r0, #0
 10053 000a 0120     		moveq	r0, #1
 10054 000c 7047     		bx	lr
 10055              	.LVL934:
 10056              	.L855:
2984:Libs/cJSON/cJSON.c ****     }
 10057              		.loc 1 2984 16 view .LVU2879
 10058 000e 0020     		movs	r0, #0
 10059              	.LVL935:
2988:Libs/cJSON/cJSON.c **** }
 10060              		.loc 1 2988 1 view .LVU2880
 10061 0010 7047     		bx	lr
 10062              		.cfi_endproc
 10063              	.LFE109:
 10065              		.section	.text.cJSON_GetNumberValue,"ax",%progbits
 10066              		.align	1
 10067              		.global	cJSON_GetNumberValue
 10068              		.syntax unified
 10069              		.thumb
 10070              		.thumb_func
 10072              	cJSON_GetNumberValue:
 10073              	.LVL936:
 10074              	.LFB6:
 110:Libs/cJSON/cJSON.c ****     if (!cJSON_IsNumber(item))
 10075              		.loc 1 110 1 is_stmt 1 view -0
 10076              		.cfi_startproc
 10077              		@ args = 0, pretend = 0, frame = 0
 10078              		@ frame_needed = 0, uses_anonymous_args = 0
 110:Libs/cJSON/cJSON.c ****     if (!cJSON_IsNumber(item))
 10079              		.loc 1 110 1 is_stmt 0 view .LVU2882
 10080 0000 10B5     		push	{r4, lr}
 10081              	.LCFI167:
 10082              		.cfi_def_cfa_offset 8
 10083              		.cfi_offset 4, -8
 10084              		.cfi_offset 14, -4
 10085 0002 0446     		mov	r4, r0
 111:Libs/cJSON/cJSON.c ****     {
ARM GAS  C:\Users\nicx5\AppData\Local\Temp\ccUpawvI.s 			page 271


 10086              		.loc 1 111 5 is_stmt 1 view .LVU2883
 111:Libs/cJSON/cJSON.c ****     {
 10087              		.loc 1 111 10 is_stmt 0 view .LVU2884
 10088 0004 FFF7FEFF 		bl	cJSON_IsNumber
 10089              	.LVL937:
 111:Libs/cJSON/cJSON.c ****     {
 10090              		.loc 1 111 8 discriminator 1 view .LVU2885
 10091 0008 10B1     		cbz	r0, .L858
 116:Libs/cJSON/cJSON.c **** }
 10092              		.loc 1 116 5 is_stmt 1 view .LVU2886
 116:Libs/cJSON/cJSON.c **** }
 10093              		.loc 1 116 16 is_stmt 0 view .LVU2887
 10094 000a 94ED060B 		vldr.64	d0, [r4, #24]
 10095              	.L856:
 117:Libs/cJSON/cJSON.c **** 
 10096              		.loc 1 117 1 view .LVU2888
 10097 000e 10BD     		pop	{r4, pc}
 10098              	.LVL938:
 10099              	.L858:
 113:Libs/cJSON/cJSON.c ****     }
 10100              		.loc 1 113 16 view .LVU2889
 10101 0010 9FED010B 		vldr.64	d0, .L860
 10102 0014 FBE7     		b	.L856
 10103              	.L861:
 10104 0016 00BF     		.align	3
 10105              	.L860:
 10106 0018 00000000 		.word	0
 10107 001c 0000F87F 		.word	2146959360
 10108              		.cfi_endproc
 10109              	.LFE6:
 10111              		.section	.text.cJSON_IsString,"ax",%progbits
 10112              		.align	1
 10113              		.global	cJSON_IsString
 10114              		.syntax unified
 10115              		.thumb
 10116              		.thumb_func
 10118              	cJSON_IsString:
 10119              	.LVL939:
 10120              	.LFB110:
2989:Libs/cJSON/cJSON.c **** 
2990:Libs/cJSON/cJSON.c **** CJSON_PUBLIC(cJSON_bool) cJSON_IsString(const cJSON * const item)
2991:Libs/cJSON/cJSON.c **** {
 10121              		.loc 1 2991 1 is_stmt 1 view -0
 10122              		.cfi_startproc
 10123              		@ args = 0, pretend = 0, frame = 0
 10124              		@ frame_needed = 0, uses_anonymous_args = 0
 10125              		@ link register save eliminated.
2992:Libs/cJSON/cJSON.c ****     if (item == NULL)
 10126              		.loc 1 2992 5 view .LVU2891
 10127              		.loc 1 2992 8 is_stmt 0 view .LVU2892
 10128 0000 28B1     		cbz	r0, .L864
2993:Libs/cJSON/cJSON.c ****     {
2994:Libs/cJSON/cJSON.c ****         return false;
2995:Libs/cJSON/cJSON.c ****     }
2996:Libs/cJSON/cJSON.c **** 
2997:Libs/cJSON/cJSON.c ****     return (item->type & 0xFF) == cJSON_String;
 10129              		.loc 1 2997 5 is_stmt 1 view .LVU2893
ARM GAS  C:\Users\nicx5\AppData\Local\Temp\ccUpawvI.s 			page 272


 10130              		.loc 1 2997 24 is_stmt 0 view .LVU2894
 10131 0002 007B     		ldrb	r0, [r0, #12]	@ zero_extendqisi2
 10132              	.LVL940:
 10133              		.loc 1 2997 32 view .LVU2895
 10134 0004 1028     		cmp	r0, #16
 10135 0006 14BF     		ite	ne
 10136 0008 0020     		movne	r0, #0
 10137 000a 0120     		moveq	r0, #1
 10138 000c 7047     		bx	lr
 10139              	.LVL941:
 10140              	.L864:
2994:Libs/cJSON/cJSON.c ****     }
 10141              		.loc 1 2994 16 view .LVU2896
 10142 000e 0020     		movs	r0, #0
 10143              	.LVL942:
2998:Libs/cJSON/cJSON.c **** }
 10144              		.loc 1 2998 1 view .LVU2897
 10145 0010 7047     		bx	lr
 10146              		.cfi_endproc
 10147              	.LFE110:
 10149              		.section	.text.cJSON_GetStringValue,"ax",%progbits
 10150              		.align	1
 10151              		.global	cJSON_GetStringValue
 10152              		.syntax unified
 10153              		.thumb
 10154              		.thumb_func
 10156              	cJSON_GetStringValue:
 10157              	.LVL943:
 10158              	.LFB5:
 100:Libs/cJSON/cJSON.c ****     if (!cJSON_IsString(item))
 10159              		.loc 1 100 1 is_stmt 1 view -0
 10160              		.cfi_startproc
 10161              		@ args = 0, pretend = 0, frame = 0
 10162              		@ frame_needed = 0, uses_anonymous_args = 0
 100:Libs/cJSON/cJSON.c ****     if (!cJSON_IsString(item))
 10163              		.loc 1 100 1 is_stmt 0 view .LVU2899
 10164 0000 10B5     		push	{r4, lr}
 10165              	.LCFI168:
 10166              		.cfi_def_cfa_offset 8
 10167              		.cfi_offset 4, -8
 10168              		.cfi_offset 14, -4
 10169 0002 0446     		mov	r4, r0
 101:Libs/cJSON/cJSON.c ****     {
 10170              		.loc 1 101 5 is_stmt 1 view .LVU2900
 101:Libs/cJSON/cJSON.c ****     {
 10171              		.loc 1 101 10 is_stmt 0 view .LVU2901
 10172 0004 FFF7FEFF 		bl	cJSON_IsString
 10173              	.LVL944:
 101:Libs/cJSON/cJSON.c ****     {
 10174              		.loc 1 101 8 discriminator 1 view .LVU2902
 10175 0008 08B1     		cbz	r0, .L867
 106:Libs/cJSON/cJSON.c **** }
 10176              		.loc 1 106 5 is_stmt 1 view .LVU2903
 106:Libs/cJSON/cJSON.c **** }
 10177              		.loc 1 106 16 is_stmt 0 view .LVU2904
 10178 000a 2069     		ldr	r0, [r4, #16]
 10179              	.L865:
ARM GAS  C:\Users\nicx5\AppData\Local\Temp\ccUpawvI.s 			page 273


 107:Libs/cJSON/cJSON.c **** 
 10180              		.loc 1 107 1 view .LVU2905
 10181 000c 10BD     		pop	{r4, pc}
 10182              	.LVL945:
 10183              	.L867:
 103:Libs/cJSON/cJSON.c ****     }
 10184              		.loc 1 103 16 view .LVU2906
 10185 000e 0020     		movs	r0, #0
 10186 0010 FCE7     		b	.L865
 10187              		.cfi_endproc
 10188              	.LFE5:
 10190              		.section	.text.cJSON_IsArray,"ax",%progbits
 10191              		.align	1
 10192              		.global	cJSON_IsArray
 10193              		.syntax unified
 10194              		.thumb
 10195              		.thumb_func
 10197              	cJSON_IsArray:
 10198              	.LVL946:
 10199              	.LFB111:
2999:Libs/cJSON/cJSON.c **** 
3000:Libs/cJSON/cJSON.c **** CJSON_PUBLIC(cJSON_bool) cJSON_IsArray(const cJSON * const item)
3001:Libs/cJSON/cJSON.c **** {
 10200              		.loc 1 3001 1 is_stmt 1 view -0
 10201              		.cfi_startproc
 10202              		@ args = 0, pretend = 0, frame = 0
 10203              		@ frame_needed = 0, uses_anonymous_args = 0
 10204              		@ link register save eliminated.
3002:Libs/cJSON/cJSON.c ****     if (item == NULL)
 10205              		.loc 1 3002 5 view .LVU2908
 10206              		.loc 1 3002 8 is_stmt 0 view .LVU2909
 10207 0000 28B1     		cbz	r0, .L871
3003:Libs/cJSON/cJSON.c ****     {
3004:Libs/cJSON/cJSON.c ****         return false;
3005:Libs/cJSON/cJSON.c ****     }
3006:Libs/cJSON/cJSON.c **** 
3007:Libs/cJSON/cJSON.c ****     return (item->type & 0xFF) == cJSON_Array;
 10208              		.loc 1 3007 5 is_stmt 1 view .LVU2910
 10209              		.loc 1 3007 24 is_stmt 0 view .LVU2911
 10210 0002 007B     		ldrb	r0, [r0, #12]	@ zero_extendqisi2
 10211              	.LVL947:
 10212              		.loc 1 3007 32 view .LVU2912
 10213 0004 2028     		cmp	r0, #32
 10214 0006 14BF     		ite	ne
 10215 0008 0020     		movne	r0, #0
 10216 000a 0120     		moveq	r0, #1
 10217 000c 7047     		bx	lr
 10218              	.LVL948:
 10219              	.L871:
3004:Libs/cJSON/cJSON.c ****     }
 10220              		.loc 1 3004 16 view .LVU2913
 10221 000e 0020     		movs	r0, #0
 10222              	.LVL949:
3008:Libs/cJSON/cJSON.c **** }
 10223              		.loc 1 3008 1 view .LVU2914
 10224 0010 7047     		bx	lr
 10225              		.cfi_endproc
ARM GAS  C:\Users\nicx5\AppData\Local\Temp\ccUpawvI.s 			page 274


 10226              	.LFE111:
 10228              		.section	.text.cJSON_IsObject,"ax",%progbits
 10229              		.align	1
 10230              		.global	cJSON_IsObject
 10231              		.syntax unified
 10232              		.thumb
 10233              		.thumb_func
 10235              	cJSON_IsObject:
 10236              	.LVL950:
 10237              	.LFB112:
3009:Libs/cJSON/cJSON.c **** 
3010:Libs/cJSON/cJSON.c **** CJSON_PUBLIC(cJSON_bool) cJSON_IsObject(const cJSON * const item)
3011:Libs/cJSON/cJSON.c **** {
 10238              		.loc 1 3011 1 is_stmt 1 view -0
 10239              		.cfi_startproc
 10240              		@ args = 0, pretend = 0, frame = 0
 10241              		@ frame_needed = 0, uses_anonymous_args = 0
 10242              		@ link register save eliminated.
3012:Libs/cJSON/cJSON.c ****     if (item == NULL)
 10243              		.loc 1 3012 5 view .LVU2916
 10244              		.loc 1 3012 8 is_stmt 0 view .LVU2917
 10245 0000 28B1     		cbz	r0, .L874
3013:Libs/cJSON/cJSON.c ****     {
3014:Libs/cJSON/cJSON.c ****         return false;
3015:Libs/cJSON/cJSON.c ****     }
3016:Libs/cJSON/cJSON.c **** 
3017:Libs/cJSON/cJSON.c ****     return (item->type & 0xFF) == cJSON_Object;
 10246              		.loc 1 3017 5 is_stmt 1 view .LVU2918
 10247              		.loc 1 3017 24 is_stmt 0 view .LVU2919
 10248 0002 007B     		ldrb	r0, [r0, #12]	@ zero_extendqisi2
 10249              	.LVL951:
 10250              		.loc 1 3017 32 view .LVU2920
 10251 0004 4028     		cmp	r0, #64
 10252 0006 14BF     		ite	ne
 10253 0008 0020     		movne	r0, #0
 10254 000a 0120     		moveq	r0, #1
 10255 000c 7047     		bx	lr
 10256              	.LVL952:
 10257              	.L874:
3014:Libs/cJSON/cJSON.c ****     }
 10258              		.loc 1 3014 16 view .LVU2921
 10259 000e 0020     		movs	r0, #0
 10260              	.LVL953:
3018:Libs/cJSON/cJSON.c **** }
 10261              		.loc 1 3018 1 view .LVU2922
 10262 0010 7047     		bx	lr
 10263              		.cfi_endproc
 10264              	.LFE112:
 10266              		.section	.text.cJSON_IsRaw,"ax",%progbits
 10267              		.align	1
 10268              		.global	cJSON_IsRaw
 10269              		.syntax unified
 10270              		.thumb
 10271              		.thumb_func
 10273              	cJSON_IsRaw:
 10274              	.LVL954:
 10275              	.LFB113:
ARM GAS  C:\Users\nicx5\AppData\Local\Temp\ccUpawvI.s 			page 275


3019:Libs/cJSON/cJSON.c **** 
3020:Libs/cJSON/cJSON.c **** CJSON_PUBLIC(cJSON_bool) cJSON_IsRaw(const cJSON * const item)
3021:Libs/cJSON/cJSON.c **** {
 10276              		.loc 1 3021 1 is_stmt 1 view -0
 10277              		.cfi_startproc
 10278              		@ args = 0, pretend = 0, frame = 0
 10279              		@ frame_needed = 0, uses_anonymous_args = 0
 10280              		@ link register save eliminated.
3022:Libs/cJSON/cJSON.c ****     if (item == NULL)
 10281              		.loc 1 3022 5 view .LVU2924
 10282              		.loc 1 3022 8 is_stmt 0 view .LVU2925
 10283 0000 28B1     		cbz	r0, .L877
3023:Libs/cJSON/cJSON.c ****     {
3024:Libs/cJSON/cJSON.c ****         return false;
3025:Libs/cJSON/cJSON.c ****     }
3026:Libs/cJSON/cJSON.c **** 
3027:Libs/cJSON/cJSON.c ****     return (item->type & 0xFF) == cJSON_Raw;
 10284              		.loc 1 3027 5 is_stmt 1 view .LVU2926
 10285              		.loc 1 3027 24 is_stmt 0 view .LVU2927
 10286 0002 007B     		ldrb	r0, [r0, #12]	@ zero_extendqisi2
 10287              	.LVL955:
 10288              		.loc 1 3027 32 view .LVU2928
 10289 0004 8028     		cmp	r0, #128
 10290 0006 14BF     		ite	ne
 10291 0008 0020     		movne	r0, #0
 10292 000a 0120     		moveq	r0, #1
 10293 000c 7047     		bx	lr
 10294              	.LVL956:
 10295              	.L877:
3024:Libs/cJSON/cJSON.c ****     }
 10296              		.loc 1 3024 16 view .LVU2929
 10297 000e 0020     		movs	r0, #0
 10298              	.LVL957:
3028:Libs/cJSON/cJSON.c **** }
 10299              		.loc 1 3028 1 view .LVU2930
 10300 0010 7047     		bx	lr
 10301              		.cfi_endproc
 10302              	.LFE113:
 10304              		.section	.text.cJSON_Compare,"ax",%progbits
 10305              		.align	1
 10306              		.global	cJSON_Compare
 10307              		.syntax unified
 10308              		.thumb
 10309              		.thumb_func
 10311              	cJSON_Compare:
 10312              	.LVL958:
 10313              	.LFB114:
3029:Libs/cJSON/cJSON.c **** 
3030:Libs/cJSON/cJSON.c **** CJSON_PUBLIC(cJSON_bool) cJSON_Compare(const cJSON * const a, const cJSON * const b, const cJSON_bo
3031:Libs/cJSON/cJSON.c **** {
 10314              		.loc 1 3031 1 is_stmt 1 view -0
 10315              		.cfi_startproc
 10316              		@ args = 0, pretend = 0, frame = 0
 10317              		@ frame_needed = 0, uses_anonymous_args = 0
 10318              		.loc 1 3031 1 is_stmt 0 view .LVU2932
 10319 0000 2DE9F041 		push	{r4, r5, r6, r7, r8, lr}
 10320              	.LCFI169:
ARM GAS  C:\Users\nicx5\AppData\Local\Temp\ccUpawvI.s 			page 276


 10321              		.cfi_def_cfa_offset 24
 10322              		.cfi_offset 4, -24
 10323              		.cfi_offset 5, -20
 10324              		.cfi_offset 6, -16
 10325              		.cfi_offset 7, -12
 10326              		.cfi_offset 8, -8
 10327              		.cfi_offset 14, -4
3032:Libs/cJSON/cJSON.c ****     if ((a == NULL) || (b == NULL) || ((a->type & 0xFF) != (b->type & 0xFF)))
 10328              		.loc 1 3032 5 is_stmt 1 view .LVU2933
 10329              		.loc 1 3032 8 is_stmt 0 view .LVU2934
 10330 0004 0029     		cmp	r1, #0
 10331 0006 18BF     		it	ne
 10332 0008 0028     		cmpne	r0, #0
 10333 000a 00F09880 		beq	.L898
 10334 000e 1546     		mov	r5, r2
 10335 0010 0746     		mov	r7, r0
 10336 0012 0E46     		mov	r6, r1
 10337              		.loc 1 3032 42 discriminator 1 view .LVU2935
 10338 0014 C368     		ldr	r3, [r0, #12]
 10339              		.loc 1 3032 62 discriminator 1 view .LVU2936
 10340 0016 CC68     		ldr	r4, [r1, #12]
 10341              		.loc 1 3032 57 discriminator 1 view .LVU2937
 10342 0018 5C40     		eors	r4, r4, r3
 10343              		.loc 1 3032 36 discriminator 1 view .LVU2938
 10344 001a 14F0FF04 		ands	r4, r4, #255
 10345 001e 40F09280 		bne	.L899
3033:Libs/cJSON/cJSON.c ****     {
3034:Libs/cJSON/cJSON.c ****         return false;
3035:Libs/cJSON/cJSON.c ****     }
3036:Libs/cJSON/cJSON.c **** 
3037:Libs/cJSON/cJSON.c ****     /* check if type is valid */
3038:Libs/cJSON/cJSON.c ****     switch (a->type & 0xFF)
 10346              		.loc 1 3038 5 is_stmt 1 view .LVU2939
 10347              		.loc 1 3038 21 is_stmt 0 view .LVU2940
 10348 0022 DBB2     		uxtb	r3, r3
 10349              		.loc 1 3038 5 view .LVU2941
 10350 0024 202B     		cmp	r3, #32
 10351 0026 28DC     		bgt	.L880
 10352 0028 042B     		cmp	r3, #4
 10353 002a 22DB     		blt	.L910
 10354 002c 191F     		subs	r1, r3, #4
 10355              	.LVL959:
 10356              		.loc 1 3038 5 view .LVU2942
 10357 002e 4A4A     		ldr	r2, .L914
 10358              	.LVL960:
 10359              		.loc 1 3038 5 view .LVU2943
 10360 0030 CA40     		lsrs	r2, r2, r1
 10361 0032 12F0010F 		tst	r2, #1
 10362 0036 00F08380 		beq	.L878
 10363              	.L882:
3039:Libs/cJSON/cJSON.c ****     {
3040:Libs/cJSON/cJSON.c ****         case cJSON_False:
3041:Libs/cJSON/cJSON.c ****         case cJSON_True:
3042:Libs/cJSON/cJSON.c ****         case cJSON_NULL:
3043:Libs/cJSON/cJSON.c ****         case cJSON_Number:
3044:Libs/cJSON/cJSON.c ****         case cJSON_String:
3045:Libs/cJSON/cJSON.c ****         case cJSON_Raw:
ARM GAS  C:\Users\nicx5\AppData\Local\Temp\ccUpawvI.s 			page 277


3046:Libs/cJSON/cJSON.c ****         case cJSON_Array:
3047:Libs/cJSON/cJSON.c ****         case cJSON_Object:
3048:Libs/cJSON/cJSON.c ****             break;
 10364              		.loc 1 3048 13 is_stmt 1 view .LVU2944
3049:Libs/cJSON/cJSON.c **** 
3050:Libs/cJSON/cJSON.c ****         default:
3051:Libs/cJSON/cJSON.c ****             return false;
3052:Libs/cJSON/cJSON.c ****     }
3053:Libs/cJSON/cJSON.c **** 
3054:Libs/cJSON/cJSON.c ****     /* identical objects are equal */
3055:Libs/cJSON/cJSON.c ****     if (a == b)
 10365              		.loc 1 3055 5 view .LVU2945
 10366              		.loc 1 3055 8 is_stmt 0 view .LVU2946
 10367 003a B742     		cmp	r7, r6
 10368 003c 00F08580 		beq	.L900
3056:Libs/cJSON/cJSON.c ****     {
3057:Libs/cJSON/cJSON.c ****         return true;
3058:Libs/cJSON/cJSON.c ****     }
3059:Libs/cJSON/cJSON.c **** 
3060:Libs/cJSON/cJSON.c ****     switch (a->type & 0xFF)
 10369              		.loc 1 3060 5 is_stmt 1 view .LVU2947
 10370 0040 202B     		cmp	r3, #32
 10371 0042 21DC     		bgt	.L883
 10372 0044 002B     		cmp	r3, #0
 10373 0046 7BD0     		beq	.L878
 10374 0048 013B     		subs	r3, r3, #1
 10375 004a 1F2B     		cmp	r3, #31
 10376 004c 78D8     		bhi	.L878
 10377 004e DFE803F0 		tbb	[pc, r3]
 10378              	.L885:
 10379 0052 19       		.byte	(.L888-.L885)/2
 10380 0053 19       		.byte	(.L888-.L885)/2
 10381 0054 77       		.byte	(.L878-.L885)/2
 10382 0055 19       		.byte	(.L888-.L885)/2
 10383 0056 77       		.byte	(.L878-.L885)/2
 10384 0057 77       		.byte	(.L878-.L885)/2
 10385 0058 77       		.byte	(.L878-.L885)/2
 10386 0059 2B       		.byte	(.L887-.L885)/2
 10387 005a 77       		.byte	(.L878-.L885)/2
 10388 005b 77       		.byte	(.L878-.L885)/2
 10389 005c 77       		.byte	(.L878-.L885)/2
 10390 005d 77       		.byte	(.L878-.L885)/2
 10391 005e 77       		.byte	(.L878-.L885)/2
 10392 005f 77       		.byte	(.L878-.L885)/2
 10393 0060 77       		.byte	(.L878-.L885)/2
 10394 0061 1F       		.byte	(.L886-.L885)/2
 10395 0062 77       		.byte	(.L878-.L885)/2
 10396 0063 77       		.byte	(.L878-.L885)/2
 10397 0064 77       		.byte	(.L878-.L885)/2
 10398 0065 77       		.byte	(.L878-.L885)/2
 10399 0066 77       		.byte	(.L878-.L885)/2
 10400 0067 77       		.byte	(.L878-.L885)/2
 10401 0068 77       		.byte	(.L878-.L885)/2
 10402 0069 77       		.byte	(.L878-.L885)/2
 10403 006a 77       		.byte	(.L878-.L885)/2
 10404 006b 77       		.byte	(.L878-.L885)/2
 10405 006c 77       		.byte	(.L878-.L885)/2
ARM GAS  C:\Users\nicx5\AppData\Local\Temp\ccUpawvI.s 			page 278


 10406 006d 77       		.byte	(.L878-.L885)/2
 10407 006e 77       		.byte	(.L878-.L885)/2
 10408 006f 77       		.byte	(.L878-.L885)/2
 10409 0070 77       		.byte	(.L878-.L885)/2
 10410 0071 36       		.byte	(.L884-.L885)/2
 10411              	.LVL961:
 10412              		.p2align 1
 10413              	.L910:
3038:Libs/cJSON/cJSON.c ****     {
 10414              		.loc 1 3038 5 is_stmt 0 view .LVU2948
 10415 0072 5A1E     		subs	r2, r3, #1
 10416              	.LVL962:
3038:Libs/cJSON/cJSON.c ****     {
 10417              		.loc 1 3038 5 view .LVU2949
 10418 0074 012A     		cmp	r2, #1
 10419 0076 63D8     		bhi	.L878
 10420 0078 DFE7     		b	.L882
 10421              	.LVL963:
 10422              	.L880:
3038:Libs/cJSON/cJSON.c ****     {
 10423              		.loc 1 3038 5 view .LVU2950
 10424 007a 402B     		cmp	r3, #64
 10425 007c DDD0     		beq	.L882
 10426 007e 802B     		cmp	r3, #128
 10427 0080 5ED1     		bne	.L878
 10428 0082 DAE7     		b	.L882
 10429              	.LVL964:
 10430              	.L888:
 10431              		.loc 1 3060 5 view .LVU2951
 10432 0084 0124     		movs	r4, #1
 10433 0086 5BE0     		b	.L878
 10434              	.L883:
 10435 0088 402B     		cmp	r3, #64
 10436 008a 2DD0     		beq	.L889
 10437 008c 802B     		cmp	r3, #128
 10438 008e 57D1     		bne	.L878
 10439              	.L886:
3061:Libs/cJSON/cJSON.c ****     {
3062:Libs/cJSON/cJSON.c ****         /* in these cases and equal type is enough */
3063:Libs/cJSON/cJSON.c ****         case cJSON_False:
3064:Libs/cJSON/cJSON.c ****         case cJSON_True:
3065:Libs/cJSON/cJSON.c ****         case cJSON_NULL:
3066:Libs/cJSON/cJSON.c ****             return true;
3067:Libs/cJSON/cJSON.c **** 
3068:Libs/cJSON/cJSON.c ****         case cJSON_Number:
3069:Libs/cJSON/cJSON.c ****             if (compare_double(a->valuedouble, b->valuedouble))
3070:Libs/cJSON/cJSON.c ****             {
3071:Libs/cJSON/cJSON.c ****                 return true;
3072:Libs/cJSON/cJSON.c ****             }
3073:Libs/cJSON/cJSON.c ****             return false;
3074:Libs/cJSON/cJSON.c **** 
3075:Libs/cJSON/cJSON.c ****         case cJSON_String:
3076:Libs/cJSON/cJSON.c ****         case cJSON_Raw:
3077:Libs/cJSON/cJSON.c ****             if ((a->valuestring == NULL) || (b->valuestring == NULL))
 10440              		.loc 1 3077 13 is_stmt 1 view .LVU2952
 10441              		.loc 1 3077 19 is_stmt 0 view .LVU2953
 10442 0090 3869     		ldr	r0, [r7, #16]
ARM GAS  C:\Users\nicx5\AppData\Local\Temp\ccUpawvI.s 			page 279


 10443              	.LVL965:
 10444              		.loc 1 3077 16 view .LVU2954
 10445 0092 0028     		cmp	r0, #0
 10446 0094 54D0     		beq	.L878
 10447              		.loc 1 3077 47 discriminator 1 view .LVU2955
 10448 0096 3169     		ldr	r1, [r6, #16]
 10449              		.loc 1 3077 42 discriminator 1 view .LVU2956
 10450 0098 0029     		cmp	r1, #0
 10451 009a 51D0     		beq	.L878
3078:Libs/cJSON/cJSON.c ****             {
3079:Libs/cJSON/cJSON.c ****                 return false;
3080:Libs/cJSON/cJSON.c ****             }
3081:Libs/cJSON/cJSON.c ****             if (strcmp(a->valuestring, b->valuestring) == 0)
 10452              		.loc 1 3081 13 is_stmt 1 view .LVU2957
 10453              		.loc 1 3081 17 is_stmt 0 view .LVU2958
 10454 009c FFF7FEFF 		bl	strcmp
 10455              	.LVL966:
 10456              		.loc 1 3081 16 discriminator 1 view .LVU2959
 10457 00a0 0028     		cmp	r0, #0
 10458 00a2 4DD1     		bne	.L878
3082:Libs/cJSON/cJSON.c ****             {
3083:Libs/cJSON/cJSON.c ****                 return true;
 10459              		.loc 1 3083 24 view .LVU2960
 10460 00a4 0124     		movs	r4, #1
 10461 00a6 4BE0     		b	.L878
 10462              	.LVL967:
 10463              	.L887:
3069:Libs/cJSON/cJSON.c ****             {
 10464              		.loc 1 3069 13 is_stmt 1 view .LVU2961
3069:Libs/cJSON/cJSON.c ****             {
 10465              		.loc 1 3069 17 is_stmt 0 view .LVU2962
 10466 00a8 96ED061B 		vldr.64	d1, [r6, #24]
 10467 00ac 97ED060B 		vldr.64	d0, [r7, #24]
 10468 00b0 FFF7FEFF 		bl	compare_double
 10469              	.LVL968:
3069:Libs/cJSON/cJSON.c ****             {
 10470              		.loc 1 3069 16 discriminator 1 view .LVU2963
 10471 00b4 0446     		mov	r4, r0
 10472 00b6 0028     		cmp	r0, #0
 10473 00b8 42D0     		beq	.L878
3071:Libs/cJSON/cJSON.c ****             }
 10474              		.loc 1 3071 24 view .LVU2964
 10475 00ba 0124     		movs	r4, #1
 10476 00bc 40E0     		b	.L878
 10477              	.LVL969:
 10478              	.L884:
 10479              	.LBB22:
3084:Libs/cJSON/cJSON.c ****             }
3085:Libs/cJSON/cJSON.c **** 
3086:Libs/cJSON/cJSON.c ****             return false;
3087:Libs/cJSON/cJSON.c **** 
3088:Libs/cJSON/cJSON.c ****         case cJSON_Array:
3089:Libs/cJSON/cJSON.c ****         {
3090:Libs/cJSON/cJSON.c ****             cJSON *a_element = a->child;
 10480              		.loc 1 3090 13 is_stmt 1 view .LVU2965
 10481              		.loc 1 3090 20 is_stmt 0 view .LVU2966
 10482 00be BF68     		ldr	r7, [r7, #8]
ARM GAS  C:\Users\nicx5\AppData\Local\Temp\ccUpawvI.s 			page 280


 10483              	.LVL970:
3091:Libs/cJSON/cJSON.c ****             cJSON *b_element = b->child;
 10484              		.loc 1 3091 13 is_stmt 1 view .LVU2967
 10485              		.loc 1 3091 20 is_stmt 0 view .LVU2968
 10486 00c0 B668     		ldr	r6, [r6, #8]
 10487              	.LVL971:
3092:Libs/cJSON/cJSON.c **** 
3093:Libs/cJSON/cJSON.c ****             for (; (a_element != NULL) && (b_element != NULL);)
 10488              		.loc 1 3093 13 is_stmt 1 view .LVU2969
 10489              	.L890:
 10490              		.loc 1 3093 40 view .LVU2970
 10491              		.loc 1 3093 54 is_stmt 0 view .LVU2971
 10492 00c2 331E     		subs	r3, r6, #0
 10493 00c4 18BF     		it	ne
 10494 00c6 0123     		movne	r3, #1
 10495              		.loc 1 3093 40 view .LVU2972
 10496 00c8 57B1     		cbz	r7, .L906
 10497              		.loc 1 3093 40 view .LVU2973
 10498 00ca 4BB1     		cbz	r3, .L906
3094:Libs/cJSON/cJSON.c ****             {
3095:Libs/cJSON/cJSON.c ****                 if (!cJSON_Compare(a_element, b_element, case_sensitive))
 10499              		.loc 1 3095 17 is_stmt 1 view .LVU2974
 10500              		.loc 1 3095 22 is_stmt 0 view .LVU2975
 10501 00cc 2A46     		mov	r2, r5
 10502 00ce 3146     		mov	r1, r6
 10503 00d0 3846     		mov	r0, r7
 10504 00d2 FFF7FEFF 		bl	cJSON_Compare
 10505              	.LVL972:
 10506              		.loc 1 3095 20 discriminator 1 view .LVU2976
 10507 00d6 0028     		cmp	r0, #0
 10508 00d8 39D0     		beq	.L903
3096:Libs/cJSON/cJSON.c ****                 {
3097:Libs/cJSON/cJSON.c ****                     return false;
3098:Libs/cJSON/cJSON.c ****                 }
3099:Libs/cJSON/cJSON.c **** 
3100:Libs/cJSON/cJSON.c ****                 a_element = a_element->next;
 10509              		.loc 1 3100 17 is_stmt 1 view .LVU2977
 10510              		.loc 1 3100 27 is_stmt 0 view .LVU2978
 10511 00da 3F68     		ldr	r7, [r7]
 10512              	.LVL973:
3101:Libs/cJSON/cJSON.c ****                 b_element = b_element->next;
 10513              		.loc 1 3101 17 is_stmt 1 view .LVU2979
 10514              		.loc 1 3101 27 is_stmt 0 view .LVU2980
 10515 00dc 3668     		ldr	r6, [r6]
 10516              	.LVL974:
 10517              		.loc 1 3101 27 view .LVU2981
 10518 00de F0E7     		b	.L890
 10519              	.L906:
3102:Libs/cJSON/cJSON.c ****             }
3103:Libs/cJSON/cJSON.c **** 
3104:Libs/cJSON/cJSON.c ****             /* one of the arrays is longer than the other */
3105:Libs/cJSON/cJSON.c ****             if (a_element != b_element) {
 10520              		.loc 1 3105 13 is_stmt 1 view .LVU2982
 10521              		.loc 1 3105 16 is_stmt 0 view .LVU2983
 10522 00e0 B742     		cmp	r7, r6
 10523 00e2 2DD1     		bne	.L878
3106:Libs/cJSON/cJSON.c ****                 return false;
ARM GAS  C:\Users\nicx5\AppData\Local\Temp\ccUpawvI.s 			page 281


3107:Libs/cJSON/cJSON.c ****             }
3108:Libs/cJSON/cJSON.c **** 
3109:Libs/cJSON/cJSON.c ****             return true;
 10524              		.loc 1 3109 20 view .LVU2984
 10525 00e4 0124     		movs	r4, #1
 10526 00e6 2BE0     		b	.L878
 10527              	.LVL975:
 10528              	.L889:
 10529              		.loc 1 3109 20 view .LVU2985
 10530              	.LBE22:
 10531              	.LBB23:
3110:Libs/cJSON/cJSON.c ****         }
3111:Libs/cJSON/cJSON.c **** 
3112:Libs/cJSON/cJSON.c ****         case cJSON_Object:
3113:Libs/cJSON/cJSON.c ****         {
3114:Libs/cJSON/cJSON.c ****             cJSON *a_element = NULL;
 10532              		.loc 1 3114 13 is_stmt 1 view .LVU2986
3115:Libs/cJSON/cJSON.c ****             cJSON *b_element = NULL;
 10533              		.loc 1 3115 13 view .LVU2987
3116:Libs/cJSON/cJSON.c ****             cJSON_ArrayForEach(a_element, a)
 10534              		.loc 1 3116 13 view .LVU2988
 10535              		.loc 1 3116 13 is_stmt 0 discriminator 1 view .LVU2989
 10536 00e8 D7F80880 		ldr	r8, [r7, #8]
 10537              	.LVL976:
 10538              	.L893:
 10539              		.loc 1 3116 13 is_stmt 1 discriminator 5 view .LVU2990
 10540 00ec B8F1000F 		cmp	r8, #0
 10541 00f0 0FD0     		beq	.L911
3117:Libs/cJSON/cJSON.c ****             {
3118:Libs/cJSON/cJSON.c ****                 /* TODO This has O(n^2) runtime, which is horrible! */
3119:Libs/cJSON/cJSON.c ****                 b_element = get_object_item(b, a_element->string, case_sensitive);
 10542              		.loc 1 3119 17 view .LVU2991
 10543              		.loc 1 3119 29 is_stmt 0 view .LVU2992
 10544 00f2 2A46     		mov	r2, r5
 10545 00f4 D8F82010 		ldr	r1, [r8, #32]
 10546 00f8 3046     		mov	r0, r6
 10547 00fa FFF7FEFF 		bl	get_object_item
 10548              	.LVL977:
3120:Libs/cJSON/cJSON.c ****                 if (b_element == NULL)
 10549              		.loc 1 3120 17 is_stmt 1 view .LVU2993
 10550              		.loc 1 3120 20 is_stmt 0 view .LVU2994
 10551 00fe 0146     		mov	r1, r0
 10552 0100 F0B1     		cbz	r0, .L878
3121:Libs/cJSON/cJSON.c ****                 {
3122:Libs/cJSON/cJSON.c ****                     return false;
3123:Libs/cJSON/cJSON.c ****                 }
3124:Libs/cJSON/cJSON.c **** 
3125:Libs/cJSON/cJSON.c ****                 if (!cJSON_Compare(a_element, b_element, case_sensitive))
 10553              		.loc 1 3125 17 is_stmt 1 view .LVU2995
 10554              		.loc 1 3125 22 is_stmt 0 view .LVU2996
 10555 0102 2A46     		mov	r2, r5
 10556 0104 4046     		mov	r0, r8
 10557              	.LVL978:
 10558              		.loc 1 3125 22 view .LVU2997
 10559 0106 FFF7FEFF 		bl	cJSON_Compare
 10560              	.LVL979:
 10561              		.loc 1 3125 20 discriminator 1 view .LVU2998
ARM GAS  C:\Users\nicx5\AppData\Local\Temp\ccUpawvI.s 			page 282


 10562 010a 10B3     		cbz	r0, .L904
3116:Libs/cJSON/cJSON.c ****             {
 10563              		.loc 1 3116 13 is_stmt 1 discriminator 6 view .LVU2999
 10564 010c D8F80080 		ldr	r8, [r8]
 10565              	.LVL980:
3116:Libs/cJSON/cJSON.c ****             {
 10566              		.loc 1 3116 13 is_stmt 0 discriminator 6 view .LVU3000
 10567 0110 ECE7     		b	.L893
 10568              	.LVL981:
 10569              	.L911:
3126:Libs/cJSON/cJSON.c ****                 {
3127:Libs/cJSON/cJSON.c ****                     return false;
3128:Libs/cJSON/cJSON.c ****                 }
3129:Libs/cJSON/cJSON.c ****             }
3130:Libs/cJSON/cJSON.c **** 
3131:Libs/cJSON/cJSON.c ****             /* doing this twice, once on a and b to prevent true comparison if a subset of b
3132:Libs/cJSON/cJSON.c ****              * TODO: Do this the proper way, this is just a fix for now */
3133:Libs/cJSON/cJSON.c ****             cJSON_ArrayForEach(b_element, b)
 10570              		.loc 1 3133 13 is_stmt 1 view .LVU3001
 10571 0112 16B1     		cbz	r6, .L896
 10572              		.loc 1 3133 13 is_stmt 0 discriminator 1 view .LVU3002
 10573 0114 B668     		ldr	r6, [r6, #8]
 10574              	.LVL982:
 10575              		.loc 1 3133 13 discriminator 1 view .LVU3003
 10576 0116 00E0     		b	.L896
 10577              	.LVL983:
 10578              	.L913:
 10579              		.loc 1 3133 13 is_stmt 1 discriminator 6 view .LVU3004
 10580 0118 3668     		ldr	r6, [r6]
 10581              	.LVL984:
 10582              	.L896:
 10583              		.loc 1 3133 13 discriminator 5 view .LVU3005
 10584 011a 76B1     		cbz	r6, .L912
3134:Libs/cJSON/cJSON.c ****             {
3135:Libs/cJSON/cJSON.c ****                 a_element = get_object_item(a, b_element->string, case_sensitive);
 10585              		.loc 1 3135 17 view .LVU3006
 10586              		.loc 1 3135 29 is_stmt 0 view .LVU3007
 10587 011c 2A46     		mov	r2, r5
 10588 011e 316A     		ldr	r1, [r6, #32]
 10589 0120 3846     		mov	r0, r7
 10590 0122 FFF7FEFF 		bl	get_object_item
 10591              	.LVL985:
3136:Libs/cJSON/cJSON.c ****                 if (a_element == NULL)
 10592              		.loc 1 3136 17 is_stmt 1 view .LVU3008
 10593              		.loc 1 3136 20 is_stmt 0 view .LVU3009
 10594 0126 0146     		mov	r1, r0
 10595 0128 50B1     		cbz	r0, .L878
3137:Libs/cJSON/cJSON.c ****                 {
3138:Libs/cJSON/cJSON.c ****                     return false;
3139:Libs/cJSON/cJSON.c ****                 }
3140:Libs/cJSON/cJSON.c **** 
3141:Libs/cJSON/cJSON.c ****                 if (!cJSON_Compare(b_element, a_element, case_sensitive))
 10596              		.loc 1 3141 17 is_stmt 1 view .LVU3010
 10597              		.loc 1 3141 22 is_stmt 0 view .LVU3011
 10598 012a 2A46     		mov	r2, r5
 10599 012c 3046     		mov	r0, r6
 10600              	.LVL986:
ARM GAS  C:\Users\nicx5\AppData\Local\Temp\ccUpawvI.s 			page 283


 10601              		.loc 1 3141 22 view .LVU3012
 10602 012e FFF7FEFF 		bl	cJSON_Compare
 10603              	.LVL987:
 10604              		.loc 1 3141 20 discriminator 1 view .LVU3013
 10605 0132 0028     		cmp	r0, #0
 10606 0134 F0D1     		bne	.L913
3142:Libs/cJSON/cJSON.c ****                 {
3143:Libs/cJSON/cJSON.c ****                     return false;
 10607              		.loc 1 3143 28 view .LVU3014
 10608 0136 0446     		mov	r4, r0
 10609 0138 02E0     		b	.L878
 10610              	.LVL988:
 10611              	.L912:
3144:Libs/cJSON/cJSON.c ****                 }
3145:Libs/cJSON/cJSON.c ****             }
3146:Libs/cJSON/cJSON.c **** 
3147:Libs/cJSON/cJSON.c ****             return true;
 10612              		.loc 1 3147 20 view .LVU3015
 10613 013a 0124     		movs	r4, #1
 10614 013c 00E0     		b	.L878
 10615              	.LVL989:
 10616              	.L898:
 10617              		.loc 1 3147 20 view .LVU3016
 10618              	.LBE23:
3034:Libs/cJSON/cJSON.c ****     }
 10619              		.loc 1 3034 16 view .LVU3017
 10620 013e 0024     		movs	r4, #0
 10621              	.LVL990:
 10622              	.L878:
3148:Libs/cJSON/cJSON.c ****         }
3149:Libs/cJSON/cJSON.c **** 
3150:Libs/cJSON/cJSON.c ****         default:
3151:Libs/cJSON/cJSON.c ****             return false;
3152:Libs/cJSON/cJSON.c ****     }
3153:Libs/cJSON/cJSON.c **** }
 10623              		.loc 1 3153 1 view .LVU3018
 10624 0140 2046     		mov	r0, r4
 10625 0142 BDE8F081 		pop	{r4, r5, r6, r7, r8, pc}
 10626              	.LVL991:
 10627              	.L899:
3034:Libs/cJSON/cJSON.c ****     }
 10628              		.loc 1 3034 16 view .LVU3019
 10629 0146 0024     		movs	r4, #0
 10630 0148 FAE7     		b	.L878
 10631              	.LVL992:
 10632              	.L900:
3057:Libs/cJSON/cJSON.c ****     }
 10633              		.loc 1 3057 16 view .LVU3020
 10634 014a 0124     		movs	r4, #1
 10635 014c F8E7     		b	.L878
 10636              	.LVL993:
 10637              	.L903:
 10638              	.LBB24:
3097:Libs/cJSON/cJSON.c ****                 }
 10639              		.loc 1 3097 28 view .LVU3021
 10640 014e 0446     		mov	r4, r0
 10641 0150 F6E7     		b	.L878
ARM GAS  C:\Users\nicx5\AppData\Local\Temp\ccUpawvI.s 			page 284


 10642              	.LVL994:
 10643              	.L904:
3097:Libs/cJSON/cJSON.c ****                 }
 10644              		.loc 1 3097 28 view .LVU3022
 10645              	.LBE24:
 10646              	.LBB25:
3127:Libs/cJSON/cJSON.c ****                 }
 10647              		.loc 1 3127 28 view .LVU3023
 10648 0152 0446     		mov	r4, r0
 10649 0154 F4E7     		b	.L878
 10650              	.L915:
 10651 0156 00BF     		.align	2
 10652              	.L914:
 10653 0158 11100010 		.word	268439569
 10654              	.LBE25:
 10655              		.cfi_endproc
 10656              	.LFE114:
 10658              		.section	.text.cJSON_malloc,"ax",%progbits
 10659              		.align	1
 10660              		.global	cJSON_malloc
 10661              		.syntax unified
 10662              		.thumb
 10663              		.thumb_func
 10665              	cJSON_malloc:
 10666              	.LVL995:
 10667              	.LFB115:
3154:Libs/cJSON/cJSON.c **** 
3155:Libs/cJSON/cJSON.c **** CJSON_PUBLIC(void *) cJSON_malloc(size_t size)
3156:Libs/cJSON/cJSON.c **** {
 10668              		.loc 1 3156 1 is_stmt 1 view -0
 10669              		.cfi_startproc
 10670              		@ args = 0, pretend = 0, frame = 0
 10671              		@ frame_needed = 0, uses_anonymous_args = 0
 10672              		.loc 1 3156 1 is_stmt 0 view .LVU3025
 10673 0000 08B5     		push	{r3, lr}
 10674              	.LCFI170:
 10675              		.cfi_def_cfa_offset 8
 10676              		.cfi_offset 3, -8
 10677              		.cfi_offset 14, -4
3157:Libs/cJSON/cJSON.c ****     return global_hooks.allocate(size);
 10678              		.loc 1 3157 5 is_stmt 1 view .LVU3026
 10679              		.loc 1 3157 24 is_stmt 0 view .LVU3027
 10680 0002 024B     		ldr	r3, .L918
 10681 0004 1B68     		ldr	r3, [r3]
 10682              		.loc 1 3157 12 view .LVU3028
 10683 0006 9847     		blx	r3
 10684              	.LVL996:
3158:Libs/cJSON/cJSON.c **** }
 10685              		.loc 1 3158 1 view .LVU3029
 10686 0008 08BD     		pop	{r3, pc}
 10687              	.L919:
 10688 000a 00BF     		.align	2
 10689              	.L918:
 10690 000c 00000000 		.word	global_hooks
 10691              		.cfi_endproc
 10692              	.LFE115:
 10694              		.section	.text.cJSON_free,"ax",%progbits
ARM GAS  C:\Users\nicx5\AppData\Local\Temp\ccUpawvI.s 			page 285


 10695              		.align	1
 10696              		.global	cJSON_free
 10697              		.syntax unified
 10698              		.thumb
 10699              		.thumb_func
 10701              	cJSON_free:
 10702              	.LVL997:
 10703              	.LFB116:
3159:Libs/cJSON/cJSON.c **** 
3160:Libs/cJSON/cJSON.c **** CJSON_PUBLIC(void) cJSON_free(void *object)
3161:Libs/cJSON/cJSON.c **** {
 10704              		.loc 1 3161 1 is_stmt 1 view -0
 10705              		.cfi_startproc
 10706              		@ args = 0, pretend = 0, frame = 0
 10707              		@ frame_needed = 0, uses_anonymous_args = 0
 10708              		.loc 1 3161 1 is_stmt 0 view .LVU3031
 10709 0000 08B5     		push	{r3, lr}
 10710              	.LCFI171:
 10711              		.cfi_def_cfa_offset 8
 10712              		.cfi_offset 3, -8
 10713              		.cfi_offset 14, -4
3162:Libs/cJSON/cJSON.c ****     global_hooks.deallocate(object);
 10714              		.loc 1 3162 5 is_stmt 1 view .LVU3032
 10715              		.loc 1 3162 17 is_stmt 0 view .LVU3033
 10716 0002 024B     		ldr	r3, .L922
 10717 0004 5B68     		ldr	r3, [r3, #4]
 10718              		.loc 1 3162 5 view .LVU3034
 10719 0006 9847     		blx	r3
 10720              	.LVL998:
3163:Libs/cJSON/cJSON.c ****     object = NULL;
 10721              		.loc 1 3163 5 is_stmt 1 view .LVU3035
3164:Libs/cJSON/cJSON.c **** }...
 10722              		.loc 1 3164 1 is_stmt 0 view .LVU3036
 10723 0008 08BD     		pop	{r3, pc}
 10724              	.L923:
 10725 000a 00BF     		.align	2
 10726              	.L922:
 10727 000c 00000000 		.word	global_hooks
 10728              		.cfi_endproc
 10729              	.LFE116:
 10731              		.section	.text.cJSON_SetValuestring,"ax",%progbits
 10732              		.align	1
 10733              		.global	cJSON_SetValuestring
 10734              		.syntax unified
 10735              		.thumb
 10736              		.thumb_func
 10738              	cJSON_SetValuestring:
 10739              	.LVL999:
 10740              	.LFB16:
 404:Libs/cJSON/cJSON.c **** {
 10741              		.loc 1 404 1 is_stmt 1 view -0
 10742              		.cfi_startproc
 10743              		@ args = 0, pretend = 0, frame = 0
 10744              		@ frame_needed = 0, uses_anonymous_args = 0
 404:Libs/cJSON/cJSON.c **** {
 10745              		.loc 1 404 1 is_stmt 0 view .LVU3038
 10746 0000 F8B5     		push	{r3, r4, r5, r6, r7, lr}
ARM GAS  C:\Users\nicx5\AppData\Local\Temp\ccUpawvI.s 			page 286


 10747              	.LCFI172:
 10748              		.cfi_def_cfa_offset 24
 10749              		.cfi_offset 3, -24
 10750              		.cfi_offset 4, -20
 10751              		.cfi_offset 5, -16
 10752              		.cfi_offset 6, -12
 10753              		.cfi_offset 7, -8
 10754              		.cfi_offset 14, -4
 405:Libs/cJSON/cJSON.c ****     char *copy = NULL;
 10755              		.loc 1 405 5 is_stmt 1 view .LVU3039
 10756              	.LVL1000:
 406:Libs/cJSON/cJSON.c ****     size_t v1_len;
 10757              		.loc 1 406 5 view .LVU3040
 407:Libs/cJSON/cJSON.c ****     size_t v2_len;
 10758              		.loc 1 407 5 view .LVU3041
 409:Libs/cJSON/cJSON.c ****     if ((object == NULL) || !(object->type & cJSON_String) || (object->type & cJSON_IsReference))
 10759              		.loc 1 409 5 view .LVU3042
 409:Libs/cJSON/cJSON.c ****     if ((object == NULL) || !(object->type & cJSON_String) || (object->type & cJSON_IsReference))
 10760              		.loc 1 409 8 is_stmt 0 view .LVU3043
 10761 0002 0746     		mov	r7, r0
 10762 0004 58B3     		cbz	r0, .L929
 10763 0006 0C46     		mov	r4, r1
 409:Libs/cJSON/cJSON.c ****     if ((object == NULL) || !(object->type & cJSON_String) || (object->type & cJSON_IsReference))
 10764              		.loc 1 409 60 discriminator 1 view .LVU3044
 10765 0008 C368     		ldr	r3, [r0, #12]
 10766 000a 03F48873 		and	r3, r3, #272
 10767 000e 102B     		cmp	r3, #16
 10768 0010 27D1     		bne	.L930
 414:Libs/cJSON/cJSON.c ****     if (object->valuestring == NULL || valuestring == NULL)
 10769              		.loc 1 414 5 is_stmt 1 view .LVU3045
 414:Libs/cJSON/cJSON.c ****     if (object->valuestring == NULL || valuestring == NULL)
 10770              		.loc 1 414 15 is_stmt 0 view .LVU3046
 10771 0012 0569     		ldr	r5, [r0, #16]
 414:Libs/cJSON/cJSON.c ****     if (object->valuestring == NULL || valuestring == NULL)
 10772              		.loc 1 414 8 view .LVU3047
 10773 0014 A5B1     		cbz	r5, .L924
 414:Libs/cJSON/cJSON.c ****     if (object->valuestring == NULL || valuestring == NULL)
 10774              		.loc 1 414 37 discriminator 1 view .LVU3048
 10775 0016 31B3     		cbz	r1, .L931
 419:Libs/cJSON/cJSON.c ****     v1_len = strlen(valuestring);
 10776              		.loc 1 419 5 is_stmt 1 view .LVU3049
 419:Libs/cJSON/cJSON.c ****     v1_len = strlen(valuestring);
 10777              		.loc 1 419 14 is_stmt 0 view .LVU3050
 10778 0018 0846     		mov	r0, r1
 10779              	.LVL1001:
 419:Libs/cJSON/cJSON.c ****     v1_len = strlen(valuestring);
 10780              		.loc 1 419 14 view .LVU3051
 10781 001a FFF7FEFF 		bl	strlen
 10782              	.LVL1002:
 419:Libs/cJSON/cJSON.c ****     v1_len = strlen(valuestring);
 10783              		.loc 1 419 14 view .LVU3052
 10784 001e 0646     		mov	r6, r0
 10785              	.LVL1003:
 420:Libs/cJSON/cJSON.c ****     v2_len = strlen(object->valuestring);
 10786              		.loc 1 420 5 is_stmt 1 view .LVU3053
 420:Libs/cJSON/cJSON.c ****     v2_len = strlen(object->valuestring);
 10787              		.loc 1 420 14 is_stmt 0 view .LVU3054
ARM GAS  C:\Users\nicx5\AppData\Local\Temp\ccUpawvI.s 			page 287


 10788 0020 2846     		mov	r0, r5
 10789              	.LVL1004:
 420:Libs/cJSON/cJSON.c ****     v2_len = strlen(object->valuestring);
 10790              		.loc 1 420 14 view .LVU3055
 10791 0022 FFF7FEFF 		bl	strlen
 10792              	.LVL1005:
 422:Libs/cJSON/cJSON.c ****     if (v1_len <= v2_len)
 10793              		.loc 1 422 5 is_stmt 1 view .LVU3056
 422:Libs/cJSON/cJSON.c ****     if (v1_len <= v2_len)
 10794              		.loc 1 422 8 is_stmt 0 view .LVU3057
 10795 0026 8642     		cmp	r6, r0
 10796 0028 0CD8     		bhi	.L926
 425:Libs/cJSON/cJSON.c ****         if (!( valuestring + v1_len < object->valuestring || object->valuestring + v2_len < valuest
 10797              		.loc 1 425 9 is_stmt 1 view .LVU3058
 425:Libs/cJSON/cJSON.c ****         if (!( valuestring + v1_len < object->valuestring || object->valuestring + v2_len < valuest
 10798              		.loc 1 425 28 is_stmt 0 view .LVU3059
 10799 002a 2644     		add	r6, r6, r4
 10800              	.LVL1006:
 425:Libs/cJSON/cJSON.c ****         if (!( valuestring + v1_len < object->valuestring || object->valuestring + v2_len < valuest
 10801              		.loc 1 425 12 view .LVU3060
 10802 002c B542     		cmp	r5, r6
 10803 002e 02D8     		bhi	.L927
 425:Libs/cJSON/cJSON.c ****         if (!( valuestring + v1_len < object->valuestring || object->valuestring + v2_len < valuest
 10804              		.loc 1 425 82 discriminator 1 view .LVU3061
 10805 0030 2844     		add	r0, r0, r5
 10806              	.LVL1007:
 425:Libs/cJSON/cJSON.c ****         if (!( valuestring + v1_len < object->valuestring || object->valuestring + v2_len < valuest
 10807              		.loc 1 425 13 discriminator 1 view .LVU3062
 10808 0032 A042     		cmp	r0, r4
 10809 0034 19D2     		bcs	.L932
 10810              	.L927:
 429:Libs/cJSON/cJSON.c ****         strcpy(object->valuestring, valuestring);
 10811              		.loc 1 429 9 is_stmt 1 view .LVU3063
 10812 0036 2146     		mov	r1, r4
 10813 0038 2846     		mov	r0, r5
 10814 003a FFF7FEFF 		bl	strcpy
 10815              	.LVL1008:
 430:Libs/cJSON/cJSON.c ****         return object->valuestring;
 10816              		.loc 1 430 9 view .LVU3064
 430:Libs/cJSON/cJSON.c ****         return object->valuestring;
 10817              		.loc 1 430 22 is_stmt 0 view .LVU3065
 10818 003e 3D69     		ldr	r5, [r7, #16]
 10819              	.LVL1009:
 10820              	.L924:
 444:Libs/cJSON/cJSON.c **** }
 10821              		.loc 1 444 1 view .LVU3066
 10822 0040 2846     		mov	r0, r5
 10823 0042 F8BD     		pop	{r3, r4, r5, r6, r7, pc}
 10824              	.LVL1010:
 10825              	.L926:
 432:Libs/cJSON/cJSON.c ****     copy = (char*) cJSON_strdup((const unsigned char*)valuestring, &global_hooks);
 10826              		.loc 1 432 5 is_stmt 1 view .LVU3067
 432:Libs/cJSON/cJSON.c ****     copy = (char*) cJSON_strdup((const unsigned char*)valuestring, &global_hooks);
 10827              		.loc 1 432 20 is_stmt 0 view .LVU3068
 10828 0044 0A49     		ldr	r1, .L934
 10829 0046 2046     		mov	r0, r4
 10830              	.LVL1011:
ARM GAS  C:\Users\nicx5\AppData\Local\Temp\ccUpawvI.s 			page 288


 432:Libs/cJSON/cJSON.c ****     copy = (char*) cJSON_strdup((const unsigned char*)valuestring, &global_hooks);
 10831              		.loc 1 432 20 view .LVU3069
 10832 0048 FFF7FEFF 		bl	cJSON_strdup
 10833              	.LVL1012:
 433:Libs/cJSON/cJSON.c ****     if (copy == NULL)
 10834              		.loc 1 433 5 is_stmt 1 view .LVU3070
 433:Libs/cJSON/cJSON.c ****     if (copy == NULL)
 10835              		.loc 1 433 8 is_stmt 0 view .LVU3071
 10836 004c 0546     		mov	r5, r0
 10837 004e 0028     		cmp	r0, #0
 10838 0050 F6D0     		beq	.L924
 437:Libs/cJSON/cJSON.c ****     if (object->valuestring != NULL)
 10839              		.loc 1 437 5 is_stmt 1 view .LVU3072
 437:Libs/cJSON/cJSON.c ****     if (object->valuestring != NULL)
 10840              		.loc 1 437 15 is_stmt 0 view .LVU3073
 10841 0052 3869     		ldr	r0, [r7, #16]
 10842              	.LVL1013:
 437:Libs/cJSON/cJSON.c ****     if (object->valuestring != NULL)
 10843              		.loc 1 437 8 view .LVU3074
 10844 0054 08B1     		cbz	r0, .L928
 439:Libs/cJSON/cJSON.c ****         cJSON_free(object->valuestring);
 10845              		.loc 1 439 9 is_stmt 1 view .LVU3075
 10846 0056 FFF7FEFF 		bl	cJSON_free
 10847              	.LVL1014:
 10848              	.L928:
 441:Libs/cJSON/cJSON.c ****     object->valuestring = copy;
 10849              		.loc 1 441 5 view .LVU3076
 441:Libs/cJSON/cJSON.c ****     object->valuestring = copy;
 10850              		.loc 1 441 25 is_stmt 0 view .LVU3077
 10851 005a 3D61     		str	r5, [r7, #16]
 443:Libs/cJSON/cJSON.c ****     return copy;
 10852              		.loc 1 443 5 is_stmt 1 view .LVU3078
 443:Libs/cJSON/cJSON.c ****     return copy;
 10853              		.loc 1 443 12 is_stmt 0 view .LVU3079
 10854 005c F0E7     		b	.L924
 10855              	.LVL1015:
 10856              	.L929:
 411:Libs/cJSON/cJSON.c ****         return NULL;
 10857              		.loc 1 411 16 view .LVU3080
 10858 005e 0546     		mov	r5, r0
 10859 0060 EEE7     		b	.L924
 10860              	.L930:
 411:Libs/cJSON/cJSON.c ****         return NULL;
 10861              		.loc 1 411 16 view .LVU3081
 10862 0062 0025     		movs	r5, #0
 10863 0064 ECE7     		b	.L924
 10864              	.L931:
 416:Libs/cJSON/cJSON.c ****         return NULL;
 10865              		.loc 1 416 16 view .LVU3082
 10866 0066 0D46     		mov	r5, r1
 10867 0068 EAE7     		b	.L924
 10868              	.LVL1016:
 10869              	.L932:
 427:Libs/cJSON/cJSON.c ****             return NULL;
 10870              		.loc 1 427 20 view .LVU3083
 10871 006a 0025     		movs	r5, #0
 10872 006c E8E7     		b	.L924
ARM GAS  C:\Users\nicx5\AppData\Local\Temp\ccUpawvI.s 			page 289


 10873              	.L935:
 10874 006e 00BF     		.align	2
 10875              	.L934:
 10876 0070 00000000 		.word	global_hooks
 10877              		.cfi_endproc
 10878              	.LFE16:
 10880              		.section	.text.replace_item_in_object,"ax",%progbits
 10881              		.align	1
 10882              		.syntax unified
 10883              		.thumb
 10884              		.thumb_func
 10886              	replace_item_in_object:
 10887              	.LVL1017:
 10888              	.LFB79:
2386:Libs/cJSON/cJSON.c **** {
 10889              		.loc 1 2386 1 is_stmt 1 view -0
 10890              		.cfi_startproc
 10891              		@ args = 0, pretend = 0, frame = 0
 10892              		@ frame_needed = 0, uses_anonymous_args = 0
2387:Libs/cJSON/cJSON.c ****     if ((replacement == NULL) || (string == NULL))
 10893              		.loc 1 2387 5 view .LVU3085
2387:Libs/cJSON/cJSON.c ****     if ((replacement == NULL) || (string == NULL))
 10894              		.loc 1 2387 8 is_stmt 0 view .LVU3086
 10895 0000 0029     		cmp	r1, #0
 10896 0002 18BF     		it	ne
 10897 0004 002A     		cmpne	r2, #0
 10898 0006 21D0     		beq	.L939
2386:Libs/cJSON/cJSON.c **** {
 10899              		.loc 1 2386 1 view .LVU3087
 10900 0008 F8B5     		push	{r3, r4, r5, r6, r7, lr}
 10901              	.LCFI173:
 10902              		.cfi_def_cfa_offset 24
 10903              		.cfi_offset 3, -24
 10904              		.cfi_offset 4, -20
 10905              		.cfi_offset 5, -16
 10906              		.cfi_offset 6, -12
 10907              		.cfi_offset 7, -8
 10908              		.cfi_offset 14, -4
 10909 000a 0546     		mov	r5, r0
 10910 000c 1F46     		mov	r7, r3
 10911 000e 1446     		mov	r4, r2
 10912 0010 0E46     		mov	r6, r1
2393:Libs/cJSON/cJSON.c ****     if (!(replacement->type & cJSON_StringIsConst) && (replacement->string != NULL))
 10913              		.loc 1 2393 5 is_stmt 1 view .LVU3088
2393:Libs/cJSON/cJSON.c ****     if (!(replacement->type & cJSON_StringIsConst) && (replacement->string != NULL))
 10914              		.loc 1 2393 22 is_stmt 0 view .LVU3089
 10915 0012 D368     		ldr	r3, [r2, #12]
 10916              	.LVL1018:
2393:Libs/cJSON/cJSON.c ****     if (!(replacement->type & cJSON_StringIsConst) && (replacement->string != NULL))
 10917              		.loc 1 2393 8 view .LVU3090
 10918 0014 13F4007F 		tst	r3, #512
 10919 0018 03D1     		bne	.L938
2393:Libs/cJSON/cJSON.c ****     if (!(replacement->type & cJSON_StringIsConst) && (replacement->string != NULL))
 10920              		.loc 1 2393 67 discriminator 1 view .LVU3091
 10921 001a 106A     		ldr	r0, [r2, #32]
 10922              	.LVL1019:
2393:Libs/cJSON/cJSON.c ****     if (!(replacement->type & cJSON_StringIsConst) && (replacement->string != NULL))
ARM GAS  C:\Users\nicx5\AppData\Local\Temp\ccUpawvI.s 			page 290


 10923              		.loc 1 2393 52 discriminator 1 view .LVU3092
 10924 001c 08B1     		cbz	r0, .L938
2395:Libs/cJSON/cJSON.c ****         cJSON_free(replacement->string);
 10925              		.loc 1 2395 9 is_stmt 1 view .LVU3093
 10926 001e FFF7FEFF 		bl	cJSON_free
 10927              	.LVL1020:
 10928              	.L938:
2397:Libs/cJSON/cJSON.c ****     replacement->string = (char*)cJSON_strdup((const unsigned char*)string, &global_hooks);
 10929              		.loc 1 2397 5 view .LVU3094
2397:Libs/cJSON/cJSON.c ****     replacement->string = (char*)cJSON_strdup((const unsigned char*)string, &global_hooks);
 10930              		.loc 1 2397 34 is_stmt 0 view .LVU3095
 10931 0022 0C49     		ldr	r1, .L945
 10932 0024 3046     		mov	r0, r6
 10933 0026 FFF7FEFF 		bl	cJSON_strdup
 10934              	.LVL1021:
2397:Libs/cJSON/cJSON.c ****     replacement->string = (char*)cJSON_strdup((const unsigned char*)string, &global_hooks);
 10935              		.loc 1 2397 25 discriminator 1 view .LVU3096
 10936 002a 2062     		str	r0, [r4, #32]
2398:Libs/cJSON/cJSON.c ****     if (replacement->string == NULL)
 10937              		.loc 1 2398 5 is_stmt 1 view .LVU3097
2398:Libs/cJSON/cJSON.c ****     if (replacement->string == NULL)
 10938              		.loc 1 2398 8 is_stmt 0 view .LVU3098
 10939 002c 80B1     		cbz	r0, .L940
2403:Libs/cJSON/cJSON.c ****     replacement->type &= ~cJSON_StringIsConst;
 10940              		.loc 1 2403 5 is_stmt 1 view .LVU3099
2403:Libs/cJSON/cJSON.c ****     replacement->type &= ~cJSON_StringIsConst;
 10941              		.loc 1 2403 16 is_stmt 0 view .LVU3100
 10942 002e E368     		ldr	r3, [r4, #12]
2403:Libs/cJSON/cJSON.c ****     replacement->type &= ~cJSON_StringIsConst;
 10943              		.loc 1 2403 23 view .LVU3101
 10944 0030 23F40073 		bic	r3, r3, #512
 10945 0034 E360     		str	r3, [r4, #12]
2405:Libs/cJSON/cJSON.c ****     return cJSON_ReplaceItemViaPointer(object, get_object_item(object, string, case_sensitive), rep
 10946              		.loc 1 2405 5 is_stmt 1 view .LVU3102
2405:Libs/cJSON/cJSON.c ****     return cJSON_ReplaceItemViaPointer(object, get_object_item(object, string, case_sensitive), rep
 10947              		.loc 1 2405 12 is_stmt 0 view .LVU3103
 10948 0036 3A46     		mov	r2, r7
 10949 0038 3146     		mov	r1, r6
 10950 003a 2846     		mov	r0, r5
 10951 003c FFF7FEFF 		bl	get_object_item
 10952              	.LVL1022:
 10953 0040 0146     		mov	r1, r0
2405:Libs/cJSON/cJSON.c ****     return cJSON_ReplaceItemViaPointer(object, get_object_item(object, string, case_sensitive), rep
 10954              		.loc 1 2405 12 discriminator 1 view .LVU3104
 10955 0042 2246     		mov	r2, r4
 10956 0044 2846     		mov	r0, r5
 10957 0046 FFF7FEFF 		bl	cJSON_ReplaceItemViaPointer
 10958              	.LVL1023:
 10959              	.L936:
2406:Libs/cJSON/cJSON.c **** }
 10960              		.loc 1 2406 1 view .LVU3105
 10961 004a F8BD     		pop	{r3, r4, r5, r6, r7, pc}
 10962              	.LVL1024:
 10963              	.L939:
 10964              	.LCFI174:
 10965              		.cfi_def_cfa_offset 0
 10966              		.cfi_restore 3
ARM GAS  C:\Users\nicx5\AppData\Local\Temp\ccUpawvI.s 			page 291


 10967              		.cfi_restore 4
 10968              		.cfi_restore 5
 10969              		.cfi_restore 6
 10970              		.cfi_restore 7
 10971              		.cfi_restore 14
2389:Libs/cJSON/cJSON.c ****         return false;
 10972              		.loc 1 2389 16 view .LVU3106
 10973 004c 0020     		movs	r0, #0
 10974              	.LVL1025:
2406:Libs/cJSON/cJSON.c **** }
 10975              		.loc 1 2406 1 view .LVU3107
 10976 004e 7047     		bx	lr
 10977              	.LVL1026:
 10978              	.L940:
 10979              	.LCFI175:
 10980              		.cfi_def_cfa_offset 24
 10981              		.cfi_offset 3, -24
 10982              		.cfi_offset 4, -20
 10983              		.cfi_offset 5, -16
 10984              		.cfi_offset 6, -12
 10985              		.cfi_offset 7, -8
 10986              		.cfi_offset 14, -4
2400:Libs/cJSON/cJSON.c ****         return false;
 10987              		.loc 1 2400 16 view .LVU3108
 10988 0050 0020     		movs	r0, #0
 10989 0052 FAE7     		b	.L936
 10990              	.L946:
 10991              		.align	2
 10992              	.L945:
 10993 0054 00000000 		.word	global_hooks
 10994              		.cfi_endproc
 10995              	.LFE79:
 10997              		.section	.text.cJSON_ReplaceItemInObject,"ax",%progbits
 10998              		.align	1
 10999              		.global	cJSON_ReplaceItemInObject
 11000              		.syntax unified
 11001              		.thumb
 11002              		.thumb_func
 11004              	cJSON_ReplaceItemInObject:
 11005              	.LVL1027:
 11006              	.LFB80:
2409:Libs/cJSON/cJSON.c **** {
 11007              		.loc 1 2409 1 is_stmt 1 view -0
 11008              		.cfi_startproc
 11009              		@ args = 0, pretend = 0, frame = 0
 11010              		@ frame_needed = 0, uses_anonymous_args = 0
2409:Libs/cJSON/cJSON.c **** {
 11011              		.loc 1 2409 1 is_stmt 0 view .LVU3110
 11012 0000 08B5     		push	{r3, lr}
 11013              	.LCFI176:
 11014              		.cfi_def_cfa_offset 8
 11015              		.cfi_offset 3, -8
 11016              		.cfi_offset 14, -4
2410:Libs/cJSON/cJSON.c ****     return replace_item_in_object(object, string, newitem, false);
 11017              		.loc 1 2410 5 is_stmt 1 view .LVU3111
2410:Libs/cJSON/cJSON.c ****     return replace_item_in_object(object, string, newitem, false);
 11018              		.loc 1 2410 12 is_stmt 0 view .LVU3112
ARM GAS  C:\Users\nicx5\AppData\Local\Temp\ccUpawvI.s 			page 292


 11019 0002 0023     		movs	r3, #0
 11020 0004 FFF7FEFF 		bl	replace_item_in_object
 11021              	.LVL1028:
2411:Libs/cJSON/cJSON.c **** }
 11022              		.loc 1 2411 1 view .LVU3113
 11023 0008 08BD     		pop	{r3, pc}
 11024              		.cfi_endproc
 11025              	.LFE80:
 11027              		.section	.text.cJSON_ReplaceItemInObjectCaseSensitive,"ax",%progbits
 11028              		.align	1
 11029              		.global	cJSON_ReplaceItemInObjectCaseSensitive
 11030              		.syntax unified
 11031              		.thumb
 11032              		.thumb_func
 11034              	cJSON_ReplaceItemInObjectCaseSensitive:
 11035              	.LVL1029:
 11036              	.LFB81:
2414:Libs/cJSON/cJSON.c **** {
 11037              		.loc 1 2414 1 is_stmt 1 view -0
 11038              		.cfi_startproc
 11039              		@ args = 0, pretend = 0, frame = 0
 11040              		@ frame_needed = 0, uses_anonymous_args = 0
2414:Libs/cJSON/cJSON.c **** {
 11041              		.loc 1 2414 1 is_stmt 0 view .LVU3115
 11042 0000 08B5     		push	{r3, lr}
 11043              	.LCFI177:
 11044              		.cfi_def_cfa_offset 8
 11045              		.cfi_offset 3, -8
 11046              		.cfi_offset 14, -4
2415:Libs/cJSON/cJSON.c ****     return replace_item_in_object(object, string, newitem, true);
 11047              		.loc 1 2415 5 is_stmt 1 view .LVU3116
2415:Libs/cJSON/cJSON.c ****     return replace_item_in_object(object, string, newitem, true);
 11048              		.loc 1 2415 12 is_stmt 0 view .LVU3117
 11049 0002 0123     		movs	r3, #1
 11050 0004 FFF7FEFF 		bl	replace_item_in_object
 11051              	.LVL1030:
2416:Libs/cJSON/cJSON.c **** }
 11052              		.loc 1 2416 1 view .LVU3118
 11053 0008 08BD     		pop	{r3, pc}
 11054              		.cfi_endproc
 11055              	.LFE81:
 11057              		.section	.bss.version.0,"aw",%nobits
 11058              		.align	2
 11061              	version.0:
 11062 0000 00000000 		.space	15
 11062      00000000 
 11062      00000000 
 11062      000000
 11063              		.section	.data.global_hooks,"aw"
 11064              		.align	2
 11067              	global_hooks:
 11068 0000 00000000 		.word	malloc
 11069 0004 00000000 		.word	free
 11070 0008 00000000 		.word	realloc
 11071              		.section	.bss.global_error,"aw",%nobits
 11072              		.align	2
 11075              	global_error:
ARM GAS  C:\Users\nicx5\AppData\Local\Temp\ccUpawvI.s 			page 293


 11076 0000 00000000 		.space	8
 11076      00000000 
 11077              		.text
 11078              	.Letext0:
 11079              		.file 2 "Libs/cJSON/cJSON.h"
 11080              		.file 3 "D:/Program Files/msys64/mingw64/lib/gcc/arm-none-eabi/13.3.0/include/stddef.h"
 11081              		.file 4 "D:/Program Files/msys64/mingw64/arm-none-eabi/include/string.h"
 11082              		.file 5 "D:/Program Files/msys64/mingw64/arm-none-eabi/include/stdio.h"
 11083              		.file 6 "D:/Program Files/msys64/mingw64/arm-none-eabi/include/stdlib.h"
 11084              		.file 7 "D:/Program Files/msys64/mingw64/arm-none-eabi/include/ctype.h"
 11085              		.file 8 "<built-in>"
ARM GAS  C:\Users\nicx5\AppData\Local\Temp\ccUpawvI.s 			page 294


DEFINED SYMBOLS
                            *ABS*:00000000 cJSON.c
C:\Users\nicx5\AppData\Local\Temp\ccUpawvI.s:20     .text.case_insensitive_strcmp:00000000 $t
C:\Users\nicx5\AppData\Local\Temp\ccUpawvI.s:25     .text.case_insensitive_strcmp:00000000 case_insensitive_strcmp
C:\Users\nicx5\AppData\Local\Temp\ccUpawvI.s:145    .text.case_insensitive_strcmp:00000060 $d
C:\Users\nicx5\AppData\Local\Temp\ccUpawvI.s:150    .text.get_decimal_point:00000000 $t
C:\Users\nicx5\AppData\Local\Temp\ccUpawvI.s:155    .text.get_decimal_point:00000000 get_decimal_point
C:\Users\nicx5\AppData\Local\Temp\ccUpawvI.s:170    .text.compare_double:00000000 $t
C:\Users\nicx5\AppData\Local\Temp\ccUpawvI.s:175    .text.compare_double:00000000 compare_double
C:\Users\nicx5\AppData\Local\Temp\ccUpawvI.s:217    .text.compare_double:00000038 $d
C:\Users\nicx5\AppData\Local\Temp\ccUpawvI.s:223    .text.parse_hex4:00000000 $t
C:\Users\nicx5\AppData\Local\Temp\ccUpawvI.s:228    .text.parse_hex4:00000000 parse_hex4
C:\Users\nicx5\AppData\Local\Temp\ccUpawvI.s:326    .text.utf16_literal_to_utf8:00000000 $t
C:\Users\nicx5\AppData\Local\Temp\ccUpawvI.s:331    .text.utf16_literal_to_utf8:00000000 utf16_literal_to_utf8
C:\Users\nicx5\AppData\Local\Temp\ccUpawvI.s:623    .text.utf16_literal_to_utf8:000000e8 $d
C:\Users\nicx5\AppData\Local\Temp\ccUpawvI.s:628    .text.parse_string:00000000 $t
C:\Users\nicx5\AppData\Local\Temp\ccUpawvI.s:633    .text.parse_string:00000000 parse_string
C:\Users\nicx5\AppData\Local\Temp\ccUpawvI.s:786    .text.parse_string:0000007e $d
C:\Users\nicx5\AppData\Local\Temp\ccUpawvI.s:812    .text.parse_string:00000098 $t
C:\Users\nicx5\AppData\Local\Temp\ccUpawvI.s:1027   .text.buffer_skip_whitespace:00000000 $t
C:\Users\nicx5\AppData\Local\Temp\ccUpawvI.s:1032   .text.buffer_skip_whitespace:00000000 buffer_skip_whitespace
C:\Users\nicx5\AppData\Local\Temp\ccUpawvI.s:1119   .text.get_array_item:00000000 $t
C:\Users\nicx5\AppData\Local\Temp\ccUpawvI.s:1124   .text.get_array_item:00000000 get_array_item
C:\Users\nicx5\AppData\Local\Temp\ccUpawvI.s:1172   .text.suffix_object:00000000 $t
C:\Users\nicx5\AppData\Local\Temp\ccUpawvI.s:1177   .text.suffix_object:00000000 suffix_object
C:\Users\nicx5\AppData\Local\Temp\ccUpawvI.s:1197   .text.add_item_to_array:00000000 $t
C:\Users\nicx5\AppData\Local\Temp\ccUpawvI.s:1202   .text.add_item_to_array:00000000 add_item_to_array
C:\Users\nicx5\AppData\Local\Temp\ccUpawvI.s:1307   .text.cast_away_const:00000000 $t
C:\Users\nicx5\AppData\Local\Temp\ccUpawvI.s:1312   .text.cast_away_const:00000000 cast_away_const
C:\Users\nicx5\AppData\Local\Temp\ccUpawvI.s:1327   .text.skip_oneline_comment:00000000 $t
C:\Users\nicx5\AppData\Local\Temp\ccUpawvI.s:1332   .text.skip_oneline_comment:00000000 skip_oneline_comment
C:\Users\nicx5\AppData\Local\Temp\ccUpawvI.s:1376   .text.skip_multiline_comment:00000000 $t
C:\Users\nicx5\AppData\Local\Temp\ccUpawvI.s:1381   .text.skip_multiline_comment:00000000 skip_multiline_comment
C:\Users\nicx5\AppData\Local\Temp\ccUpawvI.s:1430   .text.minify_string:00000000 $t
C:\Users\nicx5\AppData\Local\Temp\ccUpawvI.s:1435   .text.minify_string:00000000 minify_string
C:\Users\nicx5\AppData\Local\Temp\ccUpawvI.s:1548   .text.update_offset:00000000 $t
C:\Users\nicx5\AppData\Local\Temp\ccUpawvI.s:1553   .text.update_offset:00000000 update_offset
C:\Users\nicx5\AppData\Local\Temp\ccUpawvI.s:1610   .text.cJSON_strdup:00000000 $t
C:\Users\nicx5\AppData\Local\Temp\ccUpawvI.s:1615   .text.cJSON_strdup:00000000 cJSON_strdup
C:\Users\nicx5\AppData\Local\Temp\ccUpawvI.s:1677   .text.add_item_to_object:00000000 $t
C:\Users\nicx5\AppData\Local\Temp\ccUpawvI.s:1682   .text.add_item_to_object:00000000 add_item_to_object
C:\Users\nicx5\AppData\Local\Temp\ccUpawvI.s:1841   .text.ensure:00000000 $t
C:\Users\nicx5\AppData\Local\Temp\ccUpawvI.s:1846   .text.ensure:00000000 ensure
C:\Users\nicx5\AppData\Local\Temp\ccUpawvI.s:2064   .text.cJSON_New_Item:00000000 $t
C:\Users\nicx5\AppData\Local\Temp\ccUpawvI.s:2069   .text.cJSON_New_Item:00000000 cJSON_New_Item
C:\Users\nicx5\AppData\Local\Temp\ccUpawvI.s:2110   .text.create_reference:00000000 $t
C:\Users\nicx5\AppData\Local\Temp\ccUpawvI.s:2115   .text.create_reference:00000000 create_reference
C:\Users\nicx5\AppData\Local\Temp\ccUpawvI.s:2193   .rodata.skip_utf8_bom.str1.4:00000000 $d
C:\Users\nicx5\AppData\Local\Temp\ccUpawvI.s:2197   .text.skip_utf8_bom:00000000 $t
C:\Users\nicx5\AppData\Local\Temp\ccUpawvI.s:2202   .text.skip_utf8_bom:00000000 skip_utf8_bom
C:\Users\nicx5\AppData\Local\Temp\ccUpawvI.s:2270   .text.skip_utf8_bom:00000034 $d
C:\Users\nicx5\AppData\Local\Temp\ccUpawvI.s:2275   .text.parse_number:00000000 $t
C:\Users\nicx5\AppData\Local\Temp\ccUpawvI.s:2280   .text.parse_number:00000000 parse_number
C:\Users\nicx5\AppData\Local\Temp\ccUpawvI.s:2491   .text.parse_number:000000e0 $d
C:\Users\nicx5\AppData\Local\Temp\ccUpawvI.s:2500   .rodata.print_string_ptr.str1.4:00000000 $d
C:\Users\nicx5\AppData\Local\Temp\ccUpawvI.s:2507   .text.print_string_ptr:00000000 $t
C:\Users\nicx5\AppData\Local\Temp\ccUpawvI.s:2512   .text.print_string_ptr:00000000 print_string_ptr
ARM GAS  C:\Users\nicx5\AppData\Local\Temp\ccUpawvI.s 			page 295


C:\Users\nicx5\AppData\Local\Temp\ccUpawvI.s:2702   .text.print_string_ptr:000000b2 $d
C:\Users\nicx5\AppData\Local\Temp\ccUpawvI.s:2882   .text.print_string_ptr:0000013c $d
C:\Users\nicx5\AppData\Local\Temp\ccUpawvI.s:2889   .text.print_string:00000000 $t
C:\Users\nicx5\AppData\Local\Temp\ccUpawvI.s:2894   .text.print_string:00000000 print_string
C:\Users\nicx5\AppData\Local\Temp\ccUpawvI.s:2920   .rodata.print_number.str1.4:00000000 $d
C:\Users\nicx5\AppData\Local\Temp\ccUpawvI.s:2936   .text.print_number:00000000 $t
C:\Users\nicx5\AppData\Local\Temp\ccUpawvI.s:2941   .text.print_number:00000000 print_number
C:\Users\nicx5\AppData\Local\Temp\ccUpawvI.s:3200   .text.print_number:00000110 $d
C:\Users\nicx5\AppData\Local\Temp\ccUpawvI.s:3211   .rodata.print_value.str1.4:00000000 $d
C:\Users\nicx5\AppData\Local\Temp\ccUpawvI.s:3218   .text.print_value:00000000 $t
C:\Users\nicx5\AppData\Local\Temp\ccUpawvI.s:3223   .text.print_value:00000000 print_value
C:\Users\nicx5\AppData\Local\Temp\ccUpawvI.s:3261   .text.print_value:00000022 $d
C:\Users\nicx5\AppData\Local\Temp\ccUpawvI.s:3293   .text.print_value:00000042 $t
C:\Users\nicx5\AppData\Local\Temp\ccUpawvI.s:3705   .text.print_array:00000000 print_array
C:\Users\nicx5\AppData\Local\Temp\ccUpawvI.s:3915   .text.print_object:00000000 print_object
C:\Users\nicx5\AppData\Local\Temp\ccUpawvI.s:3508   .text.print_value:00000100 $d
C:\Users\nicx5\AppData\Local\Temp\ccUpawvI.s:3516   .text.print:00000000 $t
C:\Users\nicx5\AppData\Local\Temp\ccUpawvI.s:3521   .text.print:00000000 print
C:\Users\nicx5\AppData\Local\Temp\ccUpawvI.s:3700   .text.print_array:00000000 $t
C:\Users\nicx5\AppData\Local\Temp\ccUpawvI.s:3910   .text.print_object:00000000 $t
C:\Users\nicx5\AppData\Local\Temp\ccUpawvI.s:4338   .text.get_object_item:00000000 $t
C:\Users\nicx5\AppData\Local\Temp\ccUpawvI.s:4343   .text.get_object_item:00000000 get_object_item
C:\Users\nicx5\AppData\Local\Temp\ccUpawvI.s:4448   .text.cJSON_GetErrorPtr:00000000 $t
C:\Users\nicx5\AppData\Local\Temp\ccUpawvI.s:4454   .text.cJSON_GetErrorPtr:00000000 cJSON_GetErrorPtr
C:\Users\nicx5\AppData\Local\Temp\ccUpawvI.s:4473   .text.cJSON_GetErrorPtr:0000000c $d
C:\Users\nicx5\AppData\Local\Temp\ccUpawvI.s:11075  .bss.global_error:00000000 global_error
C:\Users\nicx5\AppData\Local\Temp\ccUpawvI.s:4478   .rodata.cJSON_Version.str1.4:00000000 $d
C:\Users\nicx5\AppData\Local\Temp\ccUpawvI.s:4482   .text.cJSON_Version:00000000 $t
C:\Users\nicx5\AppData\Local\Temp\ccUpawvI.s:4488   .text.cJSON_Version:00000000 cJSON_Version
C:\Users\nicx5\AppData\Local\Temp\ccUpawvI.s:4524   .text.cJSON_Version:0000001c $d
C:\Users\nicx5\AppData\Local\Temp\ccUpawvI.s:11061  .bss.version.0:00000000 version.0
C:\Users\nicx5\AppData\Local\Temp\ccUpawvI.s:4530   .text.cJSON_InitHooks:00000000 $t
C:\Users\nicx5\AppData\Local\Temp\ccUpawvI.s:4536   .text.cJSON_InitHooks:00000000 cJSON_InitHooks
C:\Users\nicx5\AppData\Local\Temp\ccUpawvI.s:4625   .text.cJSON_InitHooks:00000050 $d
C:\Users\nicx5\AppData\Local\Temp\ccUpawvI.s:11067  .data.global_hooks:00000000 global_hooks
C:\Users\nicx5\AppData\Local\Temp\ccUpawvI.s:4633   .text.cJSON_Delete:00000000 $t
C:\Users\nicx5\AppData\Local\Temp\ccUpawvI.s:4639   .text.cJSON_Delete:00000000 cJSON_Delete
C:\Users\nicx5\AppData\Local\Temp\ccUpawvI.s:4749   .text.cJSON_Delete:00000058 $d
C:\Users\nicx5\AppData\Local\Temp\ccUpawvI.s:4754   .text.parse_object:00000000 $t
C:\Users\nicx5\AppData\Local\Temp\ccUpawvI.s:4759   .text.parse_object:00000000 parse_object
C:\Users\nicx5\AppData\Local\Temp\ccUpawvI.s:5104   .text.parse_value:00000000 parse_value
C:\Users\nicx5\AppData\Local\Temp\ccUpawvI.s:5099   .text.parse_value:00000000 $t
C:\Users\nicx5\AppData\Local\Temp\ccUpawvI.s:5359   .text.parse_array:00000000 parse_array
C:\Users\nicx5\AppData\Local\Temp\ccUpawvI.s:5347   .text.parse_value:000000ec $d
C:\Users\nicx5\AppData\Local\Temp\ccUpawvI.s:5354   .text.parse_array:00000000 $t
C:\Users\nicx5\AppData\Local\Temp\ccUpawvI.s:5638   .text.cJSON_SetNumberHelper:00000000 $t
C:\Users\nicx5\AppData\Local\Temp\ccUpawvI.s:5644   .text.cJSON_SetNumberHelper:00000000 cJSON_SetNumberHelper
C:\Users\nicx5\AppData\Local\Temp\ccUpawvI.s:5690   .text.cJSON_SetNumberHelper:00000040 $d
C:\Users\nicx5\AppData\Local\Temp\ccUpawvI.s:5698   .text.cJSON_ParseWithLengthOpts:00000000 $t
C:\Users\nicx5\AppData\Local\Temp\ccUpawvI.s:5704   .text.cJSON_ParseWithLengthOpts:00000000 cJSON_ParseWithLengthOpts
C:\Users\nicx5\AppData\Local\Temp\ccUpawvI.s:5921   .text.cJSON_ParseWithLengthOpts:000000c4 $d
C:\Users\nicx5\AppData\Local\Temp\ccUpawvI.s:5927   .text.cJSON_ParseWithOpts:00000000 $t
C:\Users\nicx5\AppData\Local\Temp\ccUpawvI.s:5933   .text.cJSON_ParseWithOpts:00000000 cJSON_ParseWithOpts
C:\Users\nicx5\AppData\Local\Temp\ccUpawvI.s:5977   .text.cJSON_Parse:00000000 $t
C:\Users\nicx5\AppData\Local\Temp\ccUpawvI.s:5983   .text.cJSON_Parse:00000000 cJSON_Parse
C:\Users\nicx5\AppData\Local\Temp\ccUpawvI.s:6008   .text.cJSON_ParseWithLength:00000000 $t
C:\Users\nicx5\AppData\Local\Temp\ccUpawvI.s:6014   .text.cJSON_ParseWithLength:00000000 cJSON_ParseWithLength
ARM GAS  C:\Users\nicx5\AppData\Local\Temp\ccUpawvI.s 			page 296


C:\Users\nicx5\AppData\Local\Temp\ccUpawvI.s:6039   .text.cJSON_Print:00000000 $t
C:\Users\nicx5\AppData\Local\Temp\ccUpawvI.s:6045   .text.cJSON_Print:00000000 cJSON_Print
C:\Users\nicx5\AppData\Local\Temp\ccUpawvI.s:6069   .text.cJSON_Print:0000000c $d
C:\Users\nicx5\AppData\Local\Temp\ccUpawvI.s:6074   .text.cJSON_PrintUnformatted:00000000 $t
C:\Users\nicx5\AppData\Local\Temp\ccUpawvI.s:6080   .text.cJSON_PrintUnformatted:00000000 cJSON_PrintUnformatted
C:\Users\nicx5\AppData\Local\Temp\ccUpawvI.s:6104   .text.cJSON_PrintUnformatted:0000000c $d
C:\Users\nicx5\AppData\Local\Temp\ccUpawvI.s:6109   .text.cJSON_PrintBuffered:00000000 $t
C:\Users\nicx5\AppData\Local\Temp\ccUpawvI.s:6115   .text.cJSON_PrintBuffered:00000000 cJSON_PrintBuffered
C:\Users\nicx5\AppData\Local\Temp\ccUpawvI.s:6230   .text.cJSON_PrintBuffered:0000005c $d
C:\Users\nicx5\AppData\Local\Temp\ccUpawvI.s:6235   .text.cJSON_PrintPreallocated:00000000 $t
C:\Users\nicx5\AppData\Local\Temp\ccUpawvI.s:6241   .text.cJSON_PrintPreallocated:00000000 cJSON_PrintPreallocated
C:\Users\nicx5\AppData\Local\Temp\ccUpawvI.s:6328   .text.cJSON_PrintPreallocated:0000004c $d
C:\Users\nicx5\AppData\Local\Temp\ccUpawvI.s:6333   .text.cJSON_GetArraySize:00000000 $t
C:\Users\nicx5\AppData\Local\Temp\ccUpawvI.s:6339   .text.cJSON_GetArraySize:00000000 cJSON_GetArraySize
C:\Users\nicx5\AppData\Local\Temp\ccUpawvI.s:6390   .text.cJSON_GetArrayItem:00000000 $t
C:\Users\nicx5\AppData\Local\Temp\ccUpawvI.s:6396   .text.cJSON_GetArrayItem:00000000 cJSON_GetArrayItem
C:\Users\nicx5\AppData\Local\Temp\ccUpawvI.s:6435   .text.cJSON_GetObjectItem:00000000 $t
C:\Users\nicx5\AppData\Local\Temp\ccUpawvI.s:6441   .text.cJSON_GetObjectItem:00000000 cJSON_GetObjectItem
C:\Users\nicx5\AppData\Local\Temp\ccUpawvI.s:6465   .text.cJSON_GetObjectItemCaseSensitive:00000000 $t
C:\Users\nicx5\AppData\Local\Temp\ccUpawvI.s:6471   .text.cJSON_GetObjectItemCaseSensitive:00000000 cJSON_GetObjectItemCaseSensitive
C:\Users\nicx5\AppData\Local\Temp\ccUpawvI.s:6495   .text.cJSON_HasObjectItem:00000000 $t
C:\Users\nicx5\AppData\Local\Temp\ccUpawvI.s:6501   .text.cJSON_HasObjectItem:00000000 cJSON_HasObjectItem
C:\Users\nicx5\AppData\Local\Temp\ccUpawvI.s:6527   .text.cJSON_AddItemToArray:00000000 $t
C:\Users\nicx5\AppData\Local\Temp\ccUpawvI.s:6533   .text.cJSON_AddItemToArray:00000000 cJSON_AddItemToArray
C:\Users\nicx5\AppData\Local\Temp\ccUpawvI.s:6556   .text.cJSON_AddItemToObject:00000000 $t
C:\Users\nicx5\AppData\Local\Temp\ccUpawvI.s:6562   .text.cJSON_AddItemToObject:00000000 cJSON_AddItemToObject
C:\Users\nicx5\AppData\Local\Temp\ccUpawvI.s:6593   .text.cJSON_AddItemToObject:00000014 $d
C:\Users\nicx5\AppData\Local\Temp\ccUpawvI.s:6598   .text.cJSON_AddItemToObjectCS:00000000 $t
C:\Users\nicx5\AppData\Local\Temp\ccUpawvI.s:6604   .text.cJSON_AddItemToObjectCS:00000000 cJSON_AddItemToObjectCS
C:\Users\nicx5\AppData\Local\Temp\ccUpawvI.s:6635   .text.cJSON_AddItemToObjectCS:00000014 $d
C:\Users\nicx5\AppData\Local\Temp\ccUpawvI.s:6640   .text.cJSON_AddItemReferenceToArray:00000000 $t
C:\Users\nicx5\AppData\Local\Temp\ccUpawvI.s:6646   .text.cJSON_AddItemReferenceToArray:00000000 cJSON_AddItemReferenceToArray
C:\Users\nicx5\AppData\Local\Temp\ccUpawvI.s:6696   .text.cJSON_AddItemReferenceToArray:00000020 $d
C:\Users\nicx5\AppData\Local\Temp\ccUpawvI.s:6701   .text.cJSON_AddItemReferenceToObject:00000000 $t
C:\Users\nicx5\AppData\Local\Temp\ccUpawvI.s:6707   .text.cJSON_AddItemReferenceToObject:00000000 cJSON_AddItemReferenceToObject
C:\Users\nicx5\AppData\Local\Temp\ccUpawvI.s:6772   .text.cJSON_AddItemReferenceToObject:00000034 $d
C:\Users\nicx5\AppData\Local\Temp\ccUpawvI.s:6777   .text.cJSON_DetachItemViaPointer:00000000 $t
C:\Users\nicx5\AppData\Local\Temp\ccUpawvI.s:6783   .text.cJSON_DetachItemViaPointer:00000000 cJSON_DetachItemViaPointer
C:\Users\nicx5\AppData\Local\Temp\ccUpawvI.s:6888   .text.cJSON_DetachItemFromArray:00000000 $t
C:\Users\nicx5\AppData\Local\Temp\ccUpawvI.s:6894   .text.cJSON_DetachItemFromArray:00000000 cJSON_DetachItemFromArray
C:\Users\nicx5\AppData\Local\Temp\ccUpawvI.s:6940   .text.cJSON_DeleteItemFromArray:00000000 $t
C:\Users\nicx5\AppData\Local\Temp\ccUpawvI.s:6946   .text.cJSON_DeleteItemFromArray:00000000 cJSON_DeleteItemFromArray
C:\Users\nicx5\AppData\Local\Temp\ccUpawvI.s:6971   .text.cJSON_DetachItemFromObject:00000000 $t
C:\Users\nicx5\AppData\Local\Temp\ccUpawvI.s:6977   .text.cJSON_DetachItemFromObject:00000000 cJSON_DetachItemFromObject
C:\Users\nicx5\AppData\Local\Temp\ccUpawvI.s:7012   .text.cJSON_DetachItemFromObjectCaseSensitive:00000000 $t
C:\Users\nicx5\AppData\Local\Temp\ccUpawvI.s:7018   .text.cJSON_DetachItemFromObjectCaseSensitive:00000000 cJSON_DetachItemFromObjectCaseSensitive
C:\Users\nicx5\AppData\Local\Temp\ccUpawvI.s:7053   .text.cJSON_DeleteItemFromObject:00000000 $t
C:\Users\nicx5\AppData\Local\Temp\ccUpawvI.s:7059   .text.cJSON_DeleteItemFromObject:00000000 cJSON_DeleteItemFromObject
C:\Users\nicx5\AppData\Local\Temp\ccUpawvI.s:7084   .text.cJSON_DeleteItemFromObjectCaseSensitive:00000000 $t
C:\Users\nicx5\AppData\Local\Temp\ccUpawvI.s:7090   .text.cJSON_DeleteItemFromObjectCaseSensitive:00000000 cJSON_DeleteItemFromObjectCaseSensitive
C:\Users\nicx5\AppData\Local\Temp\ccUpawvI.s:7115   .text.cJSON_InsertItemInArray:00000000 $t
C:\Users\nicx5\AppData\Local\Temp\ccUpawvI.s:7121   .text.cJSON_InsertItemInArray:00000000 cJSON_InsertItemInArray
C:\Users\nicx5\AppData\Local\Temp\ccUpawvI.s:7237   .text.cJSON_ReplaceItemViaPointer:00000000 $t
C:\Users\nicx5\AppData\Local\Temp\ccUpawvI.s:7243   .text.cJSON_ReplaceItemViaPointer:00000000 cJSON_ReplaceItemViaPointer
C:\Users\nicx5\AppData\Local\Temp\ccUpawvI.s:7395   .text.cJSON_ReplaceItemInArray:00000000 $t
C:\Users\nicx5\AppData\Local\Temp\ccUpawvI.s:7401   .text.cJSON_ReplaceItemInArray:00000000 cJSON_ReplaceItemInArray
C:\Users\nicx5\AppData\Local\Temp\ccUpawvI.s:7453   .text.cJSON_CreateNull:00000000 $t
ARM GAS  C:\Users\nicx5\AppData\Local\Temp\ccUpawvI.s 			page 297


C:\Users\nicx5\AppData\Local\Temp\ccUpawvI.s:7459   .text.cJSON_CreateNull:00000000 cJSON_CreateNull
C:\Users\nicx5\AppData\Local\Temp\ccUpawvI.s:7489   .text.cJSON_CreateNull:00000010 $d
C:\Users\nicx5\AppData\Local\Temp\ccUpawvI.s:7494   .text.cJSON_AddNullToObject:00000000 $t
C:\Users\nicx5\AppData\Local\Temp\ccUpawvI.s:7500   .text.cJSON_AddNullToObject:00000000 cJSON_AddNullToObject
C:\Users\nicx5\AppData\Local\Temp\ccUpawvI.s:7568   .text.cJSON_AddNullToObject:00000030 $d
C:\Users\nicx5\AppData\Local\Temp\ccUpawvI.s:7573   .text.cJSON_CreateTrue:00000000 $t
C:\Users\nicx5\AppData\Local\Temp\ccUpawvI.s:7579   .text.cJSON_CreateTrue:00000000 cJSON_CreateTrue
C:\Users\nicx5\AppData\Local\Temp\ccUpawvI.s:7609   .text.cJSON_CreateTrue:00000010 $d
C:\Users\nicx5\AppData\Local\Temp\ccUpawvI.s:7614   .text.cJSON_AddTrueToObject:00000000 $t
C:\Users\nicx5\AppData\Local\Temp\ccUpawvI.s:7620   .text.cJSON_AddTrueToObject:00000000 cJSON_AddTrueToObject
C:\Users\nicx5\AppData\Local\Temp\ccUpawvI.s:7688   .text.cJSON_AddTrueToObject:00000030 $d
C:\Users\nicx5\AppData\Local\Temp\ccUpawvI.s:7693   .text.cJSON_CreateFalse:00000000 $t
C:\Users\nicx5\AppData\Local\Temp\ccUpawvI.s:7699   .text.cJSON_CreateFalse:00000000 cJSON_CreateFalse
C:\Users\nicx5\AppData\Local\Temp\ccUpawvI.s:7729   .text.cJSON_CreateFalse:00000010 $d
C:\Users\nicx5\AppData\Local\Temp\ccUpawvI.s:7734   .text.cJSON_AddFalseToObject:00000000 $t
C:\Users\nicx5\AppData\Local\Temp\ccUpawvI.s:7740   .text.cJSON_AddFalseToObject:00000000 cJSON_AddFalseToObject
C:\Users\nicx5\AppData\Local\Temp\ccUpawvI.s:7808   .text.cJSON_AddFalseToObject:00000030 $d
C:\Users\nicx5\AppData\Local\Temp\ccUpawvI.s:7813   .text.cJSON_CreateBool:00000000 $t
C:\Users\nicx5\AppData\Local\Temp\ccUpawvI.s:7819   .text.cJSON_CreateBool:00000000 cJSON_CreateBool
C:\Users\nicx5\AppData\Local\Temp\ccUpawvI.s:7863   .text.cJSON_CreateBool:00000018 $d
C:\Users\nicx5\AppData\Local\Temp\ccUpawvI.s:7868   .text.cJSON_AddBoolToObject:00000000 $t
C:\Users\nicx5\AppData\Local\Temp\ccUpawvI.s:7874   .text.cJSON_AddBoolToObject:00000000 cJSON_AddBoolToObject
C:\Users\nicx5\AppData\Local\Temp\ccUpawvI.s:7945   .text.cJSON_AddBoolToObject:00000034 $d
C:\Users\nicx5\AppData\Local\Temp\ccUpawvI.s:7950   .text.cJSON_CreateNumber:00000000 $t
C:\Users\nicx5\AppData\Local\Temp\ccUpawvI.s:7956   .text.cJSON_CreateNumber:00000000 cJSON_CreateNumber
C:\Users\nicx5\AppData\Local\Temp\ccUpawvI.s:8042   .text.cJSON_CreateNumber:00000058 $d
C:\Users\nicx5\AppData\Local\Temp\ccUpawvI.s:8051   .text.cJSON_AddNumberToObject:00000000 $t
C:\Users\nicx5\AppData\Local\Temp\ccUpawvI.s:8057   .text.cJSON_AddNumberToObject:00000000 cJSON_AddNumberToObject
C:\Users\nicx5\AppData\Local\Temp\ccUpawvI.s:8125   .text.cJSON_AddNumberToObject:00000030 $d
C:\Users\nicx5\AppData\Local\Temp\ccUpawvI.s:8130   .text.cJSON_CreateString:00000000 $t
C:\Users\nicx5\AppData\Local\Temp\ccUpawvI.s:8136   .text.cJSON_CreateString:00000000 cJSON_CreateString
C:\Users\nicx5\AppData\Local\Temp\ccUpawvI.s:8202   .text.cJSON_CreateString:00000030 $d
C:\Users\nicx5\AppData\Local\Temp\ccUpawvI.s:8207   .text.cJSON_AddStringToObject:00000000 $t
C:\Users\nicx5\AppData\Local\Temp\ccUpawvI.s:8213   .text.cJSON_AddStringToObject:00000000 cJSON_AddStringToObject
C:\Users\nicx5\AppData\Local\Temp\ccUpawvI.s:8284   .text.cJSON_AddStringToObject:00000034 $d
C:\Users\nicx5\AppData\Local\Temp\ccUpawvI.s:8289   .text.cJSON_CreateStringReference:00000000 $t
C:\Users\nicx5\AppData\Local\Temp\ccUpawvI.s:8295   .text.cJSON_CreateStringReference:00000000 cJSON_CreateStringReference
C:\Users\nicx5\AppData\Local\Temp\ccUpawvI.s:8345   .text.cJSON_CreateStringReference:00000020 $d
C:\Users\nicx5\AppData\Local\Temp\ccUpawvI.s:8350   .text.cJSON_CreateObjectReference:00000000 $t
C:\Users\nicx5\AppData\Local\Temp\ccUpawvI.s:8356   .text.cJSON_CreateObjectReference:00000000 cJSON_CreateObjectReference
C:\Users\nicx5\AppData\Local\Temp\ccUpawvI.s:8406   .text.cJSON_CreateObjectReference:00000020 $d
C:\Users\nicx5\AppData\Local\Temp\ccUpawvI.s:8411   .text.cJSON_CreateArrayReference:00000000 $t
C:\Users\nicx5\AppData\Local\Temp\ccUpawvI.s:8417   .text.cJSON_CreateArrayReference:00000000 cJSON_CreateArrayReference
C:\Users\nicx5\AppData\Local\Temp\ccUpawvI.s:8467   .text.cJSON_CreateArrayReference:00000020 $d
C:\Users\nicx5\AppData\Local\Temp\ccUpawvI.s:8472   .text.cJSON_CreateRaw:00000000 $t
C:\Users\nicx5\AppData\Local\Temp\ccUpawvI.s:8478   .text.cJSON_CreateRaw:00000000 cJSON_CreateRaw
C:\Users\nicx5\AppData\Local\Temp\ccUpawvI.s:8544   .text.cJSON_CreateRaw:00000030 $d
C:\Users\nicx5\AppData\Local\Temp\ccUpawvI.s:8549   .text.cJSON_AddRawToObject:00000000 $t
C:\Users\nicx5\AppData\Local\Temp\ccUpawvI.s:8555   .text.cJSON_AddRawToObject:00000000 cJSON_AddRawToObject
C:\Users\nicx5\AppData\Local\Temp\ccUpawvI.s:8626   .text.cJSON_AddRawToObject:00000034 $d
C:\Users\nicx5\AppData\Local\Temp\ccUpawvI.s:8631   .text.cJSON_CreateArray:00000000 $t
C:\Users\nicx5\AppData\Local\Temp\ccUpawvI.s:8637   .text.cJSON_CreateArray:00000000 cJSON_CreateArray
C:\Users\nicx5\AppData\Local\Temp\ccUpawvI.s:8667   .text.cJSON_CreateArray:00000010 $d
C:\Users\nicx5\AppData\Local\Temp\ccUpawvI.s:8672   .text.cJSON_AddArrayToObject:00000000 $t
C:\Users\nicx5\AppData\Local\Temp\ccUpawvI.s:8678   .text.cJSON_AddArrayToObject:00000000 cJSON_AddArrayToObject
C:\Users\nicx5\AppData\Local\Temp\ccUpawvI.s:8746   .text.cJSON_AddArrayToObject:00000030 $d
C:\Users\nicx5\AppData\Local\Temp\ccUpawvI.s:8751   .text.cJSON_CreateObject:00000000 $t
ARM GAS  C:\Users\nicx5\AppData\Local\Temp\ccUpawvI.s 			page 298


C:\Users\nicx5\AppData\Local\Temp\ccUpawvI.s:8757   .text.cJSON_CreateObject:00000000 cJSON_CreateObject
C:\Users\nicx5\AppData\Local\Temp\ccUpawvI.s:8787   .text.cJSON_CreateObject:00000010 $d
C:\Users\nicx5\AppData\Local\Temp\ccUpawvI.s:8792   .text.cJSON_AddObjectToObject:00000000 $t
C:\Users\nicx5\AppData\Local\Temp\ccUpawvI.s:8798   .text.cJSON_AddObjectToObject:00000000 cJSON_AddObjectToObject
C:\Users\nicx5\AppData\Local\Temp\ccUpawvI.s:8866   .text.cJSON_AddObjectToObject:00000030 $d
C:\Users\nicx5\AppData\Local\Temp\ccUpawvI.s:8871   .text.cJSON_CreateIntArray:00000000 $t
C:\Users\nicx5\AppData\Local\Temp\ccUpawvI.s:8877   .text.cJSON_CreateIntArray:00000000 cJSON_CreateIntArray
C:\Users\nicx5\AppData\Local\Temp\ccUpawvI.s:9013   .text.cJSON_CreateFloatArray:00000000 $t
C:\Users\nicx5\AppData\Local\Temp\ccUpawvI.s:9019   .text.cJSON_CreateFloatArray:00000000 cJSON_CreateFloatArray
C:\Users\nicx5\AppData\Local\Temp\ccUpawvI.s:9156   .text.cJSON_CreateDoubleArray:00000000 $t
C:\Users\nicx5\AppData\Local\Temp\ccUpawvI.s:9162   .text.cJSON_CreateDoubleArray:00000000 cJSON_CreateDoubleArray
C:\Users\nicx5\AppData\Local\Temp\ccUpawvI.s:9298   .text.cJSON_CreateStringArray:00000000 $t
C:\Users\nicx5\AppData\Local\Temp\ccUpawvI.s:9304   .text.cJSON_CreateStringArray:00000000 cJSON_CreateStringArray
C:\Users\nicx5\AppData\Local\Temp\ccUpawvI.s:9438   .text.cJSON_Duplicate_rec:00000000 $t
C:\Users\nicx5\AppData\Local\Temp\ccUpawvI.s:9444   .text.cJSON_Duplicate_rec:00000000 cJSON_Duplicate_rec
C:\Users\nicx5\AppData\Local\Temp\ccUpawvI.s:9642   .text.cJSON_Duplicate_rec:0000009c $d
C:\Users\nicx5\AppData\Local\Temp\ccUpawvI.s:9647   .text.cJSON_Duplicate:00000000 $t
C:\Users\nicx5\AppData\Local\Temp\ccUpawvI.s:9653   .text.cJSON_Duplicate:00000000 cJSON_Duplicate
C:\Users\nicx5\AppData\Local\Temp\ccUpawvI.s:9680   .text.cJSON_Minify:00000000 $t
C:\Users\nicx5\AppData\Local\Temp\ccUpawvI.s:9686   .text.cJSON_Minify:00000000 cJSON_Minify
C:\Users\nicx5\AppData\Local\Temp\ccUpawvI.s:9732   .text.cJSON_Minify:00000028 $d
C:\Users\nicx5\AppData\Local\Temp\ccUpawvI.s:9771   .text.cJSON_Minify:000000c4 $t
C:\Users\nicx5\AppData\Local\Temp\ccUpawvI.s:9841   .text.cJSON_IsInvalid:00000000 $t
C:\Users\nicx5\AppData\Local\Temp\ccUpawvI.s:9847   .text.cJSON_IsInvalid:00000000 cJSON_IsInvalid
C:\Users\nicx5\AppData\Local\Temp\ccUpawvI.s:9877   .text.cJSON_IsFalse:00000000 $t
C:\Users\nicx5\AppData\Local\Temp\ccUpawvI.s:9883   .text.cJSON_IsFalse:00000000 cJSON_IsFalse
C:\Users\nicx5\AppData\Local\Temp\ccUpawvI.s:9915   .text.cJSON_IsTrue:00000000 $t
C:\Users\nicx5\AppData\Local\Temp\ccUpawvI.s:9921   .text.cJSON_IsTrue:00000000 cJSON_IsTrue
C:\Users\nicx5\AppData\Local\Temp\ccUpawvI.s:9953   .text.cJSON_IsBool:00000000 $t
C:\Users\nicx5\AppData\Local\Temp\ccUpawvI.s:9959   .text.cJSON_IsBool:00000000 cJSON_IsBool
C:\Users\nicx5\AppData\Local\Temp\ccUpawvI.s:9990   .text.cJSON_IsNull:00000000 $t
C:\Users\nicx5\AppData\Local\Temp\ccUpawvI.s:9996   .text.cJSON_IsNull:00000000 cJSON_IsNull
C:\Users\nicx5\AppData\Local\Temp\ccUpawvI.s:10028  .text.cJSON_IsNumber:00000000 $t
C:\Users\nicx5\AppData\Local\Temp\ccUpawvI.s:10034  .text.cJSON_IsNumber:00000000 cJSON_IsNumber
C:\Users\nicx5\AppData\Local\Temp\ccUpawvI.s:10066  .text.cJSON_GetNumberValue:00000000 $t
C:\Users\nicx5\AppData\Local\Temp\ccUpawvI.s:10072  .text.cJSON_GetNumberValue:00000000 cJSON_GetNumberValue
C:\Users\nicx5\AppData\Local\Temp\ccUpawvI.s:10106  .text.cJSON_GetNumberValue:00000018 $d
C:\Users\nicx5\AppData\Local\Temp\ccUpawvI.s:10112  .text.cJSON_IsString:00000000 $t
C:\Users\nicx5\AppData\Local\Temp\ccUpawvI.s:10118  .text.cJSON_IsString:00000000 cJSON_IsString
C:\Users\nicx5\AppData\Local\Temp\ccUpawvI.s:10150  .text.cJSON_GetStringValue:00000000 $t
C:\Users\nicx5\AppData\Local\Temp\ccUpawvI.s:10156  .text.cJSON_GetStringValue:00000000 cJSON_GetStringValue
C:\Users\nicx5\AppData\Local\Temp\ccUpawvI.s:10191  .text.cJSON_IsArray:00000000 $t
C:\Users\nicx5\AppData\Local\Temp\ccUpawvI.s:10197  .text.cJSON_IsArray:00000000 cJSON_IsArray
C:\Users\nicx5\AppData\Local\Temp\ccUpawvI.s:10229  .text.cJSON_IsObject:00000000 $t
C:\Users\nicx5\AppData\Local\Temp\ccUpawvI.s:10235  .text.cJSON_IsObject:00000000 cJSON_IsObject
C:\Users\nicx5\AppData\Local\Temp\ccUpawvI.s:10267  .text.cJSON_IsRaw:00000000 $t
C:\Users\nicx5\AppData\Local\Temp\ccUpawvI.s:10273  .text.cJSON_IsRaw:00000000 cJSON_IsRaw
C:\Users\nicx5\AppData\Local\Temp\ccUpawvI.s:10305  .text.cJSON_Compare:00000000 $t
C:\Users\nicx5\AppData\Local\Temp\ccUpawvI.s:10311  .text.cJSON_Compare:00000000 cJSON_Compare
C:\Users\nicx5\AppData\Local\Temp\ccUpawvI.s:10379  .text.cJSON_Compare:00000052 $d
C:\Users\nicx5\AppData\Local\Temp\ccUpawvI.s:10412  .text.cJSON_Compare:00000072 $t
C:\Users\nicx5\AppData\Local\Temp\ccUpawvI.s:10653  .text.cJSON_Compare:00000158 $d
C:\Users\nicx5\AppData\Local\Temp\ccUpawvI.s:10659  .text.cJSON_malloc:00000000 $t
C:\Users\nicx5\AppData\Local\Temp\ccUpawvI.s:10665  .text.cJSON_malloc:00000000 cJSON_malloc
C:\Users\nicx5\AppData\Local\Temp\ccUpawvI.s:10690  .text.cJSON_malloc:0000000c $d
C:\Users\nicx5\AppData\Local\Temp\ccUpawvI.s:10695  .text.cJSON_free:00000000 $t
C:\Users\nicx5\AppData\Local\Temp\ccUpawvI.s:10701  .text.cJSON_free:00000000 cJSON_free
ARM GAS  C:\Users\nicx5\AppData\Local\Temp\ccUpawvI.s 			page 299


C:\Users\nicx5\AppData\Local\Temp\ccUpawvI.s:10727  .text.cJSON_free:0000000c $d
C:\Users\nicx5\AppData\Local\Temp\ccUpawvI.s:10732  .text.cJSON_SetValuestring:00000000 $t
C:\Users\nicx5\AppData\Local\Temp\ccUpawvI.s:10738  .text.cJSON_SetValuestring:00000000 cJSON_SetValuestring
C:\Users\nicx5\AppData\Local\Temp\ccUpawvI.s:10876  .text.cJSON_SetValuestring:00000070 $d
C:\Users\nicx5\AppData\Local\Temp\ccUpawvI.s:10881  .text.replace_item_in_object:00000000 $t
C:\Users\nicx5\AppData\Local\Temp\ccUpawvI.s:10886  .text.replace_item_in_object:00000000 replace_item_in_object
C:\Users\nicx5\AppData\Local\Temp\ccUpawvI.s:10993  .text.replace_item_in_object:00000054 $d
C:\Users\nicx5\AppData\Local\Temp\ccUpawvI.s:10998  .text.cJSON_ReplaceItemInObject:00000000 $t
C:\Users\nicx5\AppData\Local\Temp\ccUpawvI.s:11004  .text.cJSON_ReplaceItemInObject:00000000 cJSON_ReplaceItemInObject
C:\Users\nicx5\AppData\Local\Temp\ccUpawvI.s:11028  .text.cJSON_ReplaceItemInObjectCaseSensitive:00000000 $t
C:\Users\nicx5\AppData\Local\Temp\ccUpawvI.s:11034  .text.cJSON_ReplaceItemInObjectCaseSensitive:00000000 cJSON_ReplaceItemInObjectCaseSensitive
C:\Users\nicx5\AppData\Local\Temp\ccUpawvI.s:11058  .bss.version.0:00000000 $d
C:\Users\nicx5\AppData\Local\Temp\ccUpawvI.s:11064  .data.global_hooks:00000000 $d
C:\Users\nicx5\AppData\Local\Temp\ccUpawvI.s:11072  .bss.global_error:00000000 $d
C:\Users\nicx5\AppData\Local\Temp\ccUpawvI.s:2729   .text.print_string_ptr:000000cd $d
C:\Users\nicx5\AppData\Local\Temp\ccUpawvI.s:2729   .text.print_string_ptr:000000ce $t

UNDEFINED SYMBOLS
_ctype_
strlen
memcpy
memset
strncmp
strtod
sprintf
sscanf
strcmp
malloc
free
realloc
strcpy
