ARM GAS  C:\Users\nicx5\AppData\Local\Temp\cclEOOYD.s 			page 1


   1              		.cpu cortex-m7
   2              		.arch armv7e-m
   3              		.fpu fpv5-d16
   4              		.eabi_attribute 28, 1
   5              		.eabi_attribute 20, 1
   6              		.eabi_attribute 21, 1
   7              		.eabi_attribute 23, 3
   8              		.eabi_attribute 24, 1
   9              		.eabi_attribute 25, 1
  10              		.eabi_attribute 26, 1
  11              		.eabi_attribute 30, 1
  12              		.eabi_attribute 34, 1
  13              		.eabi_attribute 18, 4
  14              		.file	"connection_manager.cpp"
  15              		.text
  16              	.Ltext0:
  17              		.cfi_sections	.debug_frame
  18              		.file 1 "Src/transport/connection_manager.cpp"
  19              		.section	.text._ZN12_GLOBAL__N_1L19clampRfReportRateHzEt,"ax",%progbits
  20              		.align	1
  21              		.syntax unified
  22              		.thumb
  23              		.thumb_func
  25              	_ZN12_GLOBAL__N_1L19clampRfReportRateHzEt:
  26              	.LVL0:
  27              	.LFB2430:
   1:Src/transport/connection_manager.cpp **** #include "boot_profile.h"
   2:Src/transport/connection_manager.cpp **** #include "connection_manager.hpp"
   3:Src/transport/connection_manager.cpp **** 
   4:Src/transport/connection_manager.cpp **** #include "board_mode.hpp"
   5:Src/transport/connection_manager.cpp **** #include "ch585_role_bootstrap.hpp"
   6:Src/transport/connection_manager.cpp **** #include "config.hpp"
   7:Src/transport/connection_manager.cpp **** #include "input_runtime_policy.hpp"
   8:Src/transport/connection_manager.cpp **** #include "monitor_telemetry.hpp"
   9:Src/transport/connection_manager.cpp **** #include "rf_bridge_port.hpp"
  10:Src/transport/connection_manager.cpp **** #include "rf_sleep_recovery.hpp"
  11:Src/transport/connection_manager.cpp **** #include "storagemanager.hpp"
  12:Src/transport/connection_manager.cpp **** #include "usbdriver.hpp"
  13:Src/transport/connection_manager.cpp **** #include "system_logger.h"
  14:Src/transport/connection_manager.cpp **** #include "board_cfg.h"
  15:Src/transport/connection_manager.cpp **** #include "stm32h7xx_hal.h"
  16:Src/transport/connection_manager.cpp **** 
  17:Src/transport/connection_manager.cpp **** #include <stdio.h>
  18:Src/transport/connection_manager.cpp **** 
  19:Src/transport/connection_manager.cpp **** #if !APP_LOG_VERBOSE
  20:Src/transport/connection_manager.cpp **** #define printf(...) ((void)0)
  21:Src/transport/connection_manager.cpp **** #endif
  22:Src/transport/connection_manager.cpp **** 
  23:Src/transport/connection_manager.cpp **** // First recovery cause survives port/session cleanup. Subsequent incidents
  24:Src/transport/connection_manager.cpp **** // increment count only; cache-cleaned so a non-halting SWD read sees evidence.
  25:Src/transport/connection_manager.cpp **** alignas(32) volatile uint32_t g_rfRuntimeRecoveryDiagnostic[16] = {};
  26:Src/transport/connection_manager.cpp **** 
  27:Src/transport/connection_manager.cpp **** namespace {
  28:Src/transport/connection_manager.cpp **** static uint16_t clampRfReportRateHz(uint16_t rateHz) {
  28              		.loc 1 28 54 view -0
  29              		.cfi_startproc
  30              		@ args = 0, pretend = 0, frame = 0
ARM GAS  C:\Users\nicx5\AppData\Local\Temp\cclEOOYD.s 			page 2


  31              		@ frame_needed = 0, uses_anonymous_args = 0
  32              		@ link register save eliminated.
  29:Src/transport/connection_manager.cpp ****     switch (rateHz) {
  33              		.loc 1 29 5 view .LVU1
  34 0000 B0F57A6F 		cmp	r0, #4000
  35 0004 0FD0     		beq	.L2
  36 0006 09D8     		bhi	.L3
  37 0008 B0F57A7F 		cmp	r0, #1000
  38 000c 0BD0     		beq	.L2
  39 000e B0F5FA6F 		cmp	r0, #2000
  40 0012 02D0     		beq	.L8
  30:Src/transport/connection_manager.cpp ****     case 1000u:
  31:Src/transport/connection_manager.cpp ****     case 2000u:
  32:Src/transport/connection_manager.cpp ****     case 4000u:
  33:Src/transport/connection_manager.cpp ****     case 8000u:
  34:Src/transport/connection_manager.cpp ****         return rateHz;
  35:Src/transport/connection_manager.cpp ****     default:
  36:Src/transport/connection_manager.cpp ****         return 1000u;
  41              		.loc 1 36 16 is_stmt 0 view .LVU2
  42 0014 4FF47A70 		mov	r0, #1000
  43              	.LVL1:
  44              		.loc 1 36 16 view .LVU3
  45 0018 7047     		bx	lr
  46              	.LVL2:
  47              	.L8:
  48              		.loc 1 36 16 view .LVU4
  49 001a 7047     		bx	lr
  50              	.L3:
  29:Src/transport/connection_manager.cpp ****     switch (rateHz) {
  51              		.loc 1 29 5 view .LVU5
  52 001c B0F5FA5F 		cmp	r0, #8000
  53 0020 02D0     		beq	.L9
  54              		.loc 1 36 16 view .LVU6
  55 0022 4FF47A70 		mov	r0, #1000
  56              	.LVL3:
  57              	.L2:
  37:Src/transport/connection_manager.cpp ****     }
  38:Src/transport/connection_manager.cpp **** }
  58              		.loc 1 38 1 view .LVU7
  59 0026 7047     		bx	lr
  60              	.LVL4:
  61              	.L9:
  62              		.loc 1 38 1 view .LVU8
  63 0028 7047     		bx	lr
  64              		.cfi_endproc
  65              	.LFE2430:
  67              		.section	.text._ZN12_GLOBAL__N_1L22rfPhysicalRoleIsActiveEv,"ax",%progbits
  68              		.align	1
  69              		.syntax unified
  70              		.thumb
  71              		.thumb_func
  73              	_ZN12_GLOBAL__N_1L22rfPhysicalRoleIsActiveEv:
  74              	.LFB2432:
  39:Src/transport/connection_manager.cpp **** 
  40:Src/transport/connection_manager.cpp **** static uint16_t getRfReportRateHz(WirelessReportRate wirelessRate) {
  41:Src/transport/connection_manager.cpp **** #if RF24G_FORCE_REPORT_RATE_HZ != 0
  42:Src/transport/connection_manager.cpp ****     (void)wirelessRate;
ARM GAS  C:\Users\nicx5\AppData\Local\Temp\cclEOOYD.s 			page 3


  43:Src/transport/connection_manager.cpp ****     return clampRfReportRateHz(static_cast<uint16_t>(RF24G_FORCE_REPORT_RATE_HZ));
  44:Src/transport/connection_manager.cpp **** #else
  45:Src/transport/connection_manager.cpp ****     return clampRfReportRateHz(ConfigUtils::getWirelessReportRateHz(wirelessRate));
  46:Src/transport/connection_manager.cpp **** #endif
  47:Src/transport/connection_manager.cpp **** }
  48:Src/transport/connection_manager.cpp **** 
  49:Src/transport/connection_manager.cpp **** static constexpr uint32_t kRfSleepRetryMs = 500u;
  50:Src/transport/connection_manager.cpp **** static constexpr uint32_t kRfStatusPollMs = 500u;
  51:Src/transport/connection_manager.cpp **** static constexpr uint32_t kRfStatusReplyTimeoutMs = 20u;
  52:Src/transport/connection_manager.cpp **** static constexpr uint32_t kRfPostSleepSettleMs = 150u;
  53:Src/transport/connection_manager.cpp **** static constexpr uint8_t kRfCmdStartPair = 0x02u;
  54:Src/transport/connection_manager.cpp **** static constexpr uint8_t kRfCmdStopPair = 0x03u;
  55:Src/transport/connection_manager.cpp **** static constexpr uint8_t kRfCmdSleep = 0x08u;
  56:Src/transport/connection_manager.cpp **** static constexpr uint8_t kRfEvtWakeupComplete = 0x88u;
  57:Src/transport/connection_manager.cpp **** static constexpr uint8_t kRfEvtError = 0x85u;
  58:Src/transport/connection_manager.cpp **** static constexpr uint8_t kRfEvtMonitorConfig = 0x86u;
  59:Src/transport/connection_manager.cpp **** static constexpr uint8_t kRfEvtTimeSync = 0x87u;
  60:Src/transport/connection_manager.cpp **** static constexpr uint32_t kRfPostSleepWakeDetectMs = 150u;
  61:Src/transport/connection_manager.cpp **** static constexpr uint8_t kRfPowerHintUnknown = 0u;
  62:Src/transport/connection_manager.cpp **** static constexpr uint8_t kRfPowerHintAwake = 1u;
  63:Src/transport/connection_manager.cpp **** static constexpr uint8_t kRfPowerHintSleeping = 2u;
  64:Src/transport/connection_manager.cpp **** static constexpr uint32_t kRfRateAppliedTimeoutMs = 500u;
  65:Src/transport/connection_manager.cpp **** static constexpr uint8_t kRfRuntimeRecoveryAttempts = 3u;
  66:Src/transport/connection_manager.cpp **** static constexpr uint32_t kRfPairingFallbackTimeoutMs = 65000u;
  67:Src/transport/connection_manager.cpp **** 
  68:Src/transport/connection_manager.cpp **** static bool rfPhysicalRoleIsActive() {
  75              		.loc 1 68 38 is_stmt 1 view -0
  76              		.cfi_startproc
  77              		@ args = 0, pretend = 0, frame = 0
  78              		@ frame_needed = 0, uses_anonymous_args = 0
  79              		@ link register save eliminated.
  69:Src/transport/connection_manager.cpp ****     return BOARD_MODE.isStable() &&
  80              		.loc 1 69 5 view .LVU10
  81              	.LVL5:
  82              	.LBB174:
  83              	.LBI174:
  84              		.file 2 "Inc/system/board_mode.hpp"
   1:Inc/system/board_mode.hpp **** #ifndef BOARD_MODE_HPP
   2:Inc/system/board_mode.hpp **** #define BOARD_MODE_HPP
   3:Inc/system/board_mode.hpp **** 
   4:Inc/system/board_mode.hpp **** #include <stdint.h>
   5:Inc/system/board_mode.hpp **** 
   6:Inc/system/board_mode.hpp **** enum class BoardMode : uint8_t {
   7:Inc/system/board_mode.hpp ****     Usb = 0,
   8:Inc/system/board_mode.hpp ****     Rf = 1,
   9:Inc/system/board_mode.hpp ****     CenterOff = 2,
  10:Inc/system/board_mode.hpp ****     Fault = 3,
  11:Inc/system/board_mode.hpp **** };
  12:Inc/system/board_mode.hpp **** 
  13:Inc/system/board_mode.hpp **** class BoardModeManager {
  14:Inc/system/board_mode.hpp **** public:
  15:Inc/system/board_mode.hpp ****     BoardModeManager(const BoardModeManager&) = delete;
  16:Inc/system/board_mode.hpp ****     BoardModeManager& operator=(const BoardModeManager&) = delete;
  17:Inc/system/board_mode.hpp **** 
  18:Inc/system/board_mode.hpp ****     static BoardModeManager& getInstance()
  19:Inc/system/board_mode.hpp ****     {
  20:Inc/system/board_mode.hpp ****         static BoardModeManager instance;
ARM GAS  C:\Users\nicx5\AppData\Local\Temp\cclEOOYD.s 			page 4


  21:Inc/system/board_mode.hpp ****         return instance;
  22:Inc/system/board_mode.hpp ****     }
  23:Inc/system/board_mode.hpp **** 
  24:Inc/system/board_mode.hpp ****     void setup();
  25:Inc/system/board_mode.hpp ****     void update(uint32_t nowMs);
  26:Inc/system/board_mode.hpp ****     BoardMode current() const { return stableMode; }
  27:Inc/system/board_mode.hpp ****     bool isStable() const { return stable; }
  85              		.loc 2 27 10 view .LVU11
  86              	.LBB175:
  87              		.loc 2 27 29 view .LVU12
  88              		.loc 2 27 36 is_stmt 0 view .LVU13
  89 0000 0A4B     		ldr	r3, .L18
  90 0002 187A     		ldrb	r0, [r3, #8]	@ zero_extendqisi2
  91              	.LVL6:
  92              		.loc 2 27 36 view .LVU14
  93              	.LBE175:
  94              	.LBE174:
  70:Src/transport/connection_manager.cpp ****            BOARD_MODE.current() == BoardMode::Rf &&
  71:Src/transport/connection_manager.cpp ****            CH585_ROLE_BOOTSTRAP.isLocked() &&
  95              		.loc 1 71 44 view .LVU15
  96 0004 78B1     		cbz	r0, .L11
  97              	.LVL7:
  98              	.LBB176:
  99              	.LBI176:
  26:Inc/system/board_mode.hpp ****     bool isStable() const { return stable; }
 100              		.loc 2 26 15 is_stmt 1 view .LVU16
 101              	.LBB177:
  26:Inc/system/board_mode.hpp ****     bool isStable() const { return stable; }
 102              		.loc 2 26 33 view .LVU17
  26:Inc/system/board_mode.hpp ****     bool isStable() const { return stable; }
 103              		.loc 2 26 40 is_stmt 0 view .LVU18
 104 0006 1B78     		ldrb	r3, [r3]	@ zero_extendqisi2
 105              	.LVL8:
  26:Inc/system/board_mode.hpp ****     bool isStable() const { return stable; }
 106              		.loc 2 26 40 view .LVU19
 107              	.LBE177:
 108              	.LBE176:
  69:Src/transport/connection_manager.cpp ****            BOARD_MODE.current() == BoardMode::Rf &&
 109              		.loc 1 69 34 view .LVU20
 110 0008 012B     		cmp	r3, #1
 111 000a 01D0     		beq	.L15
 112              		.loc 1 71 44 discriminator 1 view .LVU21
 113 000c 0020     		movs	r0, #0
 114 000e 7047     		bx	lr
 115              	.L15:
 116              	.LVL9:
 117              	.LBB178:
 118              	.LBI178:
 119              		.file 3 "Inc/transport/ch585_role_bootstrap.hpp"
   1:Inc/transport/ch585_role_bootstrap.hpp **** #ifndef CH585_ROLE_BOOTSTRAP_HPP
   2:Inc/transport/ch585_role_bootstrap.hpp **** #define CH585_ROLE_BOOTSTRAP_HPP
   3:Inc/transport/ch585_role_bootstrap.hpp **** 
   4:Inc/transport/ch585_role_bootstrap.hpp **** #include <stdint.h>
   5:Inc/transport/ch585_role_bootstrap.hpp **** 
   6:Inc/transport/ch585_role_bootstrap.hpp **** enum class Ch585Role : uint8_t {
   7:Inc/transport/ch585_role_bootstrap.hpp ****     SafeIdle = 0x00,
   8:Inc/transport/ch585_role_bootstrap.hpp ****     Rf = 0x01,
ARM GAS  C:\Users\nicx5\AppData\Local\Temp\cclEOOYD.s 			page 5


   9:Inc/transport/ch585_role_bootstrap.hpp ****     Usb = 0x02,
  10:Inc/transport/ch585_role_bootstrap.hpp ****     Maintenance = 0x03,
  11:Inc/transport/ch585_role_bootstrap.hpp **** };
  12:Inc/transport/ch585_role_bootstrap.hpp **** 
  13:Inc/transport/ch585_role_bootstrap.hpp **** enum class Ch585BootstrapState : uint8_t {
  14:Inc/transport/ch585_role_bootstrap.hpp ****     Off = 0,
  15:Inc/transport/ch585_role_bootstrap.hpp ****     Booting = 1,
  16:Inc/transport/ch585_role_bootstrap.hpp ****     Selecting = 2,
  17:Inc/transport/ch585_role_bootstrap.hpp ****     Locked = 3,
  18:Inc/transport/ch585_role_bootstrap.hpp ****     Failed = 4,
  19:Inc/transport/ch585_role_bootstrap.hpp **** };
  20:Inc/transport/ch585_role_bootstrap.hpp **** enum class Ch585ResumeResult { Pending, Ready, Failed };
  21:Inc/transport/ch585_role_bootstrap.hpp **** 
  22:Inc/transport/ch585_role_bootstrap.hpp **** /* One invocation performs one UsbBoardLink SELECT_ROLE transaction. */
  23:Inc/transport/ch585_role_bootstrap.hpp **** using Ch585RoleSelector = bool (*)(Ch585Role requestedRole);
  24:Inc/transport/ch585_role_bootstrap.hpp **** 
  25:Inc/transport/ch585_role_bootstrap.hpp **** class Ch585RoleBootstrap {
  26:Inc/transport/ch585_role_bootstrap.hpp **** public:
  27:Inc/transport/ch585_role_bootstrap.hpp ****     Ch585RoleBootstrap(const Ch585RoleBootstrap&) = delete;
  28:Inc/transport/ch585_role_bootstrap.hpp ****     Ch585RoleBootstrap& operator=(const Ch585RoleBootstrap&) = delete;
  29:Inc/transport/ch585_role_bootstrap.hpp **** 
  30:Inc/transport/ch585_role_bootstrap.hpp ****     static Ch585RoleBootstrap& getInstance()
  31:Inc/transport/ch585_role_bootstrap.hpp ****     {
  32:Inc/transport/ch585_role_bootstrap.hpp ****         static Ch585RoleBootstrap instance;
  33:Inc/transport/ch585_role_bootstrap.hpp ****         return instance;
  34:Inc/transport/ch585_role_bootstrap.hpp ****     }
  35:Inc/transport/ch585_role_bootstrap.hpp **** 
  36:Inc/transport/ch585_role_bootstrap.hpp ****     void setSelector(Ch585RoleSelector selectorFn);
  37:Inc/transport/ch585_role_bootstrap.hpp ****     /* Cold USB input startup only: power on without sending any SPI frame.
  38:Inc/transport/ch585_role_bootstrap.hpp ****      * start(Usb) later consumes this preparation, with the same ready deadline. */
  39:Inc/transport/ch585_role_bootstrap.hpp ****     bool prepareUsbStartup();
  40:Inc/transport/ch585_role_bootstrap.hpp ****     bool hasPreparedUsbStartup() const { return usbStartupPrepared; }
  41:Inc/transport/ch585_role_bootstrap.hpp ****     bool start(Ch585Role requestedRole);
  42:Inc/transport/ch585_role_bootstrap.hpp ****     // Nonblocking RF cold restart after sleep. No traffic in the IAP window.
  43:Inc/transport/ch585_role_bootstrap.hpp ****     void beginRfSleepResume();
  44:Inc/transport/ch585_role_bootstrap.hpp ****     Ch585ResumeResult serviceRfSleepResume();
  45:Inc/transport/ch585_role_bootstrap.hpp ****     void shutdown();
  46:Inc/transport/ch585_role_bootstrap.hpp **** 
  47:Inc/transport/ch585_role_bootstrap.hpp ****     Ch585Role role() const { return activeRole; }
  48:Inc/transport/ch585_role_bootstrap.hpp ****     Ch585BootstrapState state() const { return bootstrapState; }
  49:Inc/transport/ch585_role_bootstrap.hpp ****     bool isLocked() const { return bootstrapState == Ch585BootstrapState::Locked; }
 120              		.loc 3 49 10 is_stmt 1 view .LVU22
 121              	.LBB179:
 122              		.loc 3 49 29 view .LVU23
 123              		.loc 3 49 36 is_stmt 0 view .LVU24
 124 0010 074B     		ldr	r3, .L18+4
 125 0012 9B7B     		ldrb	r3, [r3, #14]	@ zero_extendqisi2
 126              	.LVL10:
 127              		.loc 3 49 36 view .LVU25
 128              	.LBE179:
 129              	.LBE178:
  70:Src/transport/connection_manager.cpp ****            CH585_ROLE_BOOTSTRAP.isLocked() &&
 130              		.loc 1 70 50 view .LVU26
 131 0014 032B     		cmp	r3, #3
 132 0016 01D0     		beq	.L16
 133              		.loc 1 71 44 discriminator 1 view .LVU27
 134 0018 0020     		movs	r0, #0
ARM GAS  C:\Users\nicx5\AppData\Local\Temp\cclEOOYD.s 			page 6


 135 001a 7047     		bx	lr
 136              	.L16:
 137              	.LVL11:
 138              	.LBB180:
 139              	.LBI180:
  47:Inc/transport/ch585_role_bootstrap.hpp ****     Ch585BootstrapState state() const { return bootstrapState; }
 140              		.loc 3 47 15 is_stmt 1 view .LVU28
 141              	.LBB181:
  47:Inc/transport/ch585_role_bootstrap.hpp ****     Ch585BootstrapState state() const { return bootstrapState; }
 142              		.loc 3 47 30 view .LVU29
  47:Inc/transport/ch585_role_bootstrap.hpp ****     Ch585BootstrapState state() const { return bootstrapState; }
 143              		.loc 3 47 37 is_stmt 0 view .LVU30
 144 001c 044B     		ldr	r3, .L18+4
 145 001e 5B7B     		ldrb	r3, [r3, #13]	@ zero_extendqisi2
 146              	.LVL12:
  47:Inc/transport/ch585_role_bootstrap.hpp ****     Ch585BootstrapState state() const { return bootstrapState; }
 147              		.loc 3 47 37 view .LVU31
 148              	.LBE181:
 149              	.LBE180:
 150              		.loc 1 71 44 discriminator 3 view .LVU32
 151 0020 012B     		cmp	r3, #1
 152 0022 01D0     		beq	.L17
 153              		.loc 1 71 44 discriminator 1 view .LVU33
 154 0024 0020     		movs	r0, #0
 155              	.L11:
  72:Src/transport/connection_manager.cpp ****            CH585_ROLE_BOOTSTRAP.role() == Ch585Role::Rf;
  73:Src/transport/connection_manager.cpp **** }
 156              		.loc 1 73 1 view .LVU34
 157 0026 7047     		bx	lr
 158              	.L17:
 159 0028 7047     		bx	lr
 160              	.L19:
 161 002a 00BF     		.align	2
 162              	.L18:
 163 002c 00000000 		.word	_ZZN16BoardModeManager11getInstanceEvE8instance
 164 0030 00000000 		.word	_ZZN18Ch585RoleBootstrap11getInstanceEvE8instance
 165              		.cfi_endproc
 166              	.LFE2432:
 168              		.section	.text._ZN12_GLOBAL__N_1L18rfPowerStateToHintE12RfPowerState,"ax",%progbits
 169              		.align	1
 170              		.syntax unified
 171              		.thumb
 172              		.thumb_func
 174              	_ZN12_GLOBAL__N_1L18rfPowerStateToHintE12RfPowerState:
 175              	.LVL13:
 176              	.LFB2435:
  74:Src/transport/connection_manager.cpp **** 
  75:Src/transport/connection_manager.cpp **** static const char* rfPowerReasonName(RfPowerReason reason) {
  76:Src/transport/connection_manager.cpp ****     switch (reason) {
  77:Src/transport/connection_manager.cpp ****     case RfPowerReason::Boot: return "boot";
  78:Src/transport/connection_manager.cpp ****     case RfPowerReason::UsbMode: return "usb_mode";
  79:Src/transport/connection_manager.cpp ****     case RfPowerReason::RfMode: return "rf_mode";
  80:Src/transport/connection_manager.cpp ****     case RfPowerReason::SystemSleep: return "system_sleep";
  81:Src/transport/connection_manager.cpp ****     case RfPowerReason::SystemWake: return "system_wake";
  82:Src/transport/connection_manager.cpp ****     case RfPowerReason::Manual: return "manual";
  83:Src/transport/connection_manager.cpp ****     default: return "unknown";
  84:Src/transport/connection_manager.cpp ****     }
ARM GAS  C:\Users\nicx5\AppData\Local\Temp\cclEOOYD.s 			page 7


  85:Src/transport/connection_manager.cpp **** }
  86:Src/transport/connection_manager.cpp **** 
  87:Src/transport/connection_manager.cpp **** static const char* rfPowerStateName(RfPowerState state) {
  88:Src/transport/connection_manager.cpp ****     switch (state) {
  89:Src/transport/connection_manager.cpp ****     case RfPowerState::Unknown: return "unknown";
  90:Src/transport/connection_manager.cpp ****     case RfPowerState::Awake: return "awake";
  91:Src/transport/connection_manager.cpp ****     case RfPowerState::SleepPending: return "sleep_pending";
  92:Src/transport/connection_manager.cpp ****     case RfPowerState::Sleeping: return "sleeping";
  93:Src/transport/connection_manager.cpp ****     case RfPowerState::WakePending: return "wake_pending";
  94:Src/transport/connection_manager.cpp ****     case RfPowerState::Error: return "error";
  95:Src/transport/connection_manager.cpp ****     default: return "invalid";
  96:Src/transport/connection_manager.cpp ****     }
  97:Src/transport/connection_manager.cpp **** }
  98:Src/transport/connection_manager.cpp **** 
  99:Src/transport/connection_manager.cpp **** static uint8_t rfPowerStateToHint(RfPowerState state) {
 177              		.loc 1 99 55 is_stmt 1 view -0
 178              		.cfi_startproc
 179              		@ args = 0, pretend = 0, frame = 0
 180              		@ frame_needed = 0, uses_anonymous_args = 0
 181              		@ link register save eliminated.
 100:Src/transport/connection_manager.cpp ****     switch (state) {
 182              		.loc 1 100 5 view .LVU36
 183 0000 0128     		cmp	r0, #1
 184 0002 04D0     		beq	.L21
 185 0004 0328     		cmp	r0, #3
 186 0006 01D1     		bne	.L23
 101:Src/transport/connection_manager.cpp ****     case RfPowerState::Awake:
 102:Src/transport/connection_manager.cpp ****         return kRfPowerHintAwake;
 103:Src/transport/connection_manager.cpp ****     case RfPowerState::Sleeping:
 104:Src/transport/connection_manager.cpp ****         return kRfPowerHintSleeping;
 187              		.loc 1 104 16 is_stmt 0 view .LVU37
 188 0008 0220     		movs	r0, #2
 189              	.LVL14:
 190              		.loc 1 104 16 view .LVU38
 191 000a 7047     		bx	lr
 192              	.LVL15:
 193              	.L23:
 105:Src/transport/connection_manager.cpp ****     default:
 106:Src/transport/connection_manager.cpp ****         return kRfPowerHintUnknown;
 194              		.loc 1 106 16 view .LVU39
 195 000c 0020     		movs	r0, #0
 196              	.LVL16:
 197              	.L21:
 107:Src/transport/connection_manager.cpp ****     }
 108:Src/transport/connection_manager.cpp **** }
 198              		.loc 1 108 1 view .LVU40
 199 000e 7047     		bx	lr
 200              		.cfi_endproc
 201              	.LFE2435:
 203              		.section	.text._ZN12_GLOBAL__N_1L18rfPowerHintToStateEh,"ax",%progbits
 204              		.align	1
 205              		.syntax unified
 206              		.thumb
 207              		.thumb_func
 209              	_ZN12_GLOBAL__N_1L18rfPowerHintToStateEh:
 210              	.LVL17:
 211              	.LFB2436:
ARM GAS  C:\Users\nicx5\AppData\Local\Temp\cclEOOYD.s 			page 8


 109:Src/transport/connection_manager.cpp **** 
 110:Src/transport/connection_manager.cpp **** static RfPowerState rfPowerHintToState(uint8_t hint) {
 212              		.loc 1 110 54 is_stmt 1 view -0
 213              		.cfi_startproc
 214              		@ args = 0, pretend = 0, frame = 0
 215              		@ frame_needed = 0, uses_anonymous_args = 0
 216              		@ link register save eliminated.
 111:Src/transport/connection_manager.cpp ****     switch (hint) {
 217              		.loc 1 111 5 view .LVU42
 218 0000 0128     		cmp	r0, #1
 219 0002 04D0     		beq	.L25
 220 0004 0228     		cmp	r0, #2
 221 0006 01D1     		bne	.L27
 112:Src/transport/connection_manager.cpp ****     case kRfPowerHintAwake:
 113:Src/transport/connection_manager.cpp ****         return RfPowerState::Awake;
 114:Src/transport/connection_manager.cpp ****     case kRfPowerHintSleeping:
 115:Src/transport/connection_manager.cpp ****         return RfPowerState::Sleeping;
 222              		.loc 1 115 30 is_stmt 0 view .LVU43
 223 0008 0320     		movs	r0, #3
 224              	.LVL18:
 225              		.loc 1 115 30 view .LVU44
 226 000a 7047     		bx	lr
 227              	.LVL19:
 228              	.L27:
 116:Src/transport/connection_manager.cpp ****     default:
 117:Src/transport/connection_manager.cpp ****         return RfPowerState::Unknown;
 229              		.loc 1 117 30 view .LVU45
 230 000c 0020     		movs	r0, #0
 231              	.LVL20:
 232              	.L25:
 118:Src/transport/connection_manager.cpp ****     }
 119:Src/transport/connection_manager.cpp **** }
 233              		.loc 1 119 1 view .LVU46
 234 000e 7047     		bx	lr
 235              		.cfi_endproc
 236              	.LFE2436:
 238              		.section	.text._ZZN17ConnectionManager19confirmRfReportRateEtENKUltE_clEt,"ax",%progbits
 239              		.align	1
 240              		.syntax unified
 241              		.thumb
 242              		.thumb_func
 244              	_ZZN17ConnectionManager19confirmRfReportRateEtENKUltE_clEt:
 245              	.LVL21:
 246              	.LFB2442:
 120:Src/transport/connection_manager.cpp **** }
 121:Src/transport/connection_manager.cpp **** 
 122:Src/transport/connection_manager.cpp **** void ConnectionManager::loadRfPowerStateHint() {
 123:Src/transport/connection_manager.cpp ****     rfPowerState = rfPowerHintToState(STORAGE_MANAGER.getRfPowerStateHint());
 124:Src/transport/connection_manager.cpp ****     rfPowerStateFromPersistedHint = (rfPowerState != RfPowerState::Unknown);
 125:Src/transport/connection_manager.cpp ****     printf("[RF_PWR][HINT] state=%s raw=%u\r\n",
 126:Src/transport/connection_manager.cpp ****            rfPowerStateName(rfPowerState),
 127:Src/transport/connection_manager.cpp ****            (unsigned int)STORAGE_MANAGER.getRfPowerStateHint());
 128:Src/transport/connection_manager.cpp **** }
 129:Src/transport/connection_manager.cpp **** 
 130:Src/transport/connection_manager.cpp **** void ConnectionManager::setRfPowerState(RfPowerState state, bool persist) {
 131:Src/transport/connection_manager.cpp ****     const RfPowerState oldState = rfPowerState;
 132:Src/transport/connection_manager.cpp ****     rfPowerState = state;
ARM GAS  C:\Users\nicx5\AppData\Local\Temp\cclEOOYD.s 			page 9


 133:Src/transport/connection_manager.cpp ****     rfPowerStateFromPersistedHint = false;
 134:Src/transport/connection_manager.cpp ****     printf("[RF_PWR][STATE] %s->%s persist=%u\r\n",
 135:Src/transport/connection_manager.cpp ****            rfPowerStateName(oldState),
 136:Src/transport/connection_manager.cpp ****            rfPowerStateName(state),
 137:Src/transport/connection_manager.cpp ****            (unsigned int)persist);
 138:Src/transport/connection_manager.cpp **** 
 139:Src/transport/connection_manager.cpp ****     if (!persist) {
 140:Src/transport/connection_manager.cpp ****         return;
 141:Src/transport/connection_manager.cpp ****     }
 142:Src/transport/connection_manager.cpp **** 
 143:Src/transport/connection_manager.cpp ****     const uint8_t hint = rfPowerStateToHint(state);
 144:Src/transport/connection_manager.cpp ****     if (STORAGE_MANAGER.getRfPowerStateHint() == hint) {
 145:Src/transport/connection_manager.cpp ****         return;
 146:Src/transport/connection_manager.cpp ****     }
 147:Src/transport/connection_manager.cpp **** 
 148:Src/transport/connection_manager.cpp ****     STORAGE_MANAGER.setRfPowerStateHint(hint);
 149:Src/transport/connection_manager.cpp ****     if (!STORAGE_MANAGER.saveConfig()) {
 150:Src/transport/connection_manager.cpp ****         printf("[RF_PWR][HINT_SAVE_FAIL] state=%s raw=%u\r\n",
 151:Src/transport/connection_manager.cpp ****                rfPowerStateName(state),
 152:Src/transport/connection_manager.cpp ****                (unsigned int)hint);
 153:Src/transport/connection_manager.cpp ****     }
 154:Src/transport/connection_manager.cpp **** }
 155:Src/transport/connection_manager.cpp **** 
 156:Src/transport/connection_manager.cpp **** bool ConnectionManager::rfPowerStateBlocksSpi() const {
 157:Src/transport/connection_manager.cpp ****     return rfSleepRecoveryOwned || (rfPowerState == RfPowerState::SleepPending) ||
 158:Src/transport/connection_manager.cpp ****            (rfPowerState == RfPowerState::Sleeping) ||
 159:Src/transport/connection_manager.cpp ****            (rfPowerState == RfPowerState::WakePending);
 160:Src/transport/connection_manager.cpp **** }
 161:Src/transport/connection_manager.cpp **** 
 162:Src/transport/connection_manager.cpp **** void ConnectionManager::setLinkState(ConnectionLinkState state)
 163:Src/transport/connection_manager.cpp **** {
 164:Src/transport/connection_manager.cpp ****     if (linkState != state) {
 165:Src/transport/connection_manager.cpp ****         MonitorTelemetry_OnLinkStateChanged(mode, static_cast<uint8_t>(state));
 166:Src/transport/connection_manager.cpp ****     }
 167:Src/transport/connection_manager.cpp ****     linkState = state;
 168:Src/transport/connection_manager.cpp **** }
 169:Src/transport/connection_manager.cpp **** 
 170:Src/transport/connection_manager.cpp **** bool ConnectionManager::confirmRfReportRate(uint16_t targetRateHz) {
 171:Src/transport/connection_manager.cpp ****     targetRateHz = clampRfReportRateHz(targetRateHz);
 172:Src/transport/connection_manager.cpp ****     requestedReportRateHz = targetRateHz;
 173:Src/transport/connection_manager.cpp ****     rateApplyPending = true;
 174:Src/transport/connection_manager.cpp ****     reportRateConfirmed = false;
 175:Src/transport/connection_manager.cpp **** 
 176:Src/transport/connection_manager.cpp ****     const auto applyAndConfirm = [this](uint16_t rateHz) {
 247              		.loc 1 176 34 is_stmt 1 view -0
 248              		.cfi_startproc
 249              		@ args = 0, pretend = 0, frame = 0
 250              		@ frame_needed = 0, uses_anonymous_args = 0
 251              		.loc 1 176 34 is_stmt 0 view .LVU48
 252 0000 2DE9F84F 		push	{r3, r4, r5, r6, r7, r8, r9, r10, fp, lr}
 253              	.LCFI0:
 254              		.cfi_def_cfa_offset 40
 255              		.cfi_offset 3, -40
 256              		.cfi_offset 4, -36
 257              		.cfi_offset 5, -32
 258              		.cfi_offset 6, -28
 259              		.cfi_offset 7, -24
ARM GAS  C:\Users\nicx5\AppData\Local\Temp\cclEOOYD.s 			page 10


 260              		.cfi_offset 8, -20
 261              		.cfi_offset 9, -16
 262              		.cfi_offset 10, -12
 263              		.cfi_offset 11, -8
 264              		.cfi_offset 14, -4
 265 0004 0546     		mov	r5, r0
 266 0006 8A46     		mov	r10, r1
 267              	.LBB182:
 177:Src/transport/connection_manager.cpp ****         if (!rfTransport.setRate(rateHz)) return false;
 268              		.loc 1 177 9 is_stmt 1 view .LVU49
 269              		.loc 1 177 14 is_stmt 0 view .LVU50
 270 0008 0068     		ldr	r0, [r0]
 271              	.LVL22:
 272              		.loc 1 177 33 view .LVU51
 273 000a 5030     		adds	r0, r0, #80
 274 000c FFF7FEFF 		bl	_ZN11RFTransport7setRateEt
 275              	.LVL23:
 276              		.loc 1 177 9 discriminator 1 view .LVU52
 277 0010 8346     		mov	fp, r0
 278 0012 10B9     		cbnz	r0, .L35
 279              	.L29:
 280              	.LBE182:
 178:Src/transport/connection_manager.cpp ****         // Capture after the entire send window: old replies cannot confirm
 179:Src/transport/connection_manager.cpp ****         // this application of SET_RATE. DMA-capable polling is asynchronous.
 180:Src/transport/connection_manager.cpp ****         const uint32_t generation = rfTransport.receivedStatusGeneration();
 181:Src/transport/connection_manager.cpp ****         const uint32_t startedAt = HAL_GetTick();
 182:Src/transport/connection_manager.cpp ****         uint32_t lastQuery = startedAt - 50u;
 183:Src/transport/connection_manager.cpp ****         do {
 184:Src/transport/connection_manager.cpp ****             (void)rfTransport.serviceEvents(8u);
 185:Src/transport/connection_manager.cpp ****             if (RFBridgePort_HasReleaseFault()) return false;
 186:Src/transport/connection_manager.cpp ****             if (rfTransport.receivedStatusGeneration() != generation &&
 187:Src/transport/connection_manager.cpp ****                 rfTransport.receivedStatusMatchesRate(rateHz)) return true;
 188:Src/transport/connection_manager.cpp ****             const uint32_t now = HAL_GetTick();
 189:Src/transport/connection_manager.cpp ****             if (now - lastQuery >= 50u && !RFBridgePort_HasPendingEvent()) {
 190:Src/transport/connection_manager.cpp ****                 lastQuery = now;
 191:Src/transport/connection_manager.cpp ****                 (void)rfTransport.pollStatus();
 192:Src/transport/connection_manager.cpp ****             }
 193:Src/transport/connection_manager.cpp ****             HAL_Delay(1u);
 194:Src/transport/connection_manager.cpp ****         } while ((HAL_GetTick() - startedAt) < kRfRateAppliedTimeoutMs);
 195:Src/transport/connection_manager.cpp ****         return false;
 196:Src/transport/connection_manager.cpp ****     };
 281              		.loc 1 196 5 view .LVU53
 282 0014 5846     		mov	r0, fp
 283 0016 BDE8F88F 		pop	{r3, r4, r5, r6, r7, r8, r9, r10, fp, pc}
 284              	.LVL24:
 285              	.L35:
 286              	.LBB192:
 180:Src/transport/connection_manager.cpp ****         const uint32_t startedAt = HAL_GetTick();
 287              		.loc 1 180 9 is_stmt 1 view .LVU54
 180:Src/transport/connection_manager.cpp ****         const uint32_t startedAt = HAL_GetTick();
 288              		.loc 1 180 37 is_stmt 0 view .LVU55
 289 001a 2B68     		ldr	r3, [r5]
 290              	.LVL25:
 291              	.LBB183:
 292              	.LBI183:
 293              		.file 4 "Inc/transport/rf/rf_transport.hpp"
   1:Inc/transport/rf/rf_transport.hpp **** #ifndef RF_TRANSPORT_HPP
ARM GAS  C:\Users\nicx5\AppData\Local\Temp\cclEOOYD.s 			page 11


   2:Inc/transport/rf/rf_transport.hpp **** #define RF_TRANSPORT_HPP
   3:Inc/transport/rf/rf_transport.hpp **** 
   4:Inc/transport/rf/rf_transport.hpp **** #include <stdint.h>
   5:Inc/transport/rf/rf_transport.hpp **** #include <stddef.h>
   6:Inc/transport/rf/rf_transport.hpp **** 
   7:Inc/transport/rf/rf_transport.hpp **** #include "gamepad/GamepadState.hpp"
   8:Inc/transport/rf/rf_transport.hpp **** 
   9:Inc/transport/rf/rf_transport.hpp **** enum class RFTransportState : uint8_t {
  10:Inc/transport/rf/rf_transport.hpp ****     Disconnected = 0,
  11:Inc/transport/rf/rf_transport.hpp ****     Connected = 1,
  12:Inc/transport/rf/rf_transport.hpp ****     Error = 2,
  13:Inc/transport/rf/rf_transport.hpp **** };
  14:Inc/transport/rf/rf_transport.hpp **** 
  15:Inc/transport/rf/rf_transport.hpp **** enum class RFLinkState : uint8_t {
  16:Inc/transport/rf/rf_transport.hpp ****     Idle = 0,
  17:Inc/transport/rf/rf_transport.hpp ****     Pairing = 1,
  18:Inc/transport/rf/rf_transport.hpp ****     PairOk = 2,
  19:Inc/transport/rf/rf_transport.hpp ****     Connecting = 3,
  20:Inc/transport/rf/rf_transport.hpp ****     Connected = 4,
  21:Inc/transport/rf/rf_transport.hpp ****     Reconnecting = 5,
  22:Inc/transport/rf/rf_transport.hpp ****     PairTimeout = 6,
  23:Inc/transport/rf/rf_transport.hpp ****     PairFailed = 7,
  24:Inc/transport/rf/rf_transport.hpp **** };
  25:Inc/transport/rf/rf_transport.hpp **** 
  26:Inc/transport/rf/rf_transport.hpp **** struct RFModuleStatus {
  27:Inc/transport/rf/rf_transport.hpp ****     RFLinkState state = RFLinkState::Idle;
  28:Inc/transport/rf/rf_transport.hpp ****     bool connected = false;
  29:Inc/transport/rf/rf_transport.hpp ****     bool hasBond = false;
  30:Inc/transport/rf/rf_transport.hpp ****     uint16_t rateHz = 1000;
  31:Inc/transport/rf/rf_transport.hpp ****     uint8_t txPowerLevel = 0;
  32:Inc/transport/rf/rf_transport.hpp ****     uint16_t rxOk = 0;
  33:Inc/transport/rf/rf_transport.hpp ****     uint16_t rxFail = 0;
  34:Inc/transport/rf/rf_transport.hpp ****     uint16_t txFail = 0;
  35:Inc/transport/rf/rf_transport.hpp ****     uint32_t rejectCount = 0;
  36:Inc/transport/rf/rf_transport.hpp ****     uint8_t lastEvent = 0;
  37:Inc/transport/rf/rf_transport.hpp ****     uint8_t lastCommandTag = 0;
  38:Inc/transport/rf/rf_transport.hpp ****     uint8_t lastTransactionId = 0;
  39:Inc/transport/rf/rf_transport.hpp ****     uint8_t lastResult = 0;
  40:Inc/transport/rf/rf_transport.hpp ****     uint8_t lastErrorCommand = 0;
  41:Inc/transport/rf/rf_transport.hpp ****     uint8_t lastErrorReason = 0;
  42:Inc/transport/rf/rf_transport.hpp ****     uint32_t eventCounter = 0;
  43:Inc/transport/rf/rf_transport.hpp ****     uint32_t errorCounter = 0;
  44:Inc/transport/rf/rf_transport.hpp **** };
  45:Inc/transport/rf/rf_transport.hpp **** 
  46:Inc/transport/rf/rf_transport.hpp **** class RFTransport {
  47:Inc/transport/rf/rf_transport.hpp **** public:
  48:Inc/transport/rf/rf_transport.hpp ****     RFTransport() = default;
  49:Inc/transport/rf/rf_transport.hpp ****     bool begin();
  50:Inc/transport/rf/rf_transport.hpp ****     void resetSession();
  51:Inc/transport/rf/rf_transport.hpp ****     bool acceptRecoveryFrame(const uint8_t* frame, uint16_t len);
  52:Inc/transport/rf/rf_transport.hpp ****     uint32_t receivedStatusGeneration() const { return receivedStatusGeneration_; }
 294              		.loc 4 52 14 is_stmt 1 view .LVU56
 295              	.LBB184:
 296              		.loc 4 52 49 view .LVU57
 297              		.loc 4 52 56 is_stmt 0 view .LVU58
 298 001c D3F87880 		ldr	r8, [r3, #120]
 299              	.LVL26:
ARM GAS  C:\Users\nicx5\AppData\Local\Temp\cclEOOYD.s 			page 12


 300              		.loc 4 52 56 view .LVU59
 301              	.LBE184:
 302              	.LBE183:
 181:Src/transport/connection_manager.cpp ****         uint32_t lastQuery = startedAt - 50u;
 303              		.loc 1 181 9 is_stmt 1 view .LVU60
 181:Src/transport/connection_manager.cpp ****         uint32_t lastQuery = startedAt - 50u;
 304              		.loc 1 181 47 is_stmt 0 view .LVU61
 305 0020 FFF7FEFF 		bl	HAL_GetTick
 306              	.LVL27:
 307 0024 0646     		mov	r6, r0
 308              	.LVL28:
 182:Src/transport/connection_manager.cpp ****         do {
 309              		.loc 1 182 9 is_stmt 1 view .LVU62
 182:Src/transport/connection_manager.cpp ****         do {
 310              		.loc 1 182 18 is_stmt 0 view .LVU63
 311 0026 A0F13207 		sub	r7, r0, #50
 312              	.LVL29:
 182:Src/transport/connection_manager.cpp ****         do {
 313              		.loc 1 182 18 view .LVU64
 314 002a 0EE0     		b	.L32
 315              	.LVL30:
 316              	.L30:
 317              	.LBB185:
 188:Src/transport/connection_manager.cpp ****             if (now - lastQuery >= 50u && !RFBridgePort_HasPendingEvent()) {
 318              		.loc 1 188 13 is_stmt 1 view .LVU65
 188:Src/transport/connection_manager.cpp ****             if (now - lastQuery >= 50u && !RFBridgePort_HasPendingEvent()) {
 319              		.loc 1 188 45 is_stmt 0 view .LVU66
 320 002c FFF7FEFF 		bl	HAL_GetTick
 321              	.LVL31:
 322 0030 0446     		mov	r4, r0
 323              	.LVL32:
 189:Src/transport/connection_manager.cpp ****                 lastQuery = now;
 324              		.loc 1 189 13 is_stmt 1 view .LVU67
 189:Src/transport/connection_manager.cpp ****                 lastQuery = now;
 325              		.loc 1 189 21 is_stmt 0 view .LVU68
 326 0032 C31B     		subs	r3, r0, r7
 189:Src/transport/connection_manager.cpp ****                 lastQuery = now;
 327              		.loc 1 189 40 view .LVU69
 328 0034 312B     		cmp	r3, #49
 329 0036 20D8     		bhi	.L36
 330              	.LVL33:
 331              	.L31:
 193:Src/transport/connection_manager.cpp ****         } while ((HAL_GetTick() - startedAt) < kRfRateAppliedTimeoutMs);
 332              		.loc 1 193 13 is_stmt 1 view .LVU70
 193:Src/transport/connection_manager.cpp ****         } while ((HAL_GetTick() - startedAt) < kRfRateAppliedTimeoutMs);
 333              		.loc 1 193 22 is_stmt 0 view .LVU71
 334 0038 0120     		movs	r0, #1
 335 003a FFF7FEFF 		bl	HAL_Delay
 336              	.LVL34:
 337              	.LBE185:
 194:Src/transport/connection_manager.cpp ****         return false;
 338              		.loc 1 194 46 is_stmt 1 view .LVU72
 194:Src/transport/connection_manager.cpp ****         return false;
 339              		.loc 1 194 30 is_stmt 0 view .LVU73
 340 003e FFF7FEFF 		bl	HAL_GetTick
 341              	.LVL35:
 194:Src/transport/connection_manager.cpp ****         return false;
ARM GAS  C:\Users\nicx5\AppData\Local\Temp\cclEOOYD.s 			page 13


 342              		.loc 1 194 33 discriminator 1 view .LVU74
 343 0042 801B     		subs	r0, r0, r6
 194:Src/transport/connection_manager.cpp ****         return false;
 344              		.loc 1 194 46 discriminator 1 view .LVU75
 345 0044 B0F5FA7F 		cmp	r0, #500
 346 0048 21D2     		bcs	.L37
 347              	.LVL36:
 348              	.L32:
 183:Src/transport/connection_manager.cpp ****             (void)rfTransport.serviceEvents(8u);
 349              		.loc 1 183 9 is_stmt 1 view .LVU76
 350              	.LBB190:
 184:Src/transport/connection_manager.cpp ****             if (RFBridgePort_HasReleaseFault()) return false;
 351              		.loc 1 184 13 view .LVU77
 184:Src/transport/connection_manager.cpp ****             if (RFBridgePort_HasReleaseFault()) return false;
 352              		.loc 1 184 19 is_stmt 0 view .LVU78
 353 004a 2868     		ldr	r0, [r5]
 184:Src/transport/connection_manager.cpp ****             if (RFBridgePort_HasReleaseFault()) return false;
 354              		.loc 1 184 44 view .LVU79
 355 004c 0821     		movs	r1, #8
 356 004e 5030     		adds	r0, r0, #80
 357 0050 FFF7FEFF 		bl	_ZN11RFTransport13serviceEventsEh
 358              	.LVL37:
 185:Src/transport/connection_manager.cpp ****             if (rfTransport.receivedStatusGeneration() != generation &&
 359              		.loc 1 185 13 is_stmt 1 view .LVU80
 185:Src/transport/connection_manager.cpp ****             if (rfTransport.receivedStatusGeneration() != generation &&
 360              		.loc 1 185 45 is_stmt 0 view .LVU81
 361 0054 FFF7FEFF 		bl	_Z28RFBridgePort_HasReleaseFaultv
 362              	.LVL38:
 185:Src/transport/connection_manager.cpp ****             if (rfTransport.receivedStatusGeneration() != generation &&
 363              		.loc 1 185 13 discriminator 1 view .LVU82
 364 0058 8146     		mov	r9, r0
 365 005a D0B9     		cbnz	r0, .L33
 186:Src/transport/connection_manager.cpp ****                 rfTransport.receivedStatusMatchesRate(rateHz)) return true;
 366              		.loc 1 186 13 is_stmt 1 view .LVU83
 186:Src/transport/connection_manager.cpp ****                 rfTransport.receivedStatusMatchesRate(rateHz)) return true;
 367              		.loc 1 186 17 is_stmt 0 view .LVU84
 368 005c 2A68     		ldr	r2, [r5]
 369              	.LVL39:
 370              	.LBB186:
 371              	.LBI186:
 372              		.loc 4 52 14 is_stmt 1 view .LVU85
 373              	.LBB187:
 374              		.loc 4 52 49 view .LVU86
 375              		.loc 4 52 56 is_stmt 0 view .LVU87
 376 005e 936F     		ldr	r3, [r2, #120]
 377              	.LVL40:
 378              		.loc 4 52 56 view .LVU88
 379              	.LBE187:
 380              	.LBE186:
 186:Src/transport/connection_manager.cpp ****                 rfTransport.receivedStatusMatchesRate(rateHz)) return true;
 381              		.loc 1 186 70 discriminator 1 view .LVU89
 382 0060 4345     		cmp	r3, r8
 383 0062 E3D0     		beq	.L30
 384              	.LVL41:
 385              	.LBB188:
 386              	.LBI188:
  53:Inc/transport/rf/rf_transport.hpp ****     bool receivedStatusMatchesRate(uint16_t rate) const {
ARM GAS  C:\Users\nicx5\AppData\Local\Temp\cclEOOYD.s 			page 14


 387              		.loc 4 53 10 is_stmt 1 view .LVU90
 388              	.LBB189:
  54:Inc/transport/rf/rf_transport.hpp ****         return receivedStatusGeneration_ != 0u && receivedStatusResult_ == 0u &&
 389              		.loc 4 54 9 view .LVU91
 390              		.loc 4 54 79 is_stmt 0 view .LVU92
 391 0064 002B     		cmp	r3, #0
 392 0066 E1D0     		beq	.L30
 393              		.loc 4 54 51 discriminator 1 view .LVU93
 394 0068 92F87E30 		ldrb	r3, [r2, #126]	@ zero_extendqisi2
 395              		.loc 4 54 48 discriminator 1 view .LVU94
 396 006c 002B     		cmp	r3, #0
 397 006e DDD1     		bne	.L30
  55:Inc/transport/rf/rf_transport.hpp ****                receivedStatusRateHz_ == rate;
 398              		.loc 4 55 16 view .LVU95
 399 0070 B2F87C30 		ldrh	r3, [r2, #124]
  54:Inc/transport/rf/rf_transport.hpp ****         return receivedStatusGeneration_ != 0u && receivedStatusResult_ == 0u &&
 400              		.loc 4 54 79 discriminator 3 view .LVU96
 401 0074 9A45     		cmp	r10, r3
 402 0076 D9D1     		bne	.L30
 403 0078 CCE7     		b	.L29
 404              	.LVL42:
 405              	.L36:
  54:Inc/transport/rf/rf_transport.hpp ****         return receivedStatusGeneration_ != 0u && receivedStatusResult_ == 0u &&
 406              		.loc 4 54 79 discriminator 3 view .LVU97
 407              	.LBE189:
 408              	.LBE188:
 189:Src/transport/connection_manager.cpp ****                 lastQuery = now;
 409              		.loc 1 189 72 discriminator 1 view .LVU98
 410 007a FFF7FEFF 		bl	_Z28RFBridgePort_HasPendingEventv
 411              	.LVL43:
 189:Src/transport/connection_manager.cpp ****                 lastQuery = now;
 412              		.loc 1 189 40 discriminator 1 view .LVU99
 413 007e 0028     		cmp	r0, #0
 414 0080 DAD1     		bne	.L31
 190:Src/transport/connection_manager.cpp ****                 (void)rfTransport.pollStatus();
 415              		.loc 1 190 17 is_stmt 1 view .LVU100
 416              	.LVL44:
 191:Src/transport/connection_manager.cpp ****             }
 417              		.loc 1 191 17 view .LVU101
 191:Src/transport/connection_manager.cpp ****             }
 418              		.loc 1 191 23 is_stmt 0 view .LVU102
 419 0082 2868     		ldr	r0, [r5]
 191:Src/transport/connection_manager.cpp ****             }
 420              		.loc 1 191 45 view .LVU103
 421 0084 5030     		adds	r0, r0, #80
 422 0086 FFF7FEFF 		bl	_ZN11RFTransport10pollStatusEv
 423              	.LVL45:
 190:Src/transport/connection_manager.cpp ****                 (void)rfTransport.pollStatus();
 424              		.loc 1 190 27 view .LVU104
 425 008a 2746     		mov	r7, r4
 426 008c D4E7     		b	.L31
 427              	.LVL46:
 428              	.L37:
 190:Src/transport/connection_manager.cpp ****                 (void)rfTransport.pollStatus();
 429              		.loc 1 190 27 view .LVU105
 430              	.LBE190:
 195:Src/transport/connection_manager.cpp ****     };
ARM GAS  C:\Users\nicx5\AppData\Local\Temp\cclEOOYD.s 			page 15


 431              		.loc 1 195 16 view .LVU106
 432 008e CB46     		mov	fp, r9
 433 0090 C0E7     		b	.L29
 434              	.LVL47:
 435              	.L33:
 436              	.LBB191:
 185:Src/transport/connection_manager.cpp ****             if (rfTransport.receivedStatusGeneration() != generation &&
 437              		.loc 1 185 56 discriminator 1 view .LVU107
 438 0092 4FF0000B 		mov	fp, #0
 439 0096 BDE7     		b	.L29
 440              	.LBE191:
 441              	.LBE192:
 442              		.cfi_endproc
 443              	.LFE2442:
 445              		.section	.text._ZN12_GLOBAL__N_1L17getRfReportRateHzE18WirelessReportRate,"ax",%progbits
 446              		.align	1
 447              		.syntax unified
 448              		.thumb
 449              		.thumb_func
 451              	_ZN12_GLOBAL__N_1L17getRfReportRateHzE18WirelessReportRate:
 452              	.LVL48:
 453              	.LFB2431:
  40:Src/transport/connection_manager.cpp **** #if RF24G_FORCE_REPORT_RATE_HZ != 0
 454              		.loc 1 40 68 is_stmt 1 view -0
 455              		.cfi_startproc
 456              		@ args = 0, pretend = 0, frame = 0
 457              		@ frame_needed = 0, uses_anonymous_args = 0
  40:Src/transport/connection_manager.cpp **** #if RF24G_FORCE_REPORT_RATE_HZ != 0
 458              		.loc 1 40 68 is_stmt 0 view .LVU109
 459 0000 08B5     		push	{r3, lr}
 460              	.LCFI1:
 461              		.cfi_def_cfa_offset 8
 462              		.cfi_offset 3, -8
 463              		.cfi_offset 14, -4
  45:Src/transport/connection_manager.cpp **** #endif
 464              		.loc 1 45 5 is_stmt 1 view .LVU110
  45:Src/transport/connection_manager.cpp **** #endif
 465              		.loc 1 45 31 is_stmt 0 view .LVU111
 466 0002 FFF7FEFF 		bl	getWirelessReportRateHz
 467              	.LVL49:
  45:Src/transport/connection_manager.cpp **** #endif
 468              		.loc 1 45 31 discriminator 1 view .LVU112
 469 0006 FFF7FEFF 		bl	_ZN12_GLOBAL__N_1L19clampRfReportRateHzEt
 470              	.LVL50:
  47:Src/transport/connection_manager.cpp **** 
 471              		.loc 1 47 1 view .LVU113
 472 000a 08BD     		pop	{r3, pc}
 473              		.cfi_endproc
 474              	.LFE2431:
 476              		.section	.text._ZN7Storage11getInstanceEv,"axG",%progbits,_ZN7Storage11getInstanceEv,comdat
 477              		.align	1
 478              		.weak	_ZN7Storage11getInstanceEv
 479              		.syntax unified
 480              		.thumb
 481              		.thumb_func
 483              	_ZN7Storage11getInstanceEv:
 484              	.LFB2389:
ARM GAS  C:\Users\nicx5\AppData\Local\Temp\cclEOOYD.s 			page 16


 485              		.file 5 "Inc/config/storagemanager.hpp"
   1:Inc/config/storagemanager.hpp **** #ifndef _STORAGE_MANAGER_H_
   2:Inc/config/storagemanager.hpp **** #define _STORAGE_MANAGER_H_
   3:Inc/config/storagemanager.hpp **** 
   4:Inc/config/storagemanager.hpp **** #include "config.hpp"
   5:Inc/config/storagemanager.hpp **** 
   6:Inc/config/storagemanager.hpp **** // Forward declarations
   7:Inc/config/storagemanager.hpp **** class ADCValuesCalibrator;
   8:Inc/config/storagemanager.hpp **** class ADCValuesMarker;
   9:Inc/config/storagemanager.hpp **** 
  10:Inc/config/storagemanager.hpp **** class Storage {
  11:Inc/config/storagemanager.hpp **** public:
  12:Inc/config/storagemanager.hpp **** 	using DefaultProfileChangedCallback = void (*)(void);
  13:Inc/config/storagemanager.hpp **** 
  14:Inc/config/storagemanager.hpp **** 	Storage(Storage const&) = delete;
  15:Inc/config/storagemanager.hpp **** 	void operator=(Storage const&) = delete;
  16:Inc/config/storagemanager.hpp **** 	
  17:Inc/config/storagemanager.hpp **** 	static Storage& getInstance() {
 486              		.loc 5 17 18 is_stmt 1 view -0
 487              		.cfi_startproc
 488              		@ args = 0, pretend = 0, frame = 0
 489              		@ frame_needed = 0, uses_anonymous_args = 0
 490 0000 08B5     		push	{r3, lr}
 491              	.LCFI2:
 492              		.cfi_def_cfa_offset 8
 493              		.cfi_offset 3, -8
 494              		.cfi_offset 14, -4
  18:Inc/config/storagemanager.hpp **** 		static Storage instance;
 495              		.loc 5 18 3 view .LVU115
 496              		.loc 5 18 18 is_stmt 0 view .LVU116
 497 0002 094B     		ldr	r3, .L44
 498 0004 1B68     		ldr	r3, [r3]
 499 0006 BFF35B8F 		dmb	ish
 500              		.loc 5 18 18 discriminator 1 view .LVU117
 501 000a 13F0010F 		tst	r3, #1
 502 000e 01D0     		beq	.L43
 503              	.L41:
  19:Inc/config/storagemanager.hpp **** 		return instance;
 504              		.loc 5 19 3 is_stmt 1 view .LVU118
  20:Inc/config/storagemanager.hpp **** 	}
 505              		.loc 5 20 2 is_stmt 0 view .LVU119
 506 0010 0648     		ldr	r0, .L44+4
 507 0012 08BD     		pop	{r3, pc}
 508              	.L43:
  18:Inc/config/storagemanager.hpp **** 		static Storage instance;
 509              		.loc 5 18 18 discriminator 1 view .LVU120
 510 0014 0448     		ldr	r0, .L44
 511 0016 FFF7FEFF 		bl	__cxa_guard_acquire
 512              	.LVL51:
 513 001a 0028     		cmp	r0, #0
 514 001c F8D0     		beq	.L41
 515              	.LVL52:
 516              	.LBB193:
 517              	.LBI193:
  21:Inc/config/storagemanager.hpp **** 
  22:Inc/config/storagemanager.hpp **** 	Config config;
  23:Inc/config/storagemanager.hpp **** 	
ARM GAS  C:\Users\nicx5\AppData\Local\Temp\cclEOOYD.s 			page 17


  24:Inc/config/storagemanager.hpp **** 	void initConfig();
  25:Inc/config/storagemanager.hpp **** 	bool saveConfig();
  26:Inc/config/storagemanager.hpp **** 	bool resetConfig();
  27:Inc/config/storagemanager.hpp **** 	void setInputMode(InputMode inputMode);
  28:Inc/config/storagemanager.hpp **** 	const InputMode getInputMode() {
  29:Inc/config/storagemanager.hpp **** 		return config.inputMode;
  30:Inc/config/storagemanager.hpp **** 	}
  31:Inc/config/storagemanager.hpp **** 	void setConnectionMode(ConnectionMode mode);
  32:Inc/config/storagemanager.hpp **** 	ConnectionMode getConnectionMode() const {
  33:Inc/config/storagemanager.hpp **** 		return config.connectionMode;
  34:Inc/config/storagemanager.hpp **** 	}
  35:Inc/config/storagemanager.hpp **** 	void setWirelessReportRate(WirelessReportRate rate);
  36:Inc/config/storagemanager.hpp **** 	WirelessReportRate getWirelessReportRate() const {
  37:Inc/config/storagemanager.hpp **** 		return config.wirelessReportRate;
  38:Inc/config/storagemanager.hpp **** 	}
  39:Inc/config/storagemanager.hpp **** 	uint32_t getWakeHoldMs() const {
  40:Inc/config/storagemanager.hpp **** 		return config.power.wakeHoldMs;
  41:Inc/config/storagemanager.hpp **** 	}
  42:Inc/config/storagemanager.hpp **** 	bool getAutoSleepEnabled() const { return config.power.autoSleepEnabled == 1u; }
  43:Inc/config/storagemanager.hpp **** 	uint32_t getAutoStandbyMs() const {
  44:Inc/config/storagemanager.hpp **** 		return config.power.autoStandbyMs;
  45:Inc/config/storagemanager.hpp **** 	}
  46:Inc/config/storagemanager.hpp **** 	void setRfPowerStateHint(uint8_t hint);
  47:Inc/config/storagemanager.hpp **** 	uint8_t getRfPowerStateHint() const {
  48:Inc/config/storagemanager.hpp **** 		return config.reservedConnection0;
  49:Inc/config/storagemanager.hpp **** 	}
  50:Inc/config/storagemanager.hpp **** 	GamepadProfile* getGamepadProfile(char* id);
  51:Inc/config/storagemanager.hpp **** 	GamepadProfile* getDefaultGamepadProfile() {
  52:Inc/config/storagemanager.hpp **** 		return getGamepadProfile(config.defaultProfileId);
  53:Inc/config/storagemanager.hpp **** 	}
  54:Inc/config/storagemanager.hpp **** 	bool setDefaultProfileId(const char* id);
  55:Inc/config/storagemanager.hpp **** 	void registerDefaultProfileChangedCallback(DefaultProfileChangedCallback cb);
  56:Inc/config/storagemanager.hpp **** 	GamepadHotkeyEntry* getGamepadHotkeyEntry() {
  57:Inc/config/storagemanager.hpp **** 		return config.hotkeys;
  58:Inc/config/storagemanager.hpp **** 	}
  59:Inc/config/storagemanager.hpp **** 
  60:Inc/config/storagemanager.hpp **** 	void setBootMode(BootMode bootMode);
  61:Inc/config/storagemanager.hpp **** 	BootMode getBootMode() {
  62:Inc/config/storagemanager.hpp **** 		return config.bootMode;
  63:Inc/config/storagemanager.hpp **** 	}
  64:Inc/config/storagemanager.hpp **** 
  65:Inc/config/storagemanager.hpp **** private:
  66:Inc/config/storagemanager.hpp **** 	Storage() {}  // 私有构造函数
 518              		.loc 5 66 2 is_stmt 1 view .LVU121
 519              		.loc 5 66 2 is_stmt 0 view .LVU122
 520              	.LBE193:
  18:Inc/config/storagemanager.hpp **** 		return instance;
 521              		.loc 5 18 18 discriminator 1 view .LVU123
 522 001e 0248     		ldr	r0, .L44
 523 0020 FFF7FEFF 		bl	__cxa_guard_release
 524              	.LVL53:
 525 0024 F4E7     		b	.L41
 526              	.L45:
 527 0026 00BF     		.align	2
 528              	.L44:
 529 0028 00000000 		.word	_ZGVZN7Storage11getInstanceEvE8instance
 530 002c 00000000 		.word	_ZZN7Storage11getInstanceEvE8instance
ARM GAS  C:\Users\nicx5\AppData\Local\Temp\cclEOOYD.s 			page 18


 531              		.cfi_endproc
 532              	.LFE2389:
 534              		.section	.text._ZN17ConnectionManager20loadRfPowerStateHintEv,"ax",%progbits
 535              		.align	1
 536              		.global	_ZN17ConnectionManager20loadRfPowerStateHintEv
 537              		.syntax unified
 538              		.thumb
 539              		.thumb_func
 541              	_ZN17ConnectionManager20loadRfPowerStateHintEv:
 542              	.LVL54:
 543              	.LFB2437:
 122:Src/transport/connection_manager.cpp ****     rfPowerState = rfPowerHintToState(STORAGE_MANAGER.getRfPowerStateHint());
 544              		.loc 1 122 48 is_stmt 1 view -0
 545              		.cfi_startproc
 546              		@ args = 0, pretend = 0, frame = 0
 547              		@ frame_needed = 0, uses_anonymous_args = 0
 122:Src/transport/connection_manager.cpp ****     rfPowerState = rfPowerHintToState(STORAGE_MANAGER.getRfPowerStateHint());
 548              		.loc 1 122 48 is_stmt 0 view .LVU125
 549 0000 10B5     		push	{r4, lr}
 550              	.LCFI3:
 551              		.cfi_def_cfa_offset 8
 552              		.cfi_offset 4, -8
 553              		.cfi_offset 14, -4
 554 0002 0446     		mov	r4, r0
 123:Src/transport/connection_manager.cpp ****     rfPowerStateFromPersistedHint = (rfPowerState != RfPowerState::Unknown);
 555              		.loc 1 123 5 is_stmt 1 view .LVU126
 123:Src/transport/connection_manager.cpp ****     rfPowerStateFromPersistedHint = (rfPowerState != RfPowerState::Unknown);
 556              		.loc 1 123 39 is_stmt 0 view .LVU127
 557 0004 FFF7FEFF 		bl	_ZN7Storage11getInstanceEv
 558              	.LVL55:
 559              	.LBB194:
 560              	.LBI194:
  47:Inc/config/storagemanager.hpp **** 		return config.reservedConnection0;
 561              		.loc 5 47 10 is_stmt 1 view .LVU128
 562              	.LBB195:
  48:Inc/config/storagemanager.hpp **** 	}
 563              		.loc 5 48 3 view .LVU129
  48:Inc/config/storagemanager.hpp **** 	}
 564              		.loc 5 48 3 is_stmt 0 view .LVU130
 565              	.LBE195:
 566              	.LBE194:
 123:Src/transport/connection_manager.cpp ****     rfPowerStateFromPersistedHint = (rfPowerState != RfPowerState::Unknown);
 567              		.loc 1 123 38 discriminator 2 view .LVU131
 568 0008 807A     		ldrb	r0, [r0, #10]	@ zero_extendqisi2
 569 000a FFF7FEFF 		bl	_ZN12_GLOBAL__N_1L18rfPowerHintToStateEh
 570              	.LVL56:
 123:Src/transport/connection_manager.cpp ****     rfPowerStateFromPersistedHint = (rfPowerState != RfPowerState::Unknown);
 571              		.loc 1 123 18 discriminator 3 view .LVU132
 572 000e 6072     		strb	r0, [r4, #9]
 124:Src/transport/connection_manager.cpp ****     printf("[RF_PWR][HINT] state=%s raw=%u\r\n",
 573              		.loc 1 124 5 is_stmt 1 view .LVU133
 124:Src/transport/connection_manager.cpp ****     printf("[RF_PWR][HINT] state=%s raw=%u\r\n",
 574              		.loc 1 124 51 is_stmt 0 view .LVU134
 575 0010 031E     		subs	r3, r0, #0
 576 0012 18BF     		it	ne
 577 0014 0123     		movne	r3, #1
 124:Src/transport/connection_manager.cpp ****     printf("[RF_PWR][HINT] state=%s raw=%u\r\n",
ARM GAS  C:\Users\nicx5\AppData\Local\Temp\cclEOOYD.s 			page 19


 578              		.loc 1 124 35 view .LVU135
 579 0016 A372     		strb	r3, [r4, #10]
 125:Src/transport/connection_manager.cpp ****            rfPowerStateName(rfPowerState),
 580              		.loc 1 125 5 is_stmt 1 view .LVU136
 128:Src/transport/connection_manager.cpp **** 
 581              		.loc 1 128 1 is_stmt 0 view .LVU137
 582 0018 10BD     		pop	{r4, pc}
 128:Src/transport/connection_manager.cpp **** 
 583              		.loc 1 128 1 view .LVU138
 584              		.cfi_endproc
 585              	.LFE2437:
 587              		.section	.text._ZN17ConnectionManager15setRfPowerStateE12RfPowerStateb,"ax",%progbits
 588              		.align	1
 589              		.global	_ZN17ConnectionManager15setRfPowerStateE12RfPowerStateb
 590              		.syntax unified
 591              		.thumb
 592              		.thumb_func
 594              	_ZN17ConnectionManager15setRfPowerStateE12RfPowerStateb:
 595              	.LVL57:
 596              	.LFB2438:
 130:Src/transport/connection_manager.cpp ****     const RfPowerState oldState = rfPowerState;
 597              		.loc 1 130 75 is_stmt 1 view -0
 598              		.cfi_startproc
 599              		@ args = 0, pretend = 0, frame = 0
 600              		@ frame_needed = 0, uses_anonymous_args = 0
 130:Src/transport/connection_manager.cpp ****     const RfPowerState oldState = rfPowerState;
 601              		.loc 1 130 75 is_stmt 0 view .LVU140
 602 0000 0346     		mov	r3, r0
 603 0002 0846     		mov	r0, r1
 604              	.LVL58:
 131:Src/transport/connection_manager.cpp ****     rfPowerState = state;
 605              		.loc 1 131 5 is_stmt 1 view .LVU141
 132:Src/transport/connection_manager.cpp ****     rfPowerStateFromPersistedHint = false;
 606              		.loc 1 132 5 view .LVU142
 132:Src/transport/connection_manager.cpp ****     rfPowerStateFromPersistedHint = false;
 607              		.loc 1 132 18 is_stmt 0 view .LVU143
 608 0004 5972     		strb	r1, [r3, #9]
 609              	.LVL59:
 133:Src/transport/connection_manager.cpp ****     printf("[RF_PWR][STATE] %s->%s persist=%u\r\n",
 610              		.loc 1 133 5 is_stmt 1 view .LVU144
 133:Src/transport/connection_manager.cpp ****     printf("[RF_PWR][STATE] %s->%s persist=%u\r\n",
 611              		.loc 1 133 35 is_stmt 0 view .LVU145
 612 0006 0021     		movs	r1, #0
 613              	.LVL60:
 133:Src/transport/connection_manager.cpp ****     printf("[RF_PWR][STATE] %s->%s persist=%u\r\n",
 614              		.loc 1 133 35 view .LVU146
 615 0008 9972     		strb	r1, [r3, #10]
 134:Src/transport/connection_manager.cpp ****            rfPowerStateName(oldState),
 616              		.loc 1 134 5 is_stmt 1 view .LVU147
 139:Src/transport/connection_manager.cpp ****         return;
 617              		.loc 1 139 5 view .LVU148
 618 000a 02B9     		cbnz	r2, .L54
 619 000c 7047     		bx	lr
 620              	.L54:
 130:Src/transport/connection_manager.cpp ****     const RfPowerState oldState = rfPowerState;
 621              		.loc 1 130 75 is_stmt 0 view .LVU149
 622 000e 10B5     		push	{r4, lr}
ARM GAS  C:\Users\nicx5\AppData\Local\Temp\cclEOOYD.s 			page 20


 623              	.LCFI4:
 624              		.cfi_def_cfa_offset 8
 625              		.cfi_offset 4, -8
 626              		.cfi_offset 14, -4
 143:Src/transport/connection_manager.cpp ****     if (STORAGE_MANAGER.getRfPowerStateHint() == hint) {
 627              		.loc 1 143 5 is_stmt 1 view .LVU150
 143:Src/transport/connection_manager.cpp ****     if (STORAGE_MANAGER.getRfPowerStateHint() == hint) {
 628              		.loc 1 143 44 is_stmt 0 view .LVU151
 629 0010 FFF7FEFF 		bl	_ZN12_GLOBAL__N_1L18rfPowerStateToHintE12RfPowerState
 630              	.LVL61:
 143:Src/transport/connection_manager.cpp ****     if (STORAGE_MANAGER.getRfPowerStateHint() == hint) {
 631              		.loc 1 143 44 view .LVU152
 632 0014 0446     		mov	r4, r0
 633              	.LVL62:
 144:Src/transport/connection_manager.cpp ****         return;
 634              		.loc 1 144 5 is_stmt 1 view .LVU153
 144:Src/transport/connection_manager.cpp ****         return;
 635              		.loc 1 144 9 is_stmt 0 view .LVU154
 636 0016 FFF7FEFF 		bl	_ZN7Storage11getInstanceEv
 637              	.LVL63:
 638              	.LBB196:
 639              	.LBI196:
  47:Inc/config/storagemanager.hpp **** 		return config.reservedConnection0;
 640              		.loc 5 47 10 is_stmt 1 view .LVU155
 641              	.LBB197:
  48:Inc/config/storagemanager.hpp **** 	}
 642              		.loc 5 48 3 view .LVU156
  48:Inc/config/storagemanager.hpp **** 	}
 643              		.loc 5 48 17 is_stmt 0 view .LVU157
 644 001a 837A     		ldrb	r3, [r0, #10]	@ zero_extendqisi2
 645              	.LVL64:
  48:Inc/config/storagemanager.hpp **** 	}
 646              		.loc 5 48 17 view .LVU158
 647              	.LBE197:
 648              	.LBE196:
 144:Src/transport/connection_manager.cpp ****         return;
 649              		.loc 1 144 5 discriminator 2 view .LVU159
 650 001c 9C42     		cmp	r4, r3
 651 001e 08D0     		beq	.L48
 148:Src/transport/connection_manager.cpp ****     if (!STORAGE_MANAGER.saveConfig()) {
 652              		.loc 1 148 5 is_stmt 1 view .LVU160
 653 0020 FFF7FEFF 		bl	_ZN7Storage11getInstanceEv
 654              	.LVL65:
 148:Src/transport/connection_manager.cpp ****     if (!STORAGE_MANAGER.saveConfig()) {
 655              		.loc 1 148 40 is_stmt 0 discriminator 1 view .LVU161
 656 0024 2146     		mov	r1, r4
 657 0026 FFF7FEFF 		bl	_ZN7Storage19setRfPowerStateHintEh
 658              	.LVL66:
 149:Src/transport/connection_manager.cpp ****         printf("[RF_PWR][HINT_SAVE_FAIL] state=%s raw=%u\r\n",
 659              		.loc 1 149 5 is_stmt 1 view .LVU162
 149:Src/transport/connection_manager.cpp ****         printf("[RF_PWR][HINT_SAVE_FAIL] state=%s raw=%u\r\n",
 660              		.loc 1 149 10 is_stmt 0 view .LVU163
 661 002a FFF7FEFF 		bl	_ZN7Storage11getInstanceEv
 662              	.LVL67:
 149:Src/transport/connection_manager.cpp ****         printf("[RF_PWR][HINT_SAVE_FAIL] state=%s raw=%u\r\n",
 663              		.loc 1 149 36 discriminator 1 view .LVU164
 664 002e FFF7FEFF 		bl	_ZN7Storage10saveConfigEv
ARM GAS  C:\Users\nicx5\AppData\Local\Temp\cclEOOYD.s 			page 21


 665              	.LVL68:
 150:Src/transport/connection_manager.cpp ****                rfPowerStateName(state),
 666              		.loc 1 150 9 is_stmt 1 view .LVU165
 667              	.L48:
 154:Src/transport/connection_manager.cpp **** 
 668              		.loc 1 154 1 is_stmt 0 view .LVU166
 669 0032 10BD     		pop	{r4, pc}
 154:Src/transport/connection_manager.cpp **** 
 670              		.loc 1 154 1 view .LVU167
 671              		.cfi_endproc
 672              	.LFE2438:
 674              		.section	.text._ZNK17ConnectionManager21rfPowerStateBlocksSpiEv,"ax",%progbits
 675              		.align	1
 676              		.global	_ZNK17ConnectionManager21rfPowerStateBlocksSpiEv
 677              		.syntax unified
 678              		.thumb
 679              		.thumb_func
 681              	_ZNK17ConnectionManager21rfPowerStateBlocksSpiEv:
 682              	.LVL69:
 683              	.LFB2439:
 156:Src/transport/connection_manager.cpp ****     return rfSleepRecoveryOwned || (rfPowerState == RfPowerState::SleepPending) ||
 684              		.loc 1 156 55 is_stmt 1 view -0
 685              		.cfi_startproc
 686              		@ args = 0, pretend = 0, frame = 0
 687              		@ frame_needed = 0, uses_anonymous_args = 0
 688              		@ link register save eliminated.
 156:Src/transport/connection_manager.cpp ****     return rfSleepRecoveryOwned || (rfPowerState == RfPowerState::SleepPending) ||
 689              		.loc 1 156 55 is_stmt 0 view .LVU169
 690 0000 0346     		mov	r3, r0
 157:Src/transport/connection_manager.cpp ****            (rfPowerState == RfPowerState::Sleeping) ||
 691              		.loc 1 157 5 is_stmt 1 view .LVU170
 157:Src/transport/connection_manager.cpp ****            (rfPowerState == RfPowerState::Sleeping) ||
 692              		.loc 1 157 12 is_stmt 0 view .LVU171
 693 0002 90F83500 		ldrb	r0, [r0, #53]	@ zero_extendqisi2
 694              	.LVL70:
 158:Src/transport/connection_manager.cpp ****            (rfPowerState == RfPowerState::WakePending);
 695              		.loc 1 158 53 view .LVU172
 696 0006 58B9     		cbnz	r0, .L56
 157:Src/transport/connection_manager.cpp ****            (rfPowerState == RfPowerState::Sleeping) ||
 697              		.loc 1 157 37 view .LVU173
 698 0008 5B7A     		ldrb	r3, [r3, #9]	@ zero_extendqisi2
 699              	.LVL71:
 157:Src/transport/connection_manager.cpp ****            (rfPowerState == RfPowerState::Sleeping) ||
 700              		.loc 1 157 37 view .LVU174
 701 000a 032B     		cmp	r3, #3
 702 000c 05D0     		beq	.L57
 703 000e 042B     		cmp	r3, #4
 704 0010 05D0     		beq	.L58
 705 0012 022B     		cmp	r3, #2
 706 0014 04D1     		bne	.L56
 707 0016 0120     		movs	r0, #1
 708 0018 7047     		bx	lr
 709              	.L57:
 710 001a 0120     		movs	r0, #1
 711 001c 7047     		bx	lr
 712              	.L58:
 713 001e 0120     		movs	r0, #1
ARM GAS  C:\Users\nicx5\AppData\Local\Temp\cclEOOYD.s 			page 22


 714              	.L56:
 160:Src/transport/connection_manager.cpp **** 
 715              		.loc 1 160 1 view .LVU175
 716 0020 7047     		bx	lr
 717              		.cfi_endproc
 718              	.LFE2439:
 720              		.section	.text._ZN17ConnectionManager12setLinkStateE19ConnectionLinkState,"ax",%progbits
 721              		.align	1
 722              		.global	_ZN17ConnectionManager12setLinkStateE19ConnectionLinkState
 723              		.syntax unified
 724              		.thumb
 725              		.thumb_func
 727              	_ZN17ConnectionManager12setLinkStateE19ConnectionLinkState:
 728              	.LVL72:
 729              	.LFB2440:
 163:Src/transport/connection_manager.cpp ****     if (linkState != state) {
 730              		.loc 1 163 1 is_stmt 1 view -0
 731              		.cfi_startproc
 732              		@ args = 0, pretend = 0, frame = 0
 733              		@ frame_needed = 0, uses_anonymous_args = 0
 163:Src/transport/connection_manager.cpp ****     if (linkState != state) {
 734              		.loc 1 163 1 is_stmt 0 view .LVU177
 735 0000 38B5     		push	{r3, r4, r5, lr}
 736              	.LCFI5:
 737              		.cfi_def_cfa_offset 16
 738              		.cfi_offset 3, -16
 739              		.cfi_offset 4, -12
 740              		.cfi_offset 5, -8
 741              		.cfi_offset 14, -4
 742 0002 0446     		mov	r4, r0
 743 0004 0D46     		mov	r5, r1
 164:Src/transport/connection_manager.cpp ****         MonitorTelemetry_OnLinkStateChanged(mode, static_cast<uint8_t>(state));
 744              		.loc 1 164 5 is_stmt 1 view .LVU178
 164:Src/transport/connection_manager.cpp ****         MonitorTelemetry_OnLinkStateChanged(mode, static_cast<uint8_t>(state));
 745              		.loc 1 164 9 is_stmt 0 view .LVU179
 746 0006 4378     		ldrb	r3, [r0, #1]	@ zero_extendqisi2
 164:Src/transport/connection_manager.cpp ****         MonitorTelemetry_OnLinkStateChanged(mode, static_cast<uint8_t>(state));
 747              		.loc 1 164 5 view .LVU180
 748 0008 8B42     		cmp	r3, r1
 749 000a 01D1     		bne	.L62
 750              	.LVL73:
 751              	.L60:
 167:Src/transport/connection_manager.cpp **** }
 752              		.loc 1 167 5 is_stmt 1 view .LVU181
 167:Src/transport/connection_manager.cpp **** }
 753              		.loc 1 167 15 is_stmt 0 view .LVU182
 754 000c 6570     		strb	r5, [r4, #1]
 168:Src/transport/connection_manager.cpp **** 
 755              		.loc 1 168 1 view .LVU183
 756 000e 38BD     		pop	{r3, r4, r5, pc}
 757              	.LVL74:
 758              	.L62:
 165:Src/transport/connection_manager.cpp ****     }
 759              		.loc 1 165 9 is_stmt 1 view .LVU184
 165:Src/transport/connection_manager.cpp ****     }
 760              		.loc 1 165 44 is_stmt 0 view .LVU185
 761 0010 0078     		ldrb	r0, [r0]	@ zero_extendqisi2
ARM GAS  C:\Users\nicx5\AppData\Local\Temp\cclEOOYD.s 			page 23


 762              	.LVL75:
 165:Src/transport/connection_manager.cpp ****     }
 763              		.loc 1 165 44 view .LVU186
 764 0012 FFF7FEFF 		bl	_Z35MonitorTelemetry_OnLinkStateChanged14ConnectionModeh
 765              	.LVL76:
 165:Src/transport/connection_manager.cpp ****     }
 766              		.loc 1 165 44 view .LVU187
 767 0016 F9E7     		b	.L60
 768              		.cfi_endproc
 769              	.LFE2440:
 771              		.section	.rodata._ZN17ConnectionManager19confirmRfReportRateEt.str1.4,"aMS",%progbits,1
 772              		.align	2
 773              	.LC0:
 774 0000 72657175 		.ascii	"requested RF rate was not confirmed; applied 1 kHz "
 774      65737465 
 774      64205246 
 774      20726174 
 774      65207761 
 775 0033 66616C6C 		.ascii	"fallback\000"
 775      6261636B 
 775      00
 776              		.align	2
 777              	.LC1:
 778 003c 434F4E4E 		.ascii	"CONNECTION_MANAGER\000"
 778      45435449 
 778      4F4E5F4D 
 778      414E4147 
 778      455200
 779 004f 00       		.align	2
 780              	.LC2:
 781 0050 52462031 		.ascii	"RF 1 kHz fallback was not confirmed; input link sto"
 781      206B487A 
 781      2066616C 
 781      6C626163 
 781      6B207761 
 782 0083 70706564 		.ascii	"pped\000"
 782      00
 783              		.section	.text._ZN17ConnectionManager19confirmRfReportRateEt,"ax",%progbits
 784              		.align	1
 785              		.global	_ZN17ConnectionManager19confirmRfReportRateEt
 786              		.syntax unified
 787              		.thumb
 788              		.thumb_func
 790              	_ZN17ConnectionManager19confirmRfReportRateEt:
 791              	.LVL77:
 792              	.LFB2441:
 170:Src/transport/connection_manager.cpp ****     targetRateHz = clampRfReportRateHz(targetRateHz);
 793              		.loc 1 170 68 is_stmt 1 view -0
 794              		.cfi_startproc
 795              		@ args = 0, pretend = 0, frame = 8
 796              		@ frame_needed = 0, uses_anonymous_args = 0
 170:Src/transport/connection_manager.cpp ****     targetRateHz = clampRfReportRateHz(targetRateHz);
 797              		.loc 1 170 68 is_stmt 0 view .LVU189
 798 0000 70B5     		push	{r4, r5, r6, lr}
 799              	.LCFI6:
 800              		.cfi_def_cfa_offset 16
 801              		.cfi_offset 4, -16
ARM GAS  C:\Users\nicx5\AppData\Local\Temp\cclEOOYD.s 			page 24


 802              		.cfi_offset 5, -12
 803              		.cfi_offset 6, -8
 804              		.cfi_offset 14, -4
 805 0002 82B0     		sub	sp, sp, #8
 806              	.LCFI7:
 807              		.cfi_def_cfa_offset 24
 808 0004 0446     		mov	r4, r0
 171:Src/transport/connection_manager.cpp ****     requestedReportRateHz = targetRateHz;
 809              		.loc 1 171 5 is_stmt 1 view .LVU190
 171:Src/transport/connection_manager.cpp ****     requestedReportRateHz = targetRateHz;
 810              		.loc 1 171 39 is_stmt 0 view .LVU191
 811 0006 0846     		mov	r0, r1
 812              	.LVL78:
 171:Src/transport/connection_manager.cpp ****     requestedReportRateHz = targetRateHz;
 813              		.loc 1 171 39 view .LVU192
 814 0008 FFF7FEFF 		bl	_ZN12_GLOBAL__N_1L19clampRfReportRateHzEt
 815              	.LVL79:
 171:Src/transport/connection_manager.cpp ****     requestedReportRateHz = targetRateHz;
 816              		.loc 1 171 39 view .LVU193
 817 000c 0546     		mov	r5, r0
 818              	.LVL80:
 172:Src/transport/connection_manager.cpp ****     rateApplyPending = true;
 819              		.loc 1 172 5 is_stmt 1 view .LVU194
 172:Src/transport/connection_manager.cpp ****     rateApplyPending = true;
 820              		.loc 1 172 27 is_stmt 0 view .LVU195
 821 000e A080     		strh	r0, [r4, #4]	@ movhi
 173:Src/transport/connection_manager.cpp ****     reportRateConfirmed = false;
 822              		.loc 1 173 5 is_stmt 1 view .LVU196
 173:Src/transport/connection_manager.cpp ****     reportRateConfirmed = false;
 823              		.loc 1 173 22 is_stmt 0 view .LVU197
 824 0010 0123     		movs	r3, #1
 825 0012 A371     		strb	r3, [r4, #6]
 174:Src/transport/connection_manager.cpp **** 
 826              		.loc 1 174 5 is_stmt 1 view .LVU198
 174:Src/transport/connection_manager.cpp **** 
 827              		.loc 1 174 25 is_stmt 0 view .LVU199
 828 0014 0023     		movs	r3, #0
 829 0016 E371     		strb	r3, [r4, #7]
 176:Src/transport/connection_manager.cpp ****         if (!rfTransport.setRate(rateHz)) return false;
 830              		.loc 1 176 5 is_stmt 1 view .LVU200
 831              		.loc 1 196 5 is_stmt 0 view .LVU201
 832 0018 0194     		str	r4, [sp, #4]
 197:Src/transport/connection_manager.cpp **** 
 198:Src/transport/connection_manager.cpp ****     if (applyAndConfirm(targetRateHz)) {
 833              		.loc 1 198 5 is_stmt 1 view .LVU202
 834              		.loc 1 198 24 is_stmt 0 view .LVU203
 835 001a 0146     		mov	r1, r0
 836 001c 01A8     		add	r0, sp, #4
 837              	.LVL81:
 838              		.loc 1 198 24 view .LVU204
 839 001e FFF7FEFF 		bl	_ZZN17ConnectionManager19confirmRfReportRateEtENKUltE_clEt
 840              	.LVL82:
 841              		.loc 1 198 5 discriminator 1 view .LVU205
 842 0022 0646     		mov	r6, r0
 843 0024 B0B9     		cbnz	r0, .L68
 199:Src/transport/connection_manager.cpp ****         appliedReportRateHz = targetRateHz;
 200:Src/transport/connection_manager.cpp ****         rateApplyPending = false;
ARM GAS  C:\Users\nicx5\AppData\Local\Temp\cclEOOYD.s 			page 25


 201:Src/transport/connection_manager.cpp ****         reportRateConfirmed = true;
 202:Src/transport/connection_manager.cpp ****         printf("[RF_RATE] GET_STATUS confirmed requested=%u applied=%u\r\n",
 203:Src/transport/connection_manager.cpp ****                (unsigned int)targetRateHz,
 204:Src/transport/connection_manager.cpp ****                (unsigned int)appliedReportRateHz);
 205:Src/transport/connection_manager.cpp ****         return true;
 206:Src/transport/connection_manager.cpp ****     }
 207:Src/transport/connection_manager.cpp **** 
 208:Src/transport/connection_manager.cpp ****     printf("[RF_RATE] GET_STATUS confirmation failed requested=%u fallback=1000\r\n",
 844              		.loc 1 208 5 is_stmt 1 view .LVU206
 209:Src/transport/connection_manager.cpp ****            (unsigned int)targetRateHz);
 210:Src/transport/connection_manager.cpp ****     if ((targetRateHz != 1000u) && applyAndConfirm(1000u)) {
 845              		.loc 1 210 5 view .LVU207
 846              		.loc 1 210 33 is_stmt 0 view .LVU208
 847 0026 B5F57A7F 		cmp	r5, #1000
 848 002a 06D0     		beq	.L66
 849              		.loc 1 210 51 discriminator 1 view .LVU209
 850 002c 4FF47A71 		mov	r1, #1000
 851 0030 01A8     		add	r0, sp, #4
 852 0032 FFF7FEFF 		bl	_ZZN17ConnectionManager19confirmRfReportRateEtENKUltE_clEt
 853              	.LVL83:
 854              		.loc 1 210 33 discriminator 1 view .LVU210
 855 0036 0546     		mov	r5, r0
 856 0038 90B9     		cbnz	r0, .L69
 857              	.L66:
 211:Src/transport/connection_manager.cpp ****         appliedReportRateHz = 1000u;
 212:Src/transport/connection_manager.cpp ****         rateApplyPending = false;
 213:Src/transport/connection_manager.cpp ****         reportRateConfirmed = true;
 214:Src/transport/connection_manager.cpp ****         MonitorTelemetry_OnError(
 215:Src/transport/connection_manager.cpp ****             "CONNECTION_MANAGER",
 216:Src/transport/connection_manager.cpp ****             1015u,
 217:Src/transport/connection_manager.cpp ****             "requested RF rate was not confirmed; applied 1 kHz fallback");
 218:Src/transport/connection_manager.cpp ****         printf("[RF_RATE] fallback GET_STATUS confirmed requested=%u applied=1000\r\n",
 219:Src/transport/connection_manager.cpp ****                (unsigned int)targetRateHz);
 220:Src/transport/connection_manager.cpp ****         return true;
 221:Src/transport/connection_manager.cpp ****     }
 222:Src/transport/connection_manager.cpp **** 
 223:Src/transport/connection_manager.cpp ****     appliedReportRateHz = 0u;
 858              		.loc 1 223 5 is_stmt 1 view .LVU211
 859              		.loc 1 223 25 is_stmt 0 view .LVU212
 860 003a 0023     		movs	r3, #0
 861 003c 6380     		strh	r3, [r4, #2]	@ movhi
 224:Src/transport/connection_manager.cpp ****     rateApplyPending = false;
 862              		.loc 1 224 5 is_stmt 1 view .LVU213
 863              		.loc 1 224 22 is_stmt 0 view .LVU214
 864 003e A371     		strb	r3, [r4, #6]
 225:Src/transport/connection_manager.cpp ****     reportRateConfirmed = false;
 865              		.loc 1 225 5 is_stmt 1 view .LVU215
 866              		.loc 1 225 25 is_stmt 0 view .LVU216
 867 0040 E371     		strb	r3, [r4, #7]
 226:Src/transport/connection_manager.cpp ****     MonitorTelemetry_OnError(
 868              		.loc 1 226 5 is_stmt 1 view .LVU217
 869              		.loc 1 226 29 is_stmt 0 view .LVU218
 870 0042 0F4A     		ldr	r2, .L70
 871 0044 4FF47E71 		mov	r1, #1016
 872 0048 0E48     		ldr	r0, .L70+4
 873 004a FFF7FEFF 		bl	_Z24MonitorTelemetry_OnErrorPKcmS0_
 874              	.LVL84:
ARM GAS  C:\Users\nicx5\AppData\Local\Temp\cclEOOYD.s 			page 26


 227:Src/transport/connection_manager.cpp ****         "CONNECTION_MANAGER",
 228:Src/transport/connection_manager.cpp ****         1016u,
 229:Src/transport/connection_manager.cpp ****         "RF 1 kHz fallback was not confirmed; input link stopped");
 230:Src/transport/connection_manager.cpp ****     return false;
 875              		.loc 1 230 5 is_stmt 1 view .LVU219
 876              	.L65:
 231:Src/transport/connection_manager.cpp **** }
 877              		.loc 1 231 1 is_stmt 0 view .LVU220
 878 004e 3046     		mov	r0, r6
 879 0050 02B0     		add	sp, sp, #8
 880              	.LCFI8:
 881              		.cfi_remember_state
 882              		.cfi_def_cfa_offset 16
 883              		@ sp needed
 884 0052 70BD     		pop	{r4, r5, r6, pc}
 885              	.LVL85:
 886              	.L68:
 887              	.LCFI9:
 888              		.cfi_restore_state
 199:Src/transport/connection_manager.cpp ****         rateApplyPending = false;
 889              		.loc 1 199 9 is_stmt 1 view .LVU221
 199:Src/transport/connection_manager.cpp ****         rateApplyPending = false;
 890              		.loc 1 199 29 is_stmt 0 view .LVU222
 891 0054 6580     		strh	r5, [r4, #2]	@ movhi
 200:Src/transport/connection_manager.cpp ****         reportRateConfirmed = true;
 892              		.loc 1 200 9 is_stmt 1 view .LVU223
 200:Src/transport/connection_manager.cpp ****         reportRateConfirmed = true;
 893              		.loc 1 200 26 is_stmt 0 view .LVU224
 894 0056 0023     		movs	r3, #0
 895 0058 A371     		strb	r3, [r4, #6]
 201:Src/transport/connection_manager.cpp ****         printf("[RF_RATE] GET_STATUS confirmed requested=%u applied=%u\r\n",
 896              		.loc 1 201 9 is_stmt 1 view .LVU225
 201:Src/transport/connection_manager.cpp ****         printf("[RF_RATE] GET_STATUS confirmed requested=%u applied=%u\r\n",
 897              		.loc 1 201 29 is_stmt 0 view .LVU226
 898 005a 0123     		movs	r3, #1
 899 005c E371     		strb	r3, [r4, #7]
 202:Src/transport/connection_manager.cpp ****                (unsigned int)targetRateHz,
 900              		.loc 1 202 9 is_stmt 1 view .LVU227
 205:Src/transport/connection_manager.cpp ****     }
 901              		.loc 1 205 9 view .LVU228
 205:Src/transport/connection_manager.cpp ****     }
 902              		.loc 1 205 16 is_stmt 0 view .LVU229
 903 005e F6E7     		b	.L65
 904              	.L69:
 211:Src/transport/connection_manager.cpp ****         rateApplyPending = false;
 905              		.loc 1 211 9 is_stmt 1 view .LVU230
 211:Src/transport/connection_manager.cpp ****         rateApplyPending = false;
 906              		.loc 1 211 29 is_stmt 0 view .LVU231
 907 0060 4FF47A73 		mov	r3, #1000
 908 0064 6380     		strh	r3, [r4, #2]	@ movhi
 212:Src/transport/connection_manager.cpp ****         reportRateConfirmed = true;
 909              		.loc 1 212 9 is_stmt 1 view .LVU232
 212:Src/transport/connection_manager.cpp ****         reportRateConfirmed = true;
 910              		.loc 1 212 26 is_stmt 0 view .LVU233
 911 0066 0023     		movs	r3, #0
 912 0068 A371     		strb	r3, [r4, #6]
 213:Src/transport/connection_manager.cpp ****         MonitorTelemetry_OnError(
ARM GAS  C:\Users\nicx5\AppData\Local\Temp\cclEOOYD.s 			page 27


 913              		.loc 1 213 9 is_stmt 1 view .LVU234
 213:Src/transport/connection_manager.cpp ****         MonitorTelemetry_OnError(
 914              		.loc 1 213 29 is_stmt 0 view .LVU235
 915 006a 0123     		movs	r3, #1
 916 006c E371     		strb	r3, [r4, #7]
 214:Src/transport/connection_manager.cpp ****             "CONNECTION_MANAGER",
 917              		.loc 1 214 9 is_stmt 1 view .LVU236
 214:Src/transport/connection_manager.cpp ****             "CONNECTION_MANAGER",
 918              		.loc 1 214 33 is_stmt 0 view .LVU237
 919 006e 064A     		ldr	r2, .L70+8
 920 0070 40F2F731 		movw	r1, #1015
 921 0074 0348     		ldr	r0, .L70+4
 922 0076 FFF7FEFF 		bl	_Z24MonitorTelemetry_OnErrorPKcmS0_
 923              	.LVL86:
 218:Src/transport/connection_manager.cpp ****                (unsigned int)targetRateHz);
 924              		.loc 1 218 9 is_stmt 1 view .LVU238
 220:Src/transport/connection_manager.cpp ****     }
 925              		.loc 1 220 9 view .LVU239
 220:Src/transport/connection_manager.cpp ****     }
 926              		.loc 1 220 16 is_stmt 0 view .LVU240
 927 007a 2E46     		mov	r6, r5
 928 007c E7E7     		b	.L65
 929              	.L71:
 930 007e 00BF     		.align	2
 931              	.L70:
 932 0080 50000000 		.word	.LC2
 933 0084 3C000000 		.word	.LC1
 934 0088 00000000 		.word	.LC0
 935              		.cfi_endproc
 936              	.LFE2441:
 938              		.section	.text._ZN17ConnectionManager27updateRfLinkStateFromStatusEv,"ax",%progbits
 939              		.align	1
 940              		.global	_ZN17ConnectionManager27updateRfLinkStateFromStatusEv
 941              		.syntax unified
 942              		.thumb
 943              		.thumb_func
 945              	_ZN17ConnectionManager27updateRfLinkStateFromStatusEv:
 946              	.LVL87:
 947              	.LFB2445:
 232:Src/transport/connection_manager.cpp **** 
 233:Src/transport/connection_manager.cpp **** void ConnectionManager::activateRfModeAfterPairSuccess() {
 234:Src/transport/connection_manager.cpp ****     if (mode != ConnectionMode::CONNECTION_MODE_RF24G) {
 235:Src/transport/connection_manager.cpp ****         MonitorTelemetry_OnError("CONNECTION_MANAGER", 1012u,
 236:Src/transport/connection_manager.cpp ****                                  "pair result outside physical rf role");
 237:Src/transport/connection_manager.cpp ****         return;
 238:Src/transport/connection_manager.cpp ****     }
 239:Src/transport/connection_manager.cpp **** 
 240:Src/transport/connection_manager.cpp ****     requestedReportRateHz = rfHighRateEligible
 241:Src/transport/connection_manager.cpp ****         ? getRfReportRateHz(STORAGE_MANAGER.getWirelessReportRate())
 242:Src/transport/connection_manager.cpp ****         : 1000u;
 243:Src/transport/connection_manager.cpp ****     if (!confirmRfReportRate(requestedReportRateHz)) {
 244:Src/transport/connection_manager.cpp ****         setLinkState(ConnectionLinkState::Error);
 245:Src/transport/connection_manager.cpp ****         return;
 246:Src/transport/connection_manager.cpp ****     }
 247:Src/transport/connection_manager.cpp **** 
 248:Src/transport/connection_manager.cpp ****     MonitorTelemetry_Init(mode, appliedReportRateHz);
 249:Src/transport/connection_manager.cpp ****     updateRfLinkStateFromStatus();
ARM GAS  C:\Users\nicx5\AppData\Local\Temp\cclEOOYD.s 			page 28


 250:Src/transport/connection_manager.cpp **** }
 251:Src/transport/connection_manager.cpp **** 
 252:Src/transport/connection_manager.cpp **** bool ConnectionManager::tryRfBringup(bool isRetry) {
 253:Src/transport/connection_manager.cpp ****     (void)isRetry;
 254:Src/transport/connection_manager.cpp ****     bool ok = rfTransport.begin();
 255:Src/transport/connection_manager.cpp **** 
 256:Src/transport/connection_manager.cpp ****     /*
 257:Src/transport/connection_manager.cpp ****      * SPI bring-up mode:
 258:Src/transport/connection_manager.cpp ****      * keep only GET_STATUS path to validate transport stability first.
 259:Src/transport/connection_manager.cpp ****      * Rate/pair commands are re-enabled after SPI link is proven stable.
 260:Src/transport/connection_manager.cpp ****      */
 261:Src/transport/connection_manager.cpp **** 
 262:Src/transport/connection_manager.cpp ****     if (ok) {
 263:Src/transport/connection_manager.cpp ****         updateRfLinkStateFromStatus();
 264:Src/transport/connection_manager.cpp ****     } else {
 265:Src/transport/connection_manager.cpp ****         setLinkState(ConnectionLinkState::Error);
 266:Src/transport/connection_manager.cpp ****         MonitorTelemetry_OnError("CONNECTION_MANAGER", 1001u, "rf begin/setRate failed");
 267:Src/transport/connection_manager.cpp ****     }
 268:Src/transport/connection_manager.cpp ****     return ok;
 269:Src/transport/connection_manager.cpp **** }
 270:Src/transport/connection_manager.cpp **** 
 271:Src/transport/connection_manager.cpp **** void ConnectionManager::updateRfLinkStateFromStatus() {
 948              		.loc 1 271 55 is_stmt 1 view -0
 949              		.cfi_startproc
 950              		@ args = 0, pretend = 0, frame = 0
 951              		@ frame_needed = 0, uses_anonymous_args = 0
 952              		.loc 1 271 55 is_stmt 0 view .LVU242
 953 0000 08B5     		push	{r3, lr}
 954              	.LCFI10:
 955              		.cfi_def_cfa_offset 8
 956              		.cfi_offset 3, -8
 957              		.cfi_offset 14, -4
 272:Src/transport/connection_manager.cpp ****     const RFModuleStatus& st = rfTransport.getStatus();
 958              		.loc 1 272 5 is_stmt 1 view .LVU243
 959              	.LVL88:
 273:Src/transport/connection_manager.cpp ****     lastRfLinkEventCounter = st.eventCounter;
 960              		.loc 1 273 5 view .LVU244
 961              		.loc 1 273 33 is_stmt 0 view .LVU245
 962 0002 036F     		ldr	r3, [r0, #112]
 963              		.loc 1 273 28 view .LVU246
 964 0004 0361     		str	r3, [r0, #16]
 274:Src/transport/connection_manager.cpp ****     setLinkState(connectionLinkStateFromRfStatus(st.state, st.connected));
 965              		.loc 1 274 5 is_stmt 1 view .LVU247
 966              		.loc 1 274 53 is_stmt 0 view .LVU248
 967 0006 90F85430 		ldrb	r3, [r0, #84]	@ zero_extendqisi2
 968              		.loc 1 274 63 view .LVU249
 969 000a 90F85520 		ldrb	r2, [r0, #85]	@ zero_extendqisi2
 970              	.LVL89:
 971              	.LBB198:
 972              	.LBI198:
 973              		.file 6 "Inc/transport/rf/rf_link_state_policy.hpp"
   1:Inc/transport/rf/rf_link_state_policy.hpp **** #ifndef RF_LINK_STATE_POLICY_HPP
   2:Inc/transport/rf/rf_link_state_policy.hpp **** #define RF_LINK_STATE_POLICY_HPP
   3:Inc/transport/rf/rf_link_state_policy.hpp **** 
   4:Inc/transport/rf/rf_link_state_policy.hpp **** #include <stdint.h>
   5:Inc/transport/rf/rf_link_state_policy.hpp **** 
   6:Inc/transport/rf/rf_link_state_policy.hpp **** #include "rf_transport.hpp"
ARM GAS  C:\Users\nicx5\AppData\Local\Temp\cclEOOYD.s 			page 29


   7:Inc/transport/rf/rf_link_state_policy.hpp **** 
   8:Inc/transport/rf/rf_link_state_policy.hpp **** enum class ConnectionLinkState : uint8_t {
   9:Inc/transport/rf/rf_link_state_policy.hpp ****     Disconnected = 0,
  10:Inc/transport/rf/rf_link_state_policy.hpp ****     Connecting = 1,
  11:Inc/transport/rf/rf_link_state_policy.hpp ****     Connected = 2,
  12:Inc/transport/rf/rf_link_state_policy.hpp ****     Error = 3,
  13:Inc/transport/rf/rf_link_state_policy.hpp **** };
  14:Inc/transport/rf/rf_link_state_policy.hpp **** 
  15:Inc/transport/rf/rf_link_state_policy.hpp **** constexpr ConnectionLinkState connectionLinkStateFromRfStatus(
 974              		.loc 6 15 31 is_stmt 1 view .LVU250
 975              	.LBB199:
  16:Inc/transport/rf/rf_link_state_policy.hpp ****     RFLinkState state,
  17:Inc/transport/rf/rf_link_state_policy.hpp ****     bool connected)
  18:Inc/transport/rf/rf_link_state_policy.hpp **** {
  19:Inc/transport/rf/rf_link_state_policy.hpp ****     switch (state) {
 976              		.loc 6 19 5 view .LVU251
 977 000e 042B     		cmp	r3, #4
 978 0010 0AD0     		beq	.L73
 979 0012 03D9     		bls	.L80
 980 0014 052B     		cmp	r3, #5
 981 0016 10D1     		bne	.L77
 982 0018 0121     		movs	r1, #1
 983 001a 07E0     		b	.L75
 984              	.L80:
 985 001c 013B     		subs	r3, r3, #1
 986              	.LVL90:
 987              		.loc 6 19 5 is_stmt 0 view .LVU252
 988 001e DBB2     		uxtb	r3, r3
 989              	.LVL91:
 990              		.loc 6 19 5 view .LVU253
 991 0020 022B     		cmp	r3, #2
 992 0022 08D9     		bls	.L76
  20:Inc/transport/rf/rf_link_state_policy.hpp ****         case RFLinkState::Pairing:
  21:Inc/transport/rf/rf_link_state_policy.hpp ****         case RFLinkState::PairOk:
  22:Inc/transport/rf/rf_link_state_policy.hpp ****         case RFLinkState::Connecting:
  23:Inc/transport/rf/rf_link_state_policy.hpp ****         case RFLinkState::Reconnecting:
  24:Inc/transport/rf/rf_link_state_policy.hpp ****             return ConnectionLinkState::Connecting;
  25:Inc/transport/rf/rf_link_state_policy.hpp ****         case RFLinkState::Connected:
  26:Inc/transport/rf/rf_link_state_policy.hpp ****             return connected
  27:Inc/transport/rf/rf_link_state_policy.hpp ****                 ? ConnectionLinkState::Connected
  28:Inc/transport/rf/rf_link_state_policy.hpp ****                 : ConnectionLinkState::Connecting;
  29:Inc/transport/rf/rf_link_state_policy.hpp ****         case RFLinkState::Idle:
  30:Inc/transport/rf/rf_link_state_policy.hpp ****         case RFLinkState::PairTimeout:
  31:Inc/transport/rf/rf_link_state_policy.hpp ****         case RFLinkState::PairFailed:
  32:Inc/transport/rf/rf_link_state_policy.hpp ****         default:
  33:Inc/transport/rf/rf_link_state_policy.hpp ****             return ConnectionLinkState::Disconnected;
 993              		.loc 6 33 41 view .LVU254
 994 0024 0021     		movs	r1, #0
 995 0026 01E0     		b	.L75
 996              	.LVL92:
 997              	.L73:
  25:Inc/transport/rf/rf_link_state_policy.hpp ****             return connected
 998              		.loc 6 25 9 is_stmt 1 view .LVU255
  26:Inc/transport/rf/rf_link_state_policy.hpp ****                 ? ConnectionLinkState::Connected
 999              		.loc 6 26 13 view .LVU256
  27:Inc/transport/rf/rf_link_state_policy.hpp ****                 : ConnectionLinkState::Connecting;
 1000              		.loc 6 27 17 is_stmt 0 view .LVU257
ARM GAS  C:\Users\nicx5\AppData\Local\Temp\cclEOOYD.s 			page 30


 1001 0028 1AB9     		cbnz	r2, .L81
  27:Inc/transport/rf/rf_link_state_policy.hpp ****                 : ConnectionLinkState::Connecting;
 1002              		.loc 6 27 17 discriminator 2 view .LVU258
 1003 002a 0121     		movs	r1, #1
 1004              	.LVL93:
 1005              	.L75:
  27:Inc/transport/rf/rf_link_state_policy.hpp ****                 : ConnectionLinkState::Connecting;
 1006              		.loc 6 27 17 discriminator 2 view .LVU259
 1007              	.LBE199:
 1008              	.LBE198:
 1009              		.loc 1 274 17 discriminator 1 view .LVU260
 1010 002c FFF7FEFF 		bl	_ZN17ConnectionManager12setLinkStateE19ConnectionLinkState
 1011              	.LVL94:
 275:Src/transport/connection_manager.cpp **** }
 1012              		.loc 1 275 1 view .LVU261
 1013 0030 08BD     		pop	{r3, pc}
 1014              	.LVL95:
 1015              	.L81:
 1016              	.LBB201:
 1017              	.LBB200:
  27:Inc/transport/rf/rf_link_state_policy.hpp ****                 : ConnectionLinkState::Connecting;
 1018              		.loc 6 27 17 discriminator 1 view .LVU262
 1019 0032 0221     		movs	r1, #2
 1020 0034 FAE7     		b	.L75
 1021              	.LVL96:
 1022              	.L76:
  19:Inc/transport/rf/rf_link_state_policy.hpp ****         case RFLinkState::Pairing:
 1023              		.loc 6 19 5 view .LVU263
 1024 0036 0121     		movs	r1, #1
 1025 0038 F8E7     		b	.L75
 1026              	.LVL97:
 1027              	.L77:
 1028              		.loc 6 33 41 view .LVU264
 1029 003a 0021     		movs	r1, #0
 1030 003c F6E7     		b	.L75
 1031              	.LBE200:
 1032              	.LBE201:
 1033              		.cfi_endproc
 1034              	.LFE2445:
 1036              		.section	.rodata._ZN17ConnectionManager30activateRfModeAfterPairSuccessEv.str1.4,"aMS",%progbits,1
 1037              		.align	2
 1038              	.LC3:
 1039 0000 70616972 		.ascii	"pair result outside physical rf role\000"
 1039      20726573 
 1039      756C7420 
 1039      6F757473 
 1039      69646520 
 1040              		.section	.text._ZN17ConnectionManager30activateRfModeAfterPairSuccessEv,"ax",%progbits
 1041              		.align	1
 1042              		.global	_ZN17ConnectionManager30activateRfModeAfterPairSuccessEv
 1043              		.syntax unified
 1044              		.thumb
 1045              		.thumb_func
 1047              	_ZN17ConnectionManager30activateRfModeAfterPairSuccessEv:
 1048              	.LVL98:
 1049              	.LFB2443:
 233:Src/transport/connection_manager.cpp ****     if (mode != ConnectionMode::CONNECTION_MODE_RF24G) {
ARM GAS  C:\Users\nicx5\AppData\Local\Temp\cclEOOYD.s 			page 31


 1050              		.loc 1 233 58 is_stmt 1 view -0
 1051              		.cfi_startproc
 1052              		@ args = 0, pretend = 0, frame = 0
 1053              		@ frame_needed = 0, uses_anonymous_args = 0
 233:Src/transport/connection_manager.cpp ****     if (mode != ConnectionMode::CONNECTION_MODE_RF24G) {
 1054              		.loc 1 233 58 is_stmt 0 view .LVU266
 1055 0000 10B5     		push	{r4, lr}
 1056              	.LCFI11:
 1057              		.cfi_def_cfa_offset 8
 1058              		.cfi_offset 4, -8
 1059              		.cfi_offset 14, -4
 234:Src/transport/connection_manager.cpp ****         MonitorTelemetry_OnError("CONNECTION_MANAGER", 1012u,
 1060              		.loc 1 234 5 is_stmt 1 view .LVU267
 234:Src/transport/connection_manager.cpp ****         MonitorTelemetry_OnError("CONNECTION_MANAGER", 1012u,
 1061              		.loc 1 234 9 is_stmt 0 view .LVU268
 1062 0002 0378     		ldrb	r3, [r0]	@ zero_extendqisi2
 234:Src/transport/connection_manager.cpp ****         MonitorTelemetry_OnError("CONNECTION_MANAGER", 1012u,
 1063              		.loc 1 234 5 view .LVU269
 1064 0004 012B     		cmp	r3, #1
 1065 0006 11D1     		bne	.L89
 1066 0008 0446     		mov	r4, r0
 240:Src/transport/connection_manager.cpp ****         ? getRfReportRateHz(STORAGE_MANAGER.getWirelessReportRate())
 1067              		.loc 1 240 5 is_stmt 1 view .LVU270
 240:Src/transport/connection_manager.cpp ****         ? getRfReportRateHz(STORAGE_MANAGER.getWirelessReportRate())
 1068              		.loc 1 240 29 is_stmt 0 view .LVU271
 1069 000a 037A     		ldrb	r3, [r0, #8]	@ zero_extendqisi2
 240:Src/transport/connection_manager.cpp ****         ? getRfReportRateHz(STORAGE_MANAGER.getWirelessReportRate())
 1070              		.loc 1 240 27 view .LVU272
 1071 000c ABB9     		cbnz	r3, .L90
 240:Src/transport/connection_manager.cpp ****         ? getRfReportRateHz(STORAGE_MANAGER.getWirelessReportRate())
 1072              		.loc 1 240 27 discriminator 1 view .LVU273
 1073 000e 4FF47A71 		mov	r1, #1000
 1074              	.LVL99:
 1075              	.L85:
 240:Src/transport/connection_manager.cpp ****         ? getRfReportRateHz(STORAGE_MANAGER.getWirelessReportRate())
 1076              		.loc 1 240 27 discriminator 2 view .LVU274
 1077 0012 A180     		strh	r1, [r4, #4]	@ movhi
 243:Src/transport/connection_manager.cpp ****         setLinkState(ConnectionLinkState::Error);
 1078              		.loc 1 243 5 is_stmt 1 view .LVU275
 243:Src/transport/connection_manager.cpp ****         setLinkState(ConnectionLinkState::Error);
 1079              		.loc 1 243 29 is_stmt 0 view .LVU276
 1080 0014 2046     		mov	r0, r4
 1081 0016 FFF7FEFF 		bl	_ZN17ConnectionManager19confirmRfReportRateEt
 1082              	.LVL100:
 243:Src/transport/connection_manager.cpp ****         setLinkState(ConnectionLinkState::Error);
 1083              		.loc 1 243 5 discriminator 1 view .LVU277
 1084 001a A8B1     		cbz	r0, .L91
 248:Src/transport/connection_manager.cpp ****     updateRfLinkStateFromStatus();
 1085              		.loc 1 248 5 is_stmt 1 view .LVU278
 248:Src/transport/connection_manager.cpp ****     updateRfLinkStateFromStatus();
 1086              		.loc 1 248 26 is_stmt 0 view .LVU279
 1087 001c 6188     		ldrh	r1, [r4, #2]
 1088 001e 2078     		ldrb	r0, [r4]	@ zero_extendqisi2
 1089 0020 FFF7FEFF 		bl	_Z21MonitorTelemetry_Init14ConnectionModet
 1090              	.LVL101:
 249:Src/transport/connection_manager.cpp **** }
 1091              		.loc 1 249 5 is_stmt 1 view .LVU280
ARM GAS  C:\Users\nicx5\AppData\Local\Temp\cclEOOYD.s 			page 32


 249:Src/transport/connection_manager.cpp **** }
 1092              		.loc 1 249 32 is_stmt 0 view .LVU281
 1093 0024 2046     		mov	r0, r4
 1094 0026 FFF7FEFF 		bl	_ZN17ConnectionManager27updateRfLinkStateFromStatusEv
 1095              	.LVL102:
 1096              	.L82:
 250:Src/transport/connection_manager.cpp **** 
 1097              		.loc 1 250 1 view .LVU282
 1098 002a 10BD     		pop	{r4, pc}
 1099              	.LVL103:
 1100              	.L89:
 235:Src/transport/connection_manager.cpp ****                                  "pair result outside physical rf role");
 1101              		.loc 1 235 9 is_stmt 1 view .LVU283
 235:Src/transport/connection_manager.cpp ****                                  "pair result outside physical rf role");
 1102              		.loc 1 235 33 is_stmt 0 view .LVU284
 1103 002c 094A     		ldr	r2, .L92
 1104 002e 4FF47D71 		mov	r1, #1012
 1105 0032 0948     		ldr	r0, .L92+4
 1106              	.LVL104:
 235:Src/transport/connection_manager.cpp ****                                  "pair result outside physical rf role");
 1107              		.loc 1 235 33 view .LVU285
 1108 0034 FFF7FEFF 		bl	_Z24MonitorTelemetry_OnErrorPKcmS0_
 1109              	.LVL105:
 237:Src/transport/connection_manager.cpp ****     }
 1110              		.loc 1 237 9 is_stmt 1 view .LVU286
 1111 0038 F7E7     		b	.L82
 1112              	.LVL106:
 1113              	.L90:
 241:Src/transport/connection_manager.cpp ****         : 1000u;
 1114              		.loc 1 241 29 is_stmt 0 view .LVU287
 1115 003a FFF7FEFF 		bl	_ZN7Storage11getInstanceEv
 1116              	.LVL107:
 1117              	.LBB202:
 1118              	.LBI202:
  36:Inc/config/storagemanager.hpp **** 		return config.wirelessReportRate;
 1119              		.loc 5 36 21 is_stmt 1 view .LVU288
 1120              	.LBB203:
  37:Inc/config/storagemanager.hpp **** 	}
 1121              		.loc 5 37 3 view .LVU289
  37:Inc/config/storagemanager.hpp **** 	}
 1122              		.loc 5 37 3 is_stmt 0 view .LVU290
 1123              	.LBE203:
 1124              	.LBE202:
 241:Src/transport/connection_manager.cpp ****         : 1000u;
 1125              		.loc 1 241 28 discriminator 2 view .LVU291
 1126 003e 0089     		ldrh	r0, [r0, #8]
 1127 0040 FFF7FEFF 		bl	_ZN12_GLOBAL__N_1L17getRfReportRateHzE18WirelessReportRate
 1128              	.LVL108:
 1129 0044 0146     		mov	r1, r0
 1130 0046 E4E7     		b	.L85
 1131              	.L91:
 244:Src/transport/connection_manager.cpp ****         return;
 1132              		.loc 1 244 9 is_stmt 1 view .LVU292
 244:Src/transport/connection_manager.cpp ****         return;
 1133              		.loc 1 244 21 is_stmt 0 view .LVU293
 1134 0048 0321     		movs	r1, #3
 1135 004a 2046     		mov	r0, r4
ARM GAS  C:\Users\nicx5\AppData\Local\Temp\cclEOOYD.s 			page 33


 1136 004c FFF7FEFF 		bl	_ZN17ConnectionManager12setLinkStateE19ConnectionLinkState
 1137              	.LVL109:
 245:Src/transport/connection_manager.cpp ****     }
 1138              		.loc 1 245 9 is_stmt 1 view .LVU294
 1139 0050 EBE7     		b	.L82
 1140              	.L93:
 1141 0052 00BF     		.align	2
 1142              	.L92:
 1143 0054 00000000 		.word	.LC3
 1144 0058 3C000000 		.word	.LC1
 1145              		.cfi_endproc
 1146              	.LFE2443:
 1148              		.section	.rodata._ZN17ConnectionManager12tryRfBringupEb.str1.4,"aMS",%progbits,1
 1149              		.align	2
 1150              	.LC4:
 1151 0000 72662062 		.ascii	"rf begin/setRate failed\000"
 1151      6567696E 
 1151      2F736574 
 1151      52617465 
 1151      20666169 
 1152              		.section	.text._ZN17ConnectionManager12tryRfBringupEb,"ax",%progbits
 1153              		.align	1
 1154              		.global	_ZN17ConnectionManager12tryRfBringupEb
 1155              		.syntax unified
 1156              		.thumb
 1157              		.thumb_func
 1159              	_ZN17ConnectionManager12tryRfBringupEb:
 1160              	.LVL110:
 1161              	.LFB2444:
 252:Src/transport/connection_manager.cpp ****     (void)isRetry;
 1162              		.loc 1 252 52 view -0
 1163              		.cfi_startproc
 1164              		@ args = 0, pretend = 0, frame = 0
 1165              		@ frame_needed = 0, uses_anonymous_args = 0
 252:Src/transport/connection_manager.cpp ****     (void)isRetry;
 1166              		.loc 1 252 52 is_stmt 0 view .LVU296
 1167 0000 38B5     		push	{r3, r4, r5, lr}
 1168              	.LCFI12:
 1169              		.cfi_def_cfa_offset 16
 1170              		.cfi_offset 3, -16
 1171              		.cfi_offset 4, -12
 1172              		.cfi_offset 5, -8
 1173              		.cfi_offset 14, -4
 1174 0002 0446     		mov	r4, r0
 253:Src/transport/connection_manager.cpp ****     bool ok = rfTransport.begin();
 1175              		.loc 1 253 5 is_stmt 1 view .LVU297
 254:Src/transport/connection_manager.cpp **** 
 1176              		.loc 1 254 5 view .LVU298
 254:Src/transport/connection_manager.cpp **** 
 1177              		.loc 1 254 32 is_stmt 0 view .LVU299
 1178 0004 5030     		adds	r0, r0, #80
 1179              	.LVL111:
 254:Src/transport/connection_manager.cpp **** 
 1180              		.loc 1 254 32 view .LVU300
 1181 0006 FFF7FEFF 		bl	_ZN11RFTransport5beginEv
 1182              	.LVL112:
 262:Src/transport/connection_manager.cpp ****         updateRfLinkStateFromStatus();
ARM GAS  C:\Users\nicx5\AppData\Local\Temp\cclEOOYD.s 			page 34


 1183              		.loc 1 262 5 is_stmt 1 view .LVU301
 1184 000a 0546     		mov	r5, r0
 1185 000c 20B1     		cbz	r0, .L95
 263:Src/transport/connection_manager.cpp ****     } else {
 1186              		.loc 1 263 9 view .LVU302
 263:Src/transport/connection_manager.cpp ****     } else {
 1187              		.loc 1 263 36 is_stmt 0 view .LVU303
 1188 000e 2046     		mov	r0, r4
 1189              	.LVL113:
 263:Src/transport/connection_manager.cpp ****     } else {
 1190              		.loc 1 263 36 view .LVU304
 1191 0010 FFF7FEFF 		bl	_ZN17ConnectionManager27updateRfLinkStateFromStatusEv
 1192              	.LVL114:
 1193              	.L96:
 268:Src/transport/connection_manager.cpp **** }
 1194              		.loc 1 268 5 is_stmt 1 view .LVU305
 269:Src/transport/connection_manager.cpp **** 
 1195              		.loc 1 269 1 is_stmt 0 view .LVU306
 1196 0014 2846     		mov	r0, r5
 1197 0016 38BD     		pop	{r3, r4, r5, pc}
 1198              	.LVL115:
 1199              	.L95:
 265:Src/transport/connection_manager.cpp ****         MonitorTelemetry_OnError("CONNECTION_MANAGER", 1001u, "rf begin/setRate failed");
 1200              		.loc 1 265 9 is_stmt 1 view .LVU307
 265:Src/transport/connection_manager.cpp ****         MonitorTelemetry_OnError("CONNECTION_MANAGER", 1001u, "rf begin/setRate failed");
 1201              		.loc 1 265 21 is_stmt 0 view .LVU308
 1202 0018 0321     		movs	r1, #3
 1203 001a 2046     		mov	r0, r4
 1204              	.LVL116:
 265:Src/transport/connection_manager.cpp ****         MonitorTelemetry_OnError("CONNECTION_MANAGER", 1001u, "rf begin/setRate failed");
 1205              		.loc 1 265 21 view .LVU309
 1206 001c FFF7FEFF 		bl	_ZN17ConnectionManager12setLinkStateE19ConnectionLinkState
 1207              	.LVL117:
 266:Src/transport/connection_manager.cpp ****     }
 1208              		.loc 1 266 9 is_stmt 1 view .LVU310
 266:Src/transport/connection_manager.cpp ****     }
 1209              		.loc 1 266 33 is_stmt 0 view .LVU311
 1210 0020 034A     		ldr	r2, .L98
 1211 0022 40F2E931 		movw	r1, #1001
 1212 0026 0348     		ldr	r0, .L98+4
 1213 0028 FFF7FEFF 		bl	_Z24MonitorTelemetry_OnErrorPKcmS0_
 1214              	.LVL118:
 1215 002c F2E7     		b	.L96
 1216              	.L99:
 1217 002e 00BF     		.align	2
 1218              	.L98:
 1219 0030 00000000 		.word	.LC4
 1220 0034 3C000000 		.word	.LC1
 1221              		.cfi_endproc
 1222              	.LFE2444:
 1224              		.section	.text._ZN17ConnectionManager28updatePairingStateFromStatusEv,"ax",%progbits
 1225              		.align	1
 1226              		.global	_ZN17ConnectionManager28updatePairingStateFromStatusEv
 1227              		.syntax unified
 1228              		.thumb
 1229              		.thumb_func
 1231              	_ZN17ConnectionManager28updatePairingStateFromStatusEv:
ARM GAS  C:\Users\nicx5\AppData\Local\Temp\cclEOOYD.s 			page 35


 1232              	.LVL119:
 1233              	.LFB2446:
 276:Src/transport/connection_manager.cpp **** 
 277:Src/transport/connection_manager.cpp **** void ConnectionManager::updatePairingStateFromStatus() {
 1234              		.loc 1 277 56 is_stmt 1 view -0
 1235              		.cfi_startproc
 1236              		@ args = 0, pretend = 0, frame = 0
 1237              		@ frame_needed = 0, uses_anonymous_args = 0
 1238              		.loc 1 277 56 is_stmt 0 view .LVU313
 1239 0000 08B5     		push	{r3, lr}
 1240              	.LCFI13:
 1241              		.cfi_def_cfa_offset 8
 1242              		.cfi_offset 3, -8
 1243              		.cfi_offset 14, -4
 278:Src/transport/connection_manager.cpp ****     const RFModuleStatus& st = rfTransport.getStatus();
 1244              		.loc 1 278 5 is_stmt 1 view .LVU314
 1245              	.LVL120:
 279:Src/transport/connection_manager.cpp **** 
 280:Src/transport/connection_manager.cpp ****     if (st.lastEvent == kRfEvtError) {
 1246              		.loc 1 280 5 view .LVU315
 1247              		.loc 1 280 12 is_stmt 0 view .LVU316
 1248 0002 90F86830 		ldrb	r3, [r0, #104]	@ zero_extendqisi2
 1249              		.loc 1 280 5 view .LVU317
 1250 0006 852B     		cmp	r3, #133
 1251 0008 18D0     		beq	.L108
 281:Src/transport/connection_manager.cpp ****         rfPairingActive = false;
 282:Src/transport/connection_manager.cpp ****         rfPairingState = RfPairingState::TxError;
 283:Src/transport/connection_manager.cpp ****         rfPairingLastErrorCommand = st.lastErrorCommand;
 284:Src/transport/connection_manager.cpp ****         rfPairingLastErrorReason = st.lastErrorReason;
 285:Src/transport/connection_manager.cpp ****         return;
 286:Src/transport/connection_manager.cpp ****     }
 287:Src/transport/connection_manager.cpp **** 
 288:Src/transport/connection_manager.cpp ****     if (st.state == RFLinkState::PairOk) {
 1252              		.loc 1 288 5 is_stmt 1 view .LVU318
 1253              		.loc 1 288 12 is_stmt 0 view .LVU319
 1254 000a 90F85430 		ldrb	r3, [r0, #84]	@ zero_extendqisi2
 1255              		.loc 1 288 5 view .LVU320
 1256 000e 022B     		cmp	r3, #2
 1257 0010 23D0     		beq	.L109
 289:Src/transport/connection_manager.cpp ****         rfPairingActive = false;
 290:Src/transport/connection_manager.cpp ****         rfPairSucceeded = true;
 291:Src/transport/connection_manager.cpp ****         rfPairingState = RfPairingState::PairOk;
 292:Src/transport/connection_manager.cpp ****         activateRfModeAfterPairSuccess();
 293:Src/transport/connection_manager.cpp ****         return;
 294:Src/transport/connection_manager.cpp ****     }
 295:Src/transport/connection_manager.cpp **** 
 296:Src/transport/connection_manager.cpp ****     if (!rfPairingActive &&
 1258              		.loc 1 296 5 is_stmt 1 view .LVU321
 1259              		.loc 1 296 10 is_stmt 0 view .LVU322
 1260 0012 90F84020 		ldrb	r2, [r0, #64]	@ zero_extendqisi2
 1261              		.loc 1 296 5 view .LVU323
 1262 0016 2AB9     		cbnz	r2, .L104
 297:Src/transport/connection_manager.cpp ****         rfPairingState != RfPairingState::Starting &&
 1263              		.loc 1 297 9 view .LVU324
 1264 0018 90F84220 		ldrb	r2, [r0, #66]	@ zero_extendqisi2
 296:Src/transport/connection_manager.cpp ****         rfPairingState != RfPairingState::Starting &&
 1265              		.loc 1 296 26 discriminator 1 view .LVU325
ARM GAS  C:\Users\nicx5\AppData\Local\Temp\cclEOOYD.s 			page 36


 1266 001c 012A     		cmp	r2, #1
 1267 001e 01D0     		beq	.L104
 1268              		.loc 1 297 52 view .LVU326
 1269 0020 022A     		cmp	r2, #2
 1270 0022 19D1     		bne	.L100
 1271              	.L104:
 298:Src/transport/connection_manager.cpp ****         rfPairingState != RfPairingState::PairModeOn) {
 299:Src/transport/connection_manager.cpp ****         return;
 300:Src/transport/connection_manager.cpp ****     }
 301:Src/transport/connection_manager.cpp **** 
 302:Src/transport/connection_manager.cpp ****     switch (st.state) {
 1272              		.loc 1 302 5 is_stmt 1 view .LVU327
 1273 0024 062B     		cmp	r3, #6
 1274 0026 24D0     		beq	.L105
 1275 0028 072B     		cmp	r3, #7
 1276 002a 29D0     		beq	.L106
 1277 002c 012B     		cmp	r3, #1
 1278 002e 13D1     		bne	.L100
 303:Src/transport/connection_manager.cpp ****     case RFLinkState::Pairing:
 1279              		.loc 1 303 5 view .LVU328
 304:Src/transport/connection_manager.cpp ****         rfPairingActive = true;
 1280              		.loc 1 304 9 view .LVU329
 1281              		.loc 1 304 25 is_stmt 0 view .LVU330
 1282 0030 80F84030 		strb	r3, [r0, #64]
 305:Src/transport/connection_manager.cpp ****         rfPairingState = RfPairingState::PairModeOn;
 1283              		.loc 1 305 9 is_stmt 1 view .LVU331
 1284              		.loc 1 305 24 is_stmt 0 view .LVU332
 1285 0034 0223     		movs	r3, #2
 1286 0036 80F84230 		strb	r3, [r0, #66]
 306:Src/transport/connection_manager.cpp ****         break;
 1287              		.loc 1 306 9 is_stmt 1 view .LVU333
 1288 003a 0DE0     		b	.L100
 1289              	.L108:
 281:Src/transport/connection_manager.cpp ****         rfPairingState = RfPairingState::TxError;
 1290              		.loc 1 281 9 view .LVU334
 281:Src/transport/connection_manager.cpp ****         rfPairingState = RfPairingState::TxError;
 1291              		.loc 1 281 25 is_stmt 0 view .LVU335
 1292 003c 0023     		movs	r3, #0
 1293 003e 80F84030 		strb	r3, [r0, #64]
 282:Src/transport/connection_manager.cpp ****         rfPairingLastErrorCommand = st.lastErrorCommand;
 1294              		.loc 1 282 9 is_stmt 1 view .LVU336
 282:Src/transport/connection_manager.cpp ****         rfPairingLastErrorCommand = st.lastErrorCommand;
 1295              		.loc 1 282 24 is_stmt 0 view .LVU337
 1296 0042 0323     		movs	r3, #3
 1297 0044 80F84230 		strb	r3, [r0, #66]
 283:Src/transport/connection_manager.cpp ****         rfPairingLastErrorReason = st.lastErrorReason;
 1298              		.loc 1 283 9 is_stmt 1 view .LVU338
 283:Src/transport/connection_manager.cpp ****         rfPairingLastErrorReason = st.lastErrorReason;
 1299              		.loc 1 283 40 is_stmt 0 view .LVU339
 1300 0048 90F86C30 		ldrb	r3, [r0, #108]	@ zero_extendqisi2
 283:Src/transport/connection_manager.cpp ****         rfPairingLastErrorReason = st.lastErrorReason;
 1301              		.loc 1 283 35 view .LVU340
 1302 004c 80F84D30 		strb	r3, [r0, #77]
 284:Src/transport/connection_manager.cpp ****         return;
 1303              		.loc 1 284 9 is_stmt 1 view .LVU341
 284:Src/transport/connection_manager.cpp ****         return;
 1304              		.loc 1 284 39 is_stmt 0 view .LVU342
ARM GAS  C:\Users\nicx5\AppData\Local\Temp\cclEOOYD.s 			page 37


 1305 0050 90F86D30 		ldrb	r3, [r0, #109]	@ zero_extendqisi2
 284:Src/transport/connection_manager.cpp ****         return;
 1306              		.loc 1 284 34 view .LVU343
 1307 0054 80F84E30 		strb	r3, [r0, #78]
 285:Src/transport/connection_manager.cpp ****     }
 1308              		.loc 1 285 9 is_stmt 1 view .LVU344
 1309              	.LVL121:
 1310              	.L100:
 307:Src/transport/connection_manager.cpp ****     case RFLinkState::PairTimeout:
 308:Src/transport/connection_manager.cpp ****         rfPairingActive = true;
 309:Src/transport/connection_manager.cpp ****         rfPairingState = RfPairingState::Timeout;
 310:Src/transport/connection_manager.cpp ****         break;
 311:Src/transport/connection_manager.cpp ****     case RFLinkState::PairFailed:
 312:Src/transport/connection_manager.cpp ****         rfPairingActive = false;
 313:Src/transport/connection_manager.cpp ****         rfPairingState = RfPairingState::TxError;
 314:Src/transport/connection_manager.cpp ****         rfPairingLastErrorCommand = kRfCmdStartPair;
 315:Src/transport/connection_manager.cpp ****         rfPairingLastErrorReason = 2u;
 316:Src/transport/connection_manager.cpp ****         break;
 317:Src/transport/connection_manager.cpp ****     case RFLinkState::Idle:
 318:Src/transport/connection_manager.cpp ****         break;
 319:Src/transport/connection_manager.cpp ****     case RFLinkState::Connecting:
 320:Src/transport/connection_manager.cpp ****         break;
 321:Src/transport/connection_manager.cpp ****     default:
 322:Src/transport/connection_manager.cpp ****         break;
 323:Src/transport/connection_manager.cpp ****     }
 324:Src/transport/connection_manager.cpp **** 
 325:Src/transport/connection_manager.cpp **** }
 1311              		.loc 1 325 1 is_stmt 0 view .LVU345
 1312 0058 08BD     		pop	{r3, pc}
 1313              	.LVL122:
 1314              	.L109:
 289:Src/transport/connection_manager.cpp ****         rfPairSucceeded = true;
 1315              		.loc 1 289 9 is_stmt 1 view .LVU346
 289:Src/transport/connection_manager.cpp ****         rfPairSucceeded = true;
 1316              		.loc 1 289 25 is_stmt 0 view .LVU347
 1317 005a 0023     		movs	r3, #0
 1318 005c 80F84030 		strb	r3, [r0, #64]
 290:Src/transport/connection_manager.cpp ****         rfPairingState = RfPairingState::PairOk;
 1319              		.loc 1 290 9 is_stmt 1 view .LVU348
 290:Src/transport/connection_manager.cpp ****         rfPairingState = RfPairingState::PairOk;
 1320              		.loc 1 290 25 is_stmt 0 view .LVU349
 1321 0060 0123     		movs	r3, #1
 1322 0062 80F84130 		strb	r3, [r0, #65]
 291:Src/transport/connection_manager.cpp ****         activateRfModeAfterPairSuccess();
 1323              		.loc 1 291 9 is_stmt 1 view .LVU350
 291:Src/transport/connection_manager.cpp ****         activateRfModeAfterPairSuccess();
 1324              		.loc 1 291 24 is_stmt 0 view .LVU351
 1325 0066 0423     		movs	r3, #4
 1326 0068 80F84230 		strb	r3, [r0, #66]
 292:Src/transport/connection_manager.cpp ****         return;
 1327              		.loc 1 292 9 is_stmt 1 view .LVU352
 292:Src/transport/connection_manager.cpp ****         return;
 1328              		.loc 1 292 39 is_stmt 0 view .LVU353
 1329 006c FFF7FEFF 		bl	_ZN17ConnectionManager30activateRfModeAfterPairSuccessEv
 1330              	.LVL123:
 293:Src/transport/connection_manager.cpp ****     }
 1331              		.loc 1 293 9 is_stmt 1 view .LVU354
ARM GAS  C:\Users\nicx5\AppData\Local\Temp\cclEOOYD.s 			page 38


 1332 0070 F2E7     		b	.L100
 1333              	.LVL124:
 1334              	.L105:
 307:Src/transport/connection_manager.cpp ****         rfPairingActive = true;
 1335              		.loc 1 307 5 view .LVU355
 308:Src/transport/connection_manager.cpp ****         rfPairingState = RfPairingState::Timeout;
 1336              		.loc 1 308 9 view .LVU356
 308:Src/transport/connection_manager.cpp ****         rfPairingState = RfPairingState::Timeout;
 1337              		.loc 1 308 25 is_stmt 0 view .LVU357
 1338 0072 0123     		movs	r3, #1
 1339 0074 80F84030 		strb	r3, [r0, #64]
 309:Src/transport/connection_manager.cpp ****         break;
 1340              		.loc 1 309 9 is_stmt 1 view .LVU358
 309:Src/transport/connection_manager.cpp ****         break;
 1341              		.loc 1 309 24 is_stmt 0 view .LVU359
 1342 0078 0523     		movs	r3, #5
 1343 007a 80F84230 		strb	r3, [r0, #66]
 310:Src/transport/connection_manager.cpp ****     case RFLinkState::PairFailed:
 1344              		.loc 1 310 9 is_stmt 1 view .LVU360
 1345 007e EBE7     		b	.L100
 1346              	.L106:
 311:Src/transport/connection_manager.cpp ****         rfPairingActive = false;
 1347              		.loc 1 311 5 view .LVU361
 312:Src/transport/connection_manager.cpp ****         rfPairingState = RfPairingState::TxError;
 1348              		.loc 1 312 9 view .LVU362
 312:Src/transport/connection_manager.cpp ****         rfPairingState = RfPairingState::TxError;
 1349              		.loc 1 312 25 is_stmt 0 view .LVU363
 1350 0080 0023     		movs	r3, #0
 1351 0082 80F84030 		strb	r3, [r0, #64]
 313:Src/transport/connection_manager.cpp ****         rfPairingLastErrorCommand = kRfCmdStartPair;
 1352              		.loc 1 313 9 is_stmt 1 view .LVU364
 313:Src/transport/connection_manager.cpp ****         rfPairingLastErrorCommand = kRfCmdStartPair;
 1353              		.loc 1 313 24 is_stmt 0 view .LVU365
 1354 0086 0323     		movs	r3, #3
 1355 0088 80F84230 		strb	r3, [r0, #66]
 314:Src/transport/connection_manager.cpp ****         rfPairingLastErrorReason = 2u;
 1356              		.loc 1 314 9 is_stmt 1 view .LVU366
 314:Src/transport/connection_manager.cpp ****         rfPairingLastErrorReason = 2u;
 1357              		.loc 1 314 35 is_stmt 0 view .LVU367
 1358 008c 0223     		movs	r3, #2
 1359 008e 80F84D30 		strb	r3, [r0, #77]
 315:Src/transport/connection_manager.cpp ****         break;
 1360              		.loc 1 315 9 is_stmt 1 view .LVU368
 315:Src/transport/connection_manager.cpp ****         break;
 1361              		.loc 1 315 34 is_stmt 0 view .LVU369
 1362 0092 80F84E30 		strb	r3, [r0, #78]
 316:Src/transport/connection_manager.cpp ****     case RFLinkState::Idle:
 1363              		.loc 1 316 9 is_stmt 1 view .LVU370
 1364 0096 DFE7     		b	.L100
 1365              		.cfi_endproc
 1366              	.LFE2446:
 1368              		.section	.text._ZN17ConnectionManager15serviceRfEventsEv,"ax",%progbits
 1369              		.align	1
 1370              		.global	_ZN17ConnectionManager15serviceRfEventsEv
 1371              		.syntax unified
 1372              		.thumb
 1373              		.thumb_func
ARM GAS  C:\Users\nicx5\AppData\Local\Temp\cclEOOYD.s 			page 39


 1375              	_ZN17ConnectionManager15serviceRfEventsEv:
 1376              	.LVL125:
 1377              	.LFB2447:
 326:Src/transport/connection_manager.cpp **** 
 327:Src/transport/connection_manager.cpp **** void ConnectionManager::serviceRfEvents() {
 1378              		.loc 1 327 43 view -0
 1379              		.cfi_startproc
 1380              		@ args = 0, pretend = 0, frame = 0
 1381              		@ frame_needed = 0, uses_anonymous_args = 0
 328:Src/transport/connection_manager.cpp ****     if (mode != ConnectionMode::CONNECTION_MODE_RF24G ||
 1382              		.loc 1 328 5 view .LVU372
 1383              		.loc 1 328 9 is_stmt 0 view .LVU373
 1384 0000 0378     		ldrb	r3, [r0]	@ zero_extendqisi2
 1385              		.loc 1 328 55 view .LVU374
 1386 0002 012B     		cmp	r3, #1
 1387 0004 34D1     		bne	.L116
 327:Src/transport/connection_manager.cpp ****     if (mode != ConnectionMode::CONNECTION_MODE_RF24G ||
 1388              		.loc 1 327 43 view .LVU375
 1389 0006 10B5     		push	{r4, lr}
 1390              	.LCFI14:
 1391              		.cfi_def_cfa_offset 8
 1392              		.cfi_offset 4, -8
 1393              		.cfi_offset 14, -4
 1394 0008 0446     		mov	r4, r0
 329:Src/transport/connection_manager.cpp ****         !rfPhysicalRoleIsActive()) {
 1395              		.loc 1 329 32 view .LVU376
 1396 000a FFF7FEFF 		bl	_ZN12_GLOBAL__N_1L22rfPhysicalRoleIsActiveEv
 1397              	.LVL126:
 328:Src/transport/connection_manager.cpp ****     if (mode != ConnectionMode::CONNECTION_MODE_RF24G ||
 1398              		.loc 1 328 55 discriminator 2 view .LVU377
 1399 000e F8B1     		cbz	r0, .L110
 330:Src/transport/connection_manager.cpp ****         return;
 331:Src/transport/connection_manager.cpp ****     }
 332:Src/transport/connection_manager.cpp **** 
 333:Src/transport/connection_manager.cpp ****     if ((rfPowerState == RfPowerState::SleepPending) ||
 1400              		.loc 1 333 5 is_stmt 1 view .LVU378
 1401              		.loc 1 333 10 is_stmt 0 view .LVU379
 1402 0010 637A     		ldrb	r3, [r4, #9]	@ zero_extendqisi2
 1403              		.loc 1 333 54 view .LVU380
 1404 0012 023B     		subs	r3, r3, #2
 1405 0014 DBB2     		uxtb	r3, r3
 1406              		.loc 1 333 5 view .LVU381
 1407 0016 012B     		cmp	r3, #1
 1408 0018 1AD9     		bls	.L110
 334:Src/transport/connection_manager.cpp ****         (rfPowerState == RfPowerState::Sleeping)) {
 335:Src/transport/connection_manager.cpp ****         return;
 336:Src/transport/connection_manager.cpp ****     }
 337:Src/transport/connection_manager.cpp **** 
 338:Src/transport/connection_manager.cpp ****     if (!rfEventServiceEnabled && !rfPairingActive) {
 1409              		.loc 1 338 5 is_stmt 1 view .LVU382
 1410              		.loc 1 338 10 is_stmt 0 view .LVU383
 1411 001a 94F83430 		ldrb	r3, [r4, #52]	@ zero_extendqisi2
 1412              		.loc 1 338 5 view .LVU384
 1413 001e 13B9     		cbnz	r3, .L112
 1414              		.loc 1 338 36 discriminator 1 view .LVU385
 1415 0020 94F84030 		ldrb	r3, [r4, #64]	@ zero_extendqisi2
 1416              		.loc 1 338 32 discriminator 1 view .LVU386
ARM GAS  C:\Users\nicx5\AppData\Local\Temp\cclEOOYD.s 			page 40


 1417 0024 A3B1     		cbz	r3, .L110
 1418              	.L112:
 339:Src/transport/connection_manager.cpp ****         return;
 340:Src/transport/connection_manager.cpp ****     }
 341:Src/transport/connection_manager.cpp **** 
 342:Src/transport/connection_manager.cpp ****     (void)rfTransport.serviceEvents();
 1419              		.loc 1 342 5 is_stmt 1 view .LVU387
 1420              		.loc 1 342 36 is_stmt 0 view .LVU388
 1421 0026 0421     		movs	r1, #4
 1422 0028 04F15000 		add	r0, r4, #80
 1423 002c FFF7FEFF 		bl	_ZN11RFTransport13serviceEventsEh
 1424              	.LVL127:
 343:Src/transport/connection_manager.cpp **** 
 344:Src/transport/connection_manager.cpp ****     const RFModuleStatus& status = rfTransport.getStatus();
 1425              		.loc 1 344 5 is_stmt 1 view .LVU389
 345:Src/transport/connection_manager.cpp ****     if (status.eventCounter != lastRfLinkEventCounter) {
 1426              		.loc 1 345 5 view .LVU390
 1427              		.loc 1 345 16 is_stmt 0 view .LVU391
 1428 0030 226F     		ldr	r2, [r4, #112]
 1429              		.loc 1 345 32 view .LVU392
 1430 0032 2369     		ldr	r3, [r4, #16]
 1431              		.loc 1 345 5 view .LVU393
 1432 0034 9A42     		cmp	r2, r3
 1433 0036 07D0     		beq	.L113
 346:Src/transport/connection_manager.cpp ****         if (status.lastEvent == kRfEvtError) {
 1434              		.loc 1 346 9 is_stmt 1 view .LVU394
 1435              		.loc 1 346 20 is_stmt 0 view .LVU395
 1436 0038 94F86830 		ldrb	r3, [r4, #104]	@ zero_extendqisi2
 1437              		.loc 1 346 9 view .LVU396
 1438 003c 852B     		cmp	r3, #133
 1439 003e 08D0     		beq	.L119
 347:Src/transport/connection_manager.cpp ****             lastRfLinkEventCounter = status.eventCounter;
 348:Src/transport/connection_manager.cpp ****             setLinkState(ConnectionLinkState::Error);
 349:Src/transport/connection_manager.cpp ****         } else if (status.lastEvent != kRfEvtMonitorConfig &&
 1440              		.loc 1 349 16 is_stmt 1 view .LVU397
 1441              		.loc 1 349 60 is_stmt 0 view .LVU398
 1442 0040 7A33     		adds	r3, r3, #122
 1443 0042 DBB2     		uxtb	r3, r3
 1444              		.loc 1 349 16 view .LVU399
 1445 0044 012B     		cmp	r3, #1
 1446 0046 0AD8     		bhi	.L120
 1447              	.L113:
 350:Src/transport/connection_manager.cpp ****                    status.lastEvent != kRfEvtTimeSync) {
 351:Src/transport/connection_manager.cpp ****             updateRfLinkStateFromStatus();
 352:Src/transport/connection_manager.cpp ****         }
 353:Src/transport/connection_manager.cpp ****     }
 354:Src/transport/connection_manager.cpp ****     if (status.eventCounter != rfPairingLastEventCounter) {
 1448              		.loc 1 354 5 is_stmt 1 view .LVU400
 1449              		.loc 1 354 16 is_stmt 0 view .LVU401
 1450 0048 236F     		ldr	r3, [r4, #112]
 1451              		.loc 1 354 32 view .LVU402
 1452 004a 626C     		ldr	r2, [r4, #68]
 1453              		.loc 1 354 5 view .LVU403
 1454 004c 9342     		cmp	r3, r2
 1455 004e 0AD1     		bne	.L121
 1456              	.LVL128:
 1457              	.L110:
ARM GAS  C:\Users\nicx5\AppData\Local\Temp\cclEOOYD.s 			page 41


 355:Src/transport/connection_manager.cpp ****         rfPairingLastEventCounter = status.eventCounter;
 356:Src/transport/connection_manager.cpp ****         updatePairingStateFromStatus();
 357:Src/transport/connection_manager.cpp ****     }
 358:Src/transport/connection_manager.cpp **** }
 1458              		.loc 1 358 1 view .LVU404
 1459 0050 10BD     		pop	{r4, pc}
 1460              	.LVL129:
 1461              	.L119:
 347:Src/transport/connection_manager.cpp ****             setLinkState(ConnectionLinkState::Error);
 1462              		.loc 1 347 13 is_stmt 1 view .LVU405
 347:Src/transport/connection_manager.cpp ****             setLinkState(ConnectionLinkState::Error);
 1463              		.loc 1 347 36 is_stmt 0 view .LVU406
 1464 0052 2261     		str	r2, [r4, #16]
 348:Src/transport/connection_manager.cpp ****         } else if (status.lastEvent != kRfEvtMonitorConfig &&
 1465              		.loc 1 348 13 is_stmt 1 view .LVU407
 348:Src/transport/connection_manager.cpp ****         } else if (status.lastEvent != kRfEvtMonitorConfig &&
 1466              		.loc 1 348 25 is_stmt 0 view .LVU408
 1467 0054 0321     		movs	r1, #3
 1468 0056 2046     		mov	r0, r4
 1469 0058 FFF7FEFF 		bl	_ZN17ConnectionManager12setLinkStateE19ConnectionLinkState
 1470              	.LVL130:
 1471 005c F4E7     		b	.L113
 1472              	.L120:
 351:Src/transport/connection_manager.cpp ****         }
 1473              		.loc 1 351 13 is_stmt 1 view .LVU409
 351:Src/transport/connection_manager.cpp ****         }
 1474              		.loc 1 351 40 is_stmt 0 view .LVU410
 1475 005e 2046     		mov	r0, r4
 1476 0060 FFF7FEFF 		bl	_ZN17ConnectionManager27updateRfLinkStateFromStatusEv
 1477              	.LVL131:
 1478 0064 F0E7     		b	.L113
 1479              	.L121:
 355:Src/transport/connection_manager.cpp ****         updatePairingStateFromStatus();
 1480              		.loc 1 355 9 is_stmt 1 view .LVU411
 355:Src/transport/connection_manager.cpp ****         updatePairingStateFromStatus();
 1481              		.loc 1 355 35 is_stmt 0 view .LVU412
 1482 0066 6364     		str	r3, [r4, #68]
 356:Src/transport/connection_manager.cpp ****     }
 1483              		.loc 1 356 9 is_stmt 1 view .LVU413
 356:Src/transport/connection_manager.cpp ****     }
 1484              		.loc 1 356 37 is_stmt 0 view .LVU414
 1485 0068 2046     		mov	r0, r4
 1486 006a FFF7FEFF 		bl	_ZN17ConnectionManager28updatePairingStateFromStatusEv
 1487              	.LVL132:
 1488 006e EFE7     		b	.L110
 1489              	.LVL133:
 1490              	.L116:
 1491              	.LCFI15:
 1492              		.cfi_def_cfa_offset 0
 1493              		.cfi_restore 4
 1494              		.cfi_restore 14
 356:Src/transport/connection_manager.cpp ****     }
 1495              		.loc 1 356 37 view .LVU415
 1496 0070 7047     		bx	lr
 1497              		.cfi_endproc
 1498              	.LFE2447:
 1500              		.section	.text._ZN17ConnectionManager19serviceRfStatusPollEv,"ax",%progbits
ARM GAS  C:\Users\nicx5\AppData\Local\Temp\cclEOOYD.s 			page 42


 1501              		.align	1
 1502              		.global	_ZN17ConnectionManager19serviceRfStatusPollEv
 1503              		.syntax unified
 1504              		.thumb
 1505              		.thumb_func
 1507              	_ZN17ConnectionManager19serviceRfStatusPollEv:
 1508              	.LVL134:
 1509              	.LFB2448:
 359:Src/transport/connection_manager.cpp **** 
 360:Src/transport/connection_manager.cpp **** void ConnectionManager::serviceRfStatusPoll()
 361:Src/transport/connection_manager.cpp **** {
 1510              		.loc 1 361 1 is_stmt 1 view -0
 1511              		.cfi_startproc
 1512              		@ args = 0, pretend = 0, frame = 0
 1513              		@ frame_needed = 0, uses_anonymous_args = 0
 1514              		.loc 1 361 1 is_stmt 0 view .LVU417
 1515 0000 38B5     		push	{r3, r4, r5, lr}
 1516              	.LCFI16:
 1517              		.cfi_def_cfa_offset 16
 1518              		.cfi_offset 3, -16
 1519              		.cfi_offset 4, -12
 1520              		.cfi_offset 5, -8
 1521              		.cfi_offset 14, -4
 362:Src/transport/connection_manager.cpp ****     if (mode != ConnectionMode::CONNECTION_MODE_RF24G ||
 1522              		.loc 1 362 5 is_stmt 1 view .LVU418
 1523              		.loc 1 362 9 is_stmt 0 view .LVU419
 1524 0002 0378     		ldrb	r3, [r0]	@ zero_extendqisi2
 363:Src/transport/connection_manager.cpp ****         !rfPhysicalRoleIsActive() || rfPairingActive || rfPowerStateBlocksSpi()) return;
 1525              		.loc 1 363 54 view .LVU420
 1526 0004 012B     		cmp	r3, #1
 1527 0006 0AD1     		bne	.L122
 1528 0008 0446     		mov	r4, r0
 1529              		.loc 1 363 32 discriminator 2 view .LVU421
 1530 000a FFF7FEFF 		bl	_ZN12_GLOBAL__N_1L22rfPhysicalRoleIsActiveEv
 1531              	.LVL135:
 362:Src/transport/connection_manager.cpp ****     if (mode != ConnectionMode::CONNECTION_MODE_RF24G ||
 1532              		.loc 1 362 55 view .LVU422
 1533 000e 30B1     		cbz	r0, .L122
 1534              		.loc 1 363 38 discriminator 3 view .LVU423
 1535 0010 94F84030 		ldrb	r3, [r4, #64]	@ zero_extendqisi2
 1536              		.loc 1 363 35 discriminator 3 view .LVU424
 1537 0014 1BB9     		cbnz	r3, .L122
 1538              		.loc 1 363 78 discriminator 4 view .LVU425
 1539 0016 2046     		mov	r0, r4
 1540 0018 FFF7FEFF 		bl	_ZNK17ConnectionManager21rfPowerStateBlocksSpiEv
 1541              	.LVL136:
 1542              		.loc 1 363 54 discriminator 1 view .LVU426
 1543 001c 00B1     		cbz	r0, .L134
 1544              	.LVL137:
 1545              	.L122:
 364:Src/transport/connection_manager.cpp **** 
 365:Src/transport/connection_manager.cpp ****     const uint32_t now = HAL_GetTick();
 366:Src/transport/connection_manager.cpp ****     const uint32_t generation = rfTransport.receivedStatusGeneration();
 367:Src/transport/connection_manager.cpp ****     if (generation != lastRfStatusGeneration) {
 368:Src/transport/connection_manager.cpp ****         lastRfStatusGeneration = generation;
 369:Src/transport/connection_manager.cpp ****         rfStatusPollPending = false;
 370:Src/transport/connection_manager.cpp ****         rfStatusPollFailures = 0u;
ARM GAS  C:\Users\nicx5\AppData\Local\Temp\cclEOOYD.s 			page 43


 371:Src/transport/connection_manager.cpp ****         if (reportRateConfirmed && !rfTransport.receivedStatusMatchesRate(appliedReportRateHz)) {
 372:Src/transport/connection_manager.cpp ****             // A reset TX can answer GET_STATUS with rate=0 while RX is absent.
 373:Src/transport/connection_manager.cpp ****             // Revoke the old confirmation; never keep streaming on that rate.
 374:Src/transport/connection_manager.cpp ****             reportRateConfirmed = false;
 375:Src/transport/connection_manager.cpp ****             appliedReportRateHz = 0u;
 376:Src/transport/connection_manager.cpp ****             setLinkState(ConnectionLinkState::Error);
 377:Src/transport/connection_manager.cpp ****             return;
 378:Src/transport/connection_manager.cpp ****         }
 379:Src/transport/connection_manager.cpp ****         updateRfLinkStateFromStatus();
 380:Src/transport/connection_manager.cpp ****     }
 381:Src/transport/connection_manager.cpp ****     if (rfStatusPollPending) {
 382:Src/transport/connection_manager.cpp ****         if (now - lastRfStatusPollMs < kRfStatusReplyTimeoutMs) return;
 383:Src/transport/connection_manager.cpp ****         rfStatusPollPending = false;
 384:Src/transport/connection_manager.cpp ****         if (rfStatusPollFailures < 3u) ++rfStatusPollFailures;
 385:Src/transport/connection_manager.cpp ****     }
 386:Src/transport/connection_manager.cpp ****     if (now - lastRfStatusPollMs < kRfStatusPollMs) return;
 387:Src/transport/connection_manager.cpp ****     // A pending input DMA or event is arbitration, not a failed status query.
 388:Src/transport/connection_manager.cpp ****     if (rfStatusPollFailures >= 3u || !RFBridgePort_RecoveryIdle()) return;
 389:Src/transport/connection_manager.cpp ****     lastRfStatusPollMs = now;
 390:Src/transport/connection_manager.cpp ****     if (rfTransport.pollStatus()) {
 391:Src/transport/connection_manager.cpp ****         // Reserve the bus until the reply or a short deadline. Otherwise an
 392:Src/transport/connection_manager.cpp ****         // 8-kHz input can clock out a reply while TX changes SPI direction.
 393:Src/transport/connection_manager.cpp ****         // serviceRfEvents remains enabled; only normal input is gated.
 394:Src/transport/connection_manager.cpp ****         rfStatusPollPending = true;
 395:Src/transport/connection_manager.cpp ****     } else {
 396:Src/transport/connection_manager.cpp ****         // W_INT can assert between the idle check and sending. Let its event
 397:Src/transport/connection_manager.cpp ****         // drain instead of counting that normal ownership handoff as failure.
 398:Src/transport/connection_manager.cpp ****         if (!RFBridgePort_RecoveryIdle()) return;
 399:Src/transport/connection_manager.cpp ****         if (rfStatusPollFailures < 3u) ++rfStatusPollFailures;
 400:Src/transport/connection_manager.cpp ****         setLinkState(ConnectionLinkState::Error);
 401:Src/transport/connection_manager.cpp ****     }
 402:Src/transport/connection_manager.cpp **** }
 1546              		.loc 1 402 1 view .LVU427
 1547 001e 38BD     		pop	{r3, r4, r5, pc}
 1548              	.LVL138:
 1549              	.L134:
 365:Src/transport/connection_manager.cpp ****     const uint32_t generation = rfTransport.receivedStatusGeneration();
 1550              		.loc 1 365 5 is_stmt 1 view .LVU428
 365:Src/transport/connection_manager.cpp ****     const uint32_t generation = rfTransport.receivedStatusGeneration();
 1551              		.loc 1 365 37 is_stmt 0 view .LVU429
 1552 0020 FFF7FEFF 		bl	HAL_GetTick
 1553              	.LVL139:
 1554 0024 0546     		mov	r5, r0
 1555              	.LVL140:
 366:Src/transport/connection_manager.cpp ****     if (generation != lastRfStatusGeneration) {
 1556              		.loc 1 366 5 is_stmt 1 view .LVU430
 1557              	.LBB204:
 1558              	.LBI204:
  52:Inc/transport/rf/rf_transport.hpp ****     bool receivedStatusMatchesRate(uint16_t rate) const {
 1559              		.loc 4 52 14 view .LVU431
 1560              	.LBB205:
  52:Inc/transport/rf/rf_transport.hpp ****     bool receivedStatusMatchesRate(uint16_t rate) const {
 1561              		.loc 4 52 49 view .LVU432
  52:Inc/transport/rf/rf_transport.hpp ****     bool receivedStatusMatchesRate(uint16_t rate) const {
 1562              		.loc 4 52 56 is_stmt 0 view .LVU433
 1563 0026 A36F     		ldr	r3, [r4, #120]
 1564              	.LVL141:
ARM GAS  C:\Users\nicx5\AppData\Local\Temp\cclEOOYD.s 			page 44


  52:Inc/transport/rf/rf_transport.hpp ****     bool receivedStatusMatchesRate(uint16_t rate) const {
 1565              		.loc 4 52 56 view .LVU434
 1566              	.LBE205:
 1567              	.LBE204:
 367:Src/transport/connection_manager.cpp ****         lastRfStatusGeneration = generation;
 1568              		.loc 1 367 5 is_stmt 1 view .LVU435
 367:Src/transport/connection_manager.cpp ****         lastRfStatusGeneration = generation;
 1569              		.loc 1 367 23 is_stmt 0 view .LVU436
 1570 0028 E26B     		ldr	r2, [r4, #60]
 367:Src/transport/connection_manager.cpp ****         lastRfStatusGeneration = generation;
 1571              		.loc 1 367 5 view .LVU437
 1572 002a 9A42     		cmp	r2, r3
 1573 002c 1BD0     		beq	.L124
 368:Src/transport/connection_manager.cpp ****         rfStatusPollPending = false;
 1574              		.loc 1 368 9 is_stmt 1 view .LVU438
 368:Src/transport/connection_manager.cpp ****         rfStatusPollPending = false;
 1575              		.loc 1 368 32 is_stmt 0 view .LVU439
 1576 002e E363     		str	r3, [r4, #60]
 369:Src/transport/connection_manager.cpp ****         rfStatusPollFailures = 0u;
 1577              		.loc 1 369 9 is_stmt 1 view .LVU440
 369:Src/transport/connection_manager.cpp ****         rfStatusPollFailures = 0u;
 1578              		.loc 1 369 29 is_stmt 0 view .LVU441
 1579 0030 0022     		movs	r2, #0
 1580 0032 84F83720 		strb	r2, [r4, #55]
 370:Src/transport/connection_manager.cpp ****         if (reportRateConfirmed && !rfTransport.receivedStatusMatchesRate(appliedReportRateHz)) {
 1581              		.loc 1 370 9 is_stmt 1 view .LVU442
 370:Src/transport/connection_manager.cpp ****         if (reportRateConfirmed && !rfTransport.receivedStatusMatchesRate(appliedReportRateHz)) {
 1582              		.loc 1 370 30 is_stmt 0 view .LVU443
 1583 0036 84F83820 		strb	r2, [r4, #56]
 371:Src/transport/connection_manager.cpp ****             // A reset TX can answer GET_STATUS with rate=0 while RX is absent.
 1584              		.loc 1 371 9 is_stmt 1 view .LVU444
 371:Src/transport/connection_manager.cpp ****             // A reset TX can answer GET_STATUS with rate=0 while RX is absent.
 1585              		.loc 1 371 13 is_stmt 0 view .LVU445
 1586 003a E279     		ldrb	r2, [r4, #7]	@ zero_extendqisi2
 371:Src/transport/connection_manager.cpp ****             // A reset TX can answer GET_STATUS with rate=0 while RX is absent.
 1587              		.loc 1 371 33 view .LVU446
 1588 003c 82B1     		cbz	r2, .L125
 371:Src/transport/connection_manager.cpp ****             // A reset TX can answer GET_STATUS with rate=0 while RX is absent.
 1589              		.loc 1 371 74 discriminator 1 view .LVU447
 1590 003e 6288     		ldrh	r2, [r4, #2]
 1591              	.LVL142:
 1592              	.LBB206:
 1593              	.LBI206:
  53:Inc/transport/rf/rf_transport.hpp ****         return receivedStatusGeneration_ != 0u && receivedStatusResult_ == 0u &&
 1594              		.loc 4 53 10 is_stmt 1 view .LVU448
 1595              	.LBB207:
  54:Inc/transport/rf/rf_transport.hpp ****                receivedStatusRateHz_ == rate;
 1596              		.loc 4 54 9 view .LVU449
  54:Inc/transport/rf/rf_transport.hpp ****                receivedStatusRateHz_ == rate;
 1597              		.loc 4 54 79 is_stmt 0 view .LVU450
 1598 0040 33B1     		cbz	r3, .L126
  54:Inc/transport/rf/rf_transport.hpp ****                receivedStatusRateHz_ == rate;
 1599              		.loc 4 54 51 discriminator 1 view .LVU451
 1600 0042 94F87E30 		ldrb	r3, [r4, #126]	@ zero_extendqisi2
 1601              	.LVL143:
  54:Inc/transport/rf/rf_transport.hpp ****                receivedStatusRateHz_ == rate;
 1602              		.loc 4 54 48 discriminator 1 view .LVU452
ARM GAS  C:\Users\nicx5\AppData\Local\Temp\cclEOOYD.s 			page 45


 1603 0046 1BB9     		cbnz	r3, .L126
 1604              		.loc 4 55 16 view .LVU453
 1605 0048 B4F87C30 		ldrh	r3, [r4, #124]
  54:Inc/transport/rf/rf_transport.hpp ****                receivedStatusRateHz_ == rate;
 1606              		.loc 4 54 79 discriminator 3 view .LVU454
 1607 004c 9A42     		cmp	r2, r3
 1608 004e 07D0     		beq	.L125
 1609              	.L126:
 1610              	.LVL144:
  54:Inc/transport/rf/rf_transport.hpp ****                receivedStatusRateHz_ == rate;
 1611              		.loc 4 54 79 discriminator 3 view .LVU455
 1612              	.LBE207:
 1613              	.LBE206:
 374:Src/transport/connection_manager.cpp ****             appliedReportRateHz = 0u;
 1614              		.loc 1 374 13 is_stmt 1 view .LVU456
 374:Src/transport/connection_manager.cpp ****             appliedReportRateHz = 0u;
 1615              		.loc 1 374 33 is_stmt 0 view .LVU457
 1616 0050 0023     		movs	r3, #0
 1617 0052 E371     		strb	r3, [r4, #7]
 375:Src/transport/connection_manager.cpp ****             setLinkState(ConnectionLinkState::Error);
 1618              		.loc 1 375 13 is_stmt 1 view .LVU458
 375:Src/transport/connection_manager.cpp ****             setLinkState(ConnectionLinkState::Error);
 1619              		.loc 1 375 33 is_stmt 0 view .LVU459
 1620 0054 6380     		strh	r3, [r4, #2]	@ movhi
 376:Src/transport/connection_manager.cpp ****             return;
 1621              		.loc 1 376 13 is_stmt 1 view .LVU460
 376:Src/transport/connection_manager.cpp ****             return;
 1622              		.loc 1 376 25 is_stmt 0 view .LVU461
 1623 0056 0321     		movs	r1, #3
 1624 0058 2046     		mov	r0, r4
 1625              	.LVL145:
 376:Src/transport/connection_manager.cpp ****             return;
 1626              		.loc 1 376 25 view .LVU462
 1627 005a FFF7FEFF 		bl	_ZN17ConnectionManager12setLinkStateE19ConnectionLinkState
 1628              	.LVL146:
 377:Src/transport/connection_manager.cpp ****         }
 1629              		.loc 1 377 13 is_stmt 1 view .LVU463
 1630 005e DEE7     		b	.L122
 1631              	.LVL147:
 1632              	.L125:
 379:Src/transport/connection_manager.cpp ****     }
 1633              		.loc 1 379 9 view .LVU464
 379:Src/transport/connection_manager.cpp ****     }
 1634              		.loc 1 379 36 is_stmt 0 view .LVU465
 1635 0060 2046     		mov	r0, r4
 1636              	.LVL148:
 379:Src/transport/connection_manager.cpp ****     }
 1637              		.loc 1 379 36 view .LVU466
 1638 0062 FFF7FEFF 		bl	_ZN17ConnectionManager27updateRfLinkStateFromStatusEv
 1639              	.LVL149:
 1640              	.L124:
 381:Src/transport/connection_manager.cpp ****         if (now - lastRfStatusPollMs < kRfStatusReplyTimeoutMs) return;
 1641              		.loc 1 381 5 is_stmt 1 view .LVU467
 381:Src/transport/connection_manager.cpp ****         if (now - lastRfStatusPollMs < kRfStatusReplyTimeoutMs) return;
 1642              		.loc 1 381 9 is_stmt 0 view .LVU468
 1643 0066 94F83730 		ldrb	r3, [r4, #55]	@ zero_extendqisi2
 381:Src/transport/connection_manager.cpp ****         if (now - lastRfStatusPollMs < kRfStatusReplyTimeoutMs) return;
ARM GAS  C:\Users\nicx5\AppData\Local\Temp\cclEOOYD.s 			page 46


 1644              		.loc 1 381 5 view .LVU469
 1645 006a 6BB1     		cbz	r3, .L127
 382:Src/transport/connection_manager.cpp ****         rfStatusPollPending = false;
 1646              		.loc 1 382 9 is_stmt 1 view .LVU470
 382:Src/transport/connection_manager.cpp ****         rfStatusPollPending = false;
 1647              		.loc 1 382 19 is_stmt 0 view .LVU471
 1648 006c E368     		ldr	r3, [r4, #12]
 382:Src/transport/connection_manager.cpp ****         rfStatusPollPending = false;
 1649              		.loc 1 382 17 view .LVU472
 1650 006e EB1A     		subs	r3, r5, r3
 382:Src/transport/connection_manager.cpp ****         rfStatusPollPending = false;
 1651              		.loc 1 382 9 view .LVU473
 1652 0070 132B     		cmp	r3, #19
 1653 0072 D4D9     		bls	.L122
 383:Src/transport/connection_manager.cpp ****         if (rfStatusPollFailures < 3u) ++rfStatusPollFailures;
 1654              		.loc 1 383 9 is_stmt 1 view .LVU474
 383:Src/transport/connection_manager.cpp ****         if (rfStatusPollFailures < 3u) ++rfStatusPollFailures;
 1655              		.loc 1 383 29 is_stmt 0 view .LVU475
 1656 0074 0023     		movs	r3, #0
 1657 0076 84F83730 		strb	r3, [r4, #55]
 384:Src/transport/connection_manager.cpp ****     }
 1658              		.loc 1 384 9 is_stmt 1 view .LVU476
 384:Src/transport/connection_manager.cpp ****     }
 1659              		.loc 1 384 13 is_stmt 0 view .LVU477
 1660 007a 94F83830 		ldrb	r3, [r4, #56]	@ zero_extendqisi2
 384:Src/transport/connection_manager.cpp ****     }
 1661              		.loc 1 384 9 view .LVU478
 1662 007e 022B     		cmp	r3, #2
 1663 0080 02D8     		bhi	.L127
 384:Src/transport/connection_manager.cpp ****     }
 1664              		.loc 1 384 40 is_stmt 1 discriminator 1 view .LVU479
 1665 0082 0133     		adds	r3, r3, #1
 1666 0084 84F83830 		strb	r3, [r4, #56]
 1667              	.L127:
 386:Src/transport/connection_manager.cpp ****     // A pending input DMA or event is arbitration, not a failed status query.
 1668              		.loc 1 386 5 view .LVU480
 386:Src/transport/connection_manager.cpp ****     // A pending input DMA or event is arbitration, not a failed status query.
 1669              		.loc 1 386 15 is_stmt 0 view .LVU481
 1670 0088 E368     		ldr	r3, [r4, #12]
 386:Src/transport/connection_manager.cpp ****     // A pending input DMA or event is arbitration, not a failed status query.
 1671              		.loc 1 386 13 view .LVU482
 1672 008a EB1A     		subs	r3, r5, r3
 386:Src/transport/connection_manager.cpp ****     // A pending input DMA or event is arbitration, not a failed status query.
 1673              		.loc 1 386 5 view .LVU483
 1674 008c B3F5FA7F 		cmp	r3, #500
 1675 0090 C5D3     		bcc	.L122
 388:Src/transport/connection_manager.cpp ****     lastRfStatusPollMs = now;
 1676              		.loc 1 388 5 is_stmt 1 view .LVU484
 388:Src/transport/connection_manager.cpp ****     lastRfStatusPollMs = now;
 1677              		.loc 1 388 9 is_stmt 0 view .LVU485
 1678 0092 94F83830 		ldrb	r3, [r4, #56]	@ zero_extendqisi2
 388:Src/transport/connection_manager.cpp ****     lastRfStatusPollMs = now;
 1679              		.loc 1 388 36 view .LVU486
 1680 0096 022B     		cmp	r3, #2
 1681 0098 C1D8     		bhi	.L122
 388:Src/transport/connection_manager.cpp ****     lastRfStatusPollMs = now;
 1682              		.loc 1 388 65 discriminator 2 view .LVU487
ARM GAS  C:\Users\nicx5\AppData\Local\Temp\cclEOOYD.s 			page 47


 1683 009a FFF7FEFF 		bl	_Z25RFBridgePort_RecoveryIdlev
 1684              	.LVL150:
 388:Src/transport/connection_manager.cpp ****     lastRfStatusPollMs = now;
 1685              		.loc 1 388 36 discriminator 1 view .LVU488
 1686 009e 0028     		cmp	r0, #0
 1687 00a0 BDD0     		beq	.L122
 389:Src/transport/connection_manager.cpp ****     if (rfTransport.pollStatus()) {
 1688              		.loc 1 389 5 is_stmt 1 view .LVU489
 389:Src/transport/connection_manager.cpp ****     if (rfTransport.pollStatus()) {
 1689              		.loc 1 389 24 is_stmt 0 view .LVU490
 1690 00a2 E560     		str	r5, [r4, #12]
 390:Src/transport/connection_manager.cpp ****         // Reserve the bus until the reply or a short deadline. Otherwise an
 1691              		.loc 1 390 5 is_stmt 1 view .LVU491
 390:Src/transport/connection_manager.cpp ****         // Reserve the bus until the reply or a short deadline. Otherwise an
 1692              		.loc 1 390 31 is_stmt 0 view .LVU492
 1693 00a4 04F15000 		add	r0, r4, #80
 1694 00a8 FFF7FEFF 		bl	_ZN11RFTransport10pollStatusEv
 1695              	.LVL151:
 390:Src/transport/connection_manager.cpp ****         // Reserve the bus until the reply or a short deadline. Otherwise an
 1696              		.loc 1 390 5 discriminator 1 view .LVU493
 1697 00ac 18B1     		cbz	r0, .L132
 394:Src/transport/connection_manager.cpp ****     } else {
 1698              		.loc 1 394 9 is_stmt 1 view .LVU494
 394:Src/transport/connection_manager.cpp ****     } else {
 1699              		.loc 1 394 29 is_stmt 0 view .LVU495
 1700 00ae 0123     		movs	r3, #1
 1701 00b0 84F83730 		strb	r3, [r4, #55]
 1702 00b4 B3E7     		b	.L122
 1703              	.L132:
 398:Src/transport/connection_manager.cpp ****         if (rfStatusPollFailures < 3u) ++rfStatusPollFailures;
 1704              		.loc 1 398 9 is_stmt 1 view .LVU496
 398:Src/transport/connection_manager.cpp ****         if (rfStatusPollFailures < 3u) ++rfStatusPollFailures;
 1705              		.loc 1 398 39 is_stmt 0 view .LVU497
 1706 00b6 FFF7FEFF 		bl	_Z25RFBridgePort_RecoveryIdlev
 1707              	.LVL152:
 398:Src/transport/connection_manager.cpp ****         if (rfStatusPollFailures < 3u) ++rfStatusPollFailures;
 1708              		.loc 1 398 9 discriminator 1 view .LVU498
 1709 00ba 0028     		cmp	r0, #0
 1710 00bc AFD0     		beq	.L122
 399:Src/transport/connection_manager.cpp ****         setLinkState(ConnectionLinkState::Error);
 1711              		.loc 1 399 9 is_stmt 1 view .LVU499
 399:Src/transport/connection_manager.cpp ****         setLinkState(ConnectionLinkState::Error);
 1712              		.loc 1 399 13 is_stmt 0 view .LVU500
 1713 00be 94F83830 		ldrb	r3, [r4, #56]	@ zero_extendqisi2
 399:Src/transport/connection_manager.cpp ****         setLinkState(ConnectionLinkState::Error);
 1714              		.loc 1 399 9 view .LVU501
 1715 00c2 022B     		cmp	r3, #2
 1716 00c4 02D8     		bhi	.L131
 399:Src/transport/connection_manager.cpp ****         setLinkState(ConnectionLinkState::Error);
 1717              		.loc 1 399 40 is_stmt 1 discriminator 1 view .LVU502
 1718 00c6 0133     		adds	r3, r3, #1
 1719 00c8 84F83830 		strb	r3, [r4, #56]
 1720              	.L131:
 400:Src/transport/connection_manager.cpp ****     }
 1721              		.loc 1 400 9 view .LVU503
 400:Src/transport/connection_manager.cpp ****     }
 1722              		.loc 1 400 21 is_stmt 0 view .LVU504
ARM GAS  C:\Users\nicx5\AppData\Local\Temp\cclEOOYD.s 			page 48


 1723 00cc 0321     		movs	r1, #3
 1724 00ce 2046     		mov	r0, r4
 1725 00d0 FFF7FEFF 		bl	_ZN17ConnectionManager12setLinkStateE19ConnectionLinkState
 1726              	.LVL153:
 1727 00d4 A3E7     		b	.L122
 1728              		.cfi_endproc
 1729              	.LFE2448:
 1731              		.section	.text._ZN17ConnectionManager21recordRfRecoveryStartEv,"ax",%progbits
 1732              		.align	1
 1733              		.global	_ZN17ConnectionManager21recordRfRecoveryStartEv
 1734              		.syntax unified
 1735              		.thumb
 1736              		.thumb_func
 1738              	_ZN17ConnectionManager21recordRfRecoveryStartEv:
 1739              	.LVL154:
 1740              	.LFB2449:
 403:Src/transport/connection_manager.cpp **** 
 404:Src/transport/connection_manager.cpp **** void ConnectionManager::recordRfRecoveryStart()
 405:Src/transport/connection_manager.cpp **** {
 1741              		.loc 1 405 1 is_stmt 1 view -0
 1742              		.cfi_startproc
 1743              		@ args = 0, pretend = 0, frame = 0
 1744              		@ frame_needed = 0, uses_anonymous_args = 0
 1745              		.loc 1 405 1 is_stmt 0 view .LVU506
 1746 0000 70B5     		push	{r4, r5, r6, lr}
 1747              	.LCFI17:
 1748              		.cfi_def_cfa_offset 16
 1749              		.cfi_offset 4, -16
 1750              		.cfi_offset 5, -12
 1751              		.cfi_offset 6, -8
 1752              		.cfi_offset 14, -4
 406:Src/transport/connection_manager.cpp ****     ++g_rfRuntimeRecoveryDiagnostic[1];
 1753              		.loc 1 406 5 is_stmt 1 view .LVU507
 1754              		.loc 1 406 38 is_stmt 0 view .LVU508
 1755 0002 264B     		ldr	r3, .L144
 1756 0004 5A68     		ldr	r2, [r3, #4]
 1757              		.loc 1 406 5 view .LVU509
 1758 0006 0132     		adds	r2, r2, #1
 1759 0008 5A60     		str	r2, [r3, #4]
 407:Src/transport/connection_manager.cpp ****     if (g_rfRuntimeRecoveryDiagnostic[0] == 0u) {
 1760              		.loc 1 407 5 is_stmt 1 view .LVU510
 1761              		.loc 1 407 40 is_stmt 0 view .LVU511
 1762 000a 1E68     		ldr	r6, [r3]
 1763              		.loc 1 407 5 view .LVU512
 1764 000c 8EB1     		cbz	r6, .L143
 1765              	.LVL155:
 1766              	.L136:
 408:Src/transport/connection_manager.cpp ****         g_rfRuntimeRecoveryDiagnostic[0] = 0x52465231u;
 409:Src/transport/connection_manager.cpp ****         g_rfRuntimeRecoveryDiagnostic[2] = RFBridgePort_HasReleaseFault() ? 1u
 410:Src/transport/connection_manager.cpp ****             : (!reportRateConfirmed ? 2u : 3u);
 411:Src/transport/connection_manager.cpp ****         g_rfRuntimeRecoveryDiagnostic[3] = HAL_GetTick();
 412:Src/transport/connection_manager.cpp ****         g_rfRuntimeRecoveryDiagnostic[4] = requestedReportRateHz;
 413:Src/transport/connection_manager.cpp ****         g_rfRuntimeRecoveryDiagnostic[5] = appliedReportRateHz;
 414:Src/transport/connection_manager.cpp ****         g_rfRuntimeRecoveryDiagnostic[6] = rfTransport.getStatus().rateHz;
 415:Src/transport/connection_manager.cpp ****         g_rfRuntimeRecoveryDiagnostic[7] = rfTransport.receivedStatusGeneration();
 416:Src/transport/connection_manager.cpp ****         g_rfRuntimeRecoveryDiagnostic[8] = rfStatusPollFailures;
 417:Src/transport/connection_manager.cpp ****         g_rfRuntimeRecoveryDiagnostic[9] = lastRfStatusPollMs;
ARM GAS  C:\Users\nicx5\AppData\Local\Temp\cclEOOYD.s 			page 49


 418:Src/transport/connection_manager.cpp ****         g_rfRuntimeRecoveryDiagnostic[10] = rfSendTotal;
 419:Src/transport/connection_manager.cpp ****         g_rfRuntimeRecoveryDiagnostic[11] = rfTransport.getStatus().lastEvent;
 420:Src/transport/connection_manager.cpp ****         g_rfRuntimeRecoveryDiagnostic[12] = rfTransport.getStatus().lastCommandTag;
 421:Src/transport/connection_manager.cpp ****         g_rfRuntimeRecoveryDiagnostic[13] = rfTransport.getStatus().lastResult;
 422:Src/transport/connection_manager.cpp ****         g_rfRuntimeRecoveryDiagnostic[14] = rfTransport.getStatus().errorCounter;
 423:Src/transport/connection_manager.cpp ****         g_rfRuntimeRecoveryDiagnostic[15] = RFBridgePort_BootSignalReleased() ? 1u : 0u;
 424:Src/transport/connection_manager.cpp ****     }
 425:Src/transport/connection_manager.cpp ****     SCB_CleanDCache_by_Addr((uint32_t*)g_rfRuntimeRecoveryDiagnostic,
 1767              		.loc 1 425 5 is_stmt 1 view .LVU513
 1768              	.LBB208:
 1769              	.LBI208:
 1770              		.file 7 "Drivers/CMSIS/Include/core_cm7.h"
   1:Drivers/CMSIS/Include/core_cm7.h **** /**************************************************************************//**
   2:Drivers/CMSIS/Include/core_cm7.h ****  * @file     core_cm7.h
   3:Drivers/CMSIS/Include/core_cm7.h ****  * @brief    CMSIS Cortex-M7 Core Peripheral Access Layer Header File
   4:Drivers/CMSIS/Include/core_cm7.h ****  * @version  V5.1.1
   5:Drivers/CMSIS/Include/core_cm7.h ****  * @date     28. March 2019
   6:Drivers/CMSIS/Include/core_cm7.h ****  ******************************************************************************/
   7:Drivers/CMSIS/Include/core_cm7.h **** /*
   8:Drivers/CMSIS/Include/core_cm7.h ****  * Copyright (c) 2009-2019 Arm Limited. All rights reserved.
   9:Drivers/CMSIS/Include/core_cm7.h ****  *
  10:Drivers/CMSIS/Include/core_cm7.h ****  * SPDX-License-Identifier: Apache-2.0
  11:Drivers/CMSIS/Include/core_cm7.h ****  *
  12:Drivers/CMSIS/Include/core_cm7.h ****  * Licensed under the Apache License, Version 2.0 (the License); you may
  13:Drivers/CMSIS/Include/core_cm7.h ****  * not use this file except in compliance with the License.
  14:Drivers/CMSIS/Include/core_cm7.h ****  * You may obtain a copy of the License at
  15:Drivers/CMSIS/Include/core_cm7.h ****  *
  16:Drivers/CMSIS/Include/core_cm7.h ****  * www.apache.org/licenses/LICENSE-2.0
  17:Drivers/CMSIS/Include/core_cm7.h ****  *
  18:Drivers/CMSIS/Include/core_cm7.h ****  * Unless required by applicable law or agreed to in writing, software
  19:Drivers/CMSIS/Include/core_cm7.h ****  * distributed under the License is distributed on an AS IS BASIS, WITHOUT
  20:Drivers/CMSIS/Include/core_cm7.h ****  * WARRANTIES OR CONDITIONS OF ANY KIND, either express or implied.
  21:Drivers/CMSIS/Include/core_cm7.h ****  * See the License for the specific language governing permissions and
  22:Drivers/CMSIS/Include/core_cm7.h ****  * limitations under the License.
  23:Drivers/CMSIS/Include/core_cm7.h ****  */
  24:Drivers/CMSIS/Include/core_cm7.h **** 
  25:Drivers/CMSIS/Include/core_cm7.h **** #if   defined ( __ICCARM__ )
  26:Drivers/CMSIS/Include/core_cm7.h ****   #pragma system_include         /* treat file as system include file for MISRA check */
  27:Drivers/CMSIS/Include/core_cm7.h **** #elif defined (__clang__)
  28:Drivers/CMSIS/Include/core_cm7.h ****   #pragma clang system_header   /* treat file as system include file */
  29:Drivers/CMSIS/Include/core_cm7.h **** #endif
  30:Drivers/CMSIS/Include/core_cm7.h **** 
  31:Drivers/CMSIS/Include/core_cm7.h **** #ifndef __CORE_CM7_H_GENERIC
  32:Drivers/CMSIS/Include/core_cm7.h **** #define __CORE_CM7_H_GENERIC
  33:Drivers/CMSIS/Include/core_cm7.h **** 
  34:Drivers/CMSIS/Include/core_cm7.h **** #include <stdint.h>
  35:Drivers/CMSIS/Include/core_cm7.h **** 
  36:Drivers/CMSIS/Include/core_cm7.h **** #ifdef __cplusplus
  37:Drivers/CMSIS/Include/core_cm7.h ****  extern "C" {
  38:Drivers/CMSIS/Include/core_cm7.h **** #endif
  39:Drivers/CMSIS/Include/core_cm7.h **** 
  40:Drivers/CMSIS/Include/core_cm7.h **** /**
  41:Drivers/CMSIS/Include/core_cm7.h ****   \page CMSIS_MISRA_Exceptions  MISRA-C:2004 Compliance Exceptions
  42:Drivers/CMSIS/Include/core_cm7.h ****   CMSIS violates the following MISRA-C:2004 rules:
  43:Drivers/CMSIS/Include/core_cm7.h **** 
  44:Drivers/CMSIS/Include/core_cm7.h ****    \li Required Rule 8.5, object/function definition in header file.<br>
  45:Drivers/CMSIS/Include/core_cm7.h ****      Function definitions in header files are used to allow 'inlining'.
ARM GAS  C:\Users\nicx5\AppData\Local\Temp\cclEOOYD.s 			page 50


  46:Drivers/CMSIS/Include/core_cm7.h **** 
  47:Drivers/CMSIS/Include/core_cm7.h ****    \li Required Rule 18.4, declaration of union type or object of union type: '{...}'.<br>
  48:Drivers/CMSIS/Include/core_cm7.h ****      Unions are used for effective representation of core registers.
  49:Drivers/CMSIS/Include/core_cm7.h **** 
  50:Drivers/CMSIS/Include/core_cm7.h ****    \li Advisory Rule 19.7, Function-like macro defined.<br>
  51:Drivers/CMSIS/Include/core_cm7.h ****      Function-like macros are used to allow more efficient code.
  52:Drivers/CMSIS/Include/core_cm7.h ****  */
  53:Drivers/CMSIS/Include/core_cm7.h **** 
  54:Drivers/CMSIS/Include/core_cm7.h **** 
  55:Drivers/CMSIS/Include/core_cm7.h **** /*******************************************************************************
  56:Drivers/CMSIS/Include/core_cm7.h ****  *                 CMSIS definitions
  57:Drivers/CMSIS/Include/core_cm7.h ****  ******************************************************************************/
  58:Drivers/CMSIS/Include/core_cm7.h **** /**
  59:Drivers/CMSIS/Include/core_cm7.h ****   \ingroup Cortex_M7
  60:Drivers/CMSIS/Include/core_cm7.h ****   @{
  61:Drivers/CMSIS/Include/core_cm7.h ****  */
  62:Drivers/CMSIS/Include/core_cm7.h **** 
  63:Drivers/CMSIS/Include/core_cm7.h **** #include "cmsis_version.h"
  64:Drivers/CMSIS/Include/core_cm7.h **** 
  65:Drivers/CMSIS/Include/core_cm7.h **** /* CMSIS CM7 definitions */
  66:Drivers/CMSIS/Include/core_cm7.h **** #define __CM7_CMSIS_VERSION_MAIN  (__CM_CMSIS_VERSION_MAIN)                  /*!< \deprecated [31:1
  67:Drivers/CMSIS/Include/core_cm7.h **** #define __CM7_CMSIS_VERSION_SUB   ( __CM_CMSIS_VERSION_SUB)                  /*!< \deprecated [15:0
  68:Drivers/CMSIS/Include/core_cm7.h **** #define __CM7_CMSIS_VERSION       ((__CM7_CMSIS_VERSION_MAIN << 16U) | \
  69:Drivers/CMSIS/Include/core_cm7.h ****                                     __CM7_CMSIS_VERSION_SUB           )      /*!< \deprecated CMSIS
  70:Drivers/CMSIS/Include/core_cm7.h **** 
  71:Drivers/CMSIS/Include/core_cm7.h **** #define __CORTEX_M                (7U)                                       /*!< Cortex-M Core */
  72:Drivers/CMSIS/Include/core_cm7.h **** 
  73:Drivers/CMSIS/Include/core_cm7.h **** /** __FPU_USED indicates whether an FPU is used or not.
  74:Drivers/CMSIS/Include/core_cm7.h ****     For this, __FPU_PRESENT has to be checked prior to making use of FPU specific registers and fun
  75:Drivers/CMSIS/Include/core_cm7.h **** */
  76:Drivers/CMSIS/Include/core_cm7.h **** #if defined ( __CC_ARM )
  77:Drivers/CMSIS/Include/core_cm7.h ****   #if defined __TARGET_FPU_VFP
  78:Drivers/CMSIS/Include/core_cm7.h ****     #if defined (__FPU_PRESENT) && (__FPU_PRESENT == 1U)
  79:Drivers/CMSIS/Include/core_cm7.h ****       #define __FPU_USED       1U
  80:Drivers/CMSIS/Include/core_cm7.h ****     #else
  81:Drivers/CMSIS/Include/core_cm7.h ****       #error "Compiler generates FPU instructions for a device without an FPU (check __FPU_PRESENT)
  82:Drivers/CMSIS/Include/core_cm7.h ****       #define __FPU_USED       0U
  83:Drivers/CMSIS/Include/core_cm7.h ****     #endif
  84:Drivers/CMSIS/Include/core_cm7.h ****   #else
  85:Drivers/CMSIS/Include/core_cm7.h ****     #define __FPU_USED         0U
  86:Drivers/CMSIS/Include/core_cm7.h ****   #endif
  87:Drivers/CMSIS/Include/core_cm7.h **** 
  88:Drivers/CMSIS/Include/core_cm7.h **** #elif defined (__ARMCC_VERSION) && (__ARMCC_VERSION >= 6010050)
  89:Drivers/CMSIS/Include/core_cm7.h ****   #if defined __ARM_FP
  90:Drivers/CMSIS/Include/core_cm7.h ****     #if defined (__FPU_PRESENT) && (__FPU_PRESENT == 1U)
  91:Drivers/CMSIS/Include/core_cm7.h ****       #define __FPU_USED       1U
  92:Drivers/CMSIS/Include/core_cm7.h ****     #else
  93:Drivers/CMSIS/Include/core_cm7.h ****       #warning "Compiler generates FPU instructions for a device without an FPU (check __FPU_PRESEN
  94:Drivers/CMSIS/Include/core_cm7.h ****       #define __FPU_USED       0U
  95:Drivers/CMSIS/Include/core_cm7.h ****     #endif
  96:Drivers/CMSIS/Include/core_cm7.h ****   #else
  97:Drivers/CMSIS/Include/core_cm7.h ****     #define __FPU_USED         0U
  98:Drivers/CMSIS/Include/core_cm7.h ****   #endif
  99:Drivers/CMSIS/Include/core_cm7.h **** 
 100:Drivers/CMSIS/Include/core_cm7.h **** #elif defined ( __GNUC__ )
 101:Drivers/CMSIS/Include/core_cm7.h ****   #if defined (__VFP_FP__) && !defined(__SOFTFP__)
 102:Drivers/CMSIS/Include/core_cm7.h ****     #if defined (__FPU_PRESENT) && (__FPU_PRESENT == 1U)
ARM GAS  C:\Users\nicx5\AppData\Local\Temp\cclEOOYD.s 			page 51


 103:Drivers/CMSIS/Include/core_cm7.h ****       #define __FPU_USED       1U
 104:Drivers/CMSIS/Include/core_cm7.h ****     #else
 105:Drivers/CMSIS/Include/core_cm7.h ****       #error "Compiler generates FPU instructions for a device without an FPU (check __FPU_PRESENT)
 106:Drivers/CMSIS/Include/core_cm7.h ****       #define __FPU_USED       0U
 107:Drivers/CMSIS/Include/core_cm7.h ****     #endif
 108:Drivers/CMSIS/Include/core_cm7.h ****   #else
 109:Drivers/CMSIS/Include/core_cm7.h ****     #define __FPU_USED         0U
 110:Drivers/CMSIS/Include/core_cm7.h ****   #endif
 111:Drivers/CMSIS/Include/core_cm7.h **** 
 112:Drivers/CMSIS/Include/core_cm7.h **** #elif defined ( __ICCARM__ )
 113:Drivers/CMSIS/Include/core_cm7.h ****   #if defined __ARMVFP__
 114:Drivers/CMSIS/Include/core_cm7.h ****     #if defined (__FPU_PRESENT) && (__FPU_PRESENT == 1U)
 115:Drivers/CMSIS/Include/core_cm7.h ****       #define __FPU_USED       1U
 116:Drivers/CMSIS/Include/core_cm7.h ****     #else
 117:Drivers/CMSIS/Include/core_cm7.h ****       #error "Compiler generates FPU instructions for a device without an FPU (check __FPU_PRESENT)
 118:Drivers/CMSIS/Include/core_cm7.h ****       #define __FPU_USED       0U
 119:Drivers/CMSIS/Include/core_cm7.h ****     #endif
 120:Drivers/CMSIS/Include/core_cm7.h ****   #else
 121:Drivers/CMSIS/Include/core_cm7.h ****     #define __FPU_USED         0U
 122:Drivers/CMSIS/Include/core_cm7.h ****   #endif
 123:Drivers/CMSIS/Include/core_cm7.h **** 
 124:Drivers/CMSIS/Include/core_cm7.h **** #elif defined ( __TI_ARM__ )
 125:Drivers/CMSIS/Include/core_cm7.h ****   #if defined __TI_VFP_SUPPORT__
 126:Drivers/CMSIS/Include/core_cm7.h ****     #if defined (__FPU_PRESENT) && (__FPU_PRESENT == 1U)
 127:Drivers/CMSIS/Include/core_cm7.h ****       #define __FPU_USED       1U
 128:Drivers/CMSIS/Include/core_cm7.h ****     #else
 129:Drivers/CMSIS/Include/core_cm7.h ****       #error "Compiler generates FPU instructions for a device without an FPU (check __FPU_PRESENT)
 130:Drivers/CMSIS/Include/core_cm7.h ****       #define __FPU_USED       0U
 131:Drivers/CMSIS/Include/core_cm7.h ****     #endif
 132:Drivers/CMSIS/Include/core_cm7.h ****   #else
 133:Drivers/CMSIS/Include/core_cm7.h ****     #define __FPU_USED         0U
 134:Drivers/CMSIS/Include/core_cm7.h ****   #endif
 135:Drivers/CMSIS/Include/core_cm7.h **** 
 136:Drivers/CMSIS/Include/core_cm7.h **** #elif defined ( __TASKING__ )
 137:Drivers/CMSIS/Include/core_cm7.h ****   #if defined __FPU_VFP__
 138:Drivers/CMSIS/Include/core_cm7.h ****     #if defined (__FPU_PRESENT) && (__FPU_PRESENT == 1U)
 139:Drivers/CMSIS/Include/core_cm7.h ****       #define __FPU_USED       1U
 140:Drivers/CMSIS/Include/core_cm7.h ****     #else
 141:Drivers/CMSIS/Include/core_cm7.h ****       #error "Compiler generates FPU instructions for a device without an FPU (check __FPU_PRESENT)
 142:Drivers/CMSIS/Include/core_cm7.h ****       #define __FPU_USED       0U
 143:Drivers/CMSIS/Include/core_cm7.h ****     #endif
 144:Drivers/CMSIS/Include/core_cm7.h ****   #else
 145:Drivers/CMSIS/Include/core_cm7.h ****     #define __FPU_USED         0U
 146:Drivers/CMSIS/Include/core_cm7.h ****   #endif
 147:Drivers/CMSIS/Include/core_cm7.h **** 
 148:Drivers/CMSIS/Include/core_cm7.h **** #elif defined ( __CSMC__ )
 149:Drivers/CMSIS/Include/core_cm7.h ****   #if ( __CSMC__ & 0x400U)
 150:Drivers/CMSIS/Include/core_cm7.h ****     #if defined (__FPU_PRESENT) && (__FPU_PRESENT == 1U)
 151:Drivers/CMSIS/Include/core_cm7.h ****       #define __FPU_USED       1U
 152:Drivers/CMSIS/Include/core_cm7.h ****     #else
 153:Drivers/CMSIS/Include/core_cm7.h ****       #error "Compiler generates FPU instructions for a device without an FPU (check __FPU_PRESENT)
 154:Drivers/CMSIS/Include/core_cm7.h ****       #define __FPU_USED       0U
 155:Drivers/CMSIS/Include/core_cm7.h ****     #endif
 156:Drivers/CMSIS/Include/core_cm7.h ****   #else
 157:Drivers/CMSIS/Include/core_cm7.h ****     #define __FPU_USED         0U
 158:Drivers/CMSIS/Include/core_cm7.h ****   #endif
 159:Drivers/CMSIS/Include/core_cm7.h **** 
ARM GAS  C:\Users\nicx5\AppData\Local\Temp\cclEOOYD.s 			page 52


 160:Drivers/CMSIS/Include/core_cm7.h **** #endif
 161:Drivers/CMSIS/Include/core_cm7.h **** 
 162:Drivers/CMSIS/Include/core_cm7.h **** #include "cmsis_compiler.h"               /* CMSIS compiler specific defines */
 163:Drivers/CMSIS/Include/core_cm7.h **** 
 164:Drivers/CMSIS/Include/core_cm7.h **** 
 165:Drivers/CMSIS/Include/core_cm7.h **** #ifdef __cplusplus
 166:Drivers/CMSIS/Include/core_cm7.h **** }
 167:Drivers/CMSIS/Include/core_cm7.h **** #endif
 168:Drivers/CMSIS/Include/core_cm7.h **** 
 169:Drivers/CMSIS/Include/core_cm7.h **** #endif /* __CORE_CM7_H_GENERIC */
 170:Drivers/CMSIS/Include/core_cm7.h **** 
 171:Drivers/CMSIS/Include/core_cm7.h **** #ifndef __CMSIS_GENERIC
 172:Drivers/CMSIS/Include/core_cm7.h **** 
 173:Drivers/CMSIS/Include/core_cm7.h **** #ifndef __CORE_CM7_H_DEPENDANT
 174:Drivers/CMSIS/Include/core_cm7.h **** #define __CORE_CM7_H_DEPENDANT
 175:Drivers/CMSIS/Include/core_cm7.h **** 
 176:Drivers/CMSIS/Include/core_cm7.h **** #ifdef __cplusplus
 177:Drivers/CMSIS/Include/core_cm7.h ****  extern "C" {
 178:Drivers/CMSIS/Include/core_cm7.h **** #endif
 179:Drivers/CMSIS/Include/core_cm7.h **** 
 180:Drivers/CMSIS/Include/core_cm7.h **** /* check device defines and use defaults */
 181:Drivers/CMSIS/Include/core_cm7.h **** #if defined __CHECK_DEVICE_DEFINES
 182:Drivers/CMSIS/Include/core_cm7.h ****   #ifndef __CM7_REV
 183:Drivers/CMSIS/Include/core_cm7.h ****     #define __CM7_REV               0x0000U
 184:Drivers/CMSIS/Include/core_cm7.h ****     #warning "__CM7_REV not defined in device header file; using default!"
 185:Drivers/CMSIS/Include/core_cm7.h ****   #endif
 186:Drivers/CMSIS/Include/core_cm7.h **** 
 187:Drivers/CMSIS/Include/core_cm7.h ****   #ifndef __FPU_PRESENT
 188:Drivers/CMSIS/Include/core_cm7.h ****     #define __FPU_PRESENT             0U
 189:Drivers/CMSIS/Include/core_cm7.h ****     #warning "__FPU_PRESENT not defined in device header file; using default!"
 190:Drivers/CMSIS/Include/core_cm7.h ****   #endif
 191:Drivers/CMSIS/Include/core_cm7.h **** 
 192:Drivers/CMSIS/Include/core_cm7.h ****   #ifndef __MPU_PRESENT
 193:Drivers/CMSIS/Include/core_cm7.h ****     #define __MPU_PRESENT             0U
 194:Drivers/CMSIS/Include/core_cm7.h ****     #warning "__MPU_PRESENT not defined in device header file; using default!"
 195:Drivers/CMSIS/Include/core_cm7.h ****   #endif
 196:Drivers/CMSIS/Include/core_cm7.h **** 
 197:Drivers/CMSIS/Include/core_cm7.h ****   #ifndef __ICACHE_PRESENT
 198:Drivers/CMSIS/Include/core_cm7.h ****     #define __ICACHE_PRESENT          0U
 199:Drivers/CMSIS/Include/core_cm7.h ****     #warning "__ICACHE_PRESENT not defined in device header file; using default!"
 200:Drivers/CMSIS/Include/core_cm7.h ****   #endif
 201:Drivers/CMSIS/Include/core_cm7.h **** 
 202:Drivers/CMSIS/Include/core_cm7.h ****   #ifndef __DCACHE_PRESENT
 203:Drivers/CMSIS/Include/core_cm7.h ****     #define __DCACHE_PRESENT          0U
 204:Drivers/CMSIS/Include/core_cm7.h ****     #warning "__DCACHE_PRESENT not defined in device header file; using default!"
 205:Drivers/CMSIS/Include/core_cm7.h ****   #endif
 206:Drivers/CMSIS/Include/core_cm7.h **** 
 207:Drivers/CMSIS/Include/core_cm7.h ****   #ifndef __DTCM_PRESENT
 208:Drivers/CMSIS/Include/core_cm7.h ****     #define __DTCM_PRESENT            0U
 209:Drivers/CMSIS/Include/core_cm7.h ****     #warning "__DTCM_PRESENT        not defined in device header file; using default!"
 210:Drivers/CMSIS/Include/core_cm7.h ****   #endif
 211:Drivers/CMSIS/Include/core_cm7.h **** 
 212:Drivers/CMSIS/Include/core_cm7.h ****   #ifndef __NVIC_PRIO_BITS
 213:Drivers/CMSIS/Include/core_cm7.h ****     #define __NVIC_PRIO_BITS          3U
 214:Drivers/CMSIS/Include/core_cm7.h ****     #warning "__NVIC_PRIO_BITS not defined in device header file; using default!"
 215:Drivers/CMSIS/Include/core_cm7.h ****   #endif
 216:Drivers/CMSIS/Include/core_cm7.h **** 
ARM GAS  C:\Users\nicx5\AppData\Local\Temp\cclEOOYD.s 			page 53


 217:Drivers/CMSIS/Include/core_cm7.h ****   #ifndef __Vendor_SysTickConfig
 218:Drivers/CMSIS/Include/core_cm7.h ****     #define __Vendor_SysTickConfig    0U
 219:Drivers/CMSIS/Include/core_cm7.h ****     #warning "__Vendor_SysTickConfig not defined in device header file; using default!"
 220:Drivers/CMSIS/Include/core_cm7.h ****   #endif
 221:Drivers/CMSIS/Include/core_cm7.h **** #endif
 222:Drivers/CMSIS/Include/core_cm7.h **** 
 223:Drivers/CMSIS/Include/core_cm7.h **** /* IO definitions (access restrictions to peripheral registers) */
 224:Drivers/CMSIS/Include/core_cm7.h **** /**
 225:Drivers/CMSIS/Include/core_cm7.h ****     \defgroup CMSIS_glob_defs CMSIS Global Defines
 226:Drivers/CMSIS/Include/core_cm7.h **** 
 227:Drivers/CMSIS/Include/core_cm7.h ****     <strong>IO Type Qualifiers</strong> are used
 228:Drivers/CMSIS/Include/core_cm7.h ****     \li to specify the access to peripheral variables.
 229:Drivers/CMSIS/Include/core_cm7.h ****     \li for automatic generation of peripheral register debug information.
 230:Drivers/CMSIS/Include/core_cm7.h **** */
 231:Drivers/CMSIS/Include/core_cm7.h **** #ifdef __cplusplus
 232:Drivers/CMSIS/Include/core_cm7.h ****   #define   __I     volatile             /*!< Defines 'read only' permissions */
 233:Drivers/CMSIS/Include/core_cm7.h **** #else
 234:Drivers/CMSIS/Include/core_cm7.h ****   #define   __I     volatile const       /*!< Defines 'read only' permissions */
 235:Drivers/CMSIS/Include/core_cm7.h **** #endif
 236:Drivers/CMSIS/Include/core_cm7.h **** #define     __O     volatile             /*!< Defines 'write only' permissions */
 237:Drivers/CMSIS/Include/core_cm7.h **** #define     __IO    volatile             /*!< Defines 'read / write' permissions */
 238:Drivers/CMSIS/Include/core_cm7.h **** 
 239:Drivers/CMSIS/Include/core_cm7.h **** /* following defines should be used for structure members */
 240:Drivers/CMSIS/Include/core_cm7.h **** #define     __IM     volatile const      /*! Defines 'read only' structure member permissions */
 241:Drivers/CMSIS/Include/core_cm7.h **** #define     __OM     volatile            /*! Defines 'write only' structure member permissions */
 242:Drivers/CMSIS/Include/core_cm7.h **** #define     __IOM    volatile            /*! Defines 'read / write' structure member permissions */
 243:Drivers/CMSIS/Include/core_cm7.h **** 
 244:Drivers/CMSIS/Include/core_cm7.h **** /*@} end of group Cortex_M7 */
 245:Drivers/CMSIS/Include/core_cm7.h **** 
 246:Drivers/CMSIS/Include/core_cm7.h **** 
 247:Drivers/CMSIS/Include/core_cm7.h **** 
 248:Drivers/CMSIS/Include/core_cm7.h **** /*******************************************************************************
 249:Drivers/CMSIS/Include/core_cm7.h ****  *                 Register Abstraction
 250:Drivers/CMSIS/Include/core_cm7.h ****   Core Register contain:
 251:Drivers/CMSIS/Include/core_cm7.h ****   - Core Register
 252:Drivers/CMSIS/Include/core_cm7.h ****   - Core NVIC Register
 253:Drivers/CMSIS/Include/core_cm7.h ****   - Core SCB Register
 254:Drivers/CMSIS/Include/core_cm7.h ****   - Core SysTick Register
 255:Drivers/CMSIS/Include/core_cm7.h ****   - Core Debug Register
 256:Drivers/CMSIS/Include/core_cm7.h ****   - Core MPU Register
 257:Drivers/CMSIS/Include/core_cm7.h ****   - Core FPU Register
 258:Drivers/CMSIS/Include/core_cm7.h ****  ******************************************************************************/
 259:Drivers/CMSIS/Include/core_cm7.h **** /**
 260:Drivers/CMSIS/Include/core_cm7.h ****   \defgroup CMSIS_core_register Defines and Type Definitions
 261:Drivers/CMSIS/Include/core_cm7.h ****   \brief Type definitions and defines for Cortex-M processor based devices.
 262:Drivers/CMSIS/Include/core_cm7.h **** */
 263:Drivers/CMSIS/Include/core_cm7.h **** 
 264:Drivers/CMSIS/Include/core_cm7.h **** /**
 265:Drivers/CMSIS/Include/core_cm7.h ****   \ingroup    CMSIS_core_register
 266:Drivers/CMSIS/Include/core_cm7.h ****   \defgroup   CMSIS_CORE  Status and Control Registers
 267:Drivers/CMSIS/Include/core_cm7.h ****   \brief      Core Register type definitions.
 268:Drivers/CMSIS/Include/core_cm7.h ****   @{
 269:Drivers/CMSIS/Include/core_cm7.h ****  */
 270:Drivers/CMSIS/Include/core_cm7.h **** 
 271:Drivers/CMSIS/Include/core_cm7.h **** /**
 272:Drivers/CMSIS/Include/core_cm7.h ****   \brief  Union type to access the Application Program Status Register (APSR).
 273:Drivers/CMSIS/Include/core_cm7.h ****  */
ARM GAS  C:\Users\nicx5\AppData\Local\Temp\cclEOOYD.s 			page 54


 274:Drivers/CMSIS/Include/core_cm7.h **** typedef union
 275:Drivers/CMSIS/Include/core_cm7.h **** {
 276:Drivers/CMSIS/Include/core_cm7.h ****   struct
 277:Drivers/CMSIS/Include/core_cm7.h ****   {
 278:Drivers/CMSIS/Include/core_cm7.h ****     uint32_t _reserved0:16;              /*!< bit:  0..15  Reserved */
 279:Drivers/CMSIS/Include/core_cm7.h ****     uint32_t GE:4;                       /*!< bit: 16..19  Greater than or Equal flags */
 280:Drivers/CMSIS/Include/core_cm7.h ****     uint32_t _reserved1:7;               /*!< bit: 20..26  Reserved */
 281:Drivers/CMSIS/Include/core_cm7.h ****     uint32_t Q:1;                        /*!< bit:     27  Saturation condition flag */
 282:Drivers/CMSIS/Include/core_cm7.h ****     uint32_t V:1;                        /*!< bit:     28  Overflow condition code flag */
 283:Drivers/CMSIS/Include/core_cm7.h ****     uint32_t C:1;                        /*!< bit:     29  Carry condition code flag */
 284:Drivers/CMSIS/Include/core_cm7.h ****     uint32_t Z:1;                        /*!< bit:     30  Zero condition code flag */
 285:Drivers/CMSIS/Include/core_cm7.h ****     uint32_t N:1;                        /*!< bit:     31  Negative condition code flag */
 286:Drivers/CMSIS/Include/core_cm7.h ****   } b;                                   /*!< Structure used for bit  access */
 287:Drivers/CMSIS/Include/core_cm7.h ****   uint32_t w;                            /*!< Type      used for word access */
 288:Drivers/CMSIS/Include/core_cm7.h **** } APSR_Type;
 289:Drivers/CMSIS/Include/core_cm7.h **** 
 290:Drivers/CMSIS/Include/core_cm7.h **** /* APSR Register Definitions */
 291:Drivers/CMSIS/Include/core_cm7.h **** #define APSR_N_Pos                         31U                                            /*!< APSR
 292:Drivers/CMSIS/Include/core_cm7.h **** #define APSR_N_Msk                         (1UL << APSR_N_Pos)                            /*!< APSR
 293:Drivers/CMSIS/Include/core_cm7.h **** 
 294:Drivers/CMSIS/Include/core_cm7.h **** #define APSR_Z_Pos                         30U                                            /*!< APSR
 295:Drivers/CMSIS/Include/core_cm7.h **** #define APSR_Z_Msk                         (1UL << APSR_Z_Pos)                            /*!< APSR
 296:Drivers/CMSIS/Include/core_cm7.h **** 
 297:Drivers/CMSIS/Include/core_cm7.h **** #define APSR_C_Pos                         29U                                            /*!< APSR
 298:Drivers/CMSIS/Include/core_cm7.h **** #define APSR_C_Msk                         (1UL << APSR_C_Pos)                            /*!< APSR
 299:Drivers/CMSIS/Include/core_cm7.h **** 
 300:Drivers/CMSIS/Include/core_cm7.h **** #define APSR_V_Pos                         28U                                            /*!< APSR
 301:Drivers/CMSIS/Include/core_cm7.h **** #define APSR_V_Msk                         (1UL << APSR_V_Pos)                            /*!< APSR
 302:Drivers/CMSIS/Include/core_cm7.h **** 
 303:Drivers/CMSIS/Include/core_cm7.h **** #define APSR_Q_Pos                         27U                                            /*!< APSR
 304:Drivers/CMSIS/Include/core_cm7.h **** #define APSR_Q_Msk                         (1UL << APSR_Q_Pos)                            /*!< APSR
 305:Drivers/CMSIS/Include/core_cm7.h **** 
 306:Drivers/CMSIS/Include/core_cm7.h **** #define APSR_GE_Pos                        16U                                            /*!< APSR
 307:Drivers/CMSIS/Include/core_cm7.h **** #define APSR_GE_Msk                        (0xFUL << APSR_GE_Pos)                         /*!< APSR
 308:Drivers/CMSIS/Include/core_cm7.h **** 
 309:Drivers/CMSIS/Include/core_cm7.h **** 
 310:Drivers/CMSIS/Include/core_cm7.h **** /**
 311:Drivers/CMSIS/Include/core_cm7.h ****   \brief  Union type to access the Interrupt Program Status Register (IPSR).
 312:Drivers/CMSIS/Include/core_cm7.h ****  */
 313:Drivers/CMSIS/Include/core_cm7.h **** typedef union
 314:Drivers/CMSIS/Include/core_cm7.h **** {
 315:Drivers/CMSIS/Include/core_cm7.h ****   struct
 316:Drivers/CMSIS/Include/core_cm7.h ****   {
 317:Drivers/CMSIS/Include/core_cm7.h ****     uint32_t ISR:9;                      /*!< bit:  0.. 8  Exception number */
 318:Drivers/CMSIS/Include/core_cm7.h ****     uint32_t _reserved0:23;              /*!< bit:  9..31  Reserved */
 319:Drivers/CMSIS/Include/core_cm7.h ****   } b;                                   /*!< Structure used for bit  access */
 320:Drivers/CMSIS/Include/core_cm7.h ****   uint32_t w;                            /*!< Type      used for word access */
 321:Drivers/CMSIS/Include/core_cm7.h **** } IPSR_Type;
 322:Drivers/CMSIS/Include/core_cm7.h **** 
 323:Drivers/CMSIS/Include/core_cm7.h **** /* IPSR Register Definitions */
 324:Drivers/CMSIS/Include/core_cm7.h **** #define IPSR_ISR_Pos                        0U                                            /*!< IPSR
 325:Drivers/CMSIS/Include/core_cm7.h **** #define IPSR_ISR_Msk                       (0x1FFUL /*<< IPSR_ISR_Pos*/)                  /*!< IPSR
 326:Drivers/CMSIS/Include/core_cm7.h **** 
 327:Drivers/CMSIS/Include/core_cm7.h **** 
 328:Drivers/CMSIS/Include/core_cm7.h **** /**
 329:Drivers/CMSIS/Include/core_cm7.h ****   \brief  Union type to access the Special-Purpose Program Status Registers (xPSR).
 330:Drivers/CMSIS/Include/core_cm7.h ****  */
ARM GAS  C:\Users\nicx5\AppData\Local\Temp\cclEOOYD.s 			page 55


 331:Drivers/CMSIS/Include/core_cm7.h **** typedef union
 332:Drivers/CMSIS/Include/core_cm7.h **** {
 333:Drivers/CMSIS/Include/core_cm7.h ****   struct
 334:Drivers/CMSIS/Include/core_cm7.h ****   {
 335:Drivers/CMSIS/Include/core_cm7.h ****     uint32_t ISR:9;                      /*!< bit:  0.. 8  Exception number */
 336:Drivers/CMSIS/Include/core_cm7.h ****     uint32_t _reserved0:1;               /*!< bit:      9  Reserved */
 337:Drivers/CMSIS/Include/core_cm7.h ****     uint32_t ICI_IT_1:6;                 /*!< bit: 10..15  ICI/IT part 1 */
 338:Drivers/CMSIS/Include/core_cm7.h ****     uint32_t GE:4;                       /*!< bit: 16..19  Greater than or Equal flags */
 339:Drivers/CMSIS/Include/core_cm7.h ****     uint32_t _reserved1:4;               /*!< bit: 20..23  Reserved */
 340:Drivers/CMSIS/Include/core_cm7.h ****     uint32_t T:1;                        /*!< bit:     24  Thumb bit */
 341:Drivers/CMSIS/Include/core_cm7.h ****     uint32_t ICI_IT_2:2;                 /*!< bit: 25..26  ICI/IT part 2 */
 342:Drivers/CMSIS/Include/core_cm7.h ****     uint32_t Q:1;                        /*!< bit:     27  Saturation condition flag */
 343:Drivers/CMSIS/Include/core_cm7.h ****     uint32_t V:1;                        /*!< bit:     28  Overflow condition code flag */
 344:Drivers/CMSIS/Include/core_cm7.h ****     uint32_t C:1;                        /*!< bit:     29  Carry condition code flag */
 345:Drivers/CMSIS/Include/core_cm7.h ****     uint32_t Z:1;                        /*!< bit:     30  Zero condition code flag */
 346:Drivers/CMSIS/Include/core_cm7.h ****     uint32_t N:1;                        /*!< bit:     31  Negative condition code flag */
 347:Drivers/CMSIS/Include/core_cm7.h ****   } b;                                   /*!< Structure used for bit  access */
 348:Drivers/CMSIS/Include/core_cm7.h ****   uint32_t w;                            /*!< Type      used for word access */
 349:Drivers/CMSIS/Include/core_cm7.h **** } xPSR_Type;
 350:Drivers/CMSIS/Include/core_cm7.h **** 
 351:Drivers/CMSIS/Include/core_cm7.h **** /* xPSR Register Definitions */
 352:Drivers/CMSIS/Include/core_cm7.h **** #define xPSR_N_Pos                         31U                                            /*!< xPSR
 353:Drivers/CMSIS/Include/core_cm7.h **** #define xPSR_N_Msk                         (1UL << xPSR_N_Pos)                            /*!< xPSR
 354:Drivers/CMSIS/Include/core_cm7.h **** 
 355:Drivers/CMSIS/Include/core_cm7.h **** #define xPSR_Z_Pos                         30U                                            /*!< xPSR
 356:Drivers/CMSIS/Include/core_cm7.h **** #define xPSR_Z_Msk                         (1UL << xPSR_Z_Pos)                            /*!< xPSR
 357:Drivers/CMSIS/Include/core_cm7.h **** 
 358:Drivers/CMSIS/Include/core_cm7.h **** #define xPSR_C_Pos                         29U                                            /*!< xPSR
 359:Drivers/CMSIS/Include/core_cm7.h **** #define xPSR_C_Msk                         (1UL << xPSR_C_Pos)                            /*!< xPSR
 360:Drivers/CMSIS/Include/core_cm7.h **** 
 361:Drivers/CMSIS/Include/core_cm7.h **** #define xPSR_V_Pos                         28U                                            /*!< xPSR
 362:Drivers/CMSIS/Include/core_cm7.h **** #define xPSR_V_Msk                         (1UL << xPSR_V_Pos)                            /*!< xPSR
 363:Drivers/CMSIS/Include/core_cm7.h **** 
 364:Drivers/CMSIS/Include/core_cm7.h **** #define xPSR_Q_Pos                         27U                                            /*!< xPSR
 365:Drivers/CMSIS/Include/core_cm7.h **** #define xPSR_Q_Msk                         (1UL << xPSR_Q_Pos)                            /*!< xPSR
 366:Drivers/CMSIS/Include/core_cm7.h **** 
 367:Drivers/CMSIS/Include/core_cm7.h **** #define xPSR_ICI_IT_2_Pos                  25U                                            /*!< xPSR
 368:Drivers/CMSIS/Include/core_cm7.h **** #define xPSR_ICI_IT_2_Msk                  (3UL << xPSR_ICI_IT_2_Pos)                     /*!< xPSR
 369:Drivers/CMSIS/Include/core_cm7.h **** 
 370:Drivers/CMSIS/Include/core_cm7.h **** #define xPSR_T_Pos                         24U                                            /*!< xPSR
 371:Drivers/CMSIS/Include/core_cm7.h **** #define xPSR_T_Msk                         (1UL << xPSR_T_Pos)                            /*!< xPSR
 372:Drivers/CMSIS/Include/core_cm7.h **** 
 373:Drivers/CMSIS/Include/core_cm7.h **** #define xPSR_GE_Pos                        16U                                            /*!< xPSR
 374:Drivers/CMSIS/Include/core_cm7.h **** #define xPSR_GE_Msk                        (0xFUL << xPSR_GE_Pos)                         /*!< xPSR
 375:Drivers/CMSIS/Include/core_cm7.h **** 
 376:Drivers/CMSIS/Include/core_cm7.h **** #define xPSR_ICI_IT_1_Pos                  10U                                            /*!< xPSR
 377:Drivers/CMSIS/Include/core_cm7.h **** #define xPSR_ICI_IT_1_Msk                  (0x3FUL << xPSR_ICI_IT_1_Pos)                  /*!< xPSR
 378:Drivers/CMSIS/Include/core_cm7.h **** 
 379:Drivers/CMSIS/Include/core_cm7.h **** #define xPSR_ISR_Pos                        0U                                            /*!< xPSR
 380:Drivers/CMSIS/Include/core_cm7.h **** #define xPSR_ISR_Msk                       (0x1FFUL /*<< xPSR_ISR_Pos*/)                  /*!< xPSR
 381:Drivers/CMSIS/Include/core_cm7.h **** 
 382:Drivers/CMSIS/Include/core_cm7.h **** 
 383:Drivers/CMSIS/Include/core_cm7.h **** /**
 384:Drivers/CMSIS/Include/core_cm7.h ****   \brief  Union type to access the Control Registers (CONTROL).
 385:Drivers/CMSIS/Include/core_cm7.h ****  */
 386:Drivers/CMSIS/Include/core_cm7.h **** typedef union
 387:Drivers/CMSIS/Include/core_cm7.h **** {
ARM GAS  C:\Users\nicx5\AppData\Local\Temp\cclEOOYD.s 			page 56


 388:Drivers/CMSIS/Include/core_cm7.h ****   struct
 389:Drivers/CMSIS/Include/core_cm7.h ****   {
 390:Drivers/CMSIS/Include/core_cm7.h ****     uint32_t nPRIV:1;                    /*!< bit:      0  Execution privilege in Thread mode */
 391:Drivers/CMSIS/Include/core_cm7.h ****     uint32_t SPSEL:1;                    /*!< bit:      1  Stack to be used */
 392:Drivers/CMSIS/Include/core_cm7.h ****     uint32_t FPCA:1;                     /*!< bit:      2  FP extension active flag */
 393:Drivers/CMSIS/Include/core_cm7.h ****     uint32_t _reserved0:29;              /*!< bit:  3..31  Reserved */
 394:Drivers/CMSIS/Include/core_cm7.h ****   } b;                                   /*!< Structure used for bit  access */
 395:Drivers/CMSIS/Include/core_cm7.h ****   uint32_t w;                            /*!< Type      used for word access */
 396:Drivers/CMSIS/Include/core_cm7.h **** } CONTROL_Type;
 397:Drivers/CMSIS/Include/core_cm7.h **** 
 398:Drivers/CMSIS/Include/core_cm7.h **** /* CONTROL Register Definitions */
 399:Drivers/CMSIS/Include/core_cm7.h **** #define CONTROL_FPCA_Pos                    2U                                            /*!< CONT
 400:Drivers/CMSIS/Include/core_cm7.h **** #define CONTROL_FPCA_Msk                   (1UL << CONTROL_FPCA_Pos)                      /*!< CONT
 401:Drivers/CMSIS/Include/core_cm7.h **** 
 402:Drivers/CMSIS/Include/core_cm7.h **** #define CONTROL_SPSEL_Pos                   1U                                            /*!< CONT
 403:Drivers/CMSIS/Include/core_cm7.h **** #define CONTROL_SPSEL_Msk                  (1UL << CONTROL_SPSEL_Pos)                     /*!< CONT
 404:Drivers/CMSIS/Include/core_cm7.h **** 
 405:Drivers/CMSIS/Include/core_cm7.h **** #define CONTROL_nPRIV_Pos                   0U                                            /*!< CONT
 406:Drivers/CMSIS/Include/core_cm7.h **** #define CONTROL_nPRIV_Msk                  (1UL /*<< CONTROL_nPRIV_Pos*/)                 /*!< CONT
 407:Drivers/CMSIS/Include/core_cm7.h **** 
 408:Drivers/CMSIS/Include/core_cm7.h **** /*@} end of group CMSIS_CORE */
 409:Drivers/CMSIS/Include/core_cm7.h **** 
 410:Drivers/CMSIS/Include/core_cm7.h **** 
 411:Drivers/CMSIS/Include/core_cm7.h **** /**
 412:Drivers/CMSIS/Include/core_cm7.h ****   \ingroup    CMSIS_core_register
 413:Drivers/CMSIS/Include/core_cm7.h ****   \defgroup   CMSIS_NVIC  Nested Vectored Interrupt Controller (NVIC)
 414:Drivers/CMSIS/Include/core_cm7.h ****   \brief      Type definitions for the NVIC Registers
 415:Drivers/CMSIS/Include/core_cm7.h ****   @{
 416:Drivers/CMSIS/Include/core_cm7.h ****  */
 417:Drivers/CMSIS/Include/core_cm7.h **** 
 418:Drivers/CMSIS/Include/core_cm7.h **** /**
 419:Drivers/CMSIS/Include/core_cm7.h ****   \brief  Structure type to access the Nested Vectored Interrupt Controller (NVIC).
 420:Drivers/CMSIS/Include/core_cm7.h ****  */
 421:Drivers/CMSIS/Include/core_cm7.h **** typedef struct
 422:Drivers/CMSIS/Include/core_cm7.h **** {
 423:Drivers/CMSIS/Include/core_cm7.h ****   __IOM uint32_t ISER[8U];               /*!< Offset: 0x000 (R/W)  Interrupt Set Enable Register */
 424:Drivers/CMSIS/Include/core_cm7.h ****         uint32_t RESERVED0[24U];
 425:Drivers/CMSIS/Include/core_cm7.h ****   __IOM uint32_t ICER[8U];               /*!< Offset: 0x080 (R/W)  Interrupt Clear Enable Register 
 426:Drivers/CMSIS/Include/core_cm7.h ****         uint32_t RESERVED1[24U];
 427:Drivers/CMSIS/Include/core_cm7.h ****   __IOM uint32_t ISPR[8U];               /*!< Offset: 0x100 (R/W)  Interrupt Set Pending Register *
 428:Drivers/CMSIS/Include/core_cm7.h ****         uint32_t RESERVED2[24U];
 429:Drivers/CMSIS/Include/core_cm7.h ****   __IOM uint32_t ICPR[8U];               /*!< Offset: 0x180 (R/W)  Interrupt Clear Pending Register
 430:Drivers/CMSIS/Include/core_cm7.h ****         uint32_t RESERVED3[24U];
 431:Drivers/CMSIS/Include/core_cm7.h ****   __IOM uint32_t IABR[8U];               /*!< Offset: 0x200 (R/W)  Interrupt Active bit Register */
 432:Drivers/CMSIS/Include/core_cm7.h ****         uint32_t RESERVED4[56U];
 433:Drivers/CMSIS/Include/core_cm7.h ****   __IOM uint8_t  IP[240U];               /*!< Offset: 0x300 (R/W)  Interrupt Priority Register (8Bi
 434:Drivers/CMSIS/Include/core_cm7.h ****         uint32_t RESERVED5[644U];
 435:Drivers/CMSIS/Include/core_cm7.h ****   __OM  uint32_t STIR;                   /*!< Offset: 0xE00 ( /W)  Software Trigger Interrupt Regis
 436:Drivers/CMSIS/Include/core_cm7.h **** }  NVIC_Type;
 437:Drivers/CMSIS/Include/core_cm7.h **** 
 438:Drivers/CMSIS/Include/core_cm7.h **** /* Software Triggered Interrupt Register Definitions */
 439:Drivers/CMSIS/Include/core_cm7.h **** #define NVIC_STIR_INTID_Pos                 0U                                         /*!< STIR: I
 440:Drivers/CMSIS/Include/core_cm7.h **** #define NVIC_STIR_INTID_Msk                (0x1FFUL /*<< NVIC_STIR_INTID_Pos*/)        /*!< STIR: I
 441:Drivers/CMSIS/Include/core_cm7.h **** 
 442:Drivers/CMSIS/Include/core_cm7.h **** /*@} end of group CMSIS_NVIC */
 443:Drivers/CMSIS/Include/core_cm7.h **** 
 444:Drivers/CMSIS/Include/core_cm7.h **** 
ARM GAS  C:\Users\nicx5\AppData\Local\Temp\cclEOOYD.s 			page 57


 445:Drivers/CMSIS/Include/core_cm7.h **** /**
 446:Drivers/CMSIS/Include/core_cm7.h ****   \ingroup  CMSIS_core_register
 447:Drivers/CMSIS/Include/core_cm7.h ****   \defgroup CMSIS_SCB     System Control Block (SCB)
 448:Drivers/CMSIS/Include/core_cm7.h ****   \brief    Type definitions for the System Control Block Registers
 449:Drivers/CMSIS/Include/core_cm7.h ****   @{
 450:Drivers/CMSIS/Include/core_cm7.h ****  */
 451:Drivers/CMSIS/Include/core_cm7.h **** 
 452:Drivers/CMSIS/Include/core_cm7.h **** /**
 453:Drivers/CMSIS/Include/core_cm7.h ****   \brief  Structure type to access the System Control Block (SCB).
 454:Drivers/CMSIS/Include/core_cm7.h ****  */
 455:Drivers/CMSIS/Include/core_cm7.h **** typedef struct
 456:Drivers/CMSIS/Include/core_cm7.h **** {
 457:Drivers/CMSIS/Include/core_cm7.h ****   __IM  uint32_t CPUID;                  /*!< Offset: 0x000 (R/ )  CPUID Base Register */
 458:Drivers/CMSIS/Include/core_cm7.h ****   __IOM uint32_t ICSR;                   /*!< Offset: 0x004 (R/W)  Interrupt Control and State Regi
 459:Drivers/CMSIS/Include/core_cm7.h ****   __IOM uint32_t VTOR;                   /*!< Offset: 0x008 (R/W)  Vector Table Offset Register */
 460:Drivers/CMSIS/Include/core_cm7.h ****   __IOM uint32_t AIRCR;                  /*!< Offset: 0x00C (R/W)  Application Interrupt and Reset 
 461:Drivers/CMSIS/Include/core_cm7.h ****   __IOM uint32_t SCR;                    /*!< Offset: 0x010 (R/W)  System Control Register */
 462:Drivers/CMSIS/Include/core_cm7.h ****   __IOM uint32_t CCR;                    /*!< Offset: 0x014 (R/W)  Configuration Control Register *
 463:Drivers/CMSIS/Include/core_cm7.h ****   __IOM uint8_t  SHPR[12U];              /*!< Offset: 0x018 (R/W)  System Handlers Priority Registe
 464:Drivers/CMSIS/Include/core_cm7.h ****   __IOM uint32_t SHCSR;                  /*!< Offset: 0x024 (R/W)  System Handler Control and State
 465:Drivers/CMSIS/Include/core_cm7.h ****   __IOM uint32_t CFSR;                   /*!< Offset: 0x028 (R/W)  Configurable Fault Status Regist
 466:Drivers/CMSIS/Include/core_cm7.h ****   __IOM uint32_t HFSR;                   /*!< Offset: 0x02C (R/W)  HardFault Status Register */
 467:Drivers/CMSIS/Include/core_cm7.h ****   __IOM uint32_t DFSR;                   /*!< Offset: 0x030 (R/W)  Debug Fault Status Register */
 468:Drivers/CMSIS/Include/core_cm7.h ****   __IOM uint32_t MMFAR;                  /*!< Offset: 0x034 (R/W)  MemManage Fault Address Register
 469:Drivers/CMSIS/Include/core_cm7.h ****   __IOM uint32_t BFAR;                   /*!< Offset: 0x038 (R/W)  BusFault Address Register */
 470:Drivers/CMSIS/Include/core_cm7.h ****   __IOM uint32_t AFSR;                   /*!< Offset: 0x03C (R/W)  Auxiliary Fault Status Register 
 471:Drivers/CMSIS/Include/core_cm7.h ****   __IM  uint32_t ID_PFR[2U];             /*!< Offset: 0x040 (R/ )  Processor Feature Register */
 472:Drivers/CMSIS/Include/core_cm7.h ****   __IM  uint32_t ID_DFR;                 /*!< Offset: 0x048 (R/ )  Debug Feature Register */
 473:Drivers/CMSIS/Include/core_cm7.h ****   __IM  uint32_t ID_AFR;                 /*!< Offset: 0x04C (R/ )  Auxiliary Feature Register */
 474:Drivers/CMSIS/Include/core_cm7.h ****   __IM  uint32_t ID_MFR[4U];             /*!< Offset: 0x050 (R/ )  Memory Model Feature Register */
 475:Drivers/CMSIS/Include/core_cm7.h ****   __IM  uint32_t ID_ISAR[5U];            /*!< Offset: 0x060 (R/ )  Instruction Set Attributes Regis
 476:Drivers/CMSIS/Include/core_cm7.h ****         uint32_t RESERVED0[1U];
 477:Drivers/CMSIS/Include/core_cm7.h ****   __IM  uint32_t CLIDR;                  /*!< Offset: 0x078 (R/ )  Cache Level ID register */
 478:Drivers/CMSIS/Include/core_cm7.h ****   __IM  uint32_t CTR;                    /*!< Offset: 0x07C (R/ )  Cache Type register */
 479:Drivers/CMSIS/Include/core_cm7.h ****   __IM  uint32_t CCSIDR;                 /*!< Offset: 0x080 (R/ )  Cache Size ID Register */
 480:Drivers/CMSIS/Include/core_cm7.h ****   __IOM uint32_t CSSELR;                 /*!< Offset: 0x084 (R/W)  Cache Size Selection Register */
 481:Drivers/CMSIS/Include/core_cm7.h ****   __IOM uint32_t CPACR;                  /*!< Offset: 0x088 (R/W)  Coprocessor Access Control Regis
 482:Drivers/CMSIS/Include/core_cm7.h ****         uint32_t RESERVED3[93U];
 483:Drivers/CMSIS/Include/core_cm7.h ****   __OM  uint32_t STIR;                   /*!< Offset: 0x200 ( /W)  Software Triggered Interrupt Reg
 484:Drivers/CMSIS/Include/core_cm7.h ****         uint32_t RESERVED4[15U];
 485:Drivers/CMSIS/Include/core_cm7.h ****   __IM  uint32_t MVFR0;                  /*!< Offset: 0x240 (R/ )  Media and VFP Feature Register 0
 486:Drivers/CMSIS/Include/core_cm7.h ****   __IM  uint32_t MVFR1;                  /*!< Offset: 0x244 (R/ )  Media and VFP Feature Register 1
 487:Drivers/CMSIS/Include/core_cm7.h ****   __IM  uint32_t MVFR2;                  /*!< Offset: 0x248 (R/ )  Media and VFP Feature Register 2
 488:Drivers/CMSIS/Include/core_cm7.h ****         uint32_t RESERVED5[1U];
 489:Drivers/CMSIS/Include/core_cm7.h ****   __OM  uint32_t ICIALLU;                /*!< Offset: 0x250 ( /W)  I-Cache Invalidate All to PoU */
 490:Drivers/CMSIS/Include/core_cm7.h ****         uint32_t RESERVED6[1U];
 491:Drivers/CMSIS/Include/core_cm7.h ****   __OM  uint32_t ICIMVAU;                /*!< Offset: 0x258 ( /W)  I-Cache Invalidate by MVA to PoU
 492:Drivers/CMSIS/Include/core_cm7.h ****   __OM  uint32_t DCIMVAC;                /*!< Offset: 0x25C ( /W)  D-Cache Invalidate by MVA to PoC
 493:Drivers/CMSIS/Include/core_cm7.h ****   __OM  uint32_t DCISW;                  /*!< Offset: 0x260 ( /W)  D-Cache Invalidate by Set-way */
 494:Drivers/CMSIS/Include/core_cm7.h ****   __OM  uint32_t DCCMVAU;                /*!< Offset: 0x264 ( /W)  D-Cache Clean by MVA to PoU */
 495:Drivers/CMSIS/Include/core_cm7.h ****   __OM  uint32_t DCCMVAC;                /*!< Offset: 0x268 ( /W)  D-Cache Clean by MVA to PoC */
 496:Drivers/CMSIS/Include/core_cm7.h ****   __OM  uint32_t DCCSW;                  /*!< Offset: 0x26C ( /W)  D-Cache Clean by Set-way */
 497:Drivers/CMSIS/Include/core_cm7.h ****   __OM  uint32_t DCCIMVAC;               /*!< Offset: 0x270 ( /W)  D-Cache Clean and Invalidate by 
 498:Drivers/CMSIS/Include/core_cm7.h ****   __OM  uint32_t DCCISW;                 /*!< Offset: 0x274 ( /W)  D-Cache Clean and Invalidate by 
 499:Drivers/CMSIS/Include/core_cm7.h ****         uint32_t RESERVED7[6U];
 500:Drivers/CMSIS/Include/core_cm7.h ****   __IOM uint32_t ITCMCR;                 /*!< Offset: 0x290 (R/W)  Instruction Tightly-Coupled Memo
 501:Drivers/CMSIS/Include/core_cm7.h ****   __IOM uint32_t DTCMCR;                 /*!< Offset: 0x294 (R/W)  Data Tightly-Coupled Memory Cont
ARM GAS  C:\Users\nicx5\AppData\Local\Temp\cclEOOYD.s 			page 58


 502:Drivers/CMSIS/Include/core_cm7.h ****   __IOM uint32_t AHBPCR;                 /*!< Offset: 0x298 (R/W)  AHBP Control Register */
 503:Drivers/CMSIS/Include/core_cm7.h ****   __IOM uint32_t CACR;                   /*!< Offset: 0x29C (R/W)  L1 Cache Control Register */
 504:Drivers/CMSIS/Include/core_cm7.h ****   __IOM uint32_t AHBSCR;                 /*!< Offset: 0x2A0 (R/W)  AHB Slave Control Register */
 505:Drivers/CMSIS/Include/core_cm7.h ****         uint32_t RESERVED8[1U];
 506:Drivers/CMSIS/Include/core_cm7.h ****   __IOM uint32_t ABFSR;                  /*!< Offset: 0x2A8 (R/W)  Auxiliary Bus Fault Status Regis
 507:Drivers/CMSIS/Include/core_cm7.h **** } SCB_Type;
 508:Drivers/CMSIS/Include/core_cm7.h **** 
 509:Drivers/CMSIS/Include/core_cm7.h **** /* SCB CPUID Register Definitions */
 510:Drivers/CMSIS/Include/core_cm7.h **** #define SCB_CPUID_IMPLEMENTER_Pos          24U                                            /*!< SCB 
 511:Drivers/CMSIS/Include/core_cm7.h **** #define SCB_CPUID_IMPLEMENTER_Msk          (0xFFUL << SCB_CPUID_IMPLEMENTER_Pos)          /*!< SCB 
 512:Drivers/CMSIS/Include/core_cm7.h **** 
 513:Drivers/CMSIS/Include/core_cm7.h **** #define SCB_CPUID_VARIANT_Pos              20U                                            /*!< SCB 
 514:Drivers/CMSIS/Include/core_cm7.h **** #define SCB_CPUID_VARIANT_Msk              (0xFUL << SCB_CPUID_VARIANT_Pos)               /*!< SCB 
 515:Drivers/CMSIS/Include/core_cm7.h **** 
 516:Drivers/CMSIS/Include/core_cm7.h **** #define SCB_CPUID_ARCHITECTURE_Pos         16U                                            /*!< SCB 
 517:Drivers/CMSIS/Include/core_cm7.h **** #define SCB_CPUID_ARCHITECTURE_Msk         (0xFUL << SCB_CPUID_ARCHITECTURE_Pos)          /*!< SCB 
 518:Drivers/CMSIS/Include/core_cm7.h **** 
 519:Drivers/CMSIS/Include/core_cm7.h **** #define SCB_CPUID_PARTNO_Pos                4U                                            /*!< SCB 
 520:Drivers/CMSIS/Include/core_cm7.h **** #define SCB_CPUID_PARTNO_Msk               (0xFFFUL << SCB_CPUID_PARTNO_Pos)              /*!< SCB 
 521:Drivers/CMSIS/Include/core_cm7.h **** 
 522:Drivers/CMSIS/Include/core_cm7.h **** #define SCB_CPUID_REVISION_Pos              0U                                            /*!< SCB 
 523:Drivers/CMSIS/Include/core_cm7.h **** #define SCB_CPUID_REVISION_Msk             (0xFUL /*<< SCB_CPUID_REVISION_Pos*/)          /*!< SCB 
 524:Drivers/CMSIS/Include/core_cm7.h **** 
 525:Drivers/CMSIS/Include/core_cm7.h **** /* SCB Interrupt Control State Register Definitions */
 526:Drivers/CMSIS/Include/core_cm7.h **** #define SCB_ICSR_NMIPENDSET_Pos            31U                                            /*!< SCB 
 527:Drivers/CMSIS/Include/core_cm7.h **** #define SCB_ICSR_NMIPENDSET_Msk            (1UL << SCB_ICSR_NMIPENDSET_Pos)               /*!< SCB 
 528:Drivers/CMSIS/Include/core_cm7.h **** 
 529:Drivers/CMSIS/Include/core_cm7.h **** #define SCB_ICSR_PENDSVSET_Pos             28U                                            /*!< SCB 
 530:Drivers/CMSIS/Include/core_cm7.h **** #define SCB_ICSR_PENDSVSET_Msk             (1UL << SCB_ICSR_PENDSVSET_Pos)                /*!< SCB 
 531:Drivers/CMSIS/Include/core_cm7.h **** 
 532:Drivers/CMSIS/Include/core_cm7.h **** #define SCB_ICSR_PENDSVCLR_Pos             27U                                            /*!< SCB 
 533:Drivers/CMSIS/Include/core_cm7.h **** #define SCB_ICSR_PENDSVCLR_Msk             (1UL << SCB_ICSR_PENDSVCLR_Pos)                /*!< SCB 
 534:Drivers/CMSIS/Include/core_cm7.h **** 
 535:Drivers/CMSIS/Include/core_cm7.h **** #define SCB_ICSR_PENDSTSET_Pos             26U                                            /*!< SCB 
 536:Drivers/CMSIS/Include/core_cm7.h **** #define SCB_ICSR_PENDSTSET_Msk             (1UL << SCB_ICSR_PENDSTSET_Pos)                /*!< SCB 
 537:Drivers/CMSIS/Include/core_cm7.h **** 
 538:Drivers/CMSIS/Include/core_cm7.h **** #define SCB_ICSR_PENDSTCLR_Pos             25U                                            /*!< SCB 
 539:Drivers/CMSIS/Include/core_cm7.h **** #define SCB_ICSR_PENDSTCLR_Msk             (1UL << SCB_ICSR_PENDSTCLR_Pos)                /*!< SCB 
 540:Drivers/CMSIS/Include/core_cm7.h **** 
 541:Drivers/CMSIS/Include/core_cm7.h **** #define SCB_ICSR_ISRPREEMPT_Pos            23U                                            /*!< SCB 
 542:Drivers/CMSIS/Include/core_cm7.h **** #define SCB_ICSR_ISRPREEMPT_Msk            (1UL << SCB_ICSR_ISRPREEMPT_Pos)               /*!< SCB 
 543:Drivers/CMSIS/Include/core_cm7.h **** 
 544:Drivers/CMSIS/Include/core_cm7.h **** #define SCB_ICSR_ISRPENDING_Pos            22U                                            /*!< SCB 
 545:Drivers/CMSIS/Include/core_cm7.h **** #define SCB_ICSR_ISRPENDING_Msk            (1UL << SCB_ICSR_ISRPENDING_Pos)               /*!< SCB 
 546:Drivers/CMSIS/Include/core_cm7.h **** 
 547:Drivers/CMSIS/Include/core_cm7.h **** #define SCB_ICSR_VECTPENDING_Pos           12U                                            /*!< SCB 
 548:Drivers/CMSIS/Include/core_cm7.h **** #define SCB_ICSR_VECTPENDING_Msk           (0x1FFUL << SCB_ICSR_VECTPENDING_Pos)          /*!< SCB 
 549:Drivers/CMSIS/Include/core_cm7.h **** 
 550:Drivers/CMSIS/Include/core_cm7.h **** #define SCB_ICSR_RETTOBASE_Pos             11U                                            /*!< SCB 
 551:Drivers/CMSIS/Include/core_cm7.h **** #define SCB_ICSR_RETTOBASE_Msk             (1UL << SCB_ICSR_RETTOBASE_Pos)                /*!< SCB 
 552:Drivers/CMSIS/Include/core_cm7.h **** 
 553:Drivers/CMSIS/Include/core_cm7.h **** #define SCB_ICSR_VECTACTIVE_Pos             0U                                            /*!< SCB 
 554:Drivers/CMSIS/Include/core_cm7.h **** #define SCB_ICSR_VECTACTIVE_Msk            (0x1FFUL /*<< SCB_ICSR_VECTACTIVE_Pos*/)       /*!< SCB 
 555:Drivers/CMSIS/Include/core_cm7.h **** 
 556:Drivers/CMSIS/Include/core_cm7.h **** /* SCB Vector Table Offset Register Definitions */
 557:Drivers/CMSIS/Include/core_cm7.h **** #define SCB_VTOR_TBLOFF_Pos                 7U                                            /*!< SCB 
 558:Drivers/CMSIS/Include/core_cm7.h **** #define SCB_VTOR_TBLOFF_Msk                (0x1FFFFFFUL << SCB_VTOR_TBLOFF_Pos)           /*!< SCB 
ARM GAS  C:\Users\nicx5\AppData\Local\Temp\cclEOOYD.s 			page 59


 559:Drivers/CMSIS/Include/core_cm7.h **** 
 560:Drivers/CMSIS/Include/core_cm7.h **** /* SCB Application Interrupt and Reset Control Register Definitions */
 561:Drivers/CMSIS/Include/core_cm7.h **** #define SCB_AIRCR_VECTKEY_Pos              16U                                            /*!< SCB 
 562:Drivers/CMSIS/Include/core_cm7.h **** #define SCB_AIRCR_VECTKEY_Msk              (0xFFFFUL << SCB_AIRCR_VECTKEY_Pos)            /*!< SCB 
 563:Drivers/CMSIS/Include/core_cm7.h **** 
 564:Drivers/CMSIS/Include/core_cm7.h **** #define SCB_AIRCR_VECTKEYSTAT_Pos          16U                                            /*!< SCB 
 565:Drivers/CMSIS/Include/core_cm7.h **** #define SCB_AIRCR_VECTKEYSTAT_Msk          (0xFFFFUL << SCB_AIRCR_VECTKEYSTAT_Pos)        /*!< SCB 
 566:Drivers/CMSIS/Include/core_cm7.h **** 
 567:Drivers/CMSIS/Include/core_cm7.h **** #define SCB_AIRCR_ENDIANESS_Pos            15U                                            /*!< SCB 
 568:Drivers/CMSIS/Include/core_cm7.h **** #define SCB_AIRCR_ENDIANESS_Msk            (1UL << SCB_AIRCR_ENDIANESS_Pos)               /*!< SCB 
 569:Drivers/CMSIS/Include/core_cm7.h **** 
 570:Drivers/CMSIS/Include/core_cm7.h **** #define SCB_AIRCR_PRIGROUP_Pos              8U                                            /*!< SCB 
 571:Drivers/CMSIS/Include/core_cm7.h **** #define SCB_AIRCR_PRIGROUP_Msk             (7UL << SCB_AIRCR_PRIGROUP_Pos)                /*!< SCB 
 572:Drivers/CMSIS/Include/core_cm7.h **** 
 573:Drivers/CMSIS/Include/core_cm7.h **** #define SCB_AIRCR_SYSRESETREQ_Pos           2U                                            /*!< SCB 
 574:Drivers/CMSIS/Include/core_cm7.h **** #define SCB_AIRCR_SYSRESETREQ_Msk          (1UL << SCB_AIRCR_SYSRESETREQ_Pos)             /*!< SCB 
 575:Drivers/CMSIS/Include/core_cm7.h **** 
 576:Drivers/CMSIS/Include/core_cm7.h **** #define SCB_AIRCR_VECTCLRACTIVE_Pos         1U                                            /*!< SCB 
 577:Drivers/CMSIS/Include/core_cm7.h **** #define SCB_AIRCR_VECTCLRACTIVE_Msk        (1UL << SCB_AIRCR_VECTCLRACTIVE_Pos)           /*!< SCB 
 578:Drivers/CMSIS/Include/core_cm7.h **** 
 579:Drivers/CMSIS/Include/core_cm7.h **** #define SCB_AIRCR_VECTRESET_Pos             0U                                            /*!< SCB 
 580:Drivers/CMSIS/Include/core_cm7.h **** #define SCB_AIRCR_VECTRESET_Msk            (1UL /*<< SCB_AIRCR_VECTRESET_Pos*/)           /*!< SCB 
 581:Drivers/CMSIS/Include/core_cm7.h **** 
 582:Drivers/CMSIS/Include/core_cm7.h **** /* SCB System Control Register Definitions */
 583:Drivers/CMSIS/Include/core_cm7.h **** #define SCB_SCR_SEVONPEND_Pos               4U                                            /*!< SCB 
 584:Drivers/CMSIS/Include/core_cm7.h **** #define SCB_SCR_SEVONPEND_Msk              (1UL << SCB_SCR_SEVONPEND_Pos)                 /*!< SCB 
 585:Drivers/CMSIS/Include/core_cm7.h **** 
 586:Drivers/CMSIS/Include/core_cm7.h **** #define SCB_SCR_SLEEPDEEP_Pos               2U                                            /*!< SCB 
 587:Drivers/CMSIS/Include/core_cm7.h **** #define SCB_SCR_SLEEPDEEP_Msk              (1UL << SCB_SCR_SLEEPDEEP_Pos)                 /*!< SCB 
 588:Drivers/CMSIS/Include/core_cm7.h **** 
 589:Drivers/CMSIS/Include/core_cm7.h **** #define SCB_SCR_SLEEPONEXIT_Pos             1U                                            /*!< SCB 
 590:Drivers/CMSIS/Include/core_cm7.h **** #define SCB_SCR_SLEEPONEXIT_Msk            (1UL << SCB_SCR_SLEEPONEXIT_Pos)               /*!< SCB 
 591:Drivers/CMSIS/Include/core_cm7.h **** 
 592:Drivers/CMSIS/Include/core_cm7.h **** /* SCB Configuration Control Register Definitions */
 593:Drivers/CMSIS/Include/core_cm7.h **** #define SCB_CCR_BP_Pos                      18U                                           /*!< SCB 
 594:Drivers/CMSIS/Include/core_cm7.h **** #define SCB_CCR_BP_Msk                     (1UL << SCB_CCR_BP_Pos)                        /*!< SCB 
 595:Drivers/CMSIS/Include/core_cm7.h **** 
 596:Drivers/CMSIS/Include/core_cm7.h **** #define SCB_CCR_IC_Pos                      17U                                           /*!< SCB 
 597:Drivers/CMSIS/Include/core_cm7.h **** #define SCB_CCR_IC_Msk                     (1UL << SCB_CCR_IC_Pos)                        /*!< SCB 
 598:Drivers/CMSIS/Include/core_cm7.h **** 
 599:Drivers/CMSIS/Include/core_cm7.h **** #define SCB_CCR_DC_Pos                      16U                                           /*!< SCB 
 600:Drivers/CMSIS/Include/core_cm7.h **** #define SCB_CCR_DC_Msk                     (1UL << SCB_CCR_DC_Pos)                        /*!< SCB 
 601:Drivers/CMSIS/Include/core_cm7.h **** 
 602:Drivers/CMSIS/Include/core_cm7.h **** #define SCB_CCR_STKALIGN_Pos                9U                                            /*!< SCB 
 603:Drivers/CMSIS/Include/core_cm7.h **** #define SCB_CCR_STKALIGN_Msk               (1UL << SCB_CCR_STKALIGN_Pos)                  /*!< SCB 
 604:Drivers/CMSIS/Include/core_cm7.h **** 
 605:Drivers/CMSIS/Include/core_cm7.h **** #define SCB_CCR_BFHFNMIGN_Pos               8U                                            /*!< SCB 
 606:Drivers/CMSIS/Include/core_cm7.h **** #define SCB_CCR_BFHFNMIGN_Msk              (1UL << SCB_CCR_BFHFNMIGN_Pos)                 /*!< SCB 
 607:Drivers/CMSIS/Include/core_cm7.h **** 
 608:Drivers/CMSIS/Include/core_cm7.h **** #define SCB_CCR_DIV_0_TRP_Pos               4U                                            /*!< SCB 
 609:Drivers/CMSIS/Include/core_cm7.h **** #define SCB_CCR_DIV_0_TRP_Msk              (1UL << SCB_CCR_DIV_0_TRP_Pos)                 /*!< SCB 
 610:Drivers/CMSIS/Include/core_cm7.h **** 
 611:Drivers/CMSIS/Include/core_cm7.h **** #define SCB_CCR_UNALIGN_TRP_Pos             3U                                            /*!< SCB 
 612:Drivers/CMSIS/Include/core_cm7.h **** #define SCB_CCR_UNALIGN_TRP_Msk            (1UL << SCB_CCR_UNALIGN_TRP_Pos)               /*!< SCB 
 613:Drivers/CMSIS/Include/core_cm7.h **** 
 614:Drivers/CMSIS/Include/core_cm7.h **** #define SCB_CCR_USERSETMPEND_Pos            1U                                            /*!< SCB 
 615:Drivers/CMSIS/Include/core_cm7.h **** #define SCB_CCR_USERSETMPEND_Msk           (1UL << SCB_CCR_USERSETMPEND_Pos)              /*!< SCB 
ARM GAS  C:\Users\nicx5\AppData\Local\Temp\cclEOOYD.s 			page 60


 616:Drivers/CMSIS/Include/core_cm7.h **** 
 617:Drivers/CMSIS/Include/core_cm7.h **** #define SCB_CCR_NONBASETHRDENA_Pos          0U                                            /*!< SCB 
 618:Drivers/CMSIS/Include/core_cm7.h **** #define SCB_CCR_NONBASETHRDENA_Msk         (1UL /*<< SCB_CCR_NONBASETHRDENA_Pos*/)        /*!< SCB 
 619:Drivers/CMSIS/Include/core_cm7.h **** 
 620:Drivers/CMSIS/Include/core_cm7.h **** /* SCB System Handler Control and State Register Definitions */
 621:Drivers/CMSIS/Include/core_cm7.h **** #define SCB_SHCSR_USGFAULTENA_Pos          18U                                            /*!< SCB 
 622:Drivers/CMSIS/Include/core_cm7.h **** #define SCB_SHCSR_USGFAULTENA_Msk          (1UL << SCB_SHCSR_USGFAULTENA_Pos)             /*!< SCB 
 623:Drivers/CMSIS/Include/core_cm7.h **** 
 624:Drivers/CMSIS/Include/core_cm7.h **** #define SCB_SHCSR_BUSFAULTENA_Pos          17U                                            /*!< SCB 
 625:Drivers/CMSIS/Include/core_cm7.h **** #define SCB_SHCSR_BUSFAULTENA_Msk          (1UL << SCB_SHCSR_BUSFAULTENA_Pos)             /*!< SCB 
 626:Drivers/CMSIS/Include/core_cm7.h **** 
 627:Drivers/CMSIS/Include/core_cm7.h **** #define SCB_SHCSR_MEMFAULTENA_Pos          16U                                            /*!< SCB 
 628:Drivers/CMSIS/Include/core_cm7.h **** #define SCB_SHCSR_MEMFAULTENA_Msk          (1UL << SCB_SHCSR_MEMFAULTENA_Pos)             /*!< SCB 
 629:Drivers/CMSIS/Include/core_cm7.h **** 
 630:Drivers/CMSIS/Include/core_cm7.h **** #define SCB_SHCSR_SVCALLPENDED_Pos         15U                                            /*!< SCB 
 631:Drivers/CMSIS/Include/core_cm7.h **** #define SCB_SHCSR_SVCALLPENDED_Msk         (1UL << SCB_SHCSR_SVCALLPENDED_Pos)            /*!< SCB 
 632:Drivers/CMSIS/Include/core_cm7.h **** 
 633:Drivers/CMSIS/Include/core_cm7.h **** #define SCB_SHCSR_BUSFAULTPENDED_Pos       14U                                            /*!< SCB 
 634:Drivers/CMSIS/Include/core_cm7.h **** #define SCB_SHCSR_BUSFAULTPENDED_Msk       (1UL << SCB_SHCSR_BUSFAULTPENDED_Pos)          /*!< SCB 
 635:Drivers/CMSIS/Include/core_cm7.h **** 
 636:Drivers/CMSIS/Include/core_cm7.h **** #define SCB_SHCSR_MEMFAULTPENDED_Pos       13U                                            /*!< SCB 
 637:Drivers/CMSIS/Include/core_cm7.h **** #define SCB_SHCSR_MEMFAULTPENDED_Msk       (1UL << SCB_SHCSR_MEMFAULTPENDED_Pos)          /*!< SCB 
 638:Drivers/CMSIS/Include/core_cm7.h **** 
 639:Drivers/CMSIS/Include/core_cm7.h **** #define SCB_SHCSR_USGFAULTPENDED_Pos       12U                                            /*!< SCB 
 640:Drivers/CMSIS/Include/core_cm7.h **** #define SCB_SHCSR_USGFAULTPENDED_Msk       (1UL << SCB_SHCSR_USGFAULTPENDED_Pos)          /*!< SCB 
 641:Drivers/CMSIS/Include/core_cm7.h **** 
 642:Drivers/CMSIS/Include/core_cm7.h **** #define SCB_SHCSR_SYSTICKACT_Pos           11U                                            /*!< SCB 
 643:Drivers/CMSIS/Include/core_cm7.h **** #define SCB_SHCSR_SYSTICKACT_Msk           (1UL << SCB_SHCSR_SYSTICKACT_Pos)              /*!< SCB 
 644:Drivers/CMSIS/Include/core_cm7.h **** 
 645:Drivers/CMSIS/Include/core_cm7.h **** #define SCB_SHCSR_PENDSVACT_Pos            10U                                            /*!< SCB 
 646:Drivers/CMSIS/Include/core_cm7.h **** #define SCB_SHCSR_PENDSVACT_Msk            (1UL << SCB_SHCSR_PENDSVACT_Pos)               /*!< SCB 
 647:Drivers/CMSIS/Include/core_cm7.h **** 
 648:Drivers/CMSIS/Include/core_cm7.h **** #define SCB_SHCSR_MONITORACT_Pos            8U                                            /*!< SCB 
 649:Drivers/CMSIS/Include/core_cm7.h **** #define SCB_SHCSR_MONITORACT_Msk           (1UL << SCB_SHCSR_MONITORACT_Pos)              /*!< SCB 
 650:Drivers/CMSIS/Include/core_cm7.h **** 
 651:Drivers/CMSIS/Include/core_cm7.h **** #define SCB_SHCSR_SVCALLACT_Pos             7U                                            /*!< SCB 
 652:Drivers/CMSIS/Include/core_cm7.h **** #define SCB_SHCSR_SVCALLACT_Msk            (1UL << SCB_SHCSR_SVCALLACT_Pos)               /*!< SCB 
 653:Drivers/CMSIS/Include/core_cm7.h **** 
 654:Drivers/CMSIS/Include/core_cm7.h **** #define SCB_SHCSR_USGFAULTACT_Pos           3U                                            /*!< SCB 
 655:Drivers/CMSIS/Include/core_cm7.h **** #define SCB_SHCSR_USGFAULTACT_Msk          (1UL << SCB_SHCSR_USGFAULTACT_Pos)             /*!< SCB 
 656:Drivers/CMSIS/Include/core_cm7.h **** 
 657:Drivers/CMSIS/Include/core_cm7.h **** #define SCB_SHCSR_BUSFAULTACT_Pos           1U                                            /*!< SCB 
 658:Drivers/CMSIS/Include/core_cm7.h **** #define SCB_SHCSR_BUSFAULTACT_Msk          (1UL << SCB_SHCSR_BUSFAULTACT_Pos)             /*!< SCB 
 659:Drivers/CMSIS/Include/core_cm7.h **** 
 660:Drivers/CMSIS/Include/core_cm7.h **** #define SCB_SHCSR_MEMFAULTACT_Pos           0U                                            /*!< SCB 
 661:Drivers/CMSIS/Include/core_cm7.h **** #define SCB_SHCSR_MEMFAULTACT_Msk          (1UL /*<< SCB_SHCSR_MEMFAULTACT_Pos*/)         /*!< SCB 
 662:Drivers/CMSIS/Include/core_cm7.h **** 
 663:Drivers/CMSIS/Include/core_cm7.h **** /* SCB Configurable Fault Status Register Definitions */
 664:Drivers/CMSIS/Include/core_cm7.h **** #define SCB_CFSR_USGFAULTSR_Pos            16U                                            /*!< SCB 
 665:Drivers/CMSIS/Include/core_cm7.h **** #define SCB_CFSR_USGFAULTSR_Msk            (0xFFFFUL << SCB_CFSR_USGFAULTSR_Pos)          /*!< SCB 
 666:Drivers/CMSIS/Include/core_cm7.h **** 
 667:Drivers/CMSIS/Include/core_cm7.h **** #define SCB_CFSR_BUSFAULTSR_Pos             8U                                            /*!< SCB 
 668:Drivers/CMSIS/Include/core_cm7.h **** #define SCB_CFSR_BUSFAULTSR_Msk            (0xFFUL << SCB_CFSR_BUSFAULTSR_Pos)            /*!< SCB 
 669:Drivers/CMSIS/Include/core_cm7.h **** 
 670:Drivers/CMSIS/Include/core_cm7.h **** #define SCB_CFSR_MEMFAULTSR_Pos             0U                                            /*!< SCB 
 671:Drivers/CMSIS/Include/core_cm7.h **** #define SCB_CFSR_MEMFAULTSR_Msk            (0xFFUL /*<< SCB_CFSR_MEMFAULTSR_Pos*/)        /*!< SCB 
 672:Drivers/CMSIS/Include/core_cm7.h **** 
ARM GAS  C:\Users\nicx5\AppData\Local\Temp\cclEOOYD.s 			page 61


 673:Drivers/CMSIS/Include/core_cm7.h **** /* MemManage Fault Status Register (part of SCB Configurable Fault Status Register) */
 674:Drivers/CMSIS/Include/core_cm7.h **** #define SCB_CFSR_MMARVALID_Pos             (SCB_SHCSR_MEMFAULTACT_Pos + 7U)               /*!< SCB 
 675:Drivers/CMSIS/Include/core_cm7.h **** #define SCB_CFSR_MMARVALID_Msk             (1UL << SCB_CFSR_MMARVALID_Pos)                /*!< SCB 
 676:Drivers/CMSIS/Include/core_cm7.h **** 
 677:Drivers/CMSIS/Include/core_cm7.h **** #define SCB_CFSR_MLSPERR_Pos               (SCB_SHCSR_MEMFAULTACT_Pos + 5U)               /*!< SCB 
 678:Drivers/CMSIS/Include/core_cm7.h **** #define SCB_CFSR_MLSPERR_Msk               (1UL << SCB_CFSR_MLSPERR_Pos)                  /*!< SCB 
 679:Drivers/CMSIS/Include/core_cm7.h **** 
 680:Drivers/CMSIS/Include/core_cm7.h **** #define SCB_CFSR_MSTKERR_Pos               (SCB_SHCSR_MEMFAULTACT_Pos + 4U)               /*!< SCB 
 681:Drivers/CMSIS/Include/core_cm7.h **** #define SCB_CFSR_MSTKERR_Msk               (1UL << SCB_CFSR_MSTKERR_Pos)                  /*!< SCB 
 682:Drivers/CMSIS/Include/core_cm7.h **** 
 683:Drivers/CMSIS/Include/core_cm7.h **** #define SCB_CFSR_MUNSTKERR_Pos             (SCB_SHCSR_MEMFAULTACT_Pos + 3U)               /*!< SCB 
 684:Drivers/CMSIS/Include/core_cm7.h **** #define SCB_CFSR_MUNSTKERR_Msk             (1UL << SCB_CFSR_MUNSTKERR_Pos)                /*!< SCB 
 685:Drivers/CMSIS/Include/core_cm7.h **** 
 686:Drivers/CMSIS/Include/core_cm7.h **** #define SCB_CFSR_DACCVIOL_Pos              (SCB_SHCSR_MEMFAULTACT_Pos + 1U)               /*!< SCB 
 687:Drivers/CMSIS/Include/core_cm7.h **** #define SCB_CFSR_DACCVIOL_Msk              (1UL << SCB_CFSR_DACCVIOL_Pos)                 /*!< SCB 
 688:Drivers/CMSIS/Include/core_cm7.h **** 
 689:Drivers/CMSIS/Include/core_cm7.h **** #define SCB_CFSR_IACCVIOL_Pos              (SCB_SHCSR_MEMFAULTACT_Pos + 0U)               /*!< SCB 
 690:Drivers/CMSIS/Include/core_cm7.h **** #define SCB_CFSR_IACCVIOL_Msk              (1UL /*<< SCB_CFSR_IACCVIOL_Pos*/)             /*!< SCB 
 691:Drivers/CMSIS/Include/core_cm7.h **** 
 692:Drivers/CMSIS/Include/core_cm7.h **** /* BusFault Status Register (part of SCB Configurable Fault Status Register) */
 693:Drivers/CMSIS/Include/core_cm7.h **** #define SCB_CFSR_BFARVALID_Pos            (SCB_CFSR_BUSFAULTSR_Pos + 7U)                  /*!< SCB 
 694:Drivers/CMSIS/Include/core_cm7.h **** #define SCB_CFSR_BFARVALID_Msk            (1UL << SCB_CFSR_BFARVALID_Pos)                 /*!< SCB 
 695:Drivers/CMSIS/Include/core_cm7.h **** 
 696:Drivers/CMSIS/Include/core_cm7.h **** #define SCB_CFSR_LSPERR_Pos               (SCB_CFSR_BUSFAULTSR_Pos + 5U)                  /*!< SCB 
 697:Drivers/CMSIS/Include/core_cm7.h **** #define SCB_CFSR_LSPERR_Msk               (1UL << SCB_CFSR_LSPERR_Pos)                    /*!< SCB 
 698:Drivers/CMSIS/Include/core_cm7.h **** 
 699:Drivers/CMSIS/Include/core_cm7.h **** #define SCB_CFSR_STKERR_Pos               (SCB_CFSR_BUSFAULTSR_Pos + 4U)                  /*!< SCB 
 700:Drivers/CMSIS/Include/core_cm7.h **** #define SCB_CFSR_STKERR_Msk               (1UL << SCB_CFSR_STKERR_Pos)                    /*!< SCB 
 701:Drivers/CMSIS/Include/core_cm7.h **** 
 702:Drivers/CMSIS/Include/core_cm7.h **** #define SCB_CFSR_UNSTKERR_Pos             (SCB_CFSR_BUSFAULTSR_Pos + 3U)                  /*!< SCB 
 703:Drivers/CMSIS/Include/core_cm7.h **** #define SCB_CFSR_UNSTKERR_Msk             (1UL << SCB_CFSR_UNSTKERR_Pos)                  /*!< SCB 
 704:Drivers/CMSIS/Include/core_cm7.h **** 
 705:Drivers/CMSIS/Include/core_cm7.h **** #define SCB_CFSR_IMPRECISERR_Pos          (SCB_CFSR_BUSFAULTSR_Pos + 2U)                  /*!< SCB 
 706:Drivers/CMSIS/Include/core_cm7.h **** #define SCB_CFSR_IMPRECISERR_Msk          (1UL << SCB_CFSR_IMPRECISERR_Pos)               /*!< SCB 
 707:Drivers/CMSIS/Include/core_cm7.h **** 
 708:Drivers/CMSIS/Include/core_cm7.h **** #define SCB_CFSR_PRECISERR_Pos            (SCB_CFSR_BUSFAULTSR_Pos + 1U)                  /*!< SCB 
 709:Drivers/CMSIS/Include/core_cm7.h **** #define SCB_CFSR_PRECISERR_Msk            (1UL << SCB_CFSR_PRECISERR_Pos)                 /*!< SCB 
 710:Drivers/CMSIS/Include/core_cm7.h **** 
 711:Drivers/CMSIS/Include/core_cm7.h **** #define SCB_CFSR_IBUSERR_Pos              (SCB_CFSR_BUSFAULTSR_Pos + 0U)                  /*!< SCB 
 712:Drivers/CMSIS/Include/core_cm7.h **** #define SCB_CFSR_IBUSERR_Msk              (1UL << SCB_CFSR_IBUSERR_Pos)                   /*!< SCB 
 713:Drivers/CMSIS/Include/core_cm7.h **** 
 714:Drivers/CMSIS/Include/core_cm7.h **** /* UsageFault Status Register (part of SCB Configurable Fault Status Register) */
 715:Drivers/CMSIS/Include/core_cm7.h **** #define SCB_CFSR_DIVBYZERO_Pos            (SCB_CFSR_USGFAULTSR_Pos + 9U)                  /*!< SCB 
 716:Drivers/CMSIS/Include/core_cm7.h **** #define SCB_CFSR_DIVBYZERO_Msk            (1UL << SCB_CFSR_DIVBYZERO_Pos)                 /*!< SCB 
 717:Drivers/CMSIS/Include/core_cm7.h **** 
 718:Drivers/CMSIS/Include/core_cm7.h **** #define SCB_CFSR_UNALIGNED_Pos            (SCB_CFSR_USGFAULTSR_Pos + 8U)                  /*!< SCB 
 719:Drivers/CMSIS/Include/core_cm7.h **** #define SCB_CFSR_UNALIGNED_Msk            (1UL << SCB_CFSR_UNALIGNED_Pos)                 /*!< SCB 
 720:Drivers/CMSIS/Include/core_cm7.h **** 
 721:Drivers/CMSIS/Include/core_cm7.h **** #define SCB_CFSR_NOCP_Pos                 (SCB_CFSR_USGFAULTSR_Pos + 3U)                  /*!< SCB 
 722:Drivers/CMSIS/Include/core_cm7.h **** #define SCB_CFSR_NOCP_Msk                 (1UL << SCB_CFSR_NOCP_Pos)                      /*!< SCB 
 723:Drivers/CMSIS/Include/core_cm7.h **** 
 724:Drivers/CMSIS/Include/core_cm7.h **** #define SCB_CFSR_INVPC_Pos                (SCB_CFSR_USGFAULTSR_Pos + 2U)                  /*!< SCB 
 725:Drivers/CMSIS/Include/core_cm7.h **** #define SCB_CFSR_INVPC_Msk                (1UL << SCB_CFSR_INVPC_Pos)                     /*!< SCB 
 726:Drivers/CMSIS/Include/core_cm7.h **** 
 727:Drivers/CMSIS/Include/core_cm7.h **** #define SCB_CFSR_INVSTATE_Pos             (SCB_CFSR_USGFAULTSR_Pos + 1U)                  /*!< SCB 
 728:Drivers/CMSIS/Include/core_cm7.h **** #define SCB_CFSR_INVSTATE_Msk             (1UL << SCB_CFSR_INVSTATE_Pos)                  /*!< SCB 
 729:Drivers/CMSIS/Include/core_cm7.h **** 
ARM GAS  C:\Users\nicx5\AppData\Local\Temp\cclEOOYD.s 			page 62


 730:Drivers/CMSIS/Include/core_cm7.h **** #define SCB_CFSR_UNDEFINSTR_Pos           (SCB_CFSR_USGFAULTSR_Pos + 0U)                  /*!< SCB 
 731:Drivers/CMSIS/Include/core_cm7.h **** #define SCB_CFSR_UNDEFINSTR_Msk           (1UL << SCB_CFSR_UNDEFINSTR_Pos)                /*!< SCB 
 732:Drivers/CMSIS/Include/core_cm7.h **** 
 733:Drivers/CMSIS/Include/core_cm7.h **** /* SCB Hard Fault Status Register Definitions */
 734:Drivers/CMSIS/Include/core_cm7.h **** #define SCB_HFSR_DEBUGEVT_Pos              31U                                            /*!< SCB 
 735:Drivers/CMSIS/Include/core_cm7.h **** #define SCB_HFSR_DEBUGEVT_Msk              (1UL << SCB_HFSR_DEBUGEVT_Pos)                 /*!< SCB 
 736:Drivers/CMSIS/Include/core_cm7.h **** 
 737:Drivers/CMSIS/Include/core_cm7.h **** #define SCB_HFSR_FORCED_Pos                30U                                            /*!< SCB 
 738:Drivers/CMSIS/Include/core_cm7.h **** #define SCB_HFSR_FORCED_Msk                (1UL << SCB_HFSR_FORCED_Pos)                   /*!< SCB 
 739:Drivers/CMSIS/Include/core_cm7.h **** 
 740:Drivers/CMSIS/Include/core_cm7.h **** #define SCB_HFSR_VECTTBL_Pos                1U                                            /*!< SCB 
 741:Drivers/CMSIS/Include/core_cm7.h **** #define SCB_HFSR_VECTTBL_Msk               (1UL << SCB_HFSR_VECTTBL_Pos)                  /*!< SCB 
 742:Drivers/CMSIS/Include/core_cm7.h **** 
 743:Drivers/CMSIS/Include/core_cm7.h **** /* SCB Debug Fault Status Register Definitions */
 744:Drivers/CMSIS/Include/core_cm7.h **** #define SCB_DFSR_EXTERNAL_Pos               4U                                            /*!< SCB 
 745:Drivers/CMSIS/Include/core_cm7.h **** #define SCB_DFSR_EXTERNAL_Msk              (1UL << SCB_DFSR_EXTERNAL_Pos)                 /*!< SCB 
 746:Drivers/CMSIS/Include/core_cm7.h **** 
 747:Drivers/CMSIS/Include/core_cm7.h **** #define SCB_DFSR_VCATCH_Pos                 3U                                            /*!< SCB 
 748:Drivers/CMSIS/Include/core_cm7.h **** #define SCB_DFSR_VCATCH_Msk                (1UL << SCB_DFSR_VCATCH_Pos)                   /*!< SCB 
 749:Drivers/CMSIS/Include/core_cm7.h **** 
 750:Drivers/CMSIS/Include/core_cm7.h **** #define SCB_DFSR_DWTTRAP_Pos                2U                                            /*!< SCB 
 751:Drivers/CMSIS/Include/core_cm7.h **** #define SCB_DFSR_DWTTRAP_Msk               (1UL << SCB_DFSR_DWTTRAP_Pos)                  /*!< SCB 
 752:Drivers/CMSIS/Include/core_cm7.h **** 
 753:Drivers/CMSIS/Include/core_cm7.h **** #define SCB_DFSR_BKPT_Pos                   1U                                            /*!< SCB 
 754:Drivers/CMSIS/Include/core_cm7.h **** #define SCB_DFSR_BKPT_Msk                  (1UL << SCB_DFSR_BKPT_Pos)                     /*!< SCB 
 755:Drivers/CMSIS/Include/core_cm7.h **** 
 756:Drivers/CMSIS/Include/core_cm7.h **** #define SCB_DFSR_HALTED_Pos                 0U                                            /*!< SCB 
 757:Drivers/CMSIS/Include/core_cm7.h **** #define SCB_DFSR_HALTED_Msk                (1UL /*<< SCB_DFSR_HALTED_Pos*/)               /*!< SCB 
 758:Drivers/CMSIS/Include/core_cm7.h **** 
 759:Drivers/CMSIS/Include/core_cm7.h **** /* SCB Cache Level ID Register Definitions */
 760:Drivers/CMSIS/Include/core_cm7.h **** #define SCB_CLIDR_LOUU_Pos                 27U                                            /*!< SCB 
 761:Drivers/CMSIS/Include/core_cm7.h **** #define SCB_CLIDR_LOUU_Msk                 (7UL << SCB_CLIDR_LOUU_Pos)                    /*!< SCB 
 762:Drivers/CMSIS/Include/core_cm7.h **** 
 763:Drivers/CMSIS/Include/core_cm7.h **** #define SCB_CLIDR_LOC_Pos                  24U                                            /*!< SCB 
 764:Drivers/CMSIS/Include/core_cm7.h **** #define SCB_CLIDR_LOC_Msk                  (7UL << SCB_CLIDR_LOC_Pos)                     /*!< SCB 
 765:Drivers/CMSIS/Include/core_cm7.h **** 
 766:Drivers/CMSIS/Include/core_cm7.h **** /* SCB Cache Type Register Definitions */
 767:Drivers/CMSIS/Include/core_cm7.h **** #define SCB_CTR_FORMAT_Pos                 29U                                            /*!< SCB 
 768:Drivers/CMSIS/Include/core_cm7.h **** #define SCB_CTR_FORMAT_Msk                 (7UL << SCB_CTR_FORMAT_Pos)                    /*!< SCB 
 769:Drivers/CMSIS/Include/core_cm7.h **** 
 770:Drivers/CMSIS/Include/core_cm7.h **** #define SCB_CTR_CWG_Pos                    24U                                            /*!< SCB 
 771:Drivers/CMSIS/Include/core_cm7.h **** #define SCB_CTR_CWG_Msk                    (0xFUL << SCB_CTR_CWG_Pos)                     /*!< SCB 
 772:Drivers/CMSIS/Include/core_cm7.h **** 
 773:Drivers/CMSIS/Include/core_cm7.h **** #define SCB_CTR_ERG_Pos                    20U                                            /*!< SCB 
 774:Drivers/CMSIS/Include/core_cm7.h **** #define SCB_CTR_ERG_Msk                    (0xFUL << SCB_CTR_ERG_Pos)                     /*!< SCB 
 775:Drivers/CMSIS/Include/core_cm7.h **** 
 776:Drivers/CMSIS/Include/core_cm7.h **** #define SCB_CTR_DMINLINE_Pos               16U                                            /*!< SCB 
 777:Drivers/CMSIS/Include/core_cm7.h **** #define SCB_CTR_DMINLINE_Msk               (0xFUL << SCB_CTR_DMINLINE_Pos)                /*!< SCB 
 778:Drivers/CMSIS/Include/core_cm7.h **** 
 779:Drivers/CMSIS/Include/core_cm7.h **** #define SCB_CTR_IMINLINE_Pos                0U                                            /*!< SCB 
 780:Drivers/CMSIS/Include/core_cm7.h **** #define SCB_CTR_IMINLINE_Msk               (0xFUL /*<< SCB_CTR_IMINLINE_Pos*/)            /*!< SCB 
 781:Drivers/CMSIS/Include/core_cm7.h **** 
 782:Drivers/CMSIS/Include/core_cm7.h **** /* SCB Cache Size ID Register Definitions */
 783:Drivers/CMSIS/Include/core_cm7.h **** #define SCB_CCSIDR_WT_Pos                  31U                                            /*!< SCB 
 784:Drivers/CMSIS/Include/core_cm7.h **** #define SCB_CCSIDR_WT_Msk                  (1UL << SCB_CCSIDR_WT_Pos)                     /*!< SCB 
 785:Drivers/CMSIS/Include/core_cm7.h **** 
 786:Drivers/CMSIS/Include/core_cm7.h **** #define SCB_CCSIDR_WB_Pos                  30U                                            /*!< SCB 
ARM GAS  C:\Users\nicx5\AppData\Local\Temp\cclEOOYD.s 			page 63


 787:Drivers/CMSIS/Include/core_cm7.h **** #define SCB_CCSIDR_WB_Msk                  (1UL << SCB_CCSIDR_WB_Pos)                     /*!< SCB 
 788:Drivers/CMSIS/Include/core_cm7.h **** 
 789:Drivers/CMSIS/Include/core_cm7.h **** #define SCB_CCSIDR_RA_Pos                  29U                                            /*!< SCB 
 790:Drivers/CMSIS/Include/core_cm7.h **** #define SCB_CCSIDR_RA_Msk                  (1UL << SCB_CCSIDR_RA_Pos)                     /*!< SCB 
 791:Drivers/CMSIS/Include/core_cm7.h **** 
 792:Drivers/CMSIS/Include/core_cm7.h **** #define SCB_CCSIDR_WA_Pos                  28U                                            /*!< SCB 
 793:Drivers/CMSIS/Include/core_cm7.h **** #define SCB_CCSIDR_WA_Msk                  (1UL << SCB_CCSIDR_WA_Pos)                     /*!< SCB 
 794:Drivers/CMSIS/Include/core_cm7.h **** 
 795:Drivers/CMSIS/Include/core_cm7.h **** #define SCB_CCSIDR_NUMSETS_Pos             13U                                            /*!< SCB 
 796:Drivers/CMSIS/Include/core_cm7.h **** #define SCB_CCSIDR_NUMSETS_Msk             (0x7FFFUL << SCB_CCSIDR_NUMSETS_Pos)           /*!< SCB 
 797:Drivers/CMSIS/Include/core_cm7.h **** 
 798:Drivers/CMSIS/Include/core_cm7.h **** #define SCB_CCSIDR_ASSOCIATIVITY_Pos        3U                                            /*!< SCB 
 799:Drivers/CMSIS/Include/core_cm7.h **** #define SCB_CCSIDR_ASSOCIATIVITY_Msk       (0x3FFUL << SCB_CCSIDR_ASSOCIATIVITY_Pos)      /*!< SCB 
 800:Drivers/CMSIS/Include/core_cm7.h **** 
 801:Drivers/CMSIS/Include/core_cm7.h **** #define SCB_CCSIDR_LINESIZE_Pos             0U                                            /*!< SCB 
 802:Drivers/CMSIS/Include/core_cm7.h **** #define SCB_CCSIDR_LINESIZE_Msk            (7UL /*<< SCB_CCSIDR_LINESIZE_Pos*/)           /*!< SCB 
 803:Drivers/CMSIS/Include/core_cm7.h **** 
 804:Drivers/CMSIS/Include/core_cm7.h **** /* SCB Cache Size Selection Register Definitions */
 805:Drivers/CMSIS/Include/core_cm7.h **** #define SCB_CSSELR_LEVEL_Pos                1U                                            /*!< SCB 
 806:Drivers/CMSIS/Include/core_cm7.h **** #define SCB_CSSELR_LEVEL_Msk               (7UL << SCB_CSSELR_LEVEL_Pos)                  /*!< SCB 
 807:Drivers/CMSIS/Include/core_cm7.h **** 
 808:Drivers/CMSIS/Include/core_cm7.h **** #define SCB_CSSELR_IND_Pos                  0U                                            /*!< SCB 
 809:Drivers/CMSIS/Include/core_cm7.h **** #define SCB_CSSELR_IND_Msk                 (1UL /*<< SCB_CSSELR_IND_Pos*/)                /*!< SCB 
 810:Drivers/CMSIS/Include/core_cm7.h **** 
 811:Drivers/CMSIS/Include/core_cm7.h **** /* SCB Software Triggered Interrupt Register Definitions */
 812:Drivers/CMSIS/Include/core_cm7.h **** #define SCB_STIR_INTID_Pos                  0U                                            /*!< SCB 
 813:Drivers/CMSIS/Include/core_cm7.h **** #define SCB_STIR_INTID_Msk                 (0x1FFUL /*<< SCB_STIR_INTID_Pos*/)            /*!< SCB 
 814:Drivers/CMSIS/Include/core_cm7.h **** 
 815:Drivers/CMSIS/Include/core_cm7.h **** /* SCB D-Cache Invalidate by Set-way Register Definitions */
 816:Drivers/CMSIS/Include/core_cm7.h **** #define SCB_DCISW_WAY_Pos                  30U                                            /*!< SCB 
 817:Drivers/CMSIS/Include/core_cm7.h **** #define SCB_DCISW_WAY_Msk                  (3UL << SCB_DCISW_WAY_Pos)                     /*!< SCB 
 818:Drivers/CMSIS/Include/core_cm7.h **** 
 819:Drivers/CMSIS/Include/core_cm7.h **** #define SCB_DCISW_SET_Pos                   5U                                            /*!< SCB 
 820:Drivers/CMSIS/Include/core_cm7.h **** #define SCB_DCISW_SET_Msk                  (0x1FFUL << SCB_DCISW_SET_Pos)                 /*!< SCB 
 821:Drivers/CMSIS/Include/core_cm7.h **** 
 822:Drivers/CMSIS/Include/core_cm7.h **** /* SCB D-Cache Clean by Set-way Register Definitions */
 823:Drivers/CMSIS/Include/core_cm7.h **** #define SCB_DCCSW_WAY_Pos                  30U                                            /*!< SCB 
 824:Drivers/CMSIS/Include/core_cm7.h **** #define SCB_DCCSW_WAY_Msk                  (3UL << SCB_DCCSW_WAY_Pos)                     /*!< SCB 
 825:Drivers/CMSIS/Include/core_cm7.h **** 
 826:Drivers/CMSIS/Include/core_cm7.h **** #define SCB_DCCSW_SET_Pos                   5U                                            /*!< SCB 
 827:Drivers/CMSIS/Include/core_cm7.h **** #define SCB_DCCSW_SET_Msk                  (0x1FFUL << SCB_DCCSW_SET_Pos)                 /*!< SCB 
 828:Drivers/CMSIS/Include/core_cm7.h **** 
 829:Drivers/CMSIS/Include/core_cm7.h **** /* SCB D-Cache Clean and Invalidate by Set-way Register Definitions */
 830:Drivers/CMSIS/Include/core_cm7.h **** #define SCB_DCCISW_WAY_Pos                 30U                                            /*!< SCB 
 831:Drivers/CMSIS/Include/core_cm7.h **** #define SCB_DCCISW_WAY_Msk                 (3UL << SCB_DCCISW_WAY_Pos)                    /*!< SCB 
 832:Drivers/CMSIS/Include/core_cm7.h **** 
 833:Drivers/CMSIS/Include/core_cm7.h **** #define SCB_DCCISW_SET_Pos                  5U                                            /*!< SCB 
 834:Drivers/CMSIS/Include/core_cm7.h **** #define SCB_DCCISW_SET_Msk                 (0x1FFUL << SCB_DCCISW_SET_Pos)                /*!< SCB 
 835:Drivers/CMSIS/Include/core_cm7.h **** 
 836:Drivers/CMSIS/Include/core_cm7.h **** /* Instruction Tightly-Coupled Memory Control Register Definitions */
 837:Drivers/CMSIS/Include/core_cm7.h **** #define SCB_ITCMCR_SZ_Pos                   3U                                            /*!< SCB 
 838:Drivers/CMSIS/Include/core_cm7.h **** #define SCB_ITCMCR_SZ_Msk                  (0xFUL << SCB_ITCMCR_SZ_Pos)                   /*!< SCB 
 839:Drivers/CMSIS/Include/core_cm7.h **** 
 840:Drivers/CMSIS/Include/core_cm7.h **** #define SCB_ITCMCR_RETEN_Pos                2U                                            /*!< SCB 
 841:Drivers/CMSIS/Include/core_cm7.h **** #define SCB_ITCMCR_RETEN_Msk               (1UL << SCB_ITCMCR_RETEN_Pos)                  /*!< SCB 
 842:Drivers/CMSIS/Include/core_cm7.h **** 
 843:Drivers/CMSIS/Include/core_cm7.h **** #define SCB_ITCMCR_RMW_Pos                  1U                                            /*!< SCB 
ARM GAS  C:\Users\nicx5\AppData\Local\Temp\cclEOOYD.s 			page 64


 844:Drivers/CMSIS/Include/core_cm7.h **** #define SCB_ITCMCR_RMW_Msk                 (1UL << SCB_ITCMCR_RMW_Pos)                    /*!< SCB 
 845:Drivers/CMSIS/Include/core_cm7.h **** 
 846:Drivers/CMSIS/Include/core_cm7.h **** #define SCB_ITCMCR_EN_Pos                   0U                                            /*!< SCB 
 847:Drivers/CMSIS/Include/core_cm7.h **** #define SCB_ITCMCR_EN_Msk                  (1UL /*<< SCB_ITCMCR_EN_Pos*/)                 /*!< SCB 
 848:Drivers/CMSIS/Include/core_cm7.h **** 
 849:Drivers/CMSIS/Include/core_cm7.h **** /* Data Tightly-Coupled Memory Control Register Definitions */
 850:Drivers/CMSIS/Include/core_cm7.h **** #define SCB_DTCMCR_SZ_Pos                   3U                                            /*!< SCB 
 851:Drivers/CMSIS/Include/core_cm7.h **** #define SCB_DTCMCR_SZ_Msk                  (0xFUL << SCB_DTCMCR_SZ_Pos)                   /*!< SCB 
 852:Drivers/CMSIS/Include/core_cm7.h **** 
 853:Drivers/CMSIS/Include/core_cm7.h **** #define SCB_DTCMCR_RETEN_Pos                2U                                            /*!< SCB 
 854:Drivers/CMSIS/Include/core_cm7.h **** #define SCB_DTCMCR_RETEN_Msk               (1UL << SCB_DTCMCR_RETEN_Pos)                   /*!< SCB
 855:Drivers/CMSIS/Include/core_cm7.h **** 
 856:Drivers/CMSIS/Include/core_cm7.h **** #define SCB_DTCMCR_RMW_Pos                  1U                                            /*!< SCB 
 857:Drivers/CMSIS/Include/core_cm7.h **** #define SCB_DTCMCR_RMW_Msk                 (1UL << SCB_DTCMCR_RMW_Pos)                    /*!< SCB 
 858:Drivers/CMSIS/Include/core_cm7.h **** 
 859:Drivers/CMSIS/Include/core_cm7.h **** #define SCB_DTCMCR_EN_Pos                   0U                                            /*!< SCB 
 860:Drivers/CMSIS/Include/core_cm7.h **** #define SCB_DTCMCR_EN_Msk                  (1UL /*<< SCB_DTCMCR_EN_Pos*/)                 /*!< SCB 
 861:Drivers/CMSIS/Include/core_cm7.h **** 
 862:Drivers/CMSIS/Include/core_cm7.h **** /* AHBP Control Register Definitions */
 863:Drivers/CMSIS/Include/core_cm7.h **** #define SCB_AHBPCR_SZ_Pos                   1U                                            /*!< SCB 
 864:Drivers/CMSIS/Include/core_cm7.h **** #define SCB_AHBPCR_SZ_Msk                  (7UL << SCB_AHBPCR_SZ_Pos)                     /*!< SCB 
 865:Drivers/CMSIS/Include/core_cm7.h **** 
 866:Drivers/CMSIS/Include/core_cm7.h **** #define SCB_AHBPCR_EN_Pos                   0U                                            /*!< SCB 
 867:Drivers/CMSIS/Include/core_cm7.h **** #define SCB_AHBPCR_EN_Msk                  (1UL /*<< SCB_AHBPCR_EN_Pos*/)                 /*!< SCB 
 868:Drivers/CMSIS/Include/core_cm7.h **** 
 869:Drivers/CMSIS/Include/core_cm7.h **** /* L1 Cache Control Register Definitions */
 870:Drivers/CMSIS/Include/core_cm7.h **** #define SCB_CACR_FORCEWT_Pos                2U                                            /*!< SCB 
 871:Drivers/CMSIS/Include/core_cm7.h **** #define SCB_CACR_FORCEWT_Msk               (1UL << SCB_CACR_FORCEWT_Pos)                  /*!< SCB 
 872:Drivers/CMSIS/Include/core_cm7.h **** 
 873:Drivers/CMSIS/Include/core_cm7.h **** #define SCB_CACR_ECCEN_Pos                  1U                                            /*!< SCB 
 874:Drivers/CMSIS/Include/core_cm7.h **** #define SCB_CACR_ECCEN_Msk                 (1UL << SCB_CACR_ECCEN_Pos)                    /*!< SCB 
 875:Drivers/CMSIS/Include/core_cm7.h **** 
 876:Drivers/CMSIS/Include/core_cm7.h **** #define SCB_CACR_SIWT_Pos                   0U                                            /*!< SCB 
 877:Drivers/CMSIS/Include/core_cm7.h **** #define SCB_CACR_SIWT_Msk                  (1UL /*<< SCB_CACR_SIWT_Pos*/)                 /*!< SCB 
 878:Drivers/CMSIS/Include/core_cm7.h **** 
 879:Drivers/CMSIS/Include/core_cm7.h **** /* AHBS Control Register Definitions */
 880:Drivers/CMSIS/Include/core_cm7.h **** #define SCB_AHBSCR_INITCOUNT_Pos           11U                                            /*!< SCB 
 881:Drivers/CMSIS/Include/core_cm7.h **** #define SCB_AHBSCR_INITCOUNT_Msk           (0x1FUL << SCB_AHBPCR_INITCOUNT_Pos)           /*!< SCB 
 882:Drivers/CMSIS/Include/core_cm7.h **** 
 883:Drivers/CMSIS/Include/core_cm7.h **** #define SCB_AHBSCR_TPRI_Pos                 2U                                            /*!< SCB 
 884:Drivers/CMSIS/Include/core_cm7.h **** #define SCB_AHBSCR_TPRI_Msk                (0x1FFUL << SCB_AHBPCR_TPRI_Pos)               /*!< SCB 
 885:Drivers/CMSIS/Include/core_cm7.h **** 
 886:Drivers/CMSIS/Include/core_cm7.h **** #define SCB_AHBSCR_CTL_Pos                  0U                                            /*!< SCB 
 887:Drivers/CMSIS/Include/core_cm7.h **** #define SCB_AHBSCR_CTL_Msk                 (3UL /*<< SCB_AHBPCR_CTL_Pos*/)                /*!< SCB 
 888:Drivers/CMSIS/Include/core_cm7.h **** 
 889:Drivers/CMSIS/Include/core_cm7.h **** /* Auxiliary Bus Fault Status Register Definitions */
 890:Drivers/CMSIS/Include/core_cm7.h **** #define SCB_ABFSR_AXIMTYPE_Pos              8U                                            /*!< SCB 
 891:Drivers/CMSIS/Include/core_cm7.h **** #define SCB_ABFSR_AXIMTYPE_Msk             (3UL << SCB_ABFSR_AXIMTYPE_Pos)                /*!< SCB 
 892:Drivers/CMSIS/Include/core_cm7.h **** 
 893:Drivers/CMSIS/Include/core_cm7.h **** #define SCB_ABFSR_EPPB_Pos                  4U                                            /*!< SCB 
 894:Drivers/CMSIS/Include/core_cm7.h **** #define SCB_ABFSR_EPPB_Msk                 (1UL << SCB_ABFSR_EPPB_Pos)                    /*!< SCB 
 895:Drivers/CMSIS/Include/core_cm7.h **** 
 896:Drivers/CMSIS/Include/core_cm7.h **** #define SCB_ABFSR_AXIM_Pos                  3U                                            /*!< SCB 
 897:Drivers/CMSIS/Include/core_cm7.h **** #define SCB_ABFSR_AXIM_Msk                 (1UL << SCB_ABFSR_AXIM_Pos)                    /*!< SCB 
 898:Drivers/CMSIS/Include/core_cm7.h **** 
 899:Drivers/CMSIS/Include/core_cm7.h **** #define SCB_ABFSR_AHBP_Pos                  2U                                            /*!< SCB 
 900:Drivers/CMSIS/Include/core_cm7.h **** #define SCB_ABFSR_AHBP_Msk                 (1UL << SCB_ABFSR_AHBP_Pos)                    /*!< SCB 
ARM GAS  C:\Users\nicx5\AppData\Local\Temp\cclEOOYD.s 			page 65


 901:Drivers/CMSIS/Include/core_cm7.h **** 
 902:Drivers/CMSIS/Include/core_cm7.h **** #define SCB_ABFSR_DTCM_Pos                  1U                                            /*!< SCB 
 903:Drivers/CMSIS/Include/core_cm7.h **** #define SCB_ABFSR_DTCM_Msk                 (1UL << SCB_ABFSR_DTCM_Pos)                    /*!< SCB 
 904:Drivers/CMSIS/Include/core_cm7.h **** 
 905:Drivers/CMSIS/Include/core_cm7.h **** #define SCB_ABFSR_ITCM_Pos                  0U                                            /*!< SCB 
 906:Drivers/CMSIS/Include/core_cm7.h **** #define SCB_ABFSR_ITCM_Msk                 (1UL /*<< SCB_ABFSR_ITCM_Pos*/)                /*!< SCB 
 907:Drivers/CMSIS/Include/core_cm7.h **** 
 908:Drivers/CMSIS/Include/core_cm7.h **** /*@} end of group CMSIS_SCB */
 909:Drivers/CMSIS/Include/core_cm7.h **** 
 910:Drivers/CMSIS/Include/core_cm7.h **** 
 911:Drivers/CMSIS/Include/core_cm7.h **** /**
 912:Drivers/CMSIS/Include/core_cm7.h ****   \ingroup  CMSIS_core_register
 913:Drivers/CMSIS/Include/core_cm7.h ****   \defgroup CMSIS_SCnSCB System Controls not in SCB (SCnSCB)
 914:Drivers/CMSIS/Include/core_cm7.h ****   \brief    Type definitions for the System Control and ID Register not in the SCB
 915:Drivers/CMSIS/Include/core_cm7.h ****   @{
 916:Drivers/CMSIS/Include/core_cm7.h ****  */
 917:Drivers/CMSIS/Include/core_cm7.h **** 
 918:Drivers/CMSIS/Include/core_cm7.h **** /**
 919:Drivers/CMSIS/Include/core_cm7.h ****   \brief  Structure type to access the System Control and ID Register not in the SCB.
 920:Drivers/CMSIS/Include/core_cm7.h ****  */
 921:Drivers/CMSIS/Include/core_cm7.h **** typedef struct
 922:Drivers/CMSIS/Include/core_cm7.h **** {
 923:Drivers/CMSIS/Include/core_cm7.h ****         uint32_t RESERVED0[1U];
 924:Drivers/CMSIS/Include/core_cm7.h ****   __IM  uint32_t ICTR;                   /*!< Offset: 0x004 (R/ )  Interrupt Controller Type Regist
 925:Drivers/CMSIS/Include/core_cm7.h ****   __IOM uint32_t ACTLR;                  /*!< Offset: 0x008 (R/W)  Auxiliary Control Register */
 926:Drivers/CMSIS/Include/core_cm7.h **** } SCnSCB_Type;
 927:Drivers/CMSIS/Include/core_cm7.h **** 
 928:Drivers/CMSIS/Include/core_cm7.h **** /* Interrupt Controller Type Register Definitions */
 929:Drivers/CMSIS/Include/core_cm7.h **** #define SCnSCB_ICTR_INTLINESNUM_Pos         0U                                         /*!< ICTR: I
 930:Drivers/CMSIS/Include/core_cm7.h **** #define SCnSCB_ICTR_INTLINESNUM_Msk        (0xFUL /*<< SCnSCB_ICTR_INTLINESNUM_Pos*/)  /*!< ICTR: I
 931:Drivers/CMSIS/Include/core_cm7.h **** 
 932:Drivers/CMSIS/Include/core_cm7.h **** /* Auxiliary Control Register Definitions */
 933:Drivers/CMSIS/Include/core_cm7.h **** #define SCnSCB_ACTLR_DISDYNADD_Pos         26U                                         /*!< ACTLR: 
 934:Drivers/CMSIS/Include/core_cm7.h **** #define SCnSCB_ACTLR_DISDYNADD_Msk         (1UL << SCnSCB_ACTLR_DISDYNADD_Pos)         /*!< ACTLR: 
 935:Drivers/CMSIS/Include/core_cm7.h **** 
 936:Drivers/CMSIS/Include/core_cm7.h **** #define SCnSCB_ACTLR_DISISSCH1_Pos         21U                                         /*!< ACTLR: 
 937:Drivers/CMSIS/Include/core_cm7.h **** #define SCnSCB_ACTLR_DISISSCH1_Msk         (0x1FUL << SCnSCB_ACTLR_DISISSCH1_Pos)      /*!< ACTLR: 
 938:Drivers/CMSIS/Include/core_cm7.h **** 
 939:Drivers/CMSIS/Include/core_cm7.h **** #define SCnSCB_ACTLR_DISDI_Pos             16U                                         /*!< ACTLR: 
 940:Drivers/CMSIS/Include/core_cm7.h **** #define SCnSCB_ACTLR_DISDI_Msk             (0x1FUL << SCnSCB_ACTLR_DISDI_Pos)          /*!< ACTLR: 
 941:Drivers/CMSIS/Include/core_cm7.h **** 
 942:Drivers/CMSIS/Include/core_cm7.h **** #define SCnSCB_ACTLR_DISCRITAXIRUR_Pos     15U                                         /*!< ACTLR: 
 943:Drivers/CMSIS/Include/core_cm7.h **** #define SCnSCB_ACTLR_DISCRITAXIRUR_Msk     (1UL << SCnSCB_ACTLR_DISCRITAXIRUR_Pos)     /*!< ACTLR: 
 944:Drivers/CMSIS/Include/core_cm7.h **** 
 945:Drivers/CMSIS/Include/core_cm7.h **** #define SCnSCB_ACTLR_DISBTACALLOC_Pos      14U                                         /*!< ACTLR: 
 946:Drivers/CMSIS/Include/core_cm7.h **** #define SCnSCB_ACTLR_DISBTACALLOC_Msk      (1UL << SCnSCB_ACTLR_DISBTACALLOC_Pos)      /*!< ACTLR: 
 947:Drivers/CMSIS/Include/core_cm7.h **** 
 948:Drivers/CMSIS/Include/core_cm7.h **** #define SCnSCB_ACTLR_DISBTACREAD_Pos       13U                                         /*!< ACTLR: 
 949:Drivers/CMSIS/Include/core_cm7.h **** #define SCnSCB_ACTLR_DISBTACREAD_Msk       (1UL << SCnSCB_ACTLR_DISBTACREAD_Pos)       /*!< ACTLR: 
 950:Drivers/CMSIS/Include/core_cm7.h **** 
 951:Drivers/CMSIS/Include/core_cm7.h **** #define SCnSCB_ACTLR_DISITMATBFLUSH_Pos    12U                                         /*!< ACTLR: 
 952:Drivers/CMSIS/Include/core_cm7.h **** #define SCnSCB_ACTLR_DISITMATBFLUSH_Msk    (1UL << SCnSCB_ACTLR_DISITMATBFLUSH_Pos)    /*!< ACTLR: 
 953:Drivers/CMSIS/Include/core_cm7.h **** 
 954:Drivers/CMSIS/Include/core_cm7.h **** #define SCnSCB_ACTLR_DISRAMODE_Pos         11U                                         /*!< ACTLR: 
 955:Drivers/CMSIS/Include/core_cm7.h **** #define SCnSCB_ACTLR_DISRAMODE_Msk         (1UL << SCnSCB_ACTLR_DISRAMODE_Pos)         /*!< ACTLR: 
 956:Drivers/CMSIS/Include/core_cm7.h **** 
 957:Drivers/CMSIS/Include/core_cm7.h **** #define SCnSCB_ACTLR_FPEXCODIS_Pos         10U                                         /*!< ACTLR: 
ARM GAS  C:\Users\nicx5\AppData\Local\Temp\cclEOOYD.s 			page 66


 958:Drivers/CMSIS/Include/core_cm7.h **** #define SCnSCB_ACTLR_FPEXCODIS_Msk         (1UL << SCnSCB_ACTLR_FPEXCODIS_Pos)         /*!< ACTLR: 
 959:Drivers/CMSIS/Include/core_cm7.h **** 
 960:Drivers/CMSIS/Include/core_cm7.h **** #define SCnSCB_ACTLR_DISFOLD_Pos            2U                                         /*!< ACTLR: 
 961:Drivers/CMSIS/Include/core_cm7.h **** #define SCnSCB_ACTLR_DISFOLD_Msk           (1UL << SCnSCB_ACTLR_DISFOLD_Pos)           /*!< ACTLR: 
 962:Drivers/CMSIS/Include/core_cm7.h **** 
 963:Drivers/CMSIS/Include/core_cm7.h **** #define SCnSCB_ACTLR_DISMCYCINT_Pos         0U                                         /*!< ACTLR: 
 964:Drivers/CMSIS/Include/core_cm7.h **** #define SCnSCB_ACTLR_DISMCYCINT_Msk        (1UL /*<< SCnSCB_ACTLR_DISMCYCINT_Pos*/)    /*!< ACTLR: 
 965:Drivers/CMSIS/Include/core_cm7.h **** 
 966:Drivers/CMSIS/Include/core_cm7.h **** /*@} end of group CMSIS_SCnotSCB */
 967:Drivers/CMSIS/Include/core_cm7.h **** 
 968:Drivers/CMSIS/Include/core_cm7.h **** 
 969:Drivers/CMSIS/Include/core_cm7.h **** /**
 970:Drivers/CMSIS/Include/core_cm7.h ****   \ingroup  CMSIS_core_register
 971:Drivers/CMSIS/Include/core_cm7.h ****   \defgroup CMSIS_SysTick     System Tick Timer (SysTick)
 972:Drivers/CMSIS/Include/core_cm7.h ****   \brief    Type definitions for the System Timer Registers.
 973:Drivers/CMSIS/Include/core_cm7.h ****   @{
 974:Drivers/CMSIS/Include/core_cm7.h ****  */
 975:Drivers/CMSIS/Include/core_cm7.h **** 
 976:Drivers/CMSIS/Include/core_cm7.h **** /**
 977:Drivers/CMSIS/Include/core_cm7.h ****   \brief  Structure type to access the System Timer (SysTick).
 978:Drivers/CMSIS/Include/core_cm7.h ****  */
 979:Drivers/CMSIS/Include/core_cm7.h **** typedef struct
 980:Drivers/CMSIS/Include/core_cm7.h **** {
 981:Drivers/CMSIS/Include/core_cm7.h ****   __IOM uint32_t CTRL;                   /*!< Offset: 0x000 (R/W)  SysTick Control and Status Regis
 982:Drivers/CMSIS/Include/core_cm7.h ****   __IOM uint32_t LOAD;                   /*!< Offset: 0x004 (R/W)  SysTick Reload Value Register */
 983:Drivers/CMSIS/Include/core_cm7.h ****   __IOM uint32_t VAL;                    /*!< Offset: 0x008 (R/W)  SysTick Current Value Register *
 984:Drivers/CMSIS/Include/core_cm7.h ****   __IM  uint32_t CALIB;                  /*!< Offset: 0x00C (R/ )  SysTick Calibration Register */
 985:Drivers/CMSIS/Include/core_cm7.h **** } SysTick_Type;
 986:Drivers/CMSIS/Include/core_cm7.h **** 
 987:Drivers/CMSIS/Include/core_cm7.h **** /* SysTick Control / Status Register Definitions */
 988:Drivers/CMSIS/Include/core_cm7.h **** #define SysTick_CTRL_COUNTFLAG_Pos         16U                                            /*!< SysT
 989:Drivers/CMSIS/Include/core_cm7.h **** #define SysTick_CTRL_COUNTFLAG_Msk         (1UL << SysTick_CTRL_COUNTFLAG_Pos)            /*!< SysT
 990:Drivers/CMSIS/Include/core_cm7.h **** 
 991:Drivers/CMSIS/Include/core_cm7.h **** #define SysTick_CTRL_CLKSOURCE_Pos          2U                                            /*!< SysT
 992:Drivers/CMSIS/Include/core_cm7.h **** #define SysTick_CTRL_CLKSOURCE_Msk         (1UL << SysTick_CTRL_CLKSOURCE_Pos)            /*!< SysT
 993:Drivers/CMSIS/Include/core_cm7.h **** 
 994:Drivers/CMSIS/Include/core_cm7.h **** #define SysTick_CTRL_TICKINT_Pos            1U                                            /*!< SysT
 995:Drivers/CMSIS/Include/core_cm7.h **** #define SysTick_CTRL_TICKINT_Msk           (1UL << SysTick_CTRL_TICKINT_Pos)              /*!< SysT
 996:Drivers/CMSIS/Include/core_cm7.h **** 
 997:Drivers/CMSIS/Include/core_cm7.h **** #define SysTick_CTRL_ENABLE_Pos             0U                                            /*!< SysT
 998:Drivers/CMSIS/Include/core_cm7.h **** #define SysTick_CTRL_ENABLE_Msk            (1UL /*<< SysTick_CTRL_ENABLE_Pos*/)           /*!< SysT
 999:Drivers/CMSIS/Include/core_cm7.h **** 
1000:Drivers/CMSIS/Include/core_cm7.h **** /* SysTick Reload Register Definitions */
1001:Drivers/CMSIS/Include/core_cm7.h **** #define SysTick_LOAD_RELOAD_Pos             0U                                            /*!< SysT
1002:Drivers/CMSIS/Include/core_cm7.h **** #define SysTick_LOAD_RELOAD_Msk            (0xFFFFFFUL /*<< SysTick_LOAD_RELOAD_Pos*/)    /*!< SysT
1003:Drivers/CMSIS/Include/core_cm7.h **** 
1004:Drivers/CMSIS/Include/core_cm7.h **** /* SysTick Current Register Definitions */
1005:Drivers/CMSIS/Include/core_cm7.h **** #define SysTick_VAL_CURRENT_Pos             0U                                            /*!< SysT
1006:Drivers/CMSIS/Include/core_cm7.h **** #define SysTick_VAL_CURRENT_Msk            (0xFFFFFFUL /*<< SysTick_VAL_CURRENT_Pos*/)    /*!< SysT
1007:Drivers/CMSIS/Include/core_cm7.h **** 
1008:Drivers/CMSIS/Include/core_cm7.h **** /* SysTick Calibration Register Definitions */
1009:Drivers/CMSIS/Include/core_cm7.h **** #define SysTick_CALIB_NOREF_Pos            31U                                            /*!< SysT
1010:Drivers/CMSIS/Include/core_cm7.h **** #define SysTick_CALIB_NOREF_Msk            (1UL << SysTick_CALIB_NOREF_Pos)               /*!< SysT
1011:Drivers/CMSIS/Include/core_cm7.h **** 
1012:Drivers/CMSIS/Include/core_cm7.h **** #define SysTick_CALIB_SKEW_Pos             30U                                            /*!< SysT
1013:Drivers/CMSIS/Include/core_cm7.h **** #define SysTick_CALIB_SKEW_Msk             (1UL << SysTick_CALIB_SKEW_Pos)                /*!< SysT
1014:Drivers/CMSIS/Include/core_cm7.h **** 
ARM GAS  C:\Users\nicx5\AppData\Local\Temp\cclEOOYD.s 			page 67


1015:Drivers/CMSIS/Include/core_cm7.h **** #define SysTick_CALIB_TENMS_Pos             0U                                            /*!< SysT
1016:Drivers/CMSIS/Include/core_cm7.h **** #define SysTick_CALIB_TENMS_Msk            (0xFFFFFFUL /*<< SysTick_CALIB_TENMS_Pos*/)    /*!< SysT
1017:Drivers/CMSIS/Include/core_cm7.h **** 
1018:Drivers/CMSIS/Include/core_cm7.h **** /*@} end of group CMSIS_SysTick */
1019:Drivers/CMSIS/Include/core_cm7.h **** 
1020:Drivers/CMSIS/Include/core_cm7.h **** 
1021:Drivers/CMSIS/Include/core_cm7.h **** /**
1022:Drivers/CMSIS/Include/core_cm7.h ****   \ingroup  CMSIS_core_register
1023:Drivers/CMSIS/Include/core_cm7.h ****   \defgroup CMSIS_ITM     Instrumentation Trace Macrocell (ITM)
1024:Drivers/CMSIS/Include/core_cm7.h ****   \brief    Type definitions for the Instrumentation Trace Macrocell (ITM)
1025:Drivers/CMSIS/Include/core_cm7.h ****   @{
1026:Drivers/CMSIS/Include/core_cm7.h ****  */
1027:Drivers/CMSIS/Include/core_cm7.h **** 
1028:Drivers/CMSIS/Include/core_cm7.h **** /**
1029:Drivers/CMSIS/Include/core_cm7.h ****   \brief  Structure type to access the Instrumentation Trace Macrocell Register (ITM).
1030:Drivers/CMSIS/Include/core_cm7.h ****  */
1031:Drivers/CMSIS/Include/core_cm7.h **** typedef struct
1032:Drivers/CMSIS/Include/core_cm7.h **** {
1033:Drivers/CMSIS/Include/core_cm7.h ****   __OM  union
1034:Drivers/CMSIS/Include/core_cm7.h ****   {
1035:Drivers/CMSIS/Include/core_cm7.h ****     __OM  uint8_t    u8;                 /*!< Offset: 0x000 ( /W)  ITM Stimulus Port 8-bit */
1036:Drivers/CMSIS/Include/core_cm7.h ****     __OM  uint16_t   u16;                /*!< Offset: 0x000 ( /W)  ITM Stimulus Port 16-bit */
1037:Drivers/CMSIS/Include/core_cm7.h ****     __OM  uint32_t   u32;                /*!< Offset: 0x000 ( /W)  ITM Stimulus Port 32-bit */
1038:Drivers/CMSIS/Include/core_cm7.h ****   }  PORT [32U];                         /*!< Offset: 0x000 ( /W)  ITM Stimulus Port Registers */
1039:Drivers/CMSIS/Include/core_cm7.h ****         uint32_t RESERVED0[864U];
1040:Drivers/CMSIS/Include/core_cm7.h ****   __IOM uint32_t TER;                    /*!< Offset: 0xE00 (R/W)  ITM Trace Enable Register */
1041:Drivers/CMSIS/Include/core_cm7.h ****         uint32_t RESERVED1[15U];
1042:Drivers/CMSIS/Include/core_cm7.h ****   __IOM uint32_t TPR;                    /*!< Offset: 0xE40 (R/W)  ITM Trace Privilege Register */
1043:Drivers/CMSIS/Include/core_cm7.h ****         uint32_t RESERVED2[15U];
1044:Drivers/CMSIS/Include/core_cm7.h ****   __IOM uint32_t TCR;                    /*!< Offset: 0xE80 (R/W)  ITM Trace Control Register */
1045:Drivers/CMSIS/Include/core_cm7.h ****         uint32_t RESERVED3[32U];
1046:Drivers/CMSIS/Include/core_cm7.h ****         uint32_t RESERVED4[43U];
1047:Drivers/CMSIS/Include/core_cm7.h ****   __OM  uint32_t LAR;                    /*!< Offset: 0xFB0 ( /W)  ITM Lock Access Register */
1048:Drivers/CMSIS/Include/core_cm7.h ****   __IM  uint32_t LSR;                    /*!< Offset: 0xFB4 (R/ )  ITM Lock Status Register */
1049:Drivers/CMSIS/Include/core_cm7.h ****         uint32_t RESERVED5[6U];
1050:Drivers/CMSIS/Include/core_cm7.h ****   __IM  uint32_t PID4;                   /*!< Offset: 0xFD0 (R/ )  ITM Peripheral Identification Re
1051:Drivers/CMSIS/Include/core_cm7.h ****   __IM  uint32_t PID5;                   /*!< Offset: 0xFD4 (R/ )  ITM Peripheral Identification Re
1052:Drivers/CMSIS/Include/core_cm7.h ****   __IM  uint32_t PID6;                   /*!< Offset: 0xFD8 (R/ )  ITM Peripheral Identification Re
1053:Drivers/CMSIS/Include/core_cm7.h ****   __IM  uint32_t PID7;                   /*!< Offset: 0xFDC (R/ )  ITM Peripheral Identification Re
1054:Drivers/CMSIS/Include/core_cm7.h ****   __IM  uint32_t PID0;                   /*!< Offset: 0xFE0 (R/ )  ITM Peripheral Identification Re
1055:Drivers/CMSIS/Include/core_cm7.h ****   __IM  uint32_t PID1;                   /*!< Offset: 0xFE4 (R/ )  ITM Peripheral Identification Re
1056:Drivers/CMSIS/Include/core_cm7.h ****   __IM  uint32_t PID2;                   /*!< Offset: 0xFE8 (R/ )  ITM Peripheral Identification Re
1057:Drivers/CMSIS/Include/core_cm7.h ****   __IM  uint32_t PID3;                   /*!< Offset: 0xFEC (R/ )  ITM Peripheral Identification Re
1058:Drivers/CMSIS/Include/core_cm7.h ****   __IM  uint32_t CID0;                   /*!< Offset: 0xFF0 (R/ )  ITM Component  Identification Re
1059:Drivers/CMSIS/Include/core_cm7.h ****   __IM  uint32_t CID1;                   /*!< Offset: 0xFF4 (R/ )  ITM Component  Identification Re
1060:Drivers/CMSIS/Include/core_cm7.h ****   __IM  uint32_t CID2;                   /*!< Offset: 0xFF8 (R/ )  ITM Component  Identification Re
1061:Drivers/CMSIS/Include/core_cm7.h ****   __IM  uint32_t CID3;                   /*!< Offset: 0xFFC (R/ )  ITM Component  Identification Re
1062:Drivers/CMSIS/Include/core_cm7.h **** } ITM_Type;
1063:Drivers/CMSIS/Include/core_cm7.h **** 
1064:Drivers/CMSIS/Include/core_cm7.h **** /* ITM Trace Privilege Register Definitions */
1065:Drivers/CMSIS/Include/core_cm7.h **** #define ITM_TPR_PRIVMASK_Pos                0U                                            /*!< ITM 
1066:Drivers/CMSIS/Include/core_cm7.h **** #define ITM_TPR_PRIVMASK_Msk               (0xFFFFFFFFUL /*<< ITM_TPR_PRIVMASK_Pos*/)     /*!< ITM 
1067:Drivers/CMSIS/Include/core_cm7.h **** 
1068:Drivers/CMSIS/Include/core_cm7.h **** /* ITM Trace Control Register Definitions */
1069:Drivers/CMSIS/Include/core_cm7.h **** #define ITM_TCR_BUSY_Pos                   23U                                            /*!< ITM 
1070:Drivers/CMSIS/Include/core_cm7.h **** #define ITM_TCR_BUSY_Msk                   (1UL << ITM_TCR_BUSY_Pos)                      /*!< ITM 
1071:Drivers/CMSIS/Include/core_cm7.h **** 
ARM GAS  C:\Users\nicx5\AppData\Local\Temp\cclEOOYD.s 			page 68


1072:Drivers/CMSIS/Include/core_cm7.h **** #define ITM_TCR_TraceBusID_Pos             16U                                            /*!< ITM 
1073:Drivers/CMSIS/Include/core_cm7.h **** #define ITM_TCR_TraceBusID_Msk             (0x7FUL << ITM_TCR_TraceBusID_Pos)             /*!< ITM 
1074:Drivers/CMSIS/Include/core_cm7.h **** 
1075:Drivers/CMSIS/Include/core_cm7.h **** #define ITM_TCR_GTSFREQ_Pos                10U                                            /*!< ITM 
1076:Drivers/CMSIS/Include/core_cm7.h **** #define ITM_TCR_GTSFREQ_Msk                (3UL << ITM_TCR_GTSFREQ_Pos)                   /*!< ITM 
1077:Drivers/CMSIS/Include/core_cm7.h **** 
1078:Drivers/CMSIS/Include/core_cm7.h **** #define ITM_TCR_TSPrescale_Pos              8U                                            /*!< ITM 
1079:Drivers/CMSIS/Include/core_cm7.h **** #define ITM_TCR_TSPrescale_Msk             (3UL << ITM_TCR_TSPrescale_Pos)                /*!< ITM 
1080:Drivers/CMSIS/Include/core_cm7.h **** 
1081:Drivers/CMSIS/Include/core_cm7.h **** #define ITM_TCR_SWOENA_Pos                  4U                                            /*!< ITM 
1082:Drivers/CMSIS/Include/core_cm7.h **** #define ITM_TCR_SWOENA_Msk                 (1UL << ITM_TCR_SWOENA_Pos)                    /*!< ITM 
1083:Drivers/CMSIS/Include/core_cm7.h **** 
1084:Drivers/CMSIS/Include/core_cm7.h **** #define ITM_TCR_DWTENA_Pos                  3U                                            /*!< ITM 
1085:Drivers/CMSIS/Include/core_cm7.h **** #define ITM_TCR_DWTENA_Msk                 (1UL << ITM_TCR_DWTENA_Pos)                    /*!< ITM 
1086:Drivers/CMSIS/Include/core_cm7.h **** 
1087:Drivers/CMSIS/Include/core_cm7.h **** #define ITM_TCR_SYNCENA_Pos                 2U                                            /*!< ITM 
1088:Drivers/CMSIS/Include/core_cm7.h **** #define ITM_TCR_SYNCENA_Msk                (1UL << ITM_TCR_SYNCENA_Pos)                   /*!< ITM 
1089:Drivers/CMSIS/Include/core_cm7.h **** 
1090:Drivers/CMSIS/Include/core_cm7.h **** #define ITM_TCR_TSENA_Pos                   1U                                            /*!< ITM 
1091:Drivers/CMSIS/Include/core_cm7.h **** #define ITM_TCR_TSENA_Msk                  (1UL << ITM_TCR_TSENA_Pos)                     /*!< ITM 
1092:Drivers/CMSIS/Include/core_cm7.h **** 
1093:Drivers/CMSIS/Include/core_cm7.h **** #define ITM_TCR_ITMENA_Pos                  0U                                            /*!< ITM 
1094:Drivers/CMSIS/Include/core_cm7.h **** #define ITM_TCR_ITMENA_Msk                 (1UL /*<< ITM_TCR_ITMENA_Pos*/)                /*!< ITM 
1095:Drivers/CMSIS/Include/core_cm7.h **** 
1096:Drivers/CMSIS/Include/core_cm7.h **** /* ITM Lock Status Register Definitions */
1097:Drivers/CMSIS/Include/core_cm7.h **** #define ITM_LSR_ByteAcc_Pos                 2U                                            /*!< ITM 
1098:Drivers/CMSIS/Include/core_cm7.h **** #define ITM_LSR_ByteAcc_Msk                (1UL << ITM_LSR_ByteAcc_Pos)                   /*!< ITM 
1099:Drivers/CMSIS/Include/core_cm7.h **** 
1100:Drivers/CMSIS/Include/core_cm7.h **** #define ITM_LSR_Access_Pos                  1U                                            /*!< ITM 
1101:Drivers/CMSIS/Include/core_cm7.h **** #define ITM_LSR_Access_Msk                 (1UL << ITM_LSR_Access_Pos)                    /*!< ITM 
1102:Drivers/CMSIS/Include/core_cm7.h **** 
1103:Drivers/CMSIS/Include/core_cm7.h **** #define ITM_LSR_Present_Pos                 0U                                            /*!< ITM 
1104:Drivers/CMSIS/Include/core_cm7.h **** #define ITM_LSR_Present_Msk                (1UL /*<< ITM_LSR_Present_Pos*/)               /*!< ITM 
1105:Drivers/CMSIS/Include/core_cm7.h **** 
1106:Drivers/CMSIS/Include/core_cm7.h **** /*@}*/ /* end of group CMSIS_ITM */
1107:Drivers/CMSIS/Include/core_cm7.h **** 
1108:Drivers/CMSIS/Include/core_cm7.h **** 
1109:Drivers/CMSIS/Include/core_cm7.h **** /**
1110:Drivers/CMSIS/Include/core_cm7.h ****   \ingroup  CMSIS_core_register
1111:Drivers/CMSIS/Include/core_cm7.h ****   \defgroup CMSIS_DWT     Data Watchpoint and Trace (DWT)
1112:Drivers/CMSIS/Include/core_cm7.h ****   \brief    Type definitions for the Data Watchpoint and Trace (DWT)
1113:Drivers/CMSIS/Include/core_cm7.h ****   @{
1114:Drivers/CMSIS/Include/core_cm7.h ****  */
1115:Drivers/CMSIS/Include/core_cm7.h **** 
1116:Drivers/CMSIS/Include/core_cm7.h **** /**
1117:Drivers/CMSIS/Include/core_cm7.h ****   \brief  Structure type to access the Data Watchpoint and Trace Register (DWT).
1118:Drivers/CMSIS/Include/core_cm7.h ****  */
1119:Drivers/CMSIS/Include/core_cm7.h **** typedef struct
1120:Drivers/CMSIS/Include/core_cm7.h **** {
1121:Drivers/CMSIS/Include/core_cm7.h ****   __IOM uint32_t CTRL;                   /*!< Offset: 0x000 (R/W)  Control Register */
1122:Drivers/CMSIS/Include/core_cm7.h ****   __IOM uint32_t CYCCNT;                 /*!< Offset: 0x004 (R/W)  Cycle Count Register */
1123:Drivers/CMSIS/Include/core_cm7.h ****   __IOM uint32_t CPICNT;                 /*!< Offset: 0x008 (R/W)  CPI Count Register */
1124:Drivers/CMSIS/Include/core_cm7.h ****   __IOM uint32_t EXCCNT;                 /*!< Offset: 0x00C (R/W)  Exception Overhead Count Registe
1125:Drivers/CMSIS/Include/core_cm7.h ****   __IOM uint32_t SLEEPCNT;               /*!< Offset: 0x010 (R/W)  Sleep Count Register */
1126:Drivers/CMSIS/Include/core_cm7.h ****   __IOM uint32_t LSUCNT;                 /*!< Offset: 0x014 (R/W)  LSU Count Register */
1127:Drivers/CMSIS/Include/core_cm7.h ****   __IOM uint32_t FOLDCNT;                /*!< Offset: 0x018 (R/W)  Folded-instruction Count Registe
1128:Drivers/CMSIS/Include/core_cm7.h ****   __IM  uint32_t PCSR;                   /*!< Offset: 0x01C (R/ )  Program Counter Sample Register 
ARM GAS  C:\Users\nicx5\AppData\Local\Temp\cclEOOYD.s 			page 69


1129:Drivers/CMSIS/Include/core_cm7.h ****   __IOM uint32_t COMP0;                  /*!< Offset: 0x020 (R/W)  Comparator Register 0 */
1130:Drivers/CMSIS/Include/core_cm7.h ****   __IOM uint32_t MASK0;                  /*!< Offset: 0x024 (R/W)  Mask Register 0 */
1131:Drivers/CMSIS/Include/core_cm7.h ****   __IOM uint32_t FUNCTION0;              /*!< Offset: 0x028 (R/W)  Function Register 0 */
1132:Drivers/CMSIS/Include/core_cm7.h ****         uint32_t RESERVED0[1U];
1133:Drivers/CMSIS/Include/core_cm7.h ****   __IOM uint32_t COMP1;                  /*!< Offset: 0x030 (R/W)  Comparator Register 1 */
1134:Drivers/CMSIS/Include/core_cm7.h ****   __IOM uint32_t MASK1;                  /*!< Offset: 0x034 (R/W)  Mask Register 1 */
1135:Drivers/CMSIS/Include/core_cm7.h ****   __IOM uint32_t FUNCTION1;              /*!< Offset: 0x038 (R/W)  Function Register 1 */
1136:Drivers/CMSIS/Include/core_cm7.h ****         uint32_t RESERVED1[1U];
1137:Drivers/CMSIS/Include/core_cm7.h ****   __IOM uint32_t COMP2;                  /*!< Offset: 0x040 (R/W)  Comparator Register 2 */
1138:Drivers/CMSIS/Include/core_cm7.h ****   __IOM uint32_t MASK2;                  /*!< Offset: 0x044 (R/W)  Mask Register 2 */
1139:Drivers/CMSIS/Include/core_cm7.h ****   __IOM uint32_t FUNCTION2;              /*!< Offset: 0x048 (R/W)  Function Register 2 */
1140:Drivers/CMSIS/Include/core_cm7.h ****         uint32_t RESERVED2[1U];
1141:Drivers/CMSIS/Include/core_cm7.h ****   __IOM uint32_t COMP3;                  /*!< Offset: 0x050 (R/W)  Comparator Register 3 */
1142:Drivers/CMSIS/Include/core_cm7.h ****   __IOM uint32_t MASK3;                  /*!< Offset: 0x054 (R/W)  Mask Register 3 */
1143:Drivers/CMSIS/Include/core_cm7.h ****   __IOM uint32_t FUNCTION3;              /*!< Offset: 0x058 (R/W)  Function Register 3 */
1144:Drivers/CMSIS/Include/core_cm7.h ****         uint32_t RESERVED3[981U];
1145:Drivers/CMSIS/Include/core_cm7.h ****   __OM  uint32_t LAR;                    /*!< Offset: 0xFB0 (  W)  Lock Access Register */
1146:Drivers/CMSIS/Include/core_cm7.h ****   __IM  uint32_t LSR;                    /*!< Offset: 0xFB4 (R  )  Lock Status Register */
1147:Drivers/CMSIS/Include/core_cm7.h **** } DWT_Type;
1148:Drivers/CMSIS/Include/core_cm7.h **** 
1149:Drivers/CMSIS/Include/core_cm7.h **** /* DWT Control Register Definitions */
1150:Drivers/CMSIS/Include/core_cm7.h **** #define DWT_CTRL_NUMCOMP_Pos               28U                                         /*!< DWT CTR
1151:Drivers/CMSIS/Include/core_cm7.h **** #define DWT_CTRL_NUMCOMP_Msk               (0xFUL << DWT_CTRL_NUMCOMP_Pos)             /*!< DWT CTR
1152:Drivers/CMSIS/Include/core_cm7.h **** 
1153:Drivers/CMSIS/Include/core_cm7.h **** #define DWT_CTRL_NOTRCPKT_Pos              27U                                         /*!< DWT CTR
1154:Drivers/CMSIS/Include/core_cm7.h **** #define DWT_CTRL_NOTRCPKT_Msk              (0x1UL << DWT_CTRL_NOTRCPKT_Pos)            /*!< DWT CTR
1155:Drivers/CMSIS/Include/core_cm7.h **** 
1156:Drivers/CMSIS/Include/core_cm7.h **** #define DWT_CTRL_NOEXTTRIG_Pos             26U                                         /*!< DWT CTR
1157:Drivers/CMSIS/Include/core_cm7.h **** #define DWT_CTRL_NOEXTTRIG_Msk             (0x1UL << DWT_CTRL_NOEXTTRIG_Pos)           /*!< DWT CTR
1158:Drivers/CMSIS/Include/core_cm7.h **** 
1159:Drivers/CMSIS/Include/core_cm7.h **** #define DWT_CTRL_NOCYCCNT_Pos              25U                                         /*!< DWT CTR
1160:Drivers/CMSIS/Include/core_cm7.h **** #define DWT_CTRL_NOCYCCNT_Msk              (0x1UL << DWT_CTRL_NOCYCCNT_Pos)            /*!< DWT CTR
1161:Drivers/CMSIS/Include/core_cm7.h **** 
1162:Drivers/CMSIS/Include/core_cm7.h **** #define DWT_CTRL_NOPRFCNT_Pos              24U                                         /*!< DWT CTR
1163:Drivers/CMSIS/Include/core_cm7.h **** #define DWT_CTRL_NOPRFCNT_Msk              (0x1UL << DWT_CTRL_NOPRFCNT_Pos)            /*!< DWT CTR
1164:Drivers/CMSIS/Include/core_cm7.h **** 
1165:Drivers/CMSIS/Include/core_cm7.h **** #define DWT_CTRL_CYCEVTENA_Pos             22U                                         /*!< DWT CTR
1166:Drivers/CMSIS/Include/core_cm7.h **** #define DWT_CTRL_CYCEVTENA_Msk             (0x1UL << DWT_CTRL_CYCEVTENA_Pos)           /*!< DWT CTR
1167:Drivers/CMSIS/Include/core_cm7.h **** 
1168:Drivers/CMSIS/Include/core_cm7.h **** #define DWT_CTRL_FOLDEVTENA_Pos            21U                                         /*!< DWT CTR
1169:Drivers/CMSIS/Include/core_cm7.h **** #define DWT_CTRL_FOLDEVTENA_Msk            (0x1UL << DWT_CTRL_FOLDEVTENA_Pos)          /*!< DWT CTR
1170:Drivers/CMSIS/Include/core_cm7.h **** 
1171:Drivers/CMSIS/Include/core_cm7.h **** #define DWT_CTRL_LSUEVTENA_Pos             20U                                         /*!< DWT CTR
1172:Drivers/CMSIS/Include/core_cm7.h **** #define DWT_CTRL_LSUEVTENA_Msk             (0x1UL << DWT_CTRL_LSUEVTENA_Pos)           /*!< DWT CTR
1173:Drivers/CMSIS/Include/core_cm7.h **** 
1174:Drivers/CMSIS/Include/core_cm7.h **** #define DWT_CTRL_SLEEPEVTENA_Pos           19U                                         /*!< DWT CTR
1175:Drivers/CMSIS/Include/core_cm7.h **** #define DWT_CTRL_SLEEPEVTENA_Msk           (0x1UL << DWT_CTRL_SLEEPEVTENA_Pos)         /*!< DWT CTR
1176:Drivers/CMSIS/Include/core_cm7.h **** 
1177:Drivers/CMSIS/Include/core_cm7.h **** #define DWT_CTRL_EXCEVTENA_Pos             18U                                         /*!< DWT CTR
1178:Drivers/CMSIS/Include/core_cm7.h **** #define DWT_CTRL_EXCEVTENA_Msk             (0x1UL << DWT_CTRL_EXCEVTENA_Pos)           /*!< DWT CTR
1179:Drivers/CMSIS/Include/core_cm7.h **** 
1180:Drivers/CMSIS/Include/core_cm7.h **** #define DWT_CTRL_CPIEVTENA_Pos             17U                                         /*!< DWT CTR
1181:Drivers/CMSIS/Include/core_cm7.h **** #define DWT_CTRL_CPIEVTENA_Msk             (0x1UL << DWT_CTRL_CPIEVTENA_Pos)           /*!< DWT CTR
1182:Drivers/CMSIS/Include/core_cm7.h **** 
1183:Drivers/CMSIS/Include/core_cm7.h **** #define DWT_CTRL_EXCTRCENA_Pos             16U                                         /*!< DWT CTR
1184:Drivers/CMSIS/Include/core_cm7.h **** #define DWT_CTRL_EXCTRCENA_Msk             (0x1UL << DWT_CTRL_EXCTRCENA_Pos)           /*!< DWT CTR
1185:Drivers/CMSIS/Include/core_cm7.h **** 
ARM GAS  C:\Users\nicx5\AppData\Local\Temp\cclEOOYD.s 			page 70


1186:Drivers/CMSIS/Include/core_cm7.h **** #define DWT_CTRL_PCSAMPLENA_Pos            12U                                         /*!< DWT CTR
1187:Drivers/CMSIS/Include/core_cm7.h **** #define DWT_CTRL_PCSAMPLENA_Msk            (0x1UL << DWT_CTRL_PCSAMPLENA_Pos)          /*!< DWT CTR
1188:Drivers/CMSIS/Include/core_cm7.h **** 
1189:Drivers/CMSIS/Include/core_cm7.h **** #define DWT_CTRL_SYNCTAP_Pos               10U                                         /*!< DWT CTR
1190:Drivers/CMSIS/Include/core_cm7.h **** #define DWT_CTRL_SYNCTAP_Msk               (0x3UL << DWT_CTRL_SYNCTAP_Pos)             /*!< DWT CTR
1191:Drivers/CMSIS/Include/core_cm7.h **** 
1192:Drivers/CMSIS/Include/core_cm7.h **** #define DWT_CTRL_CYCTAP_Pos                 9U                                         /*!< DWT CTR
1193:Drivers/CMSIS/Include/core_cm7.h **** #define DWT_CTRL_CYCTAP_Msk                (0x1UL << DWT_CTRL_CYCTAP_Pos)              /*!< DWT CTR
1194:Drivers/CMSIS/Include/core_cm7.h **** 
1195:Drivers/CMSIS/Include/core_cm7.h **** #define DWT_CTRL_POSTINIT_Pos               5U                                         /*!< DWT CTR
1196:Drivers/CMSIS/Include/core_cm7.h **** #define DWT_CTRL_POSTINIT_Msk              (0xFUL << DWT_CTRL_POSTINIT_Pos)            /*!< DWT CTR
1197:Drivers/CMSIS/Include/core_cm7.h **** 
1198:Drivers/CMSIS/Include/core_cm7.h **** #define DWT_CTRL_POSTPRESET_Pos             1U                                         /*!< DWT CTR
1199:Drivers/CMSIS/Include/core_cm7.h **** #define DWT_CTRL_POSTPRESET_Msk            (0xFUL << DWT_CTRL_POSTPRESET_Pos)          /*!< DWT CTR
1200:Drivers/CMSIS/Include/core_cm7.h **** 
1201:Drivers/CMSIS/Include/core_cm7.h **** #define DWT_CTRL_CYCCNTENA_Pos              0U                                         /*!< DWT CTR
1202:Drivers/CMSIS/Include/core_cm7.h **** #define DWT_CTRL_CYCCNTENA_Msk             (0x1UL /*<< DWT_CTRL_CYCCNTENA_Pos*/)       /*!< DWT CTR
1203:Drivers/CMSIS/Include/core_cm7.h **** 
1204:Drivers/CMSIS/Include/core_cm7.h **** /* DWT CPI Count Register Definitions */
1205:Drivers/CMSIS/Include/core_cm7.h **** #define DWT_CPICNT_CPICNT_Pos               0U                                         /*!< DWT CPI
1206:Drivers/CMSIS/Include/core_cm7.h **** #define DWT_CPICNT_CPICNT_Msk              (0xFFUL /*<< DWT_CPICNT_CPICNT_Pos*/)       /*!< DWT CPI
1207:Drivers/CMSIS/Include/core_cm7.h **** 
1208:Drivers/CMSIS/Include/core_cm7.h **** /* DWT Exception Overhead Count Register Definitions */
1209:Drivers/CMSIS/Include/core_cm7.h **** #define DWT_EXCCNT_EXCCNT_Pos               0U                                         /*!< DWT EXC
1210:Drivers/CMSIS/Include/core_cm7.h **** #define DWT_EXCCNT_EXCCNT_Msk              (0xFFUL /*<< DWT_EXCCNT_EXCCNT_Pos*/)       /*!< DWT EXC
1211:Drivers/CMSIS/Include/core_cm7.h **** 
1212:Drivers/CMSIS/Include/core_cm7.h **** /* DWT Sleep Count Register Definitions */
1213:Drivers/CMSIS/Include/core_cm7.h **** #define DWT_SLEEPCNT_SLEEPCNT_Pos           0U                                         /*!< DWT SLE
1214:Drivers/CMSIS/Include/core_cm7.h **** #define DWT_SLEEPCNT_SLEEPCNT_Msk          (0xFFUL /*<< DWT_SLEEPCNT_SLEEPCNT_Pos*/)   /*!< DWT SLE
1215:Drivers/CMSIS/Include/core_cm7.h **** 
1216:Drivers/CMSIS/Include/core_cm7.h **** /* DWT LSU Count Register Definitions */
1217:Drivers/CMSIS/Include/core_cm7.h **** #define DWT_LSUCNT_LSUCNT_Pos               0U                                         /*!< DWT LSU
1218:Drivers/CMSIS/Include/core_cm7.h **** #define DWT_LSUCNT_LSUCNT_Msk              (0xFFUL /*<< DWT_LSUCNT_LSUCNT_Pos*/)       /*!< DWT LSU
1219:Drivers/CMSIS/Include/core_cm7.h **** 
1220:Drivers/CMSIS/Include/core_cm7.h **** /* DWT Folded-instruction Count Register Definitions */
1221:Drivers/CMSIS/Include/core_cm7.h **** #define DWT_FOLDCNT_FOLDCNT_Pos             0U                                         /*!< DWT FOL
1222:Drivers/CMSIS/Include/core_cm7.h **** #define DWT_FOLDCNT_FOLDCNT_Msk            (0xFFUL /*<< DWT_FOLDCNT_FOLDCNT_Pos*/)     /*!< DWT FOL
1223:Drivers/CMSIS/Include/core_cm7.h **** 
1224:Drivers/CMSIS/Include/core_cm7.h **** /* DWT Comparator Mask Register Definitions */
1225:Drivers/CMSIS/Include/core_cm7.h **** #define DWT_MASK_MASK_Pos                   0U                                         /*!< DWT MAS
1226:Drivers/CMSIS/Include/core_cm7.h **** #define DWT_MASK_MASK_Msk                  (0x1FUL /*<< DWT_MASK_MASK_Pos*/)           /*!< DWT MAS
1227:Drivers/CMSIS/Include/core_cm7.h **** 
1228:Drivers/CMSIS/Include/core_cm7.h **** /* DWT Comparator Function Register Definitions */
1229:Drivers/CMSIS/Include/core_cm7.h **** #define DWT_FUNCTION_MATCHED_Pos           24U                                         /*!< DWT FUN
1230:Drivers/CMSIS/Include/core_cm7.h **** #define DWT_FUNCTION_MATCHED_Msk           (0x1UL << DWT_FUNCTION_MATCHED_Pos)         /*!< DWT FUN
1231:Drivers/CMSIS/Include/core_cm7.h **** 
1232:Drivers/CMSIS/Include/core_cm7.h **** #define DWT_FUNCTION_DATAVADDR1_Pos        16U                                         /*!< DWT FUN
1233:Drivers/CMSIS/Include/core_cm7.h **** #define DWT_FUNCTION_DATAVADDR1_Msk        (0xFUL << DWT_FUNCTION_DATAVADDR1_Pos)      /*!< DWT FUN
1234:Drivers/CMSIS/Include/core_cm7.h **** 
1235:Drivers/CMSIS/Include/core_cm7.h **** #define DWT_FUNCTION_DATAVADDR0_Pos        12U                                         /*!< DWT FUN
1236:Drivers/CMSIS/Include/core_cm7.h **** #define DWT_FUNCTION_DATAVADDR0_Msk        (0xFUL << DWT_FUNCTION_DATAVADDR0_Pos)      /*!< DWT FUN
1237:Drivers/CMSIS/Include/core_cm7.h **** 
1238:Drivers/CMSIS/Include/core_cm7.h **** #define DWT_FUNCTION_DATAVSIZE_Pos         10U                                         /*!< DWT FUN
1239:Drivers/CMSIS/Include/core_cm7.h **** #define DWT_FUNCTION_DATAVSIZE_Msk         (0x3UL << DWT_FUNCTION_DATAVSIZE_Pos)       /*!< DWT FUN
1240:Drivers/CMSIS/Include/core_cm7.h **** 
1241:Drivers/CMSIS/Include/core_cm7.h **** #define DWT_FUNCTION_LNK1ENA_Pos            9U                                         /*!< DWT FUN
1242:Drivers/CMSIS/Include/core_cm7.h **** #define DWT_FUNCTION_LNK1ENA_Msk           (0x1UL << DWT_FUNCTION_LNK1ENA_Pos)         /*!< DWT FUN
ARM GAS  C:\Users\nicx5\AppData\Local\Temp\cclEOOYD.s 			page 71


1243:Drivers/CMSIS/Include/core_cm7.h **** 
1244:Drivers/CMSIS/Include/core_cm7.h **** #define DWT_FUNCTION_DATAVMATCH_Pos         8U                                         /*!< DWT FUN
1245:Drivers/CMSIS/Include/core_cm7.h **** #define DWT_FUNCTION_DATAVMATCH_Msk        (0x1UL << DWT_FUNCTION_DATAVMATCH_Pos)      /*!< DWT FUN
1246:Drivers/CMSIS/Include/core_cm7.h **** 
1247:Drivers/CMSIS/Include/core_cm7.h **** #define DWT_FUNCTION_CYCMATCH_Pos           7U                                         /*!< DWT FUN
1248:Drivers/CMSIS/Include/core_cm7.h **** #define DWT_FUNCTION_CYCMATCH_Msk          (0x1UL << DWT_FUNCTION_CYCMATCH_Pos)        /*!< DWT FUN
1249:Drivers/CMSIS/Include/core_cm7.h **** 
1250:Drivers/CMSIS/Include/core_cm7.h **** #define DWT_FUNCTION_EMITRANGE_Pos          5U                                         /*!< DWT FUN
1251:Drivers/CMSIS/Include/core_cm7.h **** #define DWT_FUNCTION_EMITRANGE_Msk         (0x1UL << DWT_FUNCTION_EMITRANGE_Pos)       /*!< DWT FUN
1252:Drivers/CMSIS/Include/core_cm7.h **** 
1253:Drivers/CMSIS/Include/core_cm7.h **** #define DWT_FUNCTION_FUNCTION_Pos           0U                                         /*!< DWT FUN
1254:Drivers/CMSIS/Include/core_cm7.h **** #define DWT_FUNCTION_FUNCTION_Msk          (0xFUL /*<< DWT_FUNCTION_FUNCTION_Pos*/)    /*!< DWT FUN
1255:Drivers/CMSIS/Include/core_cm7.h **** 
1256:Drivers/CMSIS/Include/core_cm7.h **** /*@}*/ /* end of group CMSIS_DWT */
1257:Drivers/CMSIS/Include/core_cm7.h **** 
1258:Drivers/CMSIS/Include/core_cm7.h **** 
1259:Drivers/CMSIS/Include/core_cm7.h **** /**
1260:Drivers/CMSIS/Include/core_cm7.h ****   \ingroup  CMSIS_core_register
1261:Drivers/CMSIS/Include/core_cm7.h ****   \defgroup CMSIS_TPI     Trace Port Interface (TPI)
1262:Drivers/CMSIS/Include/core_cm7.h ****   \brief    Type definitions for the Trace Port Interface (TPI)
1263:Drivers/CMSIS/Include/core_cm7.h ****   @{
1264:Drivers/CMSIS/Include/core_cm7.h ****  */
1265:Drivers/CMSIS/Include/core_cm7.h **** 
1266:Drivers/CMSIS/Include/core_cm7.h **** /**
1267:Drivers/CMSIS/Include/core_cm7.h ****   \brief  Structure type to access the Trace Port Interface Register (TPI).
1268:Drivers/CMSIS/Include/core_cm7.h ****  */
1269:Drivers/CMSIS/Include/core_cm7.h **** typedef struct
1270:Drivers/CMSIS/Include/core_cm7.h **** {
1271:Drivers/CMSIS/Include/core_cm7.h ****   __IM  uint32_t SSPSR;                  /*!< Offset: 0x000 (R/ )  Supported Parallel Port Size Reg
1272:Drivers/CMSIS/Include/core_cm7.h ****   __IOM uint32_t CSPSR;                  /*!< Offset: 0x004 (R/W)  Current Parallel Port Size Regis
1273:Drivers/CMSIS/Include/core_cm7.h ****         uint32_t RESERVED0[2U];
1274:Drivers/CMSIS/Include/core_cm7.h ****   __IOM uint32_t ACPR;                   /*!< Offset: 0x010 (R/W)  Asynchronous Clock Prescaler Reg
1275:Drivers/CMSIS/Include/core_cm7.h ****         uint32_t RESERVED1[55U];
1276:Drivers/CMSIS/Include/core_cm7.h ****   __IOM uint32_t SPPR;                   /*!< Offset: 0x0F0 (R/W)  Selected Pin Protocol Register *
1277:Drivers/CMSIS/Include/core_cm7.h ****         uint32_t RESERVED2[131U];
1278:Drivers/CMSIS/Include/core_cm7.h ****   __IM  uint32_t FFSR;                   /*!< Offset: 0x300 (R/ )  Formatter and Flush Status Regis
1279:Drivers/CMSIS/Include/core_cm7.h ****   __IOM uint32_t FFCR;                   /*!< Offset: 0x304 (R/W)  Formatter and Flush Control Regi
1280:Drivers/CMSIS/Include/core_cm7.h ****   __IM  uint32_t FSCR;                   /*!< Offset: 0x308 (R/ )  Formatter Synchronization Counte
1281:Drivers/CMSIS/Include/core_cm7.h ****         uint32_t RESERVED3[759U];
1282:Drivers/CMSIS/Include/core_cm7.h ****   __IM  uint32_t TRIGGER;                /*!< Offset: 0xEE8 (R/ )  TRIGGER Register */
1283:Drivers/CMSIS/Include/core_cm7.h ****   __IM  uint32_t FIFO0;                  /*!< Offset: 0xEEC (R/ )  Integration ETM Data */
1284:Drivers/CMSIS/Include/core_cm7.h ****   __IM  uint32_t ITATBCTR2;              /*!< Offset: 0xEF0 (R/ )  ITATBCTR2 */
1285:Drivers/CMSIS/Include/core_cm7.h ****         uint32_t RESERVED4[1U];
1286:Drivers/CMSIS/Include/core_cm7.h ****   __IM  uint32_t ITATBCTR0;              /*!< Offset: 0xEF8 (R/ )  ITATBCTR0 */
1287:Drivers/CMSIS/Include/core_cm7.h ****   __IM  uint32_t FIFO1;                  /*!< Offset: 0xEFC (R/ )  Integration ITM Data */
1288:Drivers/CMSIS/Include/core_cm7.h ****   __IOM uint32_t ITCTRL;                 /*!< Offset: 0xF00 (R/W)  Integration Mode Control */
1289:Drivers/CMSIS/Include/core_cm7.h ****         uint32_t RESERVED5[39U];
1290:Drivers/CMSIS/Include/core_cm7.h ****   __IOM uint32_t CLAIMSET;               /*!< Offset: 0xFA0 (R/W)  Claim tag set */
1291:Drivers/CMSIS/Include/core_cm7.h ****   __IOM uint32_t CLAIMCLR;               /*!< Offset: 0xFA4 (R/W)  Claim tag clear */
1292:Drivers/CMSIS/Include/core_cm7.h ****         uint32_t RESERVED7[8U];
1293:Drivers/CMSIS/Include/core_cm7.h ****   __IM  uint32_t DEVID;                  /*!< Offset: 0xFC8 (R/ )  TPIU_DEVID */
1294:Drivers/CMSIS/Include/core_cm7.h ****   __IM  uint32_t DEVTYPE;                /*!< Offset: 0xFCC (R/ )  TPIU_DEVTYPE */
1295:Drivers/CMSIS/Include/core_cm7.h **** } TPI_Type;
1296:Drivers/CMSIS/Include/core_cm7.h **** 
1297:Drivers/CMSIS/Include/core_cm7.h **** /* TPI Asynchronous Clock Prescaler Register Definitions */
1298:Drivers/CMSIS/Include/core_cm7.h **** #define TPI_ACPR_PRESCALER_Pos              0U                                         /*!< TPI ACP
1299:Drivers/CMSIS/Include/core_cm7.h **** #define TPI_ACPR_PRESCALER_Msk             (0x1FFFUL /*<< TPI_ACPR_PRESCALER_Pos*/)    /*!< TPI ACP
ARM GAS  C:\Users\nicx5\AppData\Local\Temp\cclEOOYD.s 			page 72


1300:Drivers/CMSIS/Include/core_cm7.h **** 
1301:Drivers/CMSIS/Include/core_cm7.h **** /* TPI Selected Pin Protocol Register Definitions */
1302:Drivers/CMSIS/Include/core_cm7.h **** #define TPI_SPPR_TXMODE_Pos                 0U                                         /*!< TPI SPP
1303:Drivers/CMSIS/Include/core_cm7.h **** #define TPI_SPPR_TXMODE_Msk                (0x3UL /*<< TPI_SPPR_TXMODE_Pos*/)          /*!< TPI SPP
1304:Drivers/CMSIS/Include/core_cm7.h **** 
1305:Drivers/CMSIS/Include/core_cm7.h **** /* TPI Formatter and Flush Status Register Definitions */
1306:Drivers/CMSIS/Include/core_cm7.h **** #define TPI_FFSR_FtNonStop_Pos              3U                                         /*!< TPI FFS
1307:Drivers/CMSIS/Include/core_cm7.h **** #define TPI_FFSR_FtNonStop_Msk             (0x1UL << TPI_FFSR_FtNonStop_Pos)           /*!< TPI FFS
1308:Drivers/CMSIS/Include/core_cm7.h **** 
1309:Drivers/CMSIS/Include/core_cm7.h **** #define TPI_FFSR_TCPresent_Pos              2U                                         /*!< TPI FFS
1310:Drivers/CMSIS/Include/core_cm7.h **** #define TPI_FFSR_TCPresent_Msk             (0x1UL << TPI_FFSR_TCPresent_Pos)           /*!< TPI FFS
1311:Drivers/CMSIS/Include/core_cm7.h **** 
1312:Drivers/CMSIS/Include/core_cm7.h **** #define TPI_FFSR_FtStopped_Pos              1U                                         /*!< TPI FFS
1313:Drivers/CMSIS/Include/core_cm7.h **** #define TPI_FFSR_FtStopped_Msk             (0x1UL << TPI_FFSR_FtStopped_Pos)           /*!< TPI FFS
1314:Drivers/CMSIS/Include/core_cm7.h **** 
1315:Drivers/CMSIS/Include/core_cm7.h **** #define TPI_FFSR_FlInProg_Pos               0U                                         /*!< TPI FFS
1316:Drivers/CMSIS/Include/core_cm7.h **** #define TPI_FFSR_FlInProg_Msk              (0x1UL /*<< TPI_FFSR_FlInProg_Pos*/)        /*!< TPI FFS
1317:Drivers/CMSIS/Include/core_cm7.h **** 
1318:Drivers/CMSIS/Include/core_cm7.h **** /* TPI Formatter and Flush Control Register Definitions */
1319:Drivers/CMSIS/Include/core_cm7.h **** #define TPI_FFCR_TrigIn_Pos                 8U                                         /*!< TPI FFC
1320:Drivers/CMSIS/Include/core_cm7.h **** #define TPI_FFCR_TrigIn_Msk                (0x1UL << TPI_FFCR_TrigIn_Pos)              /*!< TPI FFC
1321:Drivers/CMSIS/Include/core_cm7.h **** 
1322:Drivers/CMSIS/Include/core_cm7.h **** #define TPI_FFCR_EnFCont_Pos                1U                                         /*!< TPI FFC
1323:Drivers/CMSIS/Include/core_cm7.h **** #define TPI_FFCR_EnFCont_Msk               (0x1UL << TPI_FFCR_EnFCont_Pos)             /*!< TPI FFC
1324:Drivers/CMSIS/Include/core_cm7.h **** 
1325:Drivers/CMSIS/Include/core_cm7.h **** /* TPI TRIGGER Register Definitions */
1326:Drivers/CMSIS/Include/core_cm7.h **** #define TPI_TRIGGER_TRIGGER_Pos             0U                                         /*!< TPI TRI
1327:Drivers/CMSIS/Include/core_cm7.h **** #define TPI_TRIGGER_TRIGGER_Msk            (0x1UL /*<< TPI_TRIGGER_TRIGGER_Pos*/)      /*!< TPI TRI
1328:Drivers/CMSIS/Include/core_cm7.h **** 
1329:Drivers/CMSIS/Include/core_cm7.h **** /* TPI Integration ETM Data Register Definitions (FIFO0) */
1330:Drivers/CMSIS/Include/core_cm7.h **** #define TPI_FIFO0_ITM_ATVALID_Pos          29U                                         /*!< TPI FIF
1331:Drivers/CMSIS/Include/core_cm7.h **** #define TPI_FIFO0_ITM_ATVALID_Msk          (0x1UL << TPI_FIFO0_ITM_ATVALID_Pos)        /*!< TPI FIF
1332:Drivers/CMSIS/Include/core_cm7.h **** 
1333:Drivers/CMSIS/Include/core_cm7.h **** #define TPI_FIFO0_ITM_bytecount_Pos        27U                                         /*!< TPI FIF
1334:Drivers/CMSIS/Include/core_cm7.h **** #define TPI_FIFO0_ITM_bytecount_Msk        (0x3UL << TPI_FIFO0_ITM_bytecount_Pos)      /*!< TPI FIF
1335:Drivers/CMSIS/Include/core_cm7.h **** 
1336:Drivers/CMSIS/Include/core_cm7.h **** #define TPI_FIFO0_ETM_ATVALID_Pos          26U                                         /*!< TPI FIF
1337:Drivers/CMSIS/Include/core_cm7.h **** #define TPI_FIFO0_ETM_ATVALID_Msk          (0x1UL << TPI_FIFO0_ETM_ATVALID_Pos)        /*!< TPI FIF
1338:Drivers/CMSIS/Include/core_cm7.h **** 
1339:Drivers/CMSIS/Include/core_cm7.h **** #define TPI_FIFO0_ETM_bytecount_Pos        24U                                         /*!< TPI FIF
1340:Drivers/CMSIS/Include/core_cm7.h **** #define TPI_FIFO0_ETM_bytecount_Msk        (0x3UL << TPI_FIFO0_ETM_bytecount_Pos)      /*!< TPI FIF
1341:Drivers/CMSIS/Include/core_cm7.h **** 
1342:Drivers/CMSIS/Include/core_cm7.h **** #define TPI_FIFO0_ETM2_Pos                 16U                                         /*!< TPI FIF
1343:Drivers/CMSIS/Include/core_cm7.h **** #define TPI_FIFO0_ETM2_Msk                 (0xFFUL << TPI_FIFO0_ETM2_Pos)              /*!< TPI FIF
1344:Drivers/CMSIS/Include/core_cm7.h **** 
1345:Drivers/CMSIS/Include/core_cm7.h **** #define TPI_FIFO0_ETM1_Pos                  8U                                         /*!< TPI FIF
1346:Drivers/CMSIS/Include/core_cm7.h **** #define TPI_FIFO0_ETM1_Msk                 (0xFFUL << TPI_FIFO0_ETM1_Pos)              /*!< TPI FIF
1347:Drivers/CMSIS/Include/core_cm7.h **** 
1348:Drivers/CMSIS/Include/core_cm7.h **** #define TPI_FIFO0_ETM0_Pos                  0U                                         /*!< TPI FIF
1349:Drivers/CMSIS/Include/core_cm7.h **** #define TPI_FIFO0_ETM0_Msk                 (0xFFUL /*<< TPI_FIFO0_ETM0_Pos*/)          /*!< TPI FIF
1350:Drivers/CMSIS/Include/core_cm7.h **** 
1351:Drivers/CMSIS/Include/core_cm7.h **** /* TPI ITATBCTR2 Register Definitions */
1352:Drivers/CMSIS/Include/core_cm7.h **** #define TPI_ITATBCTR2_ATREADY2_Pos          0U                                         /*!< TPI ITA
1353:Drivers/CMSIS/Include/core_cm7.h **** #define TPI_ITATBCTR2_ATREADY2_Msk         (0x1UL /*<< TPI_ITATBCTR2_ATREADY2_Pos*/)   /*!< TPI ITA
1354:Drivers/CMSIS/Include/core_cm7.h **** 
1355:Drivers/CMSIS/Include/core_cm7.h **** #define TPI_ITATBCTR2_ATREADY1_Pos          0U                                         /*!< TPI ITA
1356:Drivers/CMSIS/Include/core_cm7.h **** #define TPI_ITATBCTR2_ATREADY1_Msk         (0x1UL /*<< TPI_ITATBCTR2_ATREADY1_Pos*/)   /*!< TPI ITA
ARM GAS  C:\Users\nicx5\AppData\Local\Temp\cclEOOYD.s 			page 73


1357:Drivers/CMSIS/Include/core_cm7.h **** 
1358:Drivers/CMSIS/Include/core_cm7.h **** /* TPI Integration ITM Data Register Definitions (FIFO1) */
1359:Drivers/CMSIS/Include/core_cm7.h **** #define TPI_FIFO1_ITM_ATVALID_Pos          29U                                         /*!< TPI FIF
1360:Drivers/CMSIS/Include/core_cm7.h **** #define TPI_FIFO1_ITM_ATVALID_Msk          (0x1UL << TPI_FIFO1_ITM_ATVALID_Pos)        /*!< TPI FIF
1361:Drivers/CMSIS/Include/core_cm7.h **** 
1362:Drivers/CMSIS/Include/core_cm7.h **** #define TPI_FIFO1_ITM_bytecount_Pos        27U                                         /*!< TPI FIF
1363:Drivers/CMSIS/Include/core_cm7.h **** #define TPI_FIFO1_ITM_bytecount_Msk        (0x3UL << TPI_FIFO1_ITM_bytecount_Pos)      /*!< TPI FIF
1364:Drivers/CMSIS/Include/core_cm7.h **** 
1365:Drivers/CMSIS/Include/core_cm7.h **** #define TPI_FIFO1_ETM_ATVALID_Pos          26U                                         /*!< TPI FIF
1366:Drivers/CMSIS/Include/core_cm7.h **** #define TPI_FIFO1_ETM_ATVALID_Msk          (0x1UL << TPI_FIFO1_ETM_ATVALID_Pos)        /*!< TPI FIF
1367:Drivers/CMSIS/Include/core_cm7.h **** 
1368:Drivers/CMSIS/Include/core_cm7.h **** #define TPI_FIFO1_ETM_bytecount_Pos        24U                                         /*!< TPI FIF
1369:Drivers/CMSIS/Include/core_cm7.h **** #define TPI_FIFO1_ETM_bytecount_Msk        (0x3UL << TPI_FIFO1_ETM_bytecount_Pos)      /*!< TPI FIF
1370:Drivers/CMSIS/Include/core_cm7.h **** 
1371:Drivers/CMSIS/Include/core_cm7.h **** #define TPI_FIFO1_ITM2_Pos                 16U                                         /*!< TPI FIF
1372:Drivers/CMSIS/Include/core_cm7.h **** #define TPI_FIFO1_ITM2_Msk                 (0xFFUL << TPI_FIFO1_ITM2_Pos)              /*!< TPI FIF
1373:Drivers/CMSIS/Include/core_cm7.h **** 
1374:Drivers/CMSIS/Include/core_cm7.h **** #define TPI_FIFO1_ITM1_Pos                  8U                                         /*!< TPI FIF
1375:Drivers/CMSIS/Include/core_cm7.h **** #define TPI_FIFO1_ITM1_Msk                 (0xFFUL << TPI_FIFO1_ITM1_Pos)              /*!< TPI FIF
1376:Drivers/CMSIS/Include/core_cm7.h **** 
1377:Drivers/CMSIS/Include/core_cm7.h **** #define TPI_FIFO1_ITM0_Pos                  0U                                         /*!< TPI FIF
1378:Drivers/CMSIS/Include/core_cm7.h **** #define TPI_FIFO1_ITM0_Msk                 (0xFFUL /*<< TPI_FIFO1_ITM0_Pos*/)          /*!< TPI FIF
1379:Drivers/CMSIS/Include/core_cm7.h **** 
1380:Drivers/CMSIS/Include/core_cm7.h **** /* TPI ITATBCTR0 Register Definitions */
1381:Drivers/CMSIS/Include/core_cm7.h **** #define TPI_ITATBCTR0_ATREADY2_Pos          0U                                         /*!< TPI ITA
1382:Drivers/CMSIS/Include/core_cm7.h **** #define TPI_ITATBCTR0_ATREADY2_Msk         (0x1UL /*<< TPI_ITATBCTR0_ATREADY2_Pos*/)   /*!< TPI ITA
1383:Drivers/CMSIS/Include/core_cm7.h **** 
1384:Drivers/CMSIS/Include/core_cm7.h **** #define TPI_ITATBCTR0_ATREADY1_Pos          0U                                         /*!< TPI ITA
1385:Drivers/CMSIS/Include/core_cm7.h **** #define TPI_ITATBCTR0_ATREADY1_Msk         (0x1UL /*<< TPI_ITATBCTR0_ATREADY1_Pos*/)   /*!< TPI ITA
1386:Drivers/CMSIS/Include/core_cm7.h **** 
1387:Drivers/CMSIS/Include/core_cm7.h **** /* TPI Integration Mode Control Register Definitions */
1388:Drivers/CMSIS/Include/core_cm7.h **** #define TPI_ITCTRL_Mode_Pos                 0U                                         /*!< TPI ITC
1389:Drivers/CMSIS/Include/core_cm7.h **** #define TPI_ITCTRL_Mode_Msk                (0x3UL /*<< TPI_ITCTRL_Mode_Pos*/)          /*!< TPI ITC
1390:Drivers/CMSIS/Include/core_cm7.h **** 
1391:Drivers/CMSIS/Include/core_cm7.h **** /* TPI DEVID Register Definitions */
1392:Drivers/CMSIS/Include/core_cm7.h **** #define TPI_DEVID_NRZVALID_Pos             11U                                         /*!< TPI DEV
1393:Drivers/CMSIS/Include/core_cm7.h **** #define TPI_DEVID_NRZVALID_Msk             (0x1UL << TPI_DEVID_NRZVALID_Pos)           /*!< TPI DEV
1394:Drivers/CMSIS/Include/core_cm7.h **** 
1395:Drivers/CMSIS/Include/core_cm7.h **** #define TPI_DEVID_MANCVALID_Pos            10U                                         /*!< TPI DEV
1396:Drivers/CMSIS/Include/core_cm7.h **** #define TPI_DEVID_MANCVALID_Msk            (0x1UL << TPI_DEVID_MANCVALID_Pos)          /*!< TPI DEV
1397:Drivers/CMSIS/Include/core_cm7.h **** 
1398:Drivers/CMSIS/Include/core_cm7.h **** #define TPI_DEVID_PTINVALID_Pos             9U                                         /*!< TPI DEV
1399:Drivers/CMSIS/Include/core_cm7.h **** #define TPI_DEVID_PTINVALID_Msk            (0x1UL << TPI_DEVID_PTINVALID_Pos)          /*!< TPI DEV
1400:Drivers/CMSIS/Include/core_cm7.h **** 
1401:Drivers/CMSIS/Include/core_cm7.h **** #define TPI_DEVID_MinBufSz_Pos              6U                                         /*!< TPI DEV
1402:Drivers/CMSIS/Include/core_cm7.h **** #define TPI_DEVID_MinBufSz_Msk             (0x7UL << TPI_DEVID_MinBufSz_Pos)           /*!< TPI DEV
1403:Drivers/CMSIS/Include/core_cm7.h **** 
1404:Drivers/CMSIS/Include/core_cm7.h **** #define TPI_DEVID_AsynClkIn_Pos             5U                                         /*!< TPI DEV
1405:Drivers/CMSIS/Include/core_cm7.h **** #define TPI_DEVID_AsynClkIn_Msk            (0x1UL << TPI_DEVID_AsynClkIn_Pos)          /*!< TPI DEV
1406:Drivers/CMSIS/Include/core_cm7.h **** 
1407:Drivers/CMSIS/Include/core_cm7.h **** #define TPI_DEVID_NrTraceInput_Pos          0U                                         /*!< TPI DEV
1408:Drivers/CMSIS/Include/core_cm7.h **** #define TPI_DEVID_NrTraceInput_Msk         (0x1FUL /*<< TPI_DEVID_NrTraceInput_Pos*/)  /*!< TPI DEV
1409:Drivers/CMSIS/Include/core_cm7.h **** 
1410:Drivers/CMSIS/Include/core_cm7.h **** /* TPI DEVTYPE Register Definitions */
1411:Drivers/CMSIS/Include/core_cm7.h **** #define TPI_DEVTYPE_SubType_Pos             4U                                         /*!< TPI DEV
1412:Drivers/CMSIS/Include/core_cm7.h **** #define TPI_DEVTYPE_SubType_Msk            (0xFUL /*<< TPI_DEVTYPE_SubType_Pos*/)      /*!< TPI DEV
1413:Drivers/CMSIS/Include/core_cm7.h **** 
ARM GAS  C:\Users\nicx5\AppData\Local\Temp\cclEOOYD.s 			page 74


1414:Drivers/CMSIS/Include/core_cm7.h **** #define TPI_DEVTYPE_MajorType_Pos           0U                                         /*!< TPI DEV
1415:Drivers/CMSIS/Include/core_cm7.h **** #define TPI_DEVTYPE_MajorType_Msk          (0xFUL << TPI_DEVTYPE_MajorType_Pos)        /*!< TPI DEV
1416:Drivers/CMSIS/Include/core_cm7.h **** 
1417:Drivers/CMSIS/Include/core_cm7.h **** /*@}*/ /* end of group CMSIS_TPI */
1418:Drivers/CMSIS/Include/core_cm7.h **** 
1419:Drivers/CMSIS/Include/core_cm7.h **** 
1420:Drivers/CMSIS/Include/core_cm7.h **** #if defined (__MPU_PRESENT) && (__MPU_PRESENT == 1U)
1421:Drivers/CMSIS/Include/core_cm7.h **** /**
1422:Drivers/CMSIS/Include/core_cm7.h ****   \ingroup  CMSIS_core_register
1423:Drivers/CMSIS/Include/core_cm7.h ****   \defgroup CMSIS_MPU     Memory Protection Unit (MPU)
1424:Drivers/CMSIS/Include/core_cm7.h ****   \brief    Type definitions for the Memory Protection Unit (MPU)
1425:Drivers/CMSIS/Include/core_cm7.h ****   @{
1426:Drivers/CMSIS/Include/core_cm7.h ****  */
1427:Drivers/CMSIS/Include/core_cm7.h **** 
1428:Drivers/CMSIS/Include/core_cm7.h **** /**
1429:Drivers/CMSIS/Include/core_cm7.h ****   \brief  Structure type to access the Memory Protection Unit (MPU).
1430:Drivers/CMSIS/Include/core_cm7.h ****  */
1431:Drivers/CMSIS/Include/core_cm7.h **** typedef struct
1432:Drivers/CMSIS/Include/core_cm7.h **** {
1433:Drivers/CMSIS/Include/core_cm7.h ****   __IM  uint32_t TYPE;                   /*!< Offset: 0x000 (R/ )  MPU Type Register */
1434:Drivers/CMSIS/Include/core_cm7.h ****   __IOM uint32_t CTRL;                   /*!< Offset: 0x004 (R/W)  MPU Control Register */
1435:Drivers/CMSIS/Include/core_cm7.h ****   __IOM uint32_t RNR;                    /*!< Offset: 0x008 (R/W)  MPU Region RNRber Register */
1436:Drivers/CMSIS/Include/core_cm7.h ****   __IOM uint32_t RBAR;                   /*!< Offset: 0x00C (R/W)  MPU Region Base Address Register
1437:Drivers/CMSIS/Include/core_cm7.h ****   __IOM uint32_t RASR;                   /*!< Offset: 0x010 (R/W)  MPU Region Attribute and Size Re
1438:Drivers/CMSIS/Include/core_cm7.h ****   __IOM uint32_t RBAR_A1;                /*!< Offset: 0x014 (R/W)  MPU Alias 1 Region Base Address 
1439:Drivers/CMSIS/Include/core_cm7.h ****   __IOM uint32_t RASR_A1;                /*!< Offset: 0x018 (R/W)  MPU Alias 1 Region Attribute and
1440:Drivers/CMSIS/Include/core_cm7.h ****   __IOM uint32_t RBAR_A2;                /*!< Offset: 0x01C (R/W)  MPU Alias 2 Region Base Address 
1441:Drivers/CMSIS/Include/core_cm7.h ****   __IOM uint32_t RASR_A2;                /*!< Offset: 0x020 (R/W)  MPU Alias 2 Region Attribute and
1442:Drivers/CMSIS/Include/core_cm7.h ****   __IOM uint32_t RBAR_A3;                /*!< Offset: 0x024 (R/W)  MPU Alias 3 Region Base Address 
1443:Drivers/CMSIS/Include/core_cm7.h ****   __IOM uint32_t RASR_A3;                /*!< Offset: 0x028 (R/W)  MPU Alias 3 Region Attribute and
1444:Drivers/CMSIS/Include/core_cm7.h **** } MPU_Type;
1445:Drivers/CMSIS/Include/core_cm7.h **** 
1446:Drivers/CMSIS/Include/core_cm7.h **** #define MPU_TYPE_RALIASES                  4U
1447:Drivers/CMSIS/Include/core_cm7.h **** 
1448:Drivers/CMSIS/Include/core_cm7.h **** /* MPU Type Register Definitions */
1449:Drivers/CMSIS/Include/core_cm7.h **** #define MPU_TYPE_IREGION_Pos               16U                                            /*!< MPU 
1450:Drivers/CMSIS/Include/core_cm7.h **** #define MPU_TYPE_IREGION_Msk               (0xFFUL << MPU_TYPE_IREGION_Pos)               /*!< MPU 
1451:Drivers/CMSIS/Include/core_cm7.h **** 
1452:Drivers/CMSIS/Include/core_cm7.h **** #define MPU_TYPE_DREGION_Pos                8U                                            /*!< MPU 
1453:Drivers/CMSIS/Include/core_cm7.h **** #define MPU_TYPE_DREGION_Msk               (0xFFUL << MPU_TYPE_DREGION_Pos)               /*!< MPU 
1454:Drivers/CMSIS/Include/core_cm7.h **** 
1455:Drivers/CMSIS/Include/core_cm7.h **** #define MPU_TYPE_SEPARATE_Pos               0U                                            /*!< MPU 
1456:Drivers/CMSIS/Include/core_cm7.h **** #define MPU_TYPE_SEPARATE_Msk              (1UL /*<< MPU_TYPE_SEPARATE_Pos*/)             /*!< MPU 
1457:Drivers/CMSIS/Include/core_cm7.h **** 
1458:Drivers/CMSIS/Include/core_cm7.h **** /* MPU Control Register Definitions */
1459:Drivers/CMSIS/Include/core_cm7.h **** #define MPU_CTRL_PRIVDEFENA_Pos             2U                                            /*!< MPU 
1460:Drivers/CMSIS/Include/core_cm7.h **** #define MPU_CTRL_PRIVDEFENA_Msk            (1UL << MPU_CTRL_PRIVDEFENA_Pos)               /*!< MPU 
1461:Drivers/CMSIS/Include/core_cm7.h **** 
1462:Drivers/CMSIS/Include/core_cm7.h **** #define MPU_CTRL_HFNMIENA_Pos               1U                                            /*!< MPU 
1463:Drivers/CMSIS/Include/core_cm7.h **** #define MPU_CTRL_HFNMIENA_Msk              (1UL << MPU_CTRL_HFNMIENA_Pos)                 /*!< MPU 
1464:Drivers/CMSIS/Include/core_cm7.h **** 
1465:Drivers/CMSIS/Include/core_cm7.h **** #define MPU_CTRL_ENABLE_Pos                 0U                                            /*!< MPU 
1466:Drivers/CMSIS/Include/core_cm7.h **** #define MPU_CTRL_ENABLE_Msk                (1UL /*<< MPU_CTRL_ENABLE_Pos*/)               /*!< MPU 
1467:Drivers/CMSIS/Include/core_cm7.h **** 
1468:Drivers/CMSIS/Include/core_cm7.h **** /* MPU Region Number Register Definitions */
1469:Drivers/CMSIS/Include/core_cm7.h **** #define MPU_RNR_REGION_Pos                  0U                                            /*!< MPU 
1470:Drivers/CMSIS/Include/core_cm7.h **** #define MPU_RNR_REGION_Msk                 (0xFFUL /*<< MPU_RNR_REGION_Pos*/)             /*!< MPU 
ARM GAS  C:\Users\nicx5\AppData\Local\Temp\cclEOOYD.s 			page 75


1471:Drivers/CMSIS/Include/core_cm7.h **** 
1472:Drivers/CMSIS/Include/core_cm7.h **** /* MPU Region Base Address Register Definitions */
1473:Drivers/CMSIS/Include/core_cm7.h **** #define MPU_RBAR_ADDR_Pos                   5U                                            /*!< MPU 
1474:Drivers/CMSIS/Include/core_cm7.h **** #define MPU_RBAR_ADDR_Msk                  (0x7FFFFFFUL << MPU_RBAR_ADDR_Pos)             /*!< MPU 
1475:Drivers/CMSIS/Include/core_cm7.h **** 
1476:Drivers/CMSIS/Include/core_cm7.h **** #define MPU_RBAR_VALID_Pos                  4U                                            /*!< MPU 
1477:Drivers/CMSIS/Include/core_cm7.h **** #define MPU_RBAR_VALID_Msk                 (1UL << MPU_RBAR_VALID_Pos)                    /*!< MPU 
1478:Drivers/CMSIS/Include/core_cm7.h **** 
1479:Drivers/CMSIS/Include/core_cm7.h **** #define MPU_RBAR_REGION_Pos                 0U                                            /*!< MPU 
1480:Drivers/CMSIS/Include/core_cm7.h **** #define MPU_RBAR_REGION_Msk                (0xFUL /*<< MPU_RBAR_REGION_Pos*/)             /*!< MPU 
1481:Drivers/CMSIS/Include/core_cm7.h **** 
1482:Drivers/CMSIS/Include/core_cm7.h **** /* MPU Region Attribute and Size Register Definitions */
1483:Drivers/CMSIS/Include/core_cm7.h **** #define MPU_RASR_ATTRS_Pos                 16U                                            /*!< MPU 
1484:Drivers/CMSIS/Include/core_cm7.h **** #define MPU_RASR_ATTRS_Msk                 (0xFFFFUL << MPU_RASR_ATTRS_Pos)               /*!< MPU 
1485:Drivers/CMSIS/Include/core_cm7.h **** 
1486:Drivers/CMSIS/Include/core_cm7.h **** #define MPU_RASR_XN_Pos                    28U                                            /*!< MPU 
1487:Drivers/CMSIS/Include/core_cm7.h **** #define MPU_RASR_XN_Msk                    (1UL << MPU_RASR_XN_Pos)                       /*!< MPU 
1488:Drivers/CMSIS/Include/core_cm7.h **** 
1489:Drivers/CMSIS/Include/core_cm7.h **** #define MPU_RASR_AP_Pos                    24U                                            /*!< MPU 
1490:Drivers/CMSIS/Include/core_cm7.h **** #define MPU_RASR_AP_Msk                    (0x7UL << MPU_RASR_AP_Pos)                     /*!< MPU 
1491:Drivers/CMSIS/Include/core_cm7.h **** 
1492:Drivers/CMSIS/Include/core_cm7.h **** #define MPU_RASR_TEX_Pos                   19U                                            /*!< MPU 
1493:Drivers/CMSIS/Include/core_cm7.h **** #define MPU_RASR_TEX_Msk                   (0x7UL << MPU_RASR_TEX_Pos)                    /*!< MPU 
1494:Drivers/CMSIS/Include/core_cm7.h **** 
1495:Drivers/CMSIS/Include/core_cm7.h **** #define MPU_RASR_S_Pos                     18U                                            /*!< MPU 
1496:Drivers/CMSIS/Include/core_cm7.h **** #define MPU_RASR_S_Msk                     (1UL << MPU_RASR_S_Pos)                        /*!< MPU 
1497:Drivers/CMSIS/Include/core_cm7.h **** 
1498:Drivers/CMSIS/Include/core_cm7.h **** #define MPU_RASR_C_Pos                     17U                                            /*!< MPU 
1499:Drivers/CMSIS/Include/core_cm7.h **** #define MPU_RASR_C_Msk                     (1UL << MPU_RASR_C_Pos)                        /*!< MPU 
1500:Drivers/CMSIS/Include/core_cm7.h **** 
1501:Drivers/CMSIS/Include/core_cm7.h **** #define MPU_RASR_B_Pos                     16U                                            /*!< MPU 
1502:Drivers/CMSIS/Include/core_cm7.h **** #define MPU_RASR_B_Msk                     (1UL << MPU_RASR_B_Pos)                        /*!< MPU 
1503:Drivers/CMSIS/Include/core_cm7.h **** 
1504:Drivers/CMSIS/Include/core_cm7.h **** #define MPU_RASR_SRD_Pos                    8U                                            /*!< MPU 
1505:Drivers/CMSIS/Include/core_cm7.h **** #define MPU_RASR_SRD_Msk                   (0xFFUL << MPU_RASR_SRD_Pos)                   /*!< MPU 
1506:Drivers/CMSIS/Include/core_cm7.h **** 
1507:Drivers/CMSIS/Include/core_cm7.h **** #define MPU_RASR_SIZE_Pos                   1U                                            /*!< MPU 
1508:Drivers/CMSIS/Include/core_cm7.h **** #define MPU_RASR_SIZE_Msk                  (0x1FUL << MPU_RASR_SIZE_Pos)                  /*!< MPU 
1509:Drivers/CMSIS/Include/core_cm7.h **** 
1510:Drivers/CMSIS/Include/core_cm7.h **** #define MPU_RASR_ENABLE_Pos                 0U                                            /*!< MPU 
1511:Drivers/CMSIS/Include/core_cm7.h **** #define MPU_RASR_ENABLE_Msk                (1UL /*<< MPU_RASR_ENABLE_Pos*/)               /*!< MPU 
1512:Drivers/CMSIS/Include/core_cm7.h **** 
1513:Drivers/CMSIS/Include/core_cm7.h **** /*@} end of group CMSIS_MPU */
1514:Drivers/CMSIS/Include/core_cm7.h **** #endif /* defined (__MPU_PRESENT) && (__MPU_PRESENT == 1U) */
1515:Drivers/CMSIS/Include/core_cm7.h **** 
1516:Drivers/CMSIS/Include/core_cm7.h **** 
1517:Drivers/CMSIS/Include/core_cm7.h **** /**
1518:Drivers/CMSIS/Include/core_cm7.h ****   \ingroup  CMSIS_core_register
1519:Drivers/CMSIS/Include/core_cm7.h ****   \defgroup CMSIS_FPU     Floating Point Unit (FPU)
1520:Drivers/CMSIS/Include/core_cm7.h ****   \brief    Type definitions for the Floating Point Unit (FPU)
1521:Drivers/CMSIS/Include/core_cm7.h ****   @{
1522:Drivers/CMSIS/Include/core_cm7.h ****  */
1523:Drivers/CMSIS/Include/core_cm7.h **** 
1524:Drivers/CMSIS/Include/core_cm7.h **** /**
1525:Drivers/CMSIS/Include/core_cm7.h ****   \brief  Structure type to access the Floating Point Unit (FPU).
1526:Drivers/CMSIS/Include/core_cm7.h ****  */
1527:Drivers/CMSIS/Include/core_cm7.h **** typedef struct
ARM GAS  C:\Users\nicx5\AppData\Local\Temp\cclEOOYD.s 			page 76


1528:Drivers/CMSIS/Include/core_cm7.h **** {
1529:Drivers/CMSIS/Include/core_cm7.h ****         uint32_t RESERVED0[1U];
1530:Drivers/CMSIS/Include/core_cm7.h ****   __IOM uint32_t FPCCR;                  /*!< Offset: 0x004 (R/W)  Floating-Point Context Control R
1531:Drivers/CMSIS/Include/core_cm7.h ****   __IOM uint32_t FPCAR;                  /*!< Offset: 0x008 (R/W)  Floating-Point Context Address R
1532:Drivers/CMSIS/Include/core_cm7.h ****   __IOM uint32_t FPDSCR;                 /*!< Offset: 0x00C (R/W)  Floating-Point Default Status Co
1533:Drivers/CMSIS/Include/core_cm7.h ****   __IM  uint32_t MVFR0;                  /*!< Offset: 0x010 (R/ )  Media and FP Feature Register 0 
1534:Drivers/CMSIS/Include/core_cm7.h ****   __IM  uint32_t MVFR1;                  /*!< Offset: 0x014 (R/ )  Media and FP Feature Register 1 
1535:Drivers/CMSIS/Include/core_cm7.h ****   __IM  uint32_t MVFR2;                  /*!< Offset: 0x018 (R/ )  Media and FP Feature Register 2 
1536:Drivers/CMSIS/Include/core_cm7.h **** } FPU_Type;
1537:Drivers/CMSIS/Include/core_cm7.h **** 
1538:Drivers/CMSIS/Include/core_cm7.h **** /* Floating-Point Context Control Register Definitions */
1539:Drivers/CMSIS/Include/core_cm7.h **** #define FPU_FPCCR_ASPEN_Pos                31U                                            /*!< FPCC
1540:Drivers/CMSIS/Include/core_cm7.h **** #define FPU_FPCCR_ASPEN_Msk                (1UL << FPU_FPCCR_ASPEN_Pos)                   /*!< FPCC
1541:Drivers/CMSIS/Include/core_cm7.h **** 
1542:Drivers/CMSIS/Include/core_cm7.h **** #define FPU_FPCCR_LSPEN_Pos                30U                                            /*!< FPCC
1543:Drivers/CMSIS/Include/core_cm7.h **** #define FPU_FPCCR_LSPEN_Msk                (1UL << FPU_FPCCR_LSPEN_Pos)                   /*!< FPCC
1544:Drivers/CMSIS/Include/core_cm7.h **** 
1545:Drivers/CMSIS/Include/core_cm7.h **** #define FPU_FPCCR_MONRDY_Pos                8U                                            /*!< FPCC
1546:Drivers/CMSIS/Include/core_cm7.h **** #define FPU_FPCCR_MONRDY_Msk               (1UL << FPU_FPCCR_MONRDY_Pos)                  /*!< FPCC
1547:Drivers/CMSIS/Include/core_cm7.h **** 
1548:Drivers/CMSIS/Include/core_cm7.h **** #define FPU_FPCCR_BFRDY_Pos                 6U                                            /*!< FPCC
1549:Drivers/CMSIS/Include/core_cm7.h **** #define FPU_FPCCR_BFRDY_Msk                (1UL << FPU_FPCCR_BFRDY_Pos)                   /*!< FPCC
1550:Drivers/CMSIS/Include/core_cm7.h **** 
1551:Drivers/CMSIS/Include/core_cm7.h **** #define FPU_FPCCR_MMRDY_Pos                 5U                                            /*!< FPCC
1552:Drivers/CMSIS/Include/core_cm7.h **** #define FPU_FPCCR_MMRDY_Msk                (1UL << FPU_FPCCR_MMRDY_Pos)                   /*!< FPCC
1553:Drivers/CMSIS/Include/core_cm7.h **** 
1554:Drivers/CMSIS/Include/core_cm7.h **** #define FPU_FPCCR_HFRDY_Pos                 4U                                            /*!< FPCC
1555:Drivers/CMSIS/Include/core_cm7.h **** #define FPU_FPCCR_HFRDY_Msk                (1UL << FPU_FPCCR_HFRDY_Pos)                   /*!< FPCC
1556:Drivers/CMSIS/Include/core_cm7.h **** 
1557:Drivers/CMSIS/Include/core_cm7.h **** #define FPU_FPCCR_THREAD_Pos                3U                                            /*!< FPCC
1558:Drivers/CMSIS/Include/core_cm7.h **** #define FPU_FPCCR_THREAD_Msk               (1UL << FPU_FPCCR_THREAD_Pos)                  /*!< FPCC
1559:Drivers/CMSIS/Include/core_cm7.h **** 
1560:Drivers/CMSIS/Include/core_cm7.h **** #define FPU_FPCCR_USER_Pos                  1U                                            /*!< FPCC
1561:Drivers/CMSIS/Include/core_cm7.h **** #define FPU_FPCCR_USER_Msk                 (1UL << FPU_FPCCR_USER_Pos)                    /*!< FPCC
1562:Drivers/CMSIS/Include/core_cm7.h **** 
1563:Drivers/CMSIS/Include/core_cm7.h **** #define FPU_FPCCR_LSPACT_Pos                0U                                            /*!< FPCC
1564:Drivers/CMSIS/Include/core_cm7.h **** #define FPU_FPCCR_LSPACT_Msk               (1UL /*<< FPU_FPCCR_LSPACT_Pos*/)              /*!< FPCC
1565:Drivers/CMSIS/Include/core_cm7.h **** 
1566:Drivers/CMSIS/Include/core_cm7.h **** /* Floating-Point Context Address Register Definitions */
1567:Drivers/CMSIS/Include/core_cm7.h **** #define FPU_FPCAR_ADDRESS_Pos               3U                                            /*!< FPCA
1568:Drivers/CMSIS/Include/core_cm7.h **** #define FPU_FPCAR_ADDRESS_Msk              (0x1FFFFFFFUL << FPU_FPCAR_ADDRESS_Pos)        /*!< FPCA
1569:Drivers/CMSIS/Include/core_cm7.h **** 
1570:Drivers/CMSIS/Include/core_cm7.h **** /* Floating-Point Default Status Control Register Definitions */
1571:Drivers/CMSIS/Include/core_cm7.h **** #define FPU_FPDSCR_AHP_Pos                 26U                                            /*!< FPDS
1572:Drivers/CMSIS/Include/core_cm7.h **** #define FPU_FPDSCR_AHP_Msk                 (1UL << FPU_FPDSCR_AHP_Pos)                    /*!< FPDS
1573:Drivers/CMSIS/Include/core_cm7.h **** 
1574:Drivers/CMSIS/Include/core_cm7.h **** #define FPU_FPDSCR_DN_Pos                  25U                                            /*!< FPDS
1575:Drivers/CMSIS/Include/core_cm7.h **** #define FPU_FPDSCR_DN_Msk                  (1UL << FPU_FPDSCR_DN_Pos)                     /*!< FPDS
1576:Drivers/CMSIS/Include/core_cm7.h **** 
1577:Drivers/CMSIS/Include/core_cm7.h **** #define FPU_FPDSCR_FZ_Pos                  24U                                            /*!< FPDS
1578:Drivers/CMSIS/Include/core_cm7.h **** #define FPU_FPDSCR_FZ_Msk                  (1UL << FPU_FPDSCR_FZ_Pos)                     /*!< FPDS
1579:Drivers/CMSIS/Include/core_cm7.h **** 
1580:Drivers/CMSIS/Include/core_cm7.h **** #define FPU_FPDSCR_RMode_Pos               22U                                            /*!< FPDS
1581:Drivers/CMSIS/Include/core_cm7.h **** #define FPU_FPDSCR_RMode_Msk               (3UL << FPU_FPDSCR_RMode_Pos)                  /*!< FPDS
1582:Drivers/CMSIS/Include/core_cm7.h **** 
1583:Drivers/CMSIS/Include/core_cm7.h **** /* Media and FP Feature Register 0 Definitions */
1584:Drivers/CMSIS/Include/core_cm7.h **** #define FPU_MVFR0_FP_rounding_modes_Pos    28U                                            /*!< MVFR
ARM GAS  C:\Users\nicx5\AppData\Local\Temp\cclEOOYD.s 			page 77


1585:Drivers/CMSIS/Include/core_cm7.h **** #define FPU_MVFR0_FP_rounding_modes_Msk    (0xFUL << FPU_MVFR0_FP_rounding_modes_Pos)     /*!< MVFR
1586:Drivers/CMSIS/Include/core_cm7.h **** 
1587:Drivers/CMSIS/Include/core_cm7.h **** #define FPU_MVFR0_Short_vectors_Pos        24U                                            /*!< MVFR
1588:Drivers/CMSIS/Include/core_cm7.h **** #define FPU_MVFR0_Short_vectors_Msk        (0xFUL << FPU_MVFR0_Short_vectors_Pos)         /*!< MVFR
1589:Drivers/CMSIS/Include/core_cm7.h **** 
1590:Drivers/CMSIS/Include/core_cm7.h **** #define FPU_MVFR0_Square_root_Pos          20U                                            /*!< MVFR
1591:Drivers/CMSIS/Include/core_cm7.h **** #define FPU_MVFR0_Square_root_Msk          (0xFUL << FPU_MVFR0_Square_root_Pos)           /*!< MVFR
1592:Drivers/CMSIS/Include/core_cm7.h **** 
1593:Drivers/CMSIS/Include/core_cm7.h **** #define FPU_MVFR0_Divide_Pos               16U                                            /*!< MVFR
1594:Drivers/CMSIS/Include/core_cm7.h **** #define FPU_MVFR0_Divide_Msk               (0xFUL << FPU_MVFR0_Divide_Pos)                /*!< MVFR
1595:Drivers/CMSIS/Include/core_cm7.h **** 
1596:Drivers/CMSIS/Include/core_cm7.h **** #define FPU_MVFR0_FP_excep_trapping_Pos    12U                                            /*!< MVFR
1597:Drivers/CMSIS/Include/core_cm7.h **** #define FPU_MVFR0_FP_excep_trapping_Msk    (0xFUL << FPU_MVFR0_FP_excep_trapping_Pos)     /*!< MVFR
1598:Drivers/CMSIS/Include/core_cm7.h **** 
1599:Drivers/CMSIS/Include/core_cm7.h **** #define FPU_MVFR0_Double_precision_Pos      8U                                            /*!< MVFR
1600:Drivers/CMSIS/Include/core_cm7.h **** #define FPU_MVFR0_Double_precision_Msk     (0xFUL << FPU_MVFR0_Double_precision_Pos)      /*!< MVFR
1601:Drivers/CMSIS/Include/core_cm7.h **** 
1602:Drivers/CMSIS/Include/core_cm7.h **** #define FPU_MVFR0_Single_precision_Pos      4U                                            /*!< MVFR
1603:Drivers/CMSIS/Include/core_cm7.h **** #define FPU_MVFR0_Single_precision_Msk     (0xFUL << FPU_MVFR0_Single_precision_Pos)      /*!< MVFR
1604:Drivers/CMSIS/Include/core_cm7.h **** 
1605:Drivers/CMSIS/Include/core_cm7.h **** #define FPU_MVFR0_A_SIMD_registers_Pos      0U                                            /*!< MVFR
1606:Drivers/CMSIS/Include/core_cm7.h **** #define FPU_MVFR0_A_SIMD_registers_Msk     (0xFUL /*<< FPU_MVFR0_A_SIMD_registers_Pos*/)  /*!< MVFR
1607:Drivers/CMSIS/Include/core_cm7.h **** 
1608:Drivers/CMSIS/Include/core_cm7.h **** /* Media and FP Feature Register 1 Definitions */
1609:Drivers/CMSIS/Include/core_cm7.h **** #define FPU_MVFR1_FP_fused_MAC_Pos         28U                                            /*!< MVFR
1610:Drivers/CMSIS/Include/core_cm7.h **** #define FPU_MVFR1_FP_fused_MAC_Msk         (0xFUL << FPU_MVFR1_FP_fused_MAC_Pos)          /*!< MVFR
1611:Drivers/CMSIS/Include/core_cm7.h **** 
1612:Drivers/CMSIS/Include/core_cm7.h **** #define FPU_MVFR1_FP_HPFP_Pos              24U                                            /*!< MVFR
1613:Drivers/CMSIS/Include/core_cm7.h **** #define FPU_MVFR1_FP_HPFP_Msk              (0xFUL << FPU_MVFR1_FP_HPFP_Pos)               /*!< MVFR
1614:Drivers/CMSIS/Include/core_cm7.h **** 
1615:Drivers/CMSIS/Include/core_cm7.h **** #define FPU_MVFR1_D_NaN_mode_Pos            4U                                            /*!< MVFR
1616:Drivers/CMSIS/Include/core_cm7.h **** #define FPU_MVFR1_D_NaN_mode_Msk           (0xFUL << FPU_MVFR1_D_NaN_mode_Pos)            /*!< MVFR
1617:Drivers/CMSIS/Include/core_cm7.h **** 
1618:Drivers/CMSIS/Include/core_cm7.h **** #define FPU_MVFR1_FtZ_mode_Pos              0U                                            /*!< MVFR
1619:Drivers/CMSIS/Include/core_cm7.h **** #define FPU_MVFR1_FtZ_mode_Msk             (0xFUL /*<< FPU_MVFR1_FtZ_mode_Pos*/)          /*!< MVFR
1620:Drivers/CMSIS/Include/core_cm7.h **** 
1621:Drivers/CMSIS/Include/core_cm7.h **** /* Media and FP Feature Register 2 Definitions */
1622:Drivers/CMSIS/Include/core_cm7.h **** 
1623:Drivers/CMSIS/Include/core_cm7.h **** #define FPU_MVFR2_VFP_Misc_Pos              4U                                            /*!< MVFR
1624:Drivers/CMSIS/Include/core_cm7.h **** #define FPU_MVFR2_VFP_Misc_Msk             (0xFUL << FPU_MVFR2_VFP_Misc_Pos)              /*!< MVFR
1625:Drivers/CMSIS/Include/core_cm7.h **** 
1626:Drivers/CMSIS/Include/core_cm7.h **** /*@} end of group CMSIS_FPU */
1627:Drivers/CMSIS/Include/core_cm7.h **** 
1628:Drivers/CMSIS/Include/core_cm7.h **** 
1629:Drivers/CMSIS/Include/core_cm7.h **** /**
1630:Drivers/CMSIS/Include/core_cm7.h ****   \ingroup  CMSIS_core_register
1631:Drivers/CMSIS/Include/core_cm7.h ****   \defgroup CMSIS_CoreDebug       Core Debug Registers (CoreDebug)
1632:Drivers/CMSIS/Include/core_cm7.h ****   \brief    Type definitions for the Core Debug Registers
1633:Drivers/CMSIS/Include/core_cm7.h ****   @{
1634:Drivers/CMSIS/Include/core_cm7.h ****  */
1635:Drivers/CMSIS/Include/core_cm7.h **** 
1636:Drivers/CMSIS/Include/core_cm7.h **** /**
1637:Drivers/CMSIS/Include/core_cm7.h ****   \brief  Structure type to access the Core Debug Register (CoreDebug).
1638:Drivers/CMSIS/Include/core_cm7.h ****  */
1639:Drivers/CMSIS/Include/core_cm7.h **** typedef struct
1640:Drivers/CMSIS/Include/core_cm7.h **** {
1641:Drivers/CMSIS/Include/core_cm7.h ****   __IOM uint32_t DHCSR;                  /*!< Offset: 0x000 (R/W)  Debug Halting Control and Status
ARM GAS  C:\Users\nicx5\AppData\Local\Temp\cclEOOYD.s 			page 78


1642:Drivers/CMSIS/Include/core_cm7.h ****   __OM  uint32_t DCRSR;                  /*!< Offset: 0x004 ( /W)  Debug Core Register Selector Reg
1643:Drivers/CMSIS/Include/core_cm7.h ****   __IOM uint32_t DCRDR;                  /*!< Offset: 0x008 (R/W)  Debug Core Register Data Registe
1644:Drivers/CMSIS/Include/core_cm7.h ****   __IOM uint32_t DEMCR;                  /*!< Offset: 0x00C (R/W)  Debug Exception and Monitor Cont
1645:Drivers/CMSIS/Include/core_cm7.h **** } CoreDebug_Type;
1646:Drivers/CMSIS/Include/core_cm7.h **** 
1647:Drivers/CMSIS/Include/core_cm7.h **** /* Debug Halting Control and Status Register Definitions */
1648:Drivers/CMSIS/Include/core_cm7.h **** #define CoreDebug_DHCSR_DBGKEY_Pos         16U                                            /*!< Core
1649:Drivers/CMSIS/Include/core_cm7.h **** #define CoreDebug_DHCSR_DBGKEY_Msk         (0xFFFFUL << CoreDebug_DHCSR_DBGKEY_Pos)       /*!< Core
1650:Drivers/CMSIS/Include/core_cm7.h **** 
1651:Drivers/CMSIS/Include/core_cm7.h **** #define CoreDebug_DHCSR_S_RESET_ST_Pos     25U                                            /*!< Core
1652:Drivers/CMSIS/Include/core_cm7.h **** #define CoreDebug_DHCSR_S_RESET_ST_Msk     (1UL << CoreDebug_DHCSR_S_RESET_ST_Pos)        /*!< Core
1653:Drivers/CMSIS/Include/core_cm7.h **** 
1654:Drivers/CMSIS/Include/core_cm7.h **** #define CoreDebug_DHCSR_S_RETIRE_ST_Pos    24U                                            /*!< Core
1655:Drivers/CMSIS/Include/core_cm7.h **** #define CoreDebug_DHCSR_S_RETIRE_ST_Msk    (1UL << CoreDebug_DHCSR_S_RETIRE_ST_Pos)       /*!< Core
1656:Drivers/CMSIS/Include/core_cm7.h **** 
1657:Drivers/CMSIS/Include/core_cm7.h **** #define CoreDebug_DHCSR_S_LOCKUP_Pos       19U                                            /*!< Core
1658:Drivers/CMSIS/Include/core_cm7.h **** #define CoreDebug_DHCSR_S_LOCKUP_Msk       (1UL << CoreDebug_DHCSR_S_LOCKUP_Pos)          /*!< Core
1659:Drivers/CMSIS/Include/core_cm7.h **** 
1660:Drivers/CMSIS/Include/core_cm7.h **** #define CoreDebug_DHCSR_S_SLEEP_Pos        18U                                            /*!< Core
1661:Drivers/CMSIS/Include/core_cm7.h **** #define CoreDebug_DHCSR_S_SLEEP_Msk        (1UL << CoreDebug_DHCSR_S_SLEEP_Pos)           /*!< Core
1662:Drivers/CMSIS/Include/core_cm7.h **** 
1663:Drivers/CMSIS/Include/core_cm7.h **** #define CoreDebug_DHCSR_S_HALT_Pos         17U                                            /*!< Core
1664:Drivers/CMSIS/Include/core_cm7.h **** #define CoreDebug_DHCSR_S_HALT_Msk         (1UL << CoreDebug_DHCSR_S_HALT_Pos)            /*!< Core
1665:Drivers/CMSIS/Include/core_cm7.h **** 
1666:Drivers/CMSIS/Include/core_cm7.h **** #define CoreDebug_DHCSR_S_REGRDY_Pos       16U                                            /*!< Core
1667:Drivers/CMSIS/Include/core_cm7.h **** #define CoreDebug_DHCSR_S_REGRDY_Msk       (1UL << CoreDebug_DHCSR_S_REGRDY_Pos)          /*!< Core
1668:Drivers/CMSIS/Include/core_cm7.h **** 
1669:Drivers/CMSIS/Include/core_cm7.h **** #define CoreDebug_DHCSR_C_SNAPSTALL_Pos     5U                                            /*!< Core
1670:Drivers/CMSIS/Include/core_cm7.h **** #define CoreDebug_DHCSR_C_SNAPSTALL_Msk    (1UL << CoreDebug_DHCSR_C_SNAPSTALL_Pos)       /*!< Core
1671:Drivers/CMSIS/Include/core_cm7.h **** 
1672:Drivers/CMSIS/Include/core_cm7.h **** #define CoreDebug_DHCSR_C_MASKINTS_Pos      3U                                            /*!< Core
1673:Drivers/CMSIS/Include/core_cm7.h **** #define CoreDebug_DHCSR_C_MASKINTS_Msk     (1UL << CoreDebug_DHCSR_C_MASKINTS_Pos)        /*!< Core
1674:Drivers/CMSIS/Include/core_cm7.h **** 
1675:Drivers/CMSIS/Include/core_cm7.h **** #define CoreDebug_DHCSR_C_STEP_Pos          2U                                            /*!< Core
1676:Drivers/CMSIS/Include/core_cm7.h **** #define CoreDebug_DHCSR_C_STEP_Msk         (1UL << CoreDebug_DHCSR_C_STEP_Pos)            /*!< Core
1677:Drivers/CMSIS/Include/core_cm7.h **** 
1678:Drivers/CMSIS/Include/core_cm7.h **** #define CoreDebug_DHCSR_C_HALT_Pos          1U                                            /*!< Core
1679:Drivers/CMSIS/Include/core_cm7.h **** #define CoreDebug_DHCSR_C_HALT_Msk         (1UL << CoreDebug_DHCSR_C_HALT_Pos)            /*!< Core
1680:Drivers/CMSIS/Include/core_cm7.h **** 
1681:Drivers/CMSIS/Include/core_cm7.h **** #define CoreDebug_DHCSR_C_DEBUGEN_Pos       0U                                            /*!< Core
1682:Drivers/CMSIS/Include/core_cm7.h **** #define CoreDebug_DHCSR_C_DEBUGEN_Msk      (1UL /*<< CoreDebug_DHCSR_C_DEBUGEN_Pos*/)     /*!< Core
1683:Drivers/CMSIS/Include/core_cm7.h **** 
1684:Drivers/CMSIS/Include/core_cm7.h **** /* Debug Core Register Selector Register Definitions */
1685:Drivers/CMSIS/Include/core_cm7.h **** #define CoreDebug_DCRSR_REGWnR_Pos         16U                                            /*!< Core
1686:Drivers/CMSIS/Include/core_cm7.h **** #define CoreDebug_DCRSR_REGWnR_Msk         (1UL << CoreDebug_DCRSR_REGWnR_Pos)            /*!< Core
1687:Drivers/CMSIS/Include/core_cm7.h **** 
1688:Drivers/CMSIS/Include/core_cm7.h **** #define CoreDebug_DCRSR_REGSEL_Pos          0U                                            /*!< Core
1689:Drivers/CMSIS/Include/core_cm7.h **** #define CoreDebug_DCRSR_REGSEL_Msk         (0x1FUL /*<< CoreDebug_DCRSR_REGSEL_Pos*/)     /*!< Core
1690:Drivers/CMSIS/Include/core_cm7.h **** 
1691:Drivers/CMSIS/Include/core_cm7.h **** /* Debug Exception and Monitor Control Register Definitions */
1692:Drivers/CMSIS/Include/core_cm7.h **** #define CoreDebug_DEMCR_TRCENA_Pos         24U                                            /*!< Core
1693:Drivers/CMSIS/Include/core_cm7.h **** #define CoreDebug_DEMCR_TRCENA_Msk         (1UL << CoreDebug_DEMCR_TRCENA_Pos)            /*!< Core
1694:Drivers/CMSIS/Include/core_cm7.h **** 
1695:Drivers/CMSIS/Include/core_cm7.h **** #define CoreDebug_DEMCR_MON_REQ_Pos        19U                                            /*!< Core
1696:Drivers/CMSIS/Include/core_cm7.h **** #define CoreDebug_DEMCR_MON_REQ_Msk        (1UL << CoreDebug_DEMCR_MON_REQ_Pos)           /*!< Core
1697:Drivers/CMSIS/Include/core_cm7.h **** 
1698:Drivers/CMSIS/Include/core_cm7.h **** #define CoreDebug_DEMCR_MON_STEP_Pos       18U                                            /*!< Core
ARM GAS  C:\Users\nicx5\AppData\Local\Temp\cclEOOYD.s 			page 79


1699:Drivers/CMSIS/Include/core_cm7.h **** #define CoreDebug_DEMCR_MON_STEP_Msk       (1UL << CoreDebug_DEMCR_MON_STEP_Pos)          /*!< Core
1700:Drivers/CMSIS/Include/core_cm7.h **** 
1701:Drivers/CMSIS/Include/core_cm7.h **** #define CoreDebug_DEMCR_MON_PEND_Pos       17U                                            /*!< Core
1702:Drivers/CMSIS/Include/core_cm7.h **** #define CoreDebug_DEMCR_MON_PEND_Msk       (1UL << CoreDebug_DEMCR_MON_PEND_Pos)          /*!< Core
1703:Drivers/CMSIS/Include/core_cm7.h **** 
1704:Drivers/CMSIS/Include/core_cm7.h **** #define CoreDebug_DEMCR_MON_EN_Pos         16U                                            /*!< Core
1705:Drivers/CMSIS/Include/core_cm7.h **** #define CoreDebug_DEMCR_MON_EN_Msk         (1UL << CoreDebug_DEMCR_MON_EN_Pos)            /*!< Core
1706:Drivers/CMSIS/Include/core_cm7.h **** 
1707:Drivers/CMSIS/Include/core_cm7.h **** #define CoreDebug_DEMCR_VC_HARDERR_Pos     10U                                            /*!< Core
1708:Drivers/CMSIS/Include/core_cm7.h **** #define CoreDebug_DEMCR_VC_HARDERR_Msk     (1UL << CoreDebug_DEMCR_VC_HARDERR_Pos)        /*!< Core
1709:Drivers/CMSIS/Include/core_cm7.h **** 
1710:Drivers/CMSIS/Include/core_cm7.h **** #define CoreDebug_DEMCR_VC_INTERR_Pos       9U                                            /*!< Core
1711:Drivers/CMSIS/Include/core_cm7.h **** #define CoreDebug_DEMCR_VC_INTERR_Msk      (1UL << CoreDebug_DEMCR_VC_INTERR_Pos)         /*!< Core
1712:Drivers/CMSIS/Include/core_cm7.h **** 
1713:Drivers/CMSIS/Include/core_cm7.h **** #define CoreDebug_DEMCR_VC_BUSERR_Pos       8U                                            /*!< Core
1714:Drivers/CMSIS/Include/core_cm7.h **** #define CoreDebug_DEMCR_VC_BUSERR_Msk      (1UL << CoreDebug_DEMCR_VC_BUSERR_Pos)         /*!< Core
1715:Drivers/CMSIS/Include/core_cm7.h **** 
1716:Drivers/CMSIS/Include/core_cm7.h **** #define CoreDebug_DEMCR_VC_STATERR_Pos      7U                                            /*!< Core
1717:Drivers/CMSIS/Include/core_cm7.h **** #define CoreDebug_DEMCR_VC_STATERR_Msk     (1UL << CoreDebug_DEMCR_VC_STATERR_Pos)        /*!< Core
1718:Drivers/CMSIS/Include/core_cm7.h **** 
1719:Drivers/CMSIS/Include/core_cm7.h **** #define CoreDebug_DEMCR_VC_CHKERR_Pos       6U                                            /*!< Core
1720:Drivers/CMSIS/Include/core_cm7.h **** #define CoreDebug_DEMCR_VC_CHKERR_Msk      (1UL << CoreDebug_DEMCR_VC_CHKERR_Pos)         /*!< Core
1721:Drivers/CMSIS/Include/core_cm7.h **** 
1722:Drivers/CMSIS/Include/core_cm7.h **** #define CoreDebug_DEMCR_VC_NOCPERR_Pos      5U                                            /*!< Core
1723:Drivers/CMSIS/Include/core_cm7.h **** #define CoreDebug_DEMCR_VC_NOCPERR_Msk     (1UL << CoreDebug_DEMCR_VC_NOCPERR_Pos)        /*!< Core
1724:Drivers/CMSIS/Include/core_cm7.h **** 
1725:Drivers/CMSIS/Include/core_cm7.h **** #define CoreDebug_DEMCR_VC_MMERR_Pos        4U                                            /*!< Core
1726:Drivers/CMSIS/Include/core_cm7.h **** #define CoreDebug_DEMCR_VC_MMERR_Msk       (1UL << CoreDebug_DEMCR_VC_MMERR_Pos)          /*!< Core
1727:Drivers/CMSIS/Include/core_cm7.h **** 
1728:Drivers/CMSIS/Include/core_cm7.h **** #define CoreDebug_DEMCR_VC_CORERESET_Pos    0U                                            /*!< Core
1729:Drivers/CMSIS/Include/core_cm7.h **** #define CoreDebug_DEMCR_VC_CORERESET_Msk   (1UL /*<< CoreDebug_DEMCR_VC_CORERESET_Pos*/)  /*!< Core
1730:Drivers/CMSIS/Include/core_cm7.h **** 
1731:Drivers/CMSIS/Include/core_cm7.h **** /*@} end of group CMSIS_CoreDebug */
1732:Drivers/CMSIS/Include/core_cm7.h **** 
1733:Drivers/CMSIS/Include/core_cm7.h **** 
1734:Drivers/CMSIS/Include/core_cm7.h **** /**
1735:Drivers/CMSIS/Include/core_cm7.h ****   \ingroup    CMSIS_core_register
1736:Drivers/CMSIS/Include/core_cm7.h ****   \defgroup   CMSIS_core_bitfield     Core register bit field macros
1737:Drivers/CMSIS/Include/core_cm7.h ****   \brief      Macros for use with bit field definitions (xxx_Pos, xxx_Msk).
1738:Drivers/CMSIS/Include/core_cm7.h ****   @{
1739:Drivers/CMSIS/Include/core_cm7.h ****  */
1740:Drivers/CMSIS/Include/core_cm7.h **** 
1741:Drivers/CMSIS/Include/core_cm7.h **** /**
1742:Drivers/CMSIS/Include/core_cm7.h ****   \brief   Mask and shift a bit field value for use in a register bit range.
1743:Drivers/CMSIS/Include/core_cm7.h ****   \param[in] field  Name of the register bit field.
1744:Drivers/CMSIS/Include/core_cm7.h ****   \param[in] value  Value of the bit field. This parameter is interpreted as an uint32_t type.
1745:Drivers/CMSIS/Include/core_cm7.h ****   \return           Masked and shifted value.
1746:Drivers/CMSIS/Include/core_cm7.h **** */
1747:Drivers/CMSIS/Include/core_cm7.h **** #define _VAL2FLD(field, value)    (((uint32_t)(value) << field ## _Pos) & field ## _Msk)
1748:Drivers/CMSIS/Include/core_cm7.h **** 
1749:Drivers/CMSIS/Include/core_cm7.h **** /**
1750:Drivers/CMSIS/Include/core_cm7.h ****   \brief     Mask and shift a register value to extract a bit filed value.
1751:Drivers/CMSIS/Include/core_cm7.h ****   \param[in] field  Name of the register bit field.
1752:Drivers/CMSIS/Include/core_cm7.h ****   \param[in] value  Value of register. This parameter is interpreted as an uint32_t type.
1753:Drivers/CMSIS/Include/core_cm7.h ****   \return           Masked and shifted bit field value.
1754:Drivers/CMSIS/Include/core_cm7.h **** */
1755:Drivers/CMSIS/Include/core_cm7.h **** #define _FLD2VAL(field, value)    (((uint32_t)(value) & field ## _Msk) >> field ## _Pos)
ARM GAS  C:\Users\nicx5\AppData\Local\Temp\cclEOOYD.s 			page 80


1756:Drivers/CMSIS/Include/core_cm7.h **** 
1757:Drivers/CMSIS/Include/core_cm7.h **** /*@} end of group CMSIS_core_bitfield */
1758:Drivers/CMSIS/Include/core_cm7.h **** 
1759:Drivers/CMSIS/Include/core_cm7.h **** 
1760:Drivers/CMSIS/Include/core_cm7.h **** /**
1761:Drivers/CMSIS/Include/core_cm7.h ****   \ingroup    CMSIS_core_register
1762:Drivers/CMSIS/Include/core_cm7.h ****   \defgroup   CMSIS_core_base     Core Definitions
1763:Drivers/CMSIS/Include/core_cm7.h ****   \brief      Definitions for base addresses, unions, and structures.
1764:Drivers/CMSIS/Include/core_cm7.h ****   @{
1765:Drivers/CMSIS/Include/core_cm7.h ****  */
1766:Drivers/CMSIS/Include/core_cm7.h **** 
1767:Drivers/CMSIS/Include/core_cm7.h **** /* Memory mapping of Core Hardware */
1768:Drivers/CMSIS/Include/core_cm7.h **** #define SCS_BASE            (0xE000E000UL)                            /*!< System Control Space Bas
1769:Drivers/CMSIS/Include/core_cm7.h **** #define ITM_BASE            (0xE0000000UL)                            /*!< ITM Base Address */
1770:Drivers/CMSIS/Include/core_cm7.h **** #define DWT_BASE            (0xE0001000UL)                            /*!< DWT Base Address */
1771:Drivers/CMSIS/Include/core_cm7.h **** #define TPI_BASE            (0xE0040000UL)                            /*!< TPI Base Address */
1772:Drivers/CMSIS/Include/core_cm7.h **** #define CoreDebug_BASE      (0xE000EDF0UL)                            /*!< Core Debug Base Address 
1773:Drivers/CMSIS/Include/core_cm7.h **** #define SysTick_BASE        (SCS_BASE +  0x0010UL)                    /*!< SysTick Base Address */
1774:Drivers/CMSIS/Include/core_cm7.h **** #define NVIC_BASE           (SCS_BASE +  0x0100UL)                    /*!< NVIC Base Address */
1775:Drivers/CMSIS/Include/core_cm7.h **** #define SCB_BASE            (SCS_BASE +  0x0D00UL)                    /*!< System Control Block Bas
1776:Drivers/CMSIS/Include/core_cm7.h **** 
1777:Drivers/CMSIS/Include/core_cm7.h **** #define SCnSCB              ((SCnSCB_Type    *)     SCS_BASE      )   /*!< System control Register 
1778:Drivers/CMSIS/Include/core_cm7.h **** #define SCB                 ((SCB_Type       *)     SCB_BASE      )   /*!< SCB configuration struct
1779:Drivers/CMSIS/Include/core_cm7.h **** #define SysTick             ((SysTick_Type   *)     SysTick_BASE  )   /*!< SysTick configuration st
1780:Drivers/CMSIS/Include/core_cm7.h **** #define NVIC                ((NVIC_Type      *)     NVIC_BASE     )   /*!< NVIC configuration struc
1781:Drivers/CMSIS/Include/core_cm7.h **** #define ITM                 ((ITM_Type       *)     ITM_BASE      )   /*!< ITM configuration struct
1782:Drivers/CMSIS/Include/core_cm7.h **** #define DWT                 ((DWT_Type       *)     DWT_BASE      )   /*!< DWT configuration struct
1783:Drivers/CMSIS/Include/core_cm7.h **** #define TPI                 ((TPI_Type       *)     TPI_BASE      )   /*!< TPI configuration struct
1784:Drivers/CMSIS/Include/core_cm7.h **** #define CoreDebug           ((CoreDebug_Type *)     CoreDebug_BASE)   /*!< Core Debug configuration
1785:Drivers/CMSIS/Include/core_cm7.h **** 
1786:Drivers/CMSIS/Include/core_cm7.h **** #if defined (__MPU_PRESENT) && (__MPU_PRESENT == 1U)
1787:Drivers/CMSIS/Include/core_cm7.h ****   #define MPU_BASE          (SCS_BASE +  0x0D90UL)                    /*!< Memory Protection Unit *
1788:Drivers/CMSIS/Include/core_cm7.h ****   #define MPU               ((MPU_Type       *)     MPU_BASE      )   /*!< Memory Protection Unit *
1789:Drivers/CMSIS/Include/core_cm7.h **** #endif
1790:Drivers/CMSIS/Include/core_cm7.h **** 
1791:Drivers/CMSIS/Include/core_cm7.h **** #define FPU_BASE            (SCS_BASE +  0x0F30UL)                    /*!< Floating Point Unit */
1792:Drivers/CMSIS/Include/core_cm7.h **** #define FPU                 ((FPU_Type       *)     FPU_BASE      )   /*!< Floating Point Unit */
1793:Drivers/CMSIS/Include/core_cm7.h **** 
1794:Drivers/CMSIS/Include/core_cm7.h **** /*@} */
1795:Drivers/CMSIS/Include/core_cm7.h **** 
1796:Drivers/CMSIS/Include/core_cm7.h **** 
1797:Drivers/CMSIS/Include/core_cm7.h **** 
1798:Drivers/CMSIS/Include/core_cm7.h **** /*******************************************************************************
1799:Drivers/CMSIS/Include/core_cm7.h ****  *                Hardware Abstraction Layer
1800:Drivers/CMSIS/Include/core_cm7.h ****   Core Function Interface contains:
1801:Drivers/CMSIS/Include/core_cm7.h ****   - Core NVIC Functions
1802:Drivers/CMSIS/Include/core_cm7.h ****   - Core SysTick Functions
1803:Drivers/CMSIS/Include/core_cm7.h ****   - Core Debug Functions
1804:Drivers/CMSIS/Include/core_cm7.h ****   - Core Register Access Functions
1805:Drivers/CMSIS/Include/core_cm7.h ****  ******************************************************************************/
1806:Drivers/CMSIS/Include/core_cm7.h **** /**
1807:Drivers/CMSIS/Include/core_cm7.h ****   \defgroup CMSIS_Core_FunctionInterface Functions and Instructions Reference
1808:Drivers/CMSIS/Include/core_cm7.h **** */
1809:Drivers/CMSIS/Include/core_cm7.h **** 
1810:Drivers/CMSIS/Include/core_cm7.h **** 
1811:Drivers/CMSIS/Include/core_cm7.h **** 
1812:Drivers/CMSIS/Include/core_cm7.h **** /* ##########################   NVIC functions  #################################### */
ARM GAS  C:\Users\nicx5\AppData\Local\Temp\cclEOOYD.s 			page 81


1813:Drivers/CMSIS/Include/core_cm7.h **** /**
1814:Drivers/CMSIS/Include/core_cm7.h ****   \ingroup  CMSIS_Core_FunctionInterface
1815:Drivers/CMSIS/Include/core_cm7.h ****   \defgroup CMSIS_Core_NVICFunctions NVIC Functions
1816:Drivers/CMSIS/Include/core_cm7.h ****   \brief    Functions that manage interrupts and exceptions via the NVIC.
1817:Drivers/CMSIS/Include/core_cm7.h ****   @{
1818:Drivers/CMSIS/Include/core_cm7.h ****  */
1819:Drivers/CMSIS/Include/core_cm7.h **** 
1820:Drivers/CMSIS/Include/core_cm7.h **** #ifdef CMSIS_NVIC_VIRTUAL
1821:Drivers/CMSIS/Include/core_cm7.h ****   #ifndef CMSIS_NVIC_VIRTUAL_HEADER_FILE
1822:Drivers/CMSIS/Include/core_cm7.h ****     #define CMSIS_NVIC_VIRTUAL_HEADER_FILE "cmsis_nvic_virtual.h"
1823:Drivers/CMSIS/Include/core_cm7.h ****   #endif
1824:Drivers/CMSIS/Include/core_cm7.h ****   #include CMSIS_NVIC_VIRTUAL_HEADER_FILE
1825:Drivers/CMSIS/Include/core_cm7.h **** #else
1826:Drivers/CMSIS/Include/core_cm7.h ****   #define NVIC_SetPriorityGrouping    __NVIC_SetPriorityGrouping
1827:Drivers/CMSIS/Include/core_cm7.h ****   #define NVIC_GetPriorityGrouping    __NVIC_GetPriorityGrouping
1828:Drivers/CMSIS/Include/core_cm7.h ****   #define NVIC_EnableIRQ              __NVIC_EnableIRQ
1829:Drivers/CMSIS/Include/core_cm7.h ****   #define NVIC_GetEnableIRQ           __NVIC_GetEnableIRQ
1830:Drivers/CMSIS/Include/core_cm7.h ****   #define NVIC_DisableIRQ             __NVIC_DisableIRQ
1831:Drivers/CMSIS/Include/core_cm7.h ****   #define NVIC_GetPendingIRQ          __NVIC_GetPendingIRQ
1832:Drivers/CMSIS/Include/core_cm7.h ****   #define NVIC_SetPendingIRQ          __NVIC_SetPendingIRQ
1833:Drivers/CMSIS/Include/core_cm7.h ****   #define NVIC_ClearPendingIRQ        __NVIC_ClearPendingIRQ
1834:Drivers/CMSIS/Include/core_cm7.h ****   #define NVIC_GetActive              __NVIC_GetActive
1835:Drivers/CMSIS/Include/core_cm7.h ****   #define NVIC_SetPriority            __NVIC_SetPriority
1836:Drivers/CMSIS/Include/core_cm7.h ****   #define NVIC_GetPriority            __NVIC_GetPriority
1837:Drivers/CMSIS/Include/core_cm7.h ****   #define NVIC_SystemReset            __NVIC_SystemReset
1838:Drivers/CMSIS/Include/core_cm7.h **** #endif /* CMSIS_NVIC_VIRTUAL */
1839:Drivers/CMSIS/Include/core_cm7.h **** 
1840:Drivers/CMSIS/Include/core_cm7.h **** #ifdef CMSIS_VECTAB_VIRTUAL
1841:Drivers/CMSIS/Include/core_cm7.h ****   #ifndef CMSIS_VECTAB_VIRTUAL_HEADER_FILE
1842:Drivers/CMSIS/Include/core_cm7.h ****     #define CMSIS_VECTAB_VIRTUAL_HEADER_FILE "cmsis_vectab_virtual.h"
1843:Drivers/CMSIS/Include/core_cm7.h ****   #endif
1844:Drivers/CMSIS/Include/core_cm7.h ****   #include CMSIS_VECTAB_VIRTUAL_HEADER_FILE
1845:Drivers/CMSIS/Include/core_cm7.h **** #else
1846:Drivers/CMSIS/Include/core_cm7.h ****   #define NVIC_SetVector              __NVIC_SetVector
1847:Drivers/CMSIS/Include/core_cm7.h ****   #define NVIC_GetVector              __NVIC_GetVector
1848:Drivers/CMSIS/Include/core_cm7.h **** #endif  /* (CMSIS_VECTAB_VIRTUAL) */
1849:Drivers/CMSIS/Include/core_cm7.h **** 
1850:Drivers/CMSIS/Include/core_cm7.h **** #define NVIC_USER_IRQ_OFFSET          16
1851:Drivers/CMSIS/Include/core_cm7.h **** 
1852:Drivers/CMSIS/Include/core_cm7.h **** 
1853:Drivers/CMSIS/Include/core_cm7.h **** /* The following EXC_RETURN values are saved the LR on exception entry */
1854:Drivers/CMSIS/Include/core_cm7.h **** #define EXC_RETURN_HANDLER         (0xFFFFFFF1UL)     /* return to Handler mode, uses MSP after ret
1855:Drivers/CMSIS/Include/core_cm7.h **** #define EXC_RETURN_THREAD_MSP      (0xFFFFFFF9UL)     /* return to Thread mode, uses MSP after retu
1856:Drivers/CMSIS/Include/core_cm7.h **** #define EXC_RETURN_THREAD_PSP      (0xFFFFFFFDUL)     /* return to Thread mode, uses PSP after retu
1857:Drivers/CMSIS/Include/core_cm7.h **** #define EXC_RETURN_HANDLER_FPU     (0xFFFFFFE1UL)     /* return to Handler mode, uses MSP after ret
1858:Drivers/CMSIS/Include/core_cm7.h **** #define EXC_RETURN_THREAD_MSP_FPU  (0xFFFFFFE9UL)     /* return to Thread mode, uses MSP after retu
1859:Drivers/CMSIS/Include/core_cm7.h **** #define EXC_RETURN_THREAD_PSP_FPU  (0xFFFFFFEDUL)     /* return to Thread mode, uses PSP after retu
1860:Drivers/CMSIS/Include/core_cm7.h **** 
1861:Drivers/CMSIS/Include/core_cm7.h **** 
1862:Drivers/CMSIS/Include/core_cm7.h **** /**
1863:Drivers/CMSIS/Include/core_cm7.h ****   \brief   Set Priority Grouping
1864:Drivers/CMSIS/Include/core_cm7.h ****   \details Sets the priority grouping field using the required unlock sequence.
1865:Drivers/CMSIS/Include/core_cm7.h ****            The parameter PriorityGroup is assigned to the field SCB->AIRCR [10:8] PRIGROUP field.
1866:Drivers/CMSIS/Include/core_cm7.h ****            Only values from 0..7 are used.
1867:Drivers/CMSIS/Include/core_cm7.h ****            In case of a conflict between priority grouping and available
1868:Drivers/CMSIS/Include/core_cm7.h ****            priority bits (__NVIC_PRIO_BITS), the smallest possible priority group is set.
1869:Drivers/CMSIS/Include/core_cm7.h ****   \param [in]      PriorityGroup  Priority grouping field.
ARM GAS  C:\Users\nicx5\AppData\Local\Temp\cclEOOYD.s 			page 82


1870:Drivers/CMSIS/Include/core_cm7.h ****  */
1871:Drivers/CMSIS/Include/core_cm7.h **** __STATIC_INLINE void __NVIC_SetPriorityGrouping(uint32_t PriorityGroup)
1872:Drivers/CMSIS/Include/core_cm7.h **** {
1873:Drivers/CMSIS/Include/core_cm7.h ****   uint32_t reg_value;
1874:Drivers/CMSIS/Include/core_cm7.h ****   uint32_t PriorityGroupTmp = (PriorityGroup & (uint32_t)0x07UL);             /* only values 0..7 a
1875:Drivers/CMSIS/Include/core_cm7.h **** 
1876:Drivers/CMSIS/Include/core_cm7.h ****   reg_value  =  SCB->AIRCR;                                                   /* read old register 
1877:Drivers/CMSIS/Include/core_cm7.h ****   reg_value &= ~((uint32_t)(SCB_AIRCR_VECTKEY_Msk | SCB_AIRCR_PRIGROUP_Msk)); /* clear bits to chan
1878:Drivers/CMSIS/Include/core_cm7.h ****   reg_value  =  (reg_value                                   |
1879:Drivers/CMSIS/Include/core_cm7.h ****                 ((uint32_t)0x5FAUL << SCB_AIRCR_VECTKEY_Pos) |
1880:Drivers/CMSIS/Include/core_cm7.h ****                 (PriorityGroupTmp << SCB_AIRCR_PRIGROUP_Pos)  );              /* Insert write key a
1881:Drivers/CMSIS/Include/core_cm7.h ****   SCB->AIRCR =  reg_value;
1882:Drivers/CMSIS/Include/core_cm7.h **** }
1883:Drivers/CMSIS/Include/core_cm7.h **** 
1884:Drivers/CMSIS/Include/core_cm7.h **** 
1885:Drivers/CMSIS/Include/core_cm7.h **** /**
1886:Drivers/CMSIS/Include/core_cm7.h ****   \brief   Get Priority Grouping
1887:Drivers/CMSIS/Include/core_cm7.h ****   \details Reads the priority grouping field from the NVIC Interrupt Controller.
1888:Drivers/CMSIS/Include/core_cm7.h ****   \return                Priority grouping field (SCB->AIRCR [10:8] PRIGROUP field).
1889:Drivers/CMSIS/Include/core_cm7.h ****  */
1890:Drivers/CMSIS/Include/core_cm7.h **** __STATIC_INLINE uint32_t __NVIC_GetPriorityGrouping(void)
1891:Drivers/CMSIS/Include/core_cm7.h **** {
1892:Drivers/CMSIS/Include/core_cm7.h ****   return ((uint32_t)((SCB->AIRCR & SCB_AIRCR_PRIGROUP_Msk) >> SCB_AIRCR_PRIGROUP_Pos));
1893:Drivers/CMSIS/Include/core_cm7.h **** }
1894:Drivers/CMSIS/Include/core_cm7.h **** 
1895:Drivers/CMSIS/Include/core_cm7.h **** 
1896:Drivers/CMSIS/Include/core_cm7.h **** /**
1897:Drivers/CMSIS/Include/core_cm7.h ****   \brief   Enable Interrupt
1898:Drivers/CMSIS/Include/core_cm7.h ****   \details Enables a device specific interrupt in the NVIC interrupt controller.
1899:Drivers/CMSIS/Include/core_cm7.h ****   \param [in]      IRQn  Device specific interrupt number.
1900:Drivers/CMSIS/Include/core_cm7.h ****   \note    IRQn must not be negative.
1901:Drivers/CMSIS/Include/core_cm7.h ****  */
1902:Drivers/CMSIS/Include/core_cm7.h **** __STATIC_INLINE void __NVIC_EnableIRQ(IRQn_Type IRQn)
1903:Drivers/CMSIS/Include/core_cm7.h **** {
1904:Drivers/CMSIS/Include/core_cm7.h ****   if ((int32_t)(IRQn) >= 0)
1905:Drivers/CMSIS/Include/core_cm7.h ****   {
1906:Drivers/CMSIS/Include/core_cm7.h ****     __COMPILER_BARRIER();
1907:Drivers/CMSIS/Include/core_cm7.h ****     NVIC->ISER[(((uint32_t)IRQn) >> 5UL)] = (uint32_t)(1UL << (((uint32_t)IRQn) & 0x1FUL));
1908:Drivers/CMSIS/Include/core_cm7.h ****     __COMPILER_BARRIER();
1909:Drivers/CMSIS/Include/core_cm7.h ****   }
1910:Drivers/CMSIS/Include/core_cm7.h **** }
1911:Drivers/CMSIS/Include/core_cm7.h **** 
1912:Drivers/CMSIS/Include/core_cm7.h **** 
1913:Drivers/CMSIS/Include/core_cm7.h **** /**
1914:Drivers/CMSIS/Include/core_cm7.h ****   \brief   Get Interrupt Enable status
1915:Drivers/CMSIS/Include/core_cm7.h ****   \details Returns a device specific interrupt enable status from the NVIC interrupt controller.
1916:Drivers/CMSIS/Include/core_cm7.h ****   \param [in]      IRQn  Device specific interrupt number.
1917:Drivers/CMSIS/Include/core_cm7.h ****   \return             0  Interrupt is not enabled.
1918:Drivers/CMSIS/Include/core_cm7.h ****   \return             1  Interrupt is enabled.
1919:Drivers/CMSIS/Include/core_cm7.h ****   \note    IRQn must not be negative.
1920:Drivers/CMSIS/Include/core_cm7.h ****  */
1921:Drivers/CMSIS/Include/core_cm7.h **** __STATIC_INLINE uint32_t __NVIC_GetEnableIRQ(IRQn_Type IRQn)
1922:Drivers/CMSIS/Include/core_cm7.h **** {
1923:Drivers/CMSIS/Include/core_cm7.h ****   if ((int32_t)(IRQn) >= 0)
1924:Drivers/CMSIS/Include/core_cm7.h ****   {
1925:Drivers/CMSIS/Include/core_cm7.h ****     return((uint32_t)(((NVIC->ISER[(((uint32_t)IRQn) >> 5UL)] & (1UL << (((uint32_t)IRQn) & 0x1FUL)
1926:Drivers/CMSIS/Include/core_cm7.h ****   }
ARM GAS  C:\Users\nicx5\AppData\Local\Temp\cclEOOYD.s 			page 83


1927:Drivers/CMSIS/Include/core_cm7.h ****   else
1928:Drivers/CMSIS/Include/core_cm7.h ****   {
1929:Drivers/CMSIS/Include/core_cm7.h ****     return(0U);
1930:Drivers/CMSIS/Include/core_cm7.h ****   }
1931:Drivers/CMSIS/Include/core_cm7.h **** }
1932:Drivers/CMSIS/Include/core_cm7.h **** 
1933:Drivers/CMSIS/Include/core_cm7.h **** 
1934:Drivers/CMSIS/Include/core_cm7.h **** /**
1935:Drivers/CMSIS/Include/core_cm7.h ****   \brief   Disable Interrupt
1936:Drivers/CMSIS/Include/core_cm7.h ****   \details Disables a device specific interrupt in the NVIC interrupt controller.
1937:Drivers/CMSIS/Include/core_cm7.h ****   \param [in]      IRQn  Device specific interrupt number.
1938:Drivers/CMSIS/Include/core_cm7.h ****   \note    IRQn must not be negative.
1939:Drivers/CMSIS/Include/core_cm7.h ****  */
1940:Drivers/CMSIS/Include/core_cm7.h **** __STATIC_INLINE void __NVIC_DisableIRQ(IRQn_Type IRQn)
1941:Drivers/CMSIS/Include/core_cm7.h **** {
1942:Drivers/CMSIS/Include/core_cm7.h ****   if ((int32_t)(IRQn) >= 0)
1943:Drivers/CMSIS/Include/core_cm7.h ****   {
1944:Drivers/CMSIS/Include/core_cm7.h ****     NVIC->ICER[(((uint32_t)IRQn) >> 5UL)] = (uint32_t)(1UL << (((uint32_t)IRQn) & 0x1FUL));
1945:Drivers/CMSIS/Include/core_cm7.h ****     __DSB();
1946:Drivers/CMSIS/Include/core_cm7.h ****     __ISB();
1947:Drivers/CMSIS/Include/core_cm7.h ****   }
1948:Drivers/CMSIS/Include/core_cm7.h **** }
1949:Drivers/CMSIS/Include/core_cm7.h **** 
1950:Drivers/CMSIS/Include/core_cm7.h **** 
1951:Drivers/CMSIS/Include/core_cm7.h **** /**
1952:Drivers/CMSIS/Include/core_cm7.h ****   \brief   Get Pending Interrupt
1953:Drivers/CMSIS/Include/core_cm7.h ****   \details Reads the NVIC pending register and returns the pending bit for the specified device spe
1954:Drivers/CMSIS/Include/core_cm7.h ****   \param [in]      IRQn  Device specific interrupt number.
1955:Drivers/CMSIS/Include/core_cm7.h ****   \return             0  Interrupt status is not pending.
1956:Drivers/CMSIS/Include/core_cm7.h ****   \return             1  Interrupt status is pending.
1957:Drivers/CMSIS/Include/core_cm7.h ****   \note    IRQn must not be negative.
1958:Drivers/CMSIS/Include/core_cm7.h ****  */
1959:Drivers/CMSIS/Include/core_cm7.h **** __STATIC_INLINE uint32_t __NVIC_GetPendingIRQ(IRQn_Type IRQn)
1960:Drivers/CMSIS/Include/core_cm7.h **** {
1961:Drivers/CMSIS/Include/core_cm7.h ****   if ((int32_t)(IRQn) >= 0)
1962:Drivers/CMSIS/Include/core_cm7.h ****   {
1963:Drivers/CMSIS/Include/core_cm7.h ****     return((uint32_t)(((NVIC->ISPR[(((uint32_t)IRQn) >> 5UL)] & (1UL << (((uint32_t)IRQn) & 0x1FUL)
1964:Drivers/CMSIS/Include/core_cm7.h ****   }
1965:Drivers/CMSIS/Include/core_cm7.h ****   else
1966:Drivers/CMSIS/Include/core_cm7.h ****   {
1967:Drivers/CMSIS/Include/core_cm7.h ****     return(0U);
1968:Drivers/CMSIS/Include/core_cm7.h ****   }
1969:Drivers/CMSIS/Include/core_cm7.h **** }
1970:Drivers/CMSIS/Include/core_cm7.h **** 
1971:Drivers/CMSIS/Include/core_cm7.h **** 
1972:Drivers/CMSIS/Include/core_cm7.h **** /**
1973:Drivers/CMSIS/Include/core_cm7.h ****   \brief   Set Pending Interrupt
1974:Drivers/CMSIS/Include/core_cm7.h ****   \details Sets the pending bit of a device specific interrupt in the NVIC pending register.
1975:Drivers/CMSIS/Include/core_cm7.h ****   \param [in]      IRQn  Device specific interrupt number.
1976:Drivers/CMSIS/Include/core_cm7.h ****   \note    IRQn must not be negative.
1977:Drivers/CMSIS/Include/core_cm7.h ****  */
1978:Drivers/CMSIS/Include/core_cm7.h **** __STATIC_INLINE void __NVIC_SetPendingIRQ(IRQn_Type IRQn)
1979:Drivers/CMSIS/Include/core_cm7.h **** {
1980:Drivers/CMSIS/Include/core_cm7.h ****   if ((int32_t)(IRQn) >= 0)
1981:Drivers/CMSIS/Include/core_cm7.h ****   {
1982:Drivers/CMSIS/Include/core_cm7.h ****     NVIC->ISPR[(((uint32_t)IRQn) >> 5UL)] = (uint32_t)(1UL << (((uint32_t)IRQn) & 0x1FUL));
1983:Drivers/CMSIS/Include/core_cm7.h ****   }
ARM GAS  C:\Users\nicx5\AppData\Local\Temp\cclEOOYD.s 			page 84


1984:Drivers/CMSIS/Include/core_cm7.h **** }
1985:Drivers/CMSIS/Include/core_cm7.h **** 
1986:Drivers/CMSIS/Include/core_cm7.h **** 
1987:Drivers/CMSIS/Include/core_cm7.h **** /**
1988:Drivers/CMSIS/Include/core_cm7.h ****   \brief   Clear Pending Interrupt
1989:Drivers/CMSIS/Include/core_cm7.h ****   \details Clears the pending bit of a device specific interrupt in the NVIC pending register.
1990:Drivers/CMSIS/Include/core_cm7.h ****   \param [in]      IRQn  Device specific interrupt number.
1991:Drivers/CMSIS/Include/core_cm7.h ****   \note    IRQn must not be negative.
1992:Drivers/CMSIS/Include/core_cm7.h ****  */
1993:Drivers/CMSIS/Include/core_cm7.h **** __STATIC_INLINE void __NVIC_ClearPendingIRQ(IRQn_Type IRQn)
1994:Drivers/CMSIS/Include/core_cm7.h **** {
1995:Drivers/CMSIS/Include/core_cm7.h ****   if ((int32_t)(IRQn) >= 0)
1996:Drivers/CMSIS/Include/core_cm7.h ****   {
1997:Drivers/CMSIS/Include/core_cm7.h ****     NVIC->ICPR[(((uint32_t)IRQn) >> 5UL)] = (uint32_t)(1UL << (((uint32_t)IRQn) & 0x1FUL));
1998:Drivers/CMSIS/Include/core_cm7.h ****   }
1999:Drivers/CMSIS/Include/core_cm7.h **** }
2000:Drivers/CMSIS/Include/core_cm7.h **** 
2001:Drivers/CMSIS/Include/core_cm7.h **** 
2002:Drivers/CMSIS/Include/core_cm7.h **** /**
2003:Drivers/CMSIS/Include/core_cm7.h ****   \brief   Get Active Interrupt
2004:Drivers/CMSIS/Include/core_cm7.h ****   \details Reads the active register in the NVIC and returns the active bit for the device specific
2005:Drivers/CMSIS/Include/core_cm7.h ****   \param [in]      IRQn  Device specific interrupt number.
2006:Drivers/CMSIS/Include/core_cm7.h ****   \return             0  Interrupt status is not active.
2007:Drivers/CMSIS/Include/core_cm7.h ****   \return             1  Interrupt status is active.
2008:Drivers/CMSIS/Include/core_cm7.h ****   \note    IRQn must not be negative.
2009:Drivers/CMSIS/Include/core_cm7.h ****  */
2010:Drivers/CMSIS/Include/core_cm7.h **** __STATIC_INLINE uint32_t __NVIC_GetActive(IRQn_Type IRQn)
2011:Drivers/CMSIS/Include/core_cm7.h **** {
2012:Drivers/CMSIS/Include/core_cm7.h ****   if ((int32_t)(IRQn) >= 0)
2013:Drivers/CMSIS/Include/core_cm7.h ****   {
2014:Drivers/CMSIS/Include/core_cm7.h ****     return((uint32_t)(((NVIC->IABR[(((uint32_t)IRQn) >> 5UL)] & (1UL << (((uint32_t)IRQn) & 0x1FUL)
2015:Drivers/CMSIS/Include/core_cm7.h ****   }
2016:Drivers/CMSIS/Include/core_cm7.h ****   else
2017:Drivers/CMSIS/Include/core_cm7.h ****   {
2018:Drivers/CMSIS/Include/core_cm7.h ****     return(0U);
2019:Drivers/CMSIS/Include/core_cm7.h ****   }
2020:Drivers/CMSIS/Include/core_cm7.h **** }
2021:Drivers/CMSIS/Include/core_cm7.h **** 
2022:Drivers/CMSIS/Include/core_cm7.h **** 
2023:Drivers/CMSIS/Include/core_cm7.h **** /**
2024:Drivers/CMSIS/Include/core_cm7.h ****   \brief   Set Interrupt Priority
2025:Drivers/CMSIS/Include/core_cm7.h ****   \details Sets the priority of a device specific interrupt or a processor exception.
2026:Drivers/CMSIS/Include/core_cm7.h ****            The interrupt number can be positive to specify a device specific interrupt,
2027:Drivers/CMSIS/Include/core_cm7.h ****            or negative to specify a processor exception.
2028:Drivers/CMSIS/Include/core_cm7.h ****   \param [in]      IRQn  Interrupt number.
2029:Drivers/CMSIS/Include/core_cm7.h ****   \param [in]  priority  Priority to set.
2030:Drivers/CMSIS/Include/core_cm7.h ****   \note    The priority cannot be set for every processor exception.
2031:Drivers/CMSIS/Include/core_cm7.h ****  */
2032:Drivers/CMSIS/Include/core_cm7.h **** __STATIC_INLINE void __NVIC_SetPriority(IRQn_Type IRQn, uint32_t priority)
2033:Drivers/CMSIS/Include/core_cm7.h **** {
2034:Drivers/CMSIS/Include/core_cm7.h ****   if ((int32_t)(IRQn) >= 0)
2035:Drivers/CMSIS/Include/core_cm7.h ****   {
2036:Drivers/CMSIS/Include/core_cm7.h ****     NVIC->IP[((uint32_t)IRQn)]                = (uint8_t)((priority << (8U - __NVIC_PRIO_BITS)) & (
2037:Drivers/CMSIS/Include/core_cm7.h ****   }
2038:Drivers/CMSIS/Include/core_cm7.h ****   else
2039:Drivers/CMSIS/Include/core_cm7.h ****   {
2040:Drivers/CMSIS/Include/core_cm7.h ****     SCB->SHPR[(((uint32_t)IRQn) & 0xFUL)-4UL] = (uint8_t)((priority << (8U - __NVIC_PRIO_BITS)) & (
ARM GAS  C:\Users\nicx5\AppData\Local\Temp\cclEOOYD.s 			page 85


2041:Drivers/CMSIS/Include/core_cm7.h ****   }
2042:Drivers/CMSIS/Include/core_cm7.h **** }
2043:Drivers/CMSIS/Include/core_cm7.h **** 
2044:Drivers/CMSIS/Include/core_cm7.h **** 
2045:Drivers/CMSIS/Include/core_cm7.h **** /**
2046:Drivers/CMSIS/Include/core_cm7.h ****   \brief   Get Interrupt Priority
2047:Drivers/CMSIS/Include/core_cm7.h ****   \details Reads the priority of a device specific interrupt or a processor exception.
2048:Drivers/CMSIS/Include/core_cm7.h ****            The interrupt number can be positive to specify a device specific interrupt,
2049:Drivers/CMSIS/Include/core_cm7.h ****            or negative to specify a processor exception.
2050:Drivers/CMSIS/Include/core_cm7.h ****   \param [in]   IRQn  Interrupt number.
2051:Drivers/CMSIS/Include/core_cm7.h ****   \return             Interrupt Priority.
2052:Drivers/CMSIS/Include/core_cm7.h ****                       Value is aligned automatically to the implemented priority bits of the microc
2053:Drivers/CMSIS/Include/core_cm7.h ****  */
2054:Drivers/CMSIS/Include/core_cm7.h **** __STATIC_INLINE uint32_t __NVIC_GetPriority(IRQn_Type IRQn)
2055:Drivers/CMSIS/Include/core_cm7.h **** {
2056:Drivers/CMSIS/Include/core_cm7.h **** 
2057:Drivers/CMSIS/Include/core_cm7.h ****   if ((int32_t)(IRQn) >= 0)
2058:Drivers/CMSIS/Include/core_cm7.h ****   {
2059:Drivers/CMSIS/Include/core_cm7.h ****     return(((uint32_t)NVIC->IP[((uint32_t)IRQn)]                >> (8U - __NVIC_PRIO_BITS)));
2060:Drivers/CMSIS/Include/core_cm7.h ****   }
2061:Drivers/CMSIS/Include/core_cm7.h ****   else
2062:Drivers/CMSIS/Include/core_cm7.h ****   {
2063:Drivers/CMSIS/Include/core_cm7.h ****     return(((uint32_t)SCB->SHPR[(((uint32_t)IRQn) & 0xFUL)-4UL] >> (8U - __NVIC_PRIO_BITS)));
2064:Drivers/CMSIS/Include/core_cm7.h ****   }
2065:Drivers/CMSIS/Include/core_cm7.h **** }
2066:Drivers/CMSIS/Include/core_cm7.h **** 
2067:Drivers/CMSIS/Include/core_cm7.h **** 
2068:Drivers/CMSIS/Include/core_cm7.h **** /**
2069:Drivers/CMSIS/Include/core_cm7.h ****   \brief   Encode Priority
2070:Drivers/CMSIS/Include/core_cm7.h ****   \details Encodes the priority for an interrupt with the given priority group,
2071:Drivers/CMSIS/Include/core_cm7.h ****            preemptive priority value, and subpriority value.
2072:Drivers/CMSIS/Include/core_cm7.h ****            In case of a conflict between priority grouping and available
2073:Drivers/CMSIS/Include/core_cm7.h ****            priority bits (__NVIC_PRIO_BITS), the smallest possible priority group is set.
2074:Drivers/CMSIS/Include/core_cm7.h ****   \param [in]     PriorityGroup  Used priority group.
2075:Drivers/CMSIS/Include/core_cm7.h ****   \param [in]   PreemptPriority  Preemptive priority value (starting from 0).
2076:Drivers/CMSIS/Include/core_cm7.h ****   \param [in]       SubPriority  Subpriority value (starting from 0).
2077:Drivers/CMSIS/Include/core_cm7.h ****   \return                        Encoded priority. Value can be used in the function \ref NVIC_SetP
2078:Drivers/CMSIS/Include/core_cm7.h ****  */
2079:Drivers/CMSIS/Include/core_cm7.h **** __STATIC_INLINE uint32_t NVIC_EncodePriority (uint32_t PriorityGroup, uint32_t PreemptPriority, uin
2080:Drivers/CMSIS/Include/core_cm7.h **** {
2081:Drivers/CMSIS/Include/core_cm7.h ****   uint32_t PriorityGroupTmp = (PriorityGroup & (uint32_t)0x07UL);   /* only values 0..7 are used   
2082:Drivers/CMSIS/Include/core_cm7.h ****   uint32_t PreemptPriorityBits;
2083:Drivers/CMSIS/Include/core_cm7.h ****   uint32_t SubPriorityBits;
2084:Drivers/CMSIS/Include/core_cm7.h **** 
2085:Drivers/CMSIS/Include/core_cm7.h ****   PreemptPriorityBits = ((7UL - PriorityGroupTmp) > (uint32_t)(__NVIC_PRIO_BITS)) ? (uint32_t)(__NV
2086:Drivers/CMSIS/Include/core_cm7.h ****   SubPriorityBits     = ((PriorityGroupTmp + (uint32_t)(__NVIC_PRIO_BITS)) < (uint32_t)7UL) ? (uint
2087:Drivers/CMSIS/Include/core_cm7.h **** 
2088:Drivers/CMSIS/Include/core_cm7.h ****   return (
2089:Drivers/CMSIS/Include/core_cm7.h ****            ((PreemptPriority & (uint32_t)((1UL << (PreemptPriorityBits)) - 1UL)) << SubPriorityBits
2090:Drivers/CMSIS/Include/core_cm7.h ****            ((SubPriority     & (uint32_t)((1UL << (SubPriorityBits    )) - 1UL)))
2091:Drivers/CMSIS/Include/core_cm7.h ****          );
2092:Drivers/CMSIS/Include/core_cm7.h **** }
2093:Drivers/CMSIS/Include/core_cm7.h **** 
2094:Drivers/CMSIS/Include/core_cm7.h **** 
2095:Drivers/CMSIS/Include/core_cm7.h **** /**
2096:Drivers/CMSIS/Include/core_cm7.h ****   \brief   Decode Priority
2097:Drivers/CMSIS/Include/core_cm7.h ****   \details Decodes an interrupt priority value with a given priority group to
ARM GAS  C:\Users\nicx5\AppData\Local\Temp\cclEOOYD.s 			page 86


2098:Drivers/CMSIS/Include/core_cm7.h ****            preemptive priority value and subpriority value.
2099:Drivers/CMSIS/Include/core_cm7.h ****            In case of a conflict between priority grouping and available
2100:Drivers/CMSIS/Include/core_cm7.h ****            priority bits (__NVIC_PRIO_BITS) the smallest possible priority group is set.
2101:Drivers/CMSIS/Include/core_cm7.h ****   \param [in]         Priority   Priority value, which can be retrieved with the function \ref NVIC
2102:Drivers/CMSIS/Include/core_cm7.h ****   \param [in]     PriorityGroup  Used priority group.
2103:Drivers/CMSIS/Include/core_cm7.h ****   \param [out] pPreemptPriority  Preemptive priority value (starting from 0).
2104:Drivers/CMSIS/Include/core_cm7.h ****   \param [out]     pSubPriority  Subpriority value (starting from 0).
2105:Drivers/CMSIS/Include/core_cm7.h ****  */
2106:Drivers/CMSIS/Include/core_cm7.h **** __STATIC_INLINE void NVIC_DecodePriority (uint32_t Priority, uint32_t PriorityGroup, uint32_t* cons
2107:Drivers/CMSIS/Include/core_cm7.h **** {
2108:Drivers/CMSIS/Include/core_cm7.h ****   uint32_t PriorityGroupTmp = (PriorityGroup & (uint32_t)0x07UL);   /* only values 0..7 are used   
2109:Drivers/CMSIS/Include/core_cm7.h ****   uint32_t PreemptPriorityBits;
2110:Drivers/CMSIS/Include/core_cm7.h ****   uint32_t SubPriorityBits;
2111:Drivers/CMSIS/Include/core_cm7.h **** 
2112:Drivers/CMSIS/Include/core_cm7.h ****   PreemptPriorityBits = ((7UL - PriorityGroupTmp) > (uint32_t)(__NVIC_PRIO_BITS)) ? (uint32_t)(__NV
2113:Drivers/CMSIS/Include/core_cm7.h ****   SubPriorityBits     = ((PriorityGroupTmp + (uint32_t)(__NVIC_PRIO_BITS)) < (uint32_t)7UL) ? (uint
2114:Drivers/CMSIS/Include/core_cm7.h **** 
2115:Drivers/CMSIS/Include/core_cm7.h ****   *pPreemptPriority = (Priority >> SubPriorityBits) & (uint32_t)((1UL << (PreemptPriorityBits)) - 1
2116:Drivers/CMSIS/Include/core_cm7.h ****   *pSubPriority     = (Priority                   ) & (uint32_t)((1UL << (SubPriorityBits    )) - 1
2117:Drivers/CMSIS/Include/core_cm7.h **** }
2118:Drivers/CMSIS/Include/core_cm7.h **** 
2119:Drivers/CMSIS/Include/core_cm7.h **** 
2120:Drivers/CMSIS/Include/core_cm7.h **** /**
2121:Drivers/CMSIS/Include/core_cm7.h ****   \brief   Set Interrupt Vector
2122:Drivers/CMSIS/Include/core_cm7.h ****   \details Sets an interrupt vector in SRAM based interrupt vector table.
2123:Drivers/CMSIS/Include/core_cm7.h ****            The interrupt number can be positive to specify a device specific interrupt,
2124:Drivers/CMSIS/Include/core_cm7.h ****            or negative to specify a processor exception.
2125:Drivers/CMSIS/Include/core_cm7.h ****            VTOR must been relocated to SRAM before.
2126:Drivers/CMSIS/Include/core_cm7.h ****   \param [in]   IRQn      Interrupt number
2127:Drivers/CMSIS/Include/core_cm7.h ****   \param [in]   vector    Address of interrupt handler function
2128:Drivers/CMSIS/Include/core_cm7.h ****  */
2129:Drivers/CMSIS/Include/core_cm7.h **** __STATIC_INLINE void __NVIC_SetVector(IRQn_Type IRQn, uint32_t vector)
2130:Drivers/CMSIS/Include/core_cm7.h **** {
2131:Drivers/CMSIS/Include/core_cm7.h ****   uint32_t vectors = (uint32_t )SCB->VTOR;
2132:Drivers/CMSIS/Include/core_cm7.h ****   (* (int *) (vectors + ((int32_t)IRQn + NVIC_USER_IRQ_OFFSET) * 4)) = vector;
2133:Drivers/CMSIS/Include/core_cm7.h ****   __DSB();
2134:Drivers/CMSIS/Include/core_cm7.h **** }
2135:Drivers/CMSIS/Include/core_cm7.h **** 
2136:Drivers/CMSIS/Include/core_cm7.h **** 
2137:Drivers/CMSIS/Include/core_cm7.h **** /**
2138:Drivers/CMSIS/Include/core_cm7.h ****   \brief   Get Interrupt Vector
2139:Drivers/CMSIS/Include/core_cm7.h ****   \details Reads an interrupt vector from interrupt vector table.
2140:Drivers/CMSIS/Include/core_cm7.h ****            The interrupt number can be positive to specify a device specific interrupt,
2141:Drivers/CMSIS/Include/core_cm7.h ****            or negative to specify a processor exception.
2142:Drivers/CMSIS/Include/core_cm7.h ****   \param [in]   IRQn      Interrupt number.
2143:Drivers/CMSIS/Include/core_cm7.h ****   \return                 Address of interrupt handler function
2144:Drivers/CMSIS/Include/core_cm7.h ****  */
2145:Drivers/CMSIS/Include/core_cm7.h **** __STATIC_INLINE uint32_t __NVIC_GetVector(IRQn_Type IRQn)
2146:Drivers/CMSIS/Include/core_cm7.h **** {
2147:Drivers/CMSIS/Include/core_cm7.h ****   uint32_t vectors = (uint32_t )SCB->VTOR;
2148:Drivers/CMSIS/Include/core_cm7.h ****   return (uint32_t)(* (int *) (vectors + ((int32_t)IRQn + NVIC_USER_IRQ_OFFSET) * 4));
2149:Drivers/CMSIS/Include/core_cm7.h **** }
2150:Drivers/CMSIS/Include/core_cm7.h **** 
2151:Drivers/CMSIS/Include/core_cm7.h **** 
2152:Drivers/CMSIS/Include/core_cm7.h **** /**
2153:Drivers/CMSIS/Include/core_cm7.h ****   \brief   System Reset
2154:Drivers/CMSIS/Include/core_cm7.h ****   \details Initiates a system reset request to reset the MCU.
ARM GAS  C:\Users\nicx5\AppData\Local\Temp\cclEOOYD.s 			page 87


2155:Drivers/CMSIS/Include/core_cm7.h ****  */
2156:Drivers/CMSIS/Include/core_cm7.h **** __NO_RETURN __STATIC_INLINE void __NVIC_SystemReset(void)
2157:Drivers/CMSIS/Include/core_cm7.h **** {
2158:Drivers/CMSIS/Include/core_cm7.h ****   __DSB();                                                          /* Ensure all outstanding memor
2159:Drivers/CMSIS/Include/core_cm7.h ****                                                                        buffered write are completed
2160:Drivers/CMSIS/Include/core_cm7.h ****   SCB->AIRCR  = (uint32_t)((0x5FAUL << SCB_AIRCR_VECTKEY_Pos)    |
2161:Drivers/CMSIS/Include/core_cm7.h ****                            (SCB->AIRCR & SCB_AIRCR_PRIGROUP_Msk) |
2162:Drivers/CMSIS/Include/core_cm7.h ****                             SCB_AIRCR_SYSRESETREQ_Msk    );         /* Keep priority group unchange
2163:Drivers/CMSIS/Include/core_cm7.h ****   __DSB();                                                          /* Ensure completion of memory 
2164:Drivers/CMSIS/Include/core_cm7.h **** 
2165:Drivers/CMSIS/Include/core_cm7.h ****   for(;;)                                                           /* wait until reset */
2166:Drivers/CMSIS/Include/core_cm7.h ****   {
2167:Drivers/CMSIS/Include/core_cm7.h ****     __NOP();
2168:Drivers/CMSIS/Include/core_cm7.h ****   }
2169:Drivers/CMSIS/Include/core_cm7.h **** }
2170:Drivers/CMSIS/Include/core_cm7.h **** 
2171:Drivers/CMSIS/Include/core_cm7.h **** /*@} end of CMSIS_Core_NVICFunctions */
2172:Drivers/CMSIS/Include/core_cm7.h **** 
2173:Drivers/CMSIS/Include/core_cm7.h **** 
2174:Drivers/CMSIS/Include/core_cm7.h **** /* ##########################  MPU functions  #################################### */
2175:Drivers/CMSIS/Include/core_cm7.h **** 
2176:Drivers/CMSIS/Include/core_cm7.h **** #if defined (__MPU_PRESENT) && (__MPU_PRESENT == 1U)
2177:Drivers/CMSIS/Include/core_cm7.h **** 
2178:Drivers/CMSIS/Include/core_cm7.h **** #include "mpu_armv7.h"
2179:Drivers/CMSIS/Include/core_cm7.h **** 
2180:Drivers/CMSIS/Include/core_cm7.h **** #endif
2181:Drivers/CMSIS/Include/core_cm7.h **** 
2182:Drivers/CMSIS/Include/core_cm7.h **** 
2183:Drivers/CMSIS/Include/core_cm7.h **** /* ##########################  FPU functions  #################################### */
2184:Drivers/CMSIS/Include/core_cm7.h **** /**
2185:Drivers/CMSIS/Include/core_cm7.h ****   \ingroup  CMSIS_Core_FunctionInterface
2186:Drivers/CMSIS/Include/core_cm7.h ****   \defgroup CMSIS_Core_FpuFunctions FPU Functions
2187:Drivers/CMSIS/Include/core_cm7.h ****   \brief    Function that provides FPU type.
2188:Drivers/CMSIS/Include/core_cm7.h ****   @{
2189:Drivers/CMSIS/Include/core_cm7.h ****  */
2190:Drivers/CMSIS/Include/core_cm7.h **** 
2191:Drivers/CMSIS/Include/core_cm7.h **** /**
2192:Drivers/CMSIS/Include/core_cm7.h ****   \brief   get FPU type
2193:Drivers/CMSIS/Include/core_cm7.h ****   \details returns the FPU type
2194:Drivers/CMSIS/Include/core_cm7.h ****   \returns
2195:Drivers/CMSIS/Include/core_cm7.h ****    - \b  0: No FPU
2196:Drivers/CMSIS/Include/core_cm7.h ****    - \b  1: Single precision FPU
2197:Drivers/CMSIS/Include/core_cm7.h ****    - \b  2: Double + Single precision FPU
2198:Drivers/CMSIS/Include/core_cm7.h ****  */
2199:Drivers/CMSIS/Include/core_cm7.h **** __STATIC_INLINE uint32_t SCB_GetFPUType(void)
2200:Drivers/CMSIS/Include/core_cm7.h **** {
2201:Drivers/CMSIS/Include/core_cm7.h ****   uint32_t mvfr0;
2202:Drivers/CMSIS/Include/core_cm7.h **** 
2203:Drivers/CMSIS/Include/core_cm7.h ****   mvfr0 = SCB->MVFR0;
2204:Drivers/CMSIS/Include/core_cm7.h ****   if      ((mvfr0 & (FPU_MVFR0_Single_precision_Msk | FPU_MVFR0_Double_precision_Msk)) == 0x220U)
2205:Drivers/CMSIS/Include/core_cm7.h ****   {
2206:Drivers/CMSIS/Include/core_cm7.h ****     return 2U;           /* Double + Single precision FPU */
2207:Drivers/CMSIS/Include/core_cm7.h ****   }
2208:Drivers/CMSIS/Include/core_cm7.h ****   else if ((mvfr0 & (FPU_MVFR0_Single_precision_Msk | FPU_MVFR0_Double_precision_Msk)) == 0x020U)
2209:Drivers/CMSIS/Include/core_cm7.h ****   {
2210:Drivers/CMSIS/Include/core_cm7.h ****     return 1U;           /* Single precision FPU */
2211:Drivers/CMSIS/Include/core_cm7.h ****   }
ARM GAS  C:\Users\nicx5\AppData\Local\Temp\cclEOOYD.s 			page 88


2212:Drivers/CMSIS/Include/core_cm7.h ****   else
2213:Drivers/CMSIS/Include/core_cm7.h ****   {
2214:Drivers/CMSIS/Include/core_cm7.h ****     return 0U;           /* No FPU */
2215:Drivers/CMSIS/Include/core_cm7.h ****   }
2216:Drivers/CMSIS/Include/core_cm7.h **** }
2217:Drivers/CMSIS/Include/core_cm7.h **** 
2218:Drivers/CMSIS/Include/core_cm7.h **** /*@} end of CMSIS_Core_FpuFunctions */
2219:Drivers/CMSIS/Include/core_cm7.h **** 
2220:Drivers/CMSIS/Include/core_cm7.h **** 
2221:Drivers/CMSIS/Include/core_cm7.h **** 
2222:Drivers/CMSIS/Include/core_cm7.h **** /* ##########################  Cache functions  #################################### */
2223:Drivers/CMSIS/Include/core_cm7.h **** /**
2224:Drivers/CMSIS/Include/core_cm7.h ****   \ingroup  CMSIS_Core_FunctionInterface
2225:Drivers/CMSIS/Include/core_cm7.h ****   \defgroup CMSIS_Core_CacheFunctions Cache Functions
2226:Drivers/CMSIS/Include/core_cm7.h ****   \brief    Functions that configure Instruction and Data cache.
2227:Drivers/CMSIS/Include/core_cm7.h ****   @{
2228:Drivers/CMSIS/Include/core_cm7.h ****  */
2229:Drivers/CMSIS/Include/core_cm7.h **** 
2230:Drivers/CMSIS/Include/core_cm7.h **** /* Cache Size ID Register Macros */
2231:Drivers/CMSIS/Include/core_cm7.h **** #define CCSIDR_WAYS(x)         (((x) & SCB_CCSIDR_ASSOCIATIVITY_Msk) >> SCB_CCSIDR_ASSOCIATIVITY_Po
2232:Drivers/CMSIS/Include/core_cm7.h **** #define CCSIDR_SETS(x)         (((x) & SCB_CCSIDR_NUMSETS_Msk      ) >> SCB_CCSIDR_NUMSETS_Pos     
2233:Drivers/CMSIS/Include/core_cm7.h **** 
2234:Drivers/CMSIS/Include/core_cm7.h **** #define __SCB_DCACHE_LINE_SIZE  32U /*!< Cortex-M7 cache line size is fixed to 32 bytes (8 words). 
2235:Drivers/CMSIS/Include/core_cm7.h **** #define __SCB_ICACHE_LINE_SIZE  32U /*!< Cortex-M7 cache line size is fixed to 32 bytes (8 words). 
2236:Drivers/CMSIS/Include/core_cm7.h **** 
2237:Drivers/CMSIS/Include/core_cm7.h **** /**
2238:Drivers/CMSIS/Include/core_cm7.h ****   \brief   Enable I-Cache
2239:Drivers/CMSIS/Include/core_cm7.h ****   \details Turns on I-Cache
2240:Drivers/CMSIS/Include/core_cm7.h ****   */
2241:Drivers/CMSIS/Include/core_cm7.h **** __STATIC_FORCEINLINE void SCB_EnableICache (void)
2242:Drivers/CMSIS/Include/core_cm7.h **** {
2243:Drivers/CMSIS/Include/core_cm7.h ****   #if defined (__ICACHE_PRESENT) && (__ICACHE_PRESENT == 1U)
2244:Drivers/CMSIS/Include/core_cm7.h ****     if (SCB->CCR & SCB_CCR_IC_Msk) return;  /* return if ICache is already enabled */
2245:Drivers/CMSIS/Include/core_cm7.h **** 
2246:Drivers/CMSIS/Include/core_cm7.h ****     __DSB();
2247:Drivers/CMSIS/Include/core_cm7.h ****     __ISB();
2248:Drivers/CMSIS/Include/core_cm7.h ****     SCB->ICIALLU = 0UL;                     /* invalidate I-Cache */
2249:Drivers/CMSIS/Include/core_cm7.h ****     __DSB();
2250:Drivers/CMSIS/Include/core_cm7.h ****     __ISB();
2251:Drivers/CMSIS/Include/core_cm7.h ****     SCB->CCR |=  (uint32_t)SCB_CCR_IC_Msk;  /* enable I-Cache */
2252:Drivers/CMSIS/Include/core_cm7.h ****     __DSB();
2253:Drivers/CMSIS/Include/core_cm7.h ****     __ISB();
2254:Drivers/CMSIS/Include/core_cm7.h ****   #endif
2255:Drivers/CMSIS/Include/core_cm7.h **** }
2256:Drivers/CMSIS/Include/core_cm7.h **** 
2257:Drivers/CMSIS/Include/core_cm7.h **** 
2258:Drivers/CMSIS/Include/core_cm7.h **** /**
2259:Drivers/CMSIS/Include/core_cm7.h ****   \brief   Disable I-Cache
2260:Drivers/CMSIS/Include/core_cm7.h ****   \details Turns off I-Cache
2261:Drivers/CMSIS/Include/core_cm7.h ****   */
2262:Drivers/CMSIS/Include/core_cm7.h **** __STATIC_FORCEINLINE void SCB_DisableICache (void)
2263:Drivers/CMSIS/Include/core_cm7.h **** {
2264:Drivers/CMSIS/Include/core_cm7.h ****   #if defined (__ICACHE_PRESENT) && (__ICACHE_PRESENT == 1U)
2265:Drivers/CMSIS/Include/core_cm7.h ****     __DSB();
2266:Drivers/CMSIS/Include/core_cm7.h ****     __ISB();
2267:Drivers/CMSIS/Include/core_cm7.h ****     SCB->CCR &= ~(uint32_t)SCB_CCR_IC_Msk;  /* disable I-Cache */
2268:Drivers/CMSIS/Include/core_cm7.h ****     SCB->ICIALLU = 0UL;                     /* invalidate I-Cache */
ARM GAS  C:\Users\nicx5\AppData\Local\Temp\cclEOOYD.s 			page 89


2269:Drivers/CMSIS/Include/core_cm7.h ****     __DSB();
2270:Drivers/CMSIS/Include/core_cm7.h ****     __ISB();
2271:Drivers/CMSIS/Include/core_cm7.h ****   #endif
2272:Drivers/CMSIS/Include/core_cm7.h **** }
2273:Drivers/CMSIS/Include/core_cm7.h **** 
2274:Drivers/CMSIS/Include/core_cm7.h **** 
2275:Drivers/CMSIS/Include/core_cm7.h **** /**
2276:Drivers/CMSIS/Include/core_cm7.h ****   \brief   Invalidate I-Cache
2277:Drivers/CMSIS/Include/core_cm7.h ****   \details Invalidates I-Cache
2278:Drivers/CMSIS/Include/core_cm7.h ****   */
2279:Drivers/CMSIS/Include/core_cm7.h **** __STATIC_FORCEINLINE void SCB_InvalidateICache (void)
2280:Drivers/CMSIS/Include/core_cm7.h **** {
2281:Drivers/CMSIS/Include/core_cm7.h ****   #if defined (__ICACHE_PRESENT) && (__ICACHE_PRESENT == 1U)
2282:Drivers/CMSIS/Include/core_cm7.h ****     __DSB();
2283:Drivers/CMSIS/Include/core_cm7.h ****     __ISB();
2284:Drivers/CMSIS/Include/core_cm7.h ****     SCB->ICIALLU = 0UL;
2285:Drivers/CMSIS/Include/core_cm7.h ****     __DSB();
2286:Drivers/CMSIS/Include/core_cm7.h ****     __ISB();
2287:Drivers/CMSIS/Include/core_cm7.h ****   #endif
2288:Drivers/CMSIS/Include/core_cm7.h **** }
2289:Drivers/CMSIS/Include/core_cm7.h **** 
2290:Drivers/CMSIS/Include/core_cm7.h **** 
2291:Drivers/CMSIS/Include/core_cm7.h **** /**
2292:Drivers/CMSIS/Include/core_cm7.h ****   \brief   I-Cache Invalidate by address
2293:Drivers/CMSIS/Include/core_cm7.h ****   \details Invalidates I-Cache for the given address.
2294:Drivers/CMSIS/Include/core_cm7.h ****            I-Cache is invalidated starting from a 32 byte aligned address in 32 byte granularity.
2295:Drivers/CMSIS/Include/core_cm7.h ****            I-Cache memory blocks which are part of given address + given size are invalidated.
2296:Drivers/CMSIS/Include/core_cm7.h ****   \param[in]   addr    address
2297:Drivers/CMSIS/Include/core_cm7.h ****   \param[in]   isize   size of memory block (in number of bytes)
2298:Drivers/CMSIS/Include/core_cm7.h **** */
2299:Drivers/CMSIS/Include/core_cm7.h **** __STATIC_FORCEINLINE void SCB_InvalidateICache_by_Addr (void *addr, int32_t isize)
2300:Drivers/CMSIS/Include/core_cm7.h **** {
2301:Drivers/CMSIS/Include/core_cm7.h ****   #if defined (__ICACHE_PRESENT) && (__ICACHE_PRESENT == 1U)
2302:Drivers/CMSIS/Include/core_cm7.h ****     if ( isize > 0 ) {
2303:Drivers/CMSIS/Include/core_cm7.h ****        int32_t op_size = isize + (((uint32_t)addr) & (__SCB_ICACHE_LINE_SIZE - 1U));
2304:Drivers/CMSIS/Include/core_cm7.h ****       uint32_t op_addr = (uint32_t)addr /* & ~(__SCB_ICACHE_LINE_SIZE - 1U) */;
2305:Drivers/CMSIS/Include/core_cm7.h **** 
2306:Drivers/CMSIS/Include/core_cm7.h ****       __DSB();
2307:Drivers/CMSIS/Include/core_cm7.h **** 
2308:Drivers/CMSIS/Include/core_cm7.h ****       do {
2309:Drivers/CMSIS/Include/core_cm7.h ****         SCB->ICIMVAU = op_addr;             /* register accepts only 32byte aligned values, only bi
2310:Drivers/CMSIS/Include/core_cm7.h ****         op_addr += __SCB_ICACHE_LINE_SIZE;
2311:Drivers/CMSIS/Include/core_cm7.h ****         op_size -= __SCB_ICACHE_LINE_SIZE;
2312:Drivers/CMSIS/Include/core_cm7.h ****       } while ( op_size > 0 );
2313:Drivers/CMSIS/Include/core_cm7.h **** 
2314:Drivers/CMSIS/Include/core_cm7.h ****       __DSB();
2315:Drivers/CMSIS/Include/core_cm7.h ****       __ISB();
2316:Drivers/CMSIS/Include/core_cm7.h ****     }
2317:Drivers/CMSIS/Include/core_cm7.h ****   #endif
2318:Drivers/CMSIS/Include/core_cm7.h **** }
2319:Drivers/CMSIS/Include/core_cm7.h **** 
2320:Drivers/CMSIS/Include/core_cm7.h **** 
2321:Drivers/CMSIS/Include/core_cm7.h **** /**
2322:Drivers/CMSIS/Include/core_cm7.h ****   \brief   Enable D-Cache
2323:Drivers/CMSIS/Include/core_cm7.h ****   \details Turns on D-Cache
2324:Drivers/CMSIS/Include/core_cm7.h ****   */
2325:Drivers/CMSIS/Include/core_cm7.h **** __STATIC_FORCEINLINE void SCB_EnableDCache (void)
ARM GAS  C:\Users\nicx5\AppData\Local\Temp\cclEOOYD.s 			page 90


2326:Drivers/CMSIS/Include/core_cm7.h **** {
2327:Drivers/CMSIS/Include/core_cm7.h ****   #if defined (__DCACHE_PRESENT) && (__DCACHE_PRESENT == 1U)
2328:Drivers/CMSIS/Include/core_cm7.h ****     uint32_t ccsidr;
2329:Drivers/CMSIS/Include/core_cm7.h ****     uint32_t sets;
2330:Drivers/CMSIS/Include/core_cm7.h ****     uint32_t ways;
2331:Drivers/CMSIS/Include/core_cm7.h **** 
2332:Drivers/CMSIS/Include/core_cm7.h ****     if (SCB->CCR & SCB_CCR_DC_Msk) return;  /* return if DCache is already enabled */
2333:Drivers/CMSIS/Include/core_cm7.h **** 
2334:Drivers/CMSIS/Include/core_cm7.h ****     SCB->CSSELR = 0U;                       /* select Level 1 data cache */
2335:Drivers/CMSIS/Include/core_cm7.h ****     __DSB();
2336:Drivers/CMSIS/Include/core_cm7.h **** 
2337:Drivers/CMSIS/Include/core_cm7.h ****     ccsidr = SCB->CCSIDR;
2338:Drivers/CMSIS/Include/core_cm7.h **** 
2339:Drivers/CMSIS/Include/core_cm7.h ****                                             /* invalidate D-Cache */
2340:Drivers/CMSIS/Include/core_cm7.h ****     sets = (uint32_t)(CCSIDR_SETS(ccsidr));
2341:Drivers/CMSIS/Include/core_cm7.h ****     do {
2342:Drivers/CMSIS/Include/core_cm7.h ****       ways = (uint32_t)(CCSIDR_WAYS(ccsidr));
2343:Drivers/CMSIS/Include/core_cm7.h ****       do {
2344:Drivers/CMSIS/Include/core_cm7.h ****         SCB->DCISW = (((sets << SCB_DCISW_SET_Pos) & SCB_DCISW_SET_Msk) |
2345:Drivers/CMSIS/Include/core_cm7.h ****                       ((ways << SCB_DCISW_WAY_Pos) & SCB_DCISW_WAY_Msk)  );
2346:Drivers/CMSIS/Include/core_cm7.h ****         #if defined ( __CC_ARM )
2347:Drivers/CMSIS/Include/core_cm7.h ****           __schedule_barrier();
2348:Drivers/CMSIS/Include/core_cm7.h ****         #endif
2349:Drivers/CMSIS/Include/core_cm7.h ****       } while (ways-- != 0U);
2350:Drivers/CMSIS/Include/core_cm7.h ****     } while(sets-- != 0U);
2351:Drivers/CMSIS/Include/core_cm7.h ****     __DSB();
2352:Drivers/CMSIS/Include/core_cm7.h **** 
2353:Drivers/CMSIS/Include/core_cm7.h ****     SCB->CCR |=  (uint32_t)SCB_CCR_DC_Msk;  /* enable D-Cache */
2354:Drivers/CMSIS/Include/core_cm7.h **** 
2355:Drivers/CMSIS/Include/core_cm7.h ****     __DSB();
2356:Drivers/CMSIS/Include/core_cm7.h ****     __ISB();
2357:Drivers/CMSIS/Include/core_cm7.h ****   #endif
2358:Drivers/CMSIS/Include/core_cm7.h **** }
2359:Drivers/CMSIS/Include/core_cm7.h **** 
2360:Drivers/CMSIS/Include/core_cm7.h **** 
2361:Drivers/CMSIS/Include/core_cm7.h **** /**
2362:Drivers/CMSIS/Include/core_cm7.h ****   \brief   Disable D-Cache
2363:Drivers/CMSIS/Include/core_cm7.h ****   \details Turns off D-Cache
2364:Drivers/CMSIS/Include/core_cm7.h ****   */
2365:Drivers/CMSIS/Include/core_cm7.h **** __STATIC_FORCEINLINE void SCB_DisableDCache (void)
2366:Drivers/CMSIS/Include/core_cm7.h **** {
2367:Drivers/CMSIS/Include/core_cm7.h ****   #if defined (__DCACHE_PRESENT) && (__DCACHE_PRESENT == 1U)
2368:Drivers/CMSIS/Include/core_cm7.h ****     uint32_t ccsidr;
2369:Drivers/CMSIS/Include/core_cm7.h ****     uint32_t sets;
2370:Drivers/CMSIS/Include/core_cm7.h ****     uint32_t ways;
2371:Drivers/CMSIS/Include/core_cm7.h **** 
2372:Drivers/CMSIS/Include/core_cm7.h ****     SCB->CSSELR = 0U;                       /* select Level 1 data cache */
2373:Drivers/CMSIS/Include/core_cm7.h ****     __DSB();
2374:Drivers/CMSIS/Include/core_cm7.h **** 
2375:Drivers/CMSIS/Include/core_cm7.h ****     SCB->CCR &= ~(uint32_t)SCB_CCR_DC_Msk;  /* disable D-Cache */
2376:Drivers/CMSIS/Include/core_cm7.h ****     __DSB();
2377:Drivers/CMSIS/Include/core_cm7.h **** 
2378:Drivers/CMSIS/Include/core_cm7.h ****     ccsidr = SCB->CCSIDR;
2379:Drivers/CMSIS/Include/core_cm7.h **** 
2380:Drivers/CMSIS/Include/core_cm7.h ****                                             /* clean & invalidate D-Cache */
2381:Drivers/CMSIS/Include/core_cm7.h ****     sets = (uint32_t)(CCSIDR_SETS(ccsidr));
2382:Drivers/CMSIS/Include/core_cm7.h ****     do {
ARM GAS  C:\Users\nicx5\AppData\Local\Temp\cclEOOYD.s 			page 91


2383:Drivers/CMSIS/Include/core_cm7.h ****       ways = (uint32_t)(CCSIDR_WAYS(ccsidr));
2384:Drivers/CMSIS/Include/core_cm7.h ****       do {
2385:Drivers/CMSIS/Include/core_cm7.h ****         SCB->DCCISW = (((sets << SCB_DCCISW_SET_Pos) & SCB_DCCISW_SET_Msk) |
2386:Drivers/CMSIS/Include/core_cm7.h ****                        ((ways << SCB_DCCISW_WAY_Pos) & SCB_DCCISW_WAY_Msk)  );
2387:Drivers/CMSIS/Include/core_cm7.h ****         #if defined ( __CC_ARM )
2388:Drivers/CMSIS/Include/core_cm7.h ****           __schedule_barrier();
2389:Drivers/CMSIS/Include/core_cm7.h ****         #endif
2390:Drivers/CMSIS/Include/core_cm7.h ****       } while (ways-- != 0U);
2391:Drivers/CMSIS/Include/core_cm7.h ****     } while(sets-- != 0U);
2392:Drivers/CMSIS/Include/core_cm7.h **** 
2393:Drivers/CMSIS/Include/core_cm7.h ****     __DSB();
2394:Drivers/CMSIS/Include/core_cm7.h ****     __ISB();
2395:Drivers/CMSIS/Include/core_cm7.h ****   #endif
2396:Drivers/CMSIS/Include/core_cm7.h **** }
2397:Drivers/CMSIS/Include/core_cm7.h **** 
2398:Drivers/CMSIS/Include/core_cm7.h **** 
2399:Drivers/CMSIS/Include/core_cm7.h **** /**
2400:Drivers/CMSIS/Include/core_cm7.h ****   \brief   Invalidate D-Cache
2401:Drivers/CMSIS/Include/core_cm7.h ****   \details Invalidates D-Cache
2402:Drivers/CMSIS/Include/core_cm7.h ****   */
2403:Drivers/CMSIS/Include/core_cm7.h **** __STATIC_FORCEINLINE void SCB_InvalidateDCache (void)
2404:Drivers/CMSIS/Include/core_cm7.h **** {
2405:Drivers/CMSIS/Include/core_cm7.h ****   #if defined (__DCACHE_PRESENT) && (__DCACHE_PRESENT == 1U)
2406:Drivers/CMSIS/Include/core_cm7.h ****     uint32_t ccsidr;
2407:Drivers/CMSIS/Include/core_cm7.h ****     uint32_t sets;
2408:Drivers/CMSIS/Include/core_cm7.h ****     uint32_t ways;
2409:Drivers/CMSIS/Include/core_cm7.h **** 
2410:Drivers/CMSIS/Include/core_cm7.h ****     SCB->CSSELR = 0U;                       /* select Level 1 data cache */
2411:Drivers/CMSIS/Include/core_cm7.h ****     __DSB();
2412:Drivers/CMSIS/Include/core_cm7.h **** 
2413:Drivers/CMSIS/Include/core_cm7.h ****     ccsidr = SCB->CCSIDR;
2414:Drivers/CMSIS/Include/core_cm7.h **** 
2415:Drivers/CMSIS/Include/core_cm7.h ****                                             /* invalidate D-Cache */
2416:Drivers/CMSIS/Include/core_cm7.h ****     sets = (uint32_t)(CCSIDR_SETS(ccsidr));
2417:Drivers/CMSIS/Include/core_cm7.h ****     do {
2418:Drivers/CMSIS/Include/core_cm7.h ****       ways = (uint32_t)(CCSIDR_WAYS(ccsidr));
2419:Drivers/CMSIS/Include/core_cm7.h ****       do {
2420:Drivers/CMSIS/Include/core_cm7.h ****         SCB->DCISW = (((sets << SCB_DCISW_SET_Pos) & SCB_DCISW_SET_Msk) |
2421:Drivers/CMSIS/Include/core_cm7.h ****                       ((ways << SCB_DCISW_WAY_Pos) & SCB_DCISW_WAY_Msk)  );
2422:Drivers/CMSIS/Include/core_cm7.h ****         #if defined ( __CC_ARM )
2423:Drivers/CMSIS/Include/core_cm7.h ****           __schedule_barrier();
2424:Drivers/CMSIS/Include/core_cm7.h ****         #endif
2425:Drivers/CMSIS/Include/core_cm7.h ****       } while (ways-- != 0U);
2426:Drivers/CMSIS/Include/core_cm7.h ****     } while(sets-- != 0U);
2427:Drivers/CMSIS/Include/core_cm7.h **** 
2428:Drivers/CMSIS/Include/core_cm7.h ****     __DSB();
2429:Drivers/CMSIS/Include/core_cm7.h ****     __ISB();
2430:Drivers/CMSIS/Include/core_cm7.h ****   #endif
2431:Drivers/CMSIS/Include/core_cm7.h **** }
2432:Drivers/CMSIS/Include/core_cm7.h **** 
2433:Drivers/CMSIS/Include/core_cm7.h **** 
2434:Drivers/CMSIS/Include/core_cm7.h **** /**
2435:Drivers/CMSIS/Include/core_cm7.h ****   \brief   Clean D-Cache
2436:Drivers/CMSIS/Include/core_cm7.h ****   \details Cleans D-Cache
2437:Drivers/CMSIS/Include/core_cm7.h ****   */
2438:Drivers/CMSIS/Include/core_cm7.h **** __STATIC_FORCEINLINE void SCB_CleanDCache (void)
2439:Drivers/CMSIS/Include/core_cm7.h **** {
ARM GAS  C:\Users\nicx5\AppData\Local\Temp\cclEOOYD.s 			page 92


2440:Drivers/CMSIS/Include/core_cm7.h ****   #if defined (__DCACHE_PRESENT) && (__DCACHE_PRESENT == 1U)
2441:Drivers/CMSIS/Include/core_cm7.h ****     uint32_t ccsidr;
2442:Drivers/CMSIS/Include/core_cm7.h ****     uint32_t sets;
2443:Drivers/CMSIS/Include/core_cm7.h ****     uint32_t ways;
2444:Drivers/CMSIS/Include/core_cm7.h **** 
2445:Drivers/CMSIS/Include/core_cm7.h ****     SCB->CSSELR = 0U;                       /* select Level 1 data cache */
2446:Drivers/CMSIS/Include/core_cm7.h ****     __DSB();
2447:Drivers/CMSIS/Include/core_cm7.h **** 
2448:Drivers/CMSIS/Include/core_cm7.h ****     ccsidr = SCB->CCSIDR;
2449:Drivers/CMSIS/Include/core_cm7.h **** 
2450:Drivers/CMSIS/Include/core_cm7.h ****                                             /* clean D-Cache */
2451:Drivers/CMSIS/Include/core_cm7.h ****     sets = (uint32_t)(CCSIDR_SETS(ccsidr));
2452:Drivers/CMSIS/Include/core_cm7.h ****     do {
2453:Drivers/CMSIS/Include/core_cm7.h ****       ways = (uint32_t)(CCSIDR_WAYS(ccsidr));
2454:Drivers/CMSIS/Include/core_cm7.h ****       do {
2455:Drivers/CMSIS/Include/core_cm7.h ****         SCB->DCCSW = (((sets << SCB_DCCSW_SET_Pos) & SCB_DCCSW_SET_Msk) |
2456:Drivers/CMSIS/Include/core_cm7.h ****                       ((ways << SCB_DCCSW_WAY_Pos) & SCB_DCCSW_WAY_Msk)  );
2457:Drivers/CMSIS/Include/core_cm7.h ****         #if defined ( __CC_ARM )
2458:Drivers/CMSIS/Include/core_cm7.h ****           __schedule_barrier();
2459:Drivers/CMSIS/Include/core_cm7.h ****         #endif
2460:Drivers/CMSIS/Include/core_cm7.h ****       } while (ways-- != 0U);
2461:Drivers/CMSIS/Include/core_cm7.h ****     } while(sets-- != 0U);
2462:Drivers/CMSIS/Include/core_cm7.h **** 
2463:Drivers/CMSIS/Include/core_cm7.h ****     __DSB();
2464:Drivers/CMSIS/Include/core_cm7.h ****     __ISB();
2465:Drivers/CMSIS/Include/core_cm7.h ****   #endif
2466:Drivers/CMSIS/Include/core_cm7.h **** }
2467:Drivers/CMSIS/Include/core_cm7.h **** 
2468:Drivers/CMSIS/Include/core_cm7.h **** 
2469:Drivers/CMSIS/Include/core_cm7.h **** /**
2470:Drivers/CMSIS/Include/core_cm7.h ****   \brief   Clean & Invalidate D-Cache
2471:Drivers/CMSIS/Include/core_cm7.h ****   \details Cleans and Invalidates D-Cache
2472:Drivers/CMSIS/Include/core_cm7.h ****   */
2473:Drivers/CMSIS/Include/core_cm7.h **** __STATIC_FORCEINLINE void SCB_CleanInvalidateDCache (void)
2474:Drivers/CMSIS/Include/core_cm7.h **** {
2475:Drivers/CMSIS/Include/core_cm7.h ****   #if defined (__DCACHE_PRESENT) && (__DCACHE_PRESENT == 1U)
2476:Drivers/CMSIS/Include/core_cm7.h ****     uint32_t ccsidr;
2477:Drivers/CMSIS/Include/core_cm7.h ****     uint32_t sets;
2478:Drivers/CMSIS/Include/core_cm7.h ****     uint32_t ways;
2479:Drivers/CMSIS/Include/core_cm7.h **** 
2480:Drivers/CMSIS/Include/core_cm7.h ****     SCB->CSSELR = 0U;                       /* select Level 1 data cache */
2481:Drivers/CMSIS/Include/core_cm7.h ****     __DSB();
2482:Drivers/CMSIS/Include/core_cm7.h **** 
2483:Drivers/CMSIS/Include/core_cm7.h ****     ccsidr = SCB->CCSIDR;
2484:Drivers/CMSIS/Include/core_cm7.h **** 
2485:Drivers/CMSIS/Include/core_cm7.h ****                                             /* clean & invalidate D-Cache */
2486:Drivers/CMSIS/Include/core_cm7.h ****     sets = (uint32_t)(CCSIDR_SETS(ccsidr));
2487:Drivers/CMSIS/Include/core_cm7.h ****     do {
2488:Drivers/CMSIS/Include/core_cm7.h ****       ways = (uint32_t)(CCSIDR_WAYS(ccsidr));
2489:Drivers/CMSIS/Include/core_cm7.h ****       do {
2490:Drivers/CMSIS/Include/core_cm7.h ****         SCB->DCCISW = (((sets << SCB_DCCISW_SET_Pos) & SCB_DCCISW_SET_Msk) |
2491:Drivers/CMSIS/Include/core_cm7.h ****                        ((ways << SCB_DCCISW_WAY_Pos) & SCB_DCCISW_WAY_Msk)  );
2492:Drivers/CMSIS/Include/core_cm7.h ****         #if defined ( __CC_ARM )
2493:Drivers/CMSIS/Include/core_cm7.h ****           __schedule_barrier();
2494:Drivers/CMSIS/Include/core_cm7.h ****         #endif
2495:Drivers/CMSIS/Include/core_cm7.h ****       } while (ways-- != 0U);
2496:Drivers/CMSIS/Include/core_cm7.h ****     } while(sets-- != 0U);
ARM GAS  C:\Users\nicx5\AppData\Local\Temp\cclEOOYD.s 			page 93


2497:Drivers/CMSIS/Include/core_cm7.h **** 
2498:Drivers/CMSIS/Include/core_cm7.h ****     __DSB();
2499:Drivers/CMSIS/Include/core_cm7.h ****     __ISB();
2500:Drivers/CMSIS/Include/core_cm7.h ****   #endif
2501:Drivers/CMSIS/Include/core_cm7.h **** }
2502:Drivers/CMSIS/Include/core_cm7.h **** 
2503:Drivers/CMSIS/Include/core_cm7.h **** 
2504:Drivers/CMSIS/Include/core_cm7.h **** /**
2505:Drivers/CMSIS/Include/core_cm7.h ****   \brief   D-Cache Invalidate by address
2506:Drivers/CMSIS/Include/core_cm7.h ****   \details Invalidates D-Cache for the given address.
2507:Drivers/CMSIS/Include/core_cm7.h ****            D-Cache is invalidated starting from a 32 byte aligned address in 32 byte granularity.
2508:Drivers/CMSIS/Include/core_cm7.h ****            D-Cache memory blocks which are part of given address + given size are invalidated.
2509:Drivers/CMSIS/Include/core_cm7.h ****   \param[in]   addr    address
2510:Drivers/CMSIS/Include/core_cm7.h ****   \param[in]   dsize   size of memory block (in number of bytes)
2511:Drivers/CMSIS/Include/core_cm7.h **** */
2512:Drivers/CMSIS/Include/core_cm7.h **** __STATIC_FORCEINLINE void SCB_InvalidateDCache_by_Addr (void *addr, int32_t dsize)
2513:Drivers/CMSIS/Include/core_cm7.h **** {
2514:Drivers/CMSIS/Include/core_cm7.h ****   #if defined (__DCACHE_PRESENT) && (__DCACHE_PRESENT == 1U)
2515:Drivers/CMSIS/Include/core_cm7.h ****     if ( dsize > 0 ) { 
2516:Drivers/CMSIS/Include/core_cm7.h ****        int32_t op_size = dsize + (((uint32_t)addr) & (__SCB_DCACHE_LINE_SIZE - 1U));
2517:Drivers/CMSIS/Include/core_cm7.h ****       uint32_t op_addr = (uint32_t)addr /* & ~(__SCB_DCACHE_LINE_SIZE - 1U) */;
2518:Drivers/CMSIS/Include/core_cm7.h ****     
2519:Drivers/CMSIS/Include/core_cm7.h ****       __DSB();
2520:Drivers/CMSIS/Include/core_cm7.h **** 
2521:Drivers/CMSIS/Include/core_cm7.h ****       do {
2522:Drivers/CMSIS/Include/core_cm7.h ****         SCB->DCIMVAC = op_addr;             /* register accepts only 32byte aligned values, only bi
2523:Drivers/CMSIS/Include/core_cm7.h ****         op_addr += __SCB_DCACHE_LINE_SIZE;
2524:Drivers/CMSIS/Include/core_cm7.h ****         op_size -= __SCB_DCACHE_LINE_SIZE;
2525:Drivers/CMSIS/Include/core_cm7.h ****       } while ( op_size > 0 );
2526:Drivers/CMSIS/Include/core_cm7.h **** 
2527:Drivers/CMSIS/Include/core_cm7.h ****       __DSB();
2528:Drivers/CMSIS/Include/core_cm7.h ****       __ISB();
2529:Drivers/CMSIS/Include/core_cm7.h ****     }
2530:Drivers/CMSIS/Include/core_cm7.h ****   #endif
2531:Drivers/CMSIS/Include/core_cm7.h **** }
2532:Drivers/CMSIS/Include/core_cm7.h **** 
2533:Drivers/CMSIS/Include/core_cm7.h **** 
2534:Drivers/CMSIS/Include/core_cm7.h **** /**
2535:Drivers/CMSIS/Include/core_cm7.h ****   \brief   D-Cache Clean by address
2536:Drivers/CMSIS/Include/core_cm7.h ****   \details Cleans D-Cache for the given address
2537:Drivers/CMSIS/Include/core_cm7.h ****            D-Cache is cleaned starting from a 32 byte aligned address in 32 byte granularity.
2538:Drivers/CMSIS/Include/core_cm7.h ****            D-Cache memory blocks which are part of given address + given size are cleaned.
2539:Drivers/CMSIS/Include/core_cm7.h ****   \param[in]   addr    address
2540:Drivers/CMSIS/Include/core_cm7.h ****   \param[in]   dsize   size of memory block (in number of bytes)
2541:Drivers/CMSIS/Include/core_cm7.h **** */
2542:Drivers/CMSIS/Include/core_cm7.h **** __STATIC_FORCEINLINE void SCB_CleanDCache_by_Addr (uint32_t *addr, int32_t dsize)
 1771              		.loc 7 2542 27 view .LVU514
2543:Drivers/CMSIS/Include/core_cm7.h **** {
2544:Drivers/CMSIS/Include/core_cm7.h ****   #if defined (__DCACHE_PRESENT) && (__DCACHE_PRESENT == 1U)
2545:Drivers/CMSIS/Include/core_cm7.h ****     if ( dsize > 0 ) { 
 1772              		.loc 7 2545 5 view .LVU515
 1773              	.LBB209:
2546:Drivers/CMSIS/Include/core_cm7.h ****        int32_t op_size = dsize + (((uint32_t)addr) & (__SCB_DCACHE_LINE_SIZE - 1U));
 1774              		.loc 7 2546 8 view .LVU516
 1775              		.loc 7 2546 52 is_stmt 0 view .LVU517
 1776 000e 234A     		ldr	r2, .L144
 1777              	.LVL156:
ARM GAS  C:\Users\nicx5\AppData\Local\Temp\cclEOOYD.s 			page 94


2547:Drivers/CMSIS/Include/core_cm7.h ****       uint32_t op_addr = (uint32_t)addr /* & ~(__SCB_DCACHE_LINE_SIZE - 1U) */;
 1778              		.loc 7 2547 7 is_stmt 1 view .LVU518
2548:Drivers/CMSIS/Include/core_cm7.h ****     
2549:Drivers/CMSIS/Include/core_cm7.h ****       __DSB();
 1779              		.loc 7 2549 7 view .LVU519
 1780              	.LBB210:
 1781              	.LBI210:
 1782              		.file 8 "Drivers/CMSIS/Include/cmsis_gcc.h"
   1:Drivers/CMSIS/Include/cmsis_gcc.h **** /**************************************************************************//**
   2:Drivers/CMSIS/Include/cmsis_gcc.h ****  * @file     cmsis_gcc.h
   3:Drivers/CMSIS/Include/cmsis_gcc.h ****  * @brief    CMSIS compiler GCC header file
   4:Drivers/CMSIS/Include/cmsis_gcc.h ****  * @version  V5.2.0
   5:Drivers/CMSIS/Include/cmsis_gcc.h ****  * @date     08. May 2019
   6:Drivers/CMSIS/Include/cmsis_gcc.h ****  ******************************************************************************/
   7:Drivers/CMSIS/Include/cmsis_gcc.h **** /*
   8:Drivers/CMSIS/Include/cmsis_gcc.h ****  * Copyright (c) 2009-2019 Arm Limited. All rights reserved.
   9:Drivers/CMSIS/Include/cmsis_gcc.h ****  *
  10:Drivers/CMSIS/Include/cmsis_gcc.h ****  * SPDX-License-Identifier: Apache-2.0
  11:Drivers/CMSIS/Include/cmsis_gcc.h ****  *
  12:Drivers/CMSIS/Include/cmsis_gcc.h ****  * Licensed under the Apache License, Version 2.0 (the License); you may
  13:Drivers/CMSIS/Include/cmsis_gcc.h ****  * not use this file except in compliance with the License.
  14:Drivers/CMSIS/Include/cmsis_gcc.h ****  * You may obtain a copy of the License at
  15:Drivers/CMSIS/Include/cmsis_gcc.h ****  *
  16:Drivers/CMSIS/Include/cmsis_gcc.h ****  * www.apache.org/licenses/LICENSE-2.0
  17:Drivers/CMSIS/Include/cmsis_gcc.h ****  *
  18:Drivers/CMSIS/Include/cmsis_gcc.h ****  * Unless required by applicable law or agreed to in writing, software
  19:Drivers/CMSIS/Include/cmsis_gcc.h ****  * distributed under the License is distributed on an AS IS BASIS, WITHOUT
  20:Drivers/CMSIS/Include/cmsis_gcc.h ****  * WARRANTIES OR CONDITIONS OF ANY KIND, either express or implied.
  21:Drivers/CMSIS/Include/cmsis_gcc.h ****  * See the License for the specific language governing permissions and
  22:Drivers/CMSIS/Include/cmsis_gcc.h ****  * limitations under the License.
  23:Drivers/CMSIS/Include/cmsis_gcc.h ****  */
  24:Drivers/CMSIS/Include/cmsis_gcc.h **** 
  25:Drivers/CMSIS/Include/cmsis_gcc.h **** #ifndef __CMSIS_GCC_H
  26:Drivers/CMSIS/Include/cmsis_gcc.h **** #define __CMSIS_GCC_H
  27:Drivers/CMSIS/Include/cmsis_gcc.h **** 
  28:Drivers/CMSIS/Include/cmsis_gcc.h **** /* ignore some GCC warnings */
  29:Drivers/CMSIS/Include/cmsis_gcc.h **** #pragma GCC diagnostic push
  30:Drivers/CMSIS/Include/cmsis_gcc.h **** #pragma GCC diagnostic ignored "-Wsign-conversion"
  31:Drivers/CMSIS/Include/cmsis_gcc.h **** #pragma GCC diagnostic ignored "-Wconversion"
  32:Drivers/CMSIS/Include/cmsis_gcc.h **** #pragma GCC diagnostic ignored "-Wunused-parameter"
  33:Drivers/CMSIS/Include/cmsis_gcc.h **** 
  34:Drivers/CMSIS/Include/cmsis_gcc.h **** /* Fallback for __has_builtin */
  35:Drivers/CMSIS/Include/cmsis_gcc.h **** #ifndef __has_builtin
  36:Drivers/CMSIS/Include/cmsis_gcc.h ****   #define __has_builtin(x) (0)
  37:Drivers/CMSIS/Include/cmsis_gcc.h **** #endif
  38:Drivers/CMSIS/Include/cmsis_gcc.h **** 
  39:Drivers/CMSIS/Include/cmsis_gcc.h **** /* CMSIS compiler specific defines */
  40:Drivers/CMSIS/Include/cmsis_gcc.h **** #ifndef   __ASM
  41:Drivers/CMSIS/Include/cmsis_gcc.h ****   #define __ASM                                  __asm
  42:Drivers/CMSIS/Include/cmsis_gcc.h **** #endif
  43:Drivers/CMSIS/Include/cmsis_gcc.h **** #ifndef   __INLINE
  44:Drivers/CMSIS/Include/cmsis_gcc.h ****   #define __INLINE                               inline
  45:Drivers/CMSIS/Include/cmsis_gcc.h **** #endif
  46:Drivers/CMSIS/Include/cmsis_gcc.h **** #ifndef   __STATIC_INLINE
  47:Drivers/CMSIS/Include/cmsis_gcc.h ****   #define __STATIC_INLINE                        static inline
  48:Drivers/CMSIS/Include/cmsis_gcc.h **** #endif
  49:Drivers/CMSIS/Include/cmsis_gcc.h **** #ifndef   __STATIC_FORCEINLINE                 
ARM GAS  C:\Users\nicx5\AppData\Local\Temp\cclEOOYD.s 			page 95


  50:Drivers/CMSIS/Include/cmsis_gcc.h ****   #define __STATIC_FORCEINLINE                   __attribute__((always_inline)) static inline
  51:Drivers/CMSIS/Include/cmsis_gcc.h **** #endif                                           
  52:Drivers/CMSIS/Include/cmsis_gcc.h **** #ifndef   __NO_RETURN
  53:Drivers/CMSIS/Include/cmsis_gcc.h ****   #define __NO_RETURN                            __attribute__((__noreturn__))
  54:Drivers/CMSIS/Include/cmsis_gcc.h **** #endif
  55:Drivers/CMSIS/Include/cmsis_gcc.h **** #ifndef   __USED
  56:Drivers/CMSIS/Include/cmsis_gcc.h ****   #define __USED                                 __attribute__((used))
  57:Drivers/CMSIS/Include/cmsis_gcc.h **** #endif
  58:Drivers/CMSIS/Include/cmsis_gcc.h **** #ifndef   __WEAK
  59:Drivers/CMSIS/Include/cmsis_gcc.h ****   #define __WEAK                                 __attribute__((weak))
  60:Drivers/CMSIS/Include/cmsis_gcc.h **** #endif
  61:Drivers/CMSIS/Include/cmsis_gcc.h **** #ifndef   __PACKED
  62:Drivers/CMSIS/Include/cmsis_gcc.h ****   #define __PACKED                               __attribute__((packed, aligned(1)))
  63:Drivers/CMSIS/Include/cmsis_gcc.h **** #endif
  64:Drivers/CMSIS/Include/cmsis_gcc.h **** #ifndef   __PACKED_STRUCT
  65:Drivers/CMSIS/Include/cmsis_gcc.h ****   #define __PACKED_STRUCT                        struct __attribute__((packed, aligned(1)))
  66:Drivers/CMSIS/Include/cmsis_gcc.h **** #endif
  67:Drivers/CMSIS/Include/cmsis_gcc.h **** #ifndef   __PACKED_UNION
  68:Drivers/CMSIS/Include/cmsis_gcc.h ****   #define __PACKED_UNION                         union __attribute__((packed, aligned(1)))
  69:Drivers/CMSIS/Include/cmsis_gcc.h **** #endif
  70:Drivers/CMSIS/Include/cmsis_gcc.h **** #ifndef   __UNALIGNED_UINT32        /* deprecated */
  71:Drivers/CMSIS/Include/cmsis_gcc.h ****   #pragma GCC diagnostic push
  72:Drivers/CMSIS/Include/cmsis_gcc.h ****   #pragma GCC diagnostic ignored "-Wpacked"
  73:Drivers/CMSIS/Include/cmsis_gcc.h ****   #pragma GCC diagnostic ignored "-Wattributes"
  74:Drivers/CMSIS/Include/cmsis_gcc.h ****   struct __attribute__((packed)) T_UINT32 { uint32_t v; };
  75:Drivers/CMSIS/Include/cmsis_gcc.h ****   #pragma GCC diagnostic pop
  76:Drivers/CMSIS/Include/cmsis_gcc.h ****   #define __UNALIGNED_UINT32(x)                  (((struct T_UINT32 *)(x))->v)
  77:Drivers/CMSIS/Include/cmsis_gcc.h **** #endif
  78:Drivers/CMSIS/Include/cmsis_gcc.h **** #ifndef   __UNALIGNED_UINT16_WRITE
  79:Drivers/CMSIS/Include/cmsis_gcc.h ****   #pragma GCC diagnostic push
  80:Drivers/CMSIS/Include/cmsis_gcc.h ****   #pragma GCC diagnostic ignored "-Wpacked"
  81:Drivers/CMSIS/Include/cmsis_gcc.h ****   #pragma GCC diagnostic ignored "-Wattributes"
  82:Drivers/CMSIS/Include/cmsis_gcc.h ****   __PACKED_STRUCT T_UINT16_WRITE { uint16_t v; };
  83:Drivers/CMSIS/Include/cmsis_gcc.h ****   #pragma GCC diagnostic pop
  84:Drivers/CMSIS/Include/cmsis_gcc.h ****   #define __UNALIGNED_UINT16_WRITE(addr, val)    (void)((((struct T_UINT16_WRITE *)(void *)(addr))-
  85:Drivers/CMSIS/Include/cmsis_gcc.h **** #endif
  86:Drivers/CMSIS/Include/cmsis_gcc.h **** #ifndef   __UNALIGNED_UINT16_READ
  87:Drivers/CMSIS/Include/cmsis_gcc.h ****   #pragma GCC diagnostic push
  88:Drivers/CMSIS/Include/cmsis_gcc.h ****   #pragma GCC diagnostic ignored "-Wpacked"
  89:Drivers/CMSIS/Include/cmsis_gcc.h ****   #pragma GCC diagnostic ignored "-Wattributes"
  90:Drivers/CMSIS/Include/cmsis_gcc.h ****   __PACKED_STRUCT T_UINT16_READ { uint16_t v; };
  91:Drivers/CMSIS/Include/cmsis_gcc.h ****   #pragma GCC diagnostic pop
  92:Drivers/CMSIS/Include/cmsis_gcc.h ****   #define __UNALIGNED_UINT16_READ(addr)          (((const struct T_UINT16_READ *)(const void *)(add
  93:Drivers/CMSIS/Include/cmsis_gcc.h **** #endif
  94:Drivers/CMSIS/Include/cmsis_gcc.h **** #ifndef   __UNALIGNED_UINT32_WRITE
  95:Drivers/CMSIS/Include/cmsis_gcc.h ****   #pragma GCC diagnostic push
  96:Drivers/CMSIS/Include/cmsis_gcc.h ****   #pragma GCC diagnostic ignored "-Wpacked"
  97:Drivers/CMSIS/Include/cmsis_gcc.h ****   #pragma GCC diagnostic ignored "-Wattributes"
  98:Drivers/CMSIS/Include/cmsis_gcc.h ****   __PACKED_STRUCT T_UINT32_WRITE { uint32_t v; };
  99:Drivers/CMSIS/Include/cmsis_gcc.h ****   #pragma GCC diagnostic pop
 100:Drivers/CMSIS/Include/cmsis_gcc.h ****   #define __UNALIGNED_UINT32_WRITE(addr, val)    (void)((((struct T_UINT32_WRITE *)(void *)(addr))-
 101:Drivers/CMSIS/Include/cmsis_gcc.h **** #endif
 102:Drivers/CMSIS/Include/cmsis_gcc.h **** #ifndef   __UNALIGNED_UINT32_READ
 103:Drivers/CMSIS/Include/cmsis_gcc.h ****   #pragma GCC diagnostic push
 104:Drivers/CMSIS/Include/cmsis_gcc.h ****   #pragma GCC diagnostic ignored "-Wpacked"
 105:Drivers/CMSIS/Include/cmsis_gcc.h ****   #pragma GCC diagnostic ignored "-Wattributes"
 106:Drivers/CMSIS/Include/cmsis_gcc.h ****   __PACKED_STRUCT T_UINT32_READ { uint32_t v; };
ARM GAS  C:\Users\nicx5\AppData\Local\Temp\cclEOOYD.s 			page 96


 107:Drivers/CMSIS/Include/cmsis_gcc.h ****   #pragma GCC diagnostic pop
 108:Drivers/CMSIS/Include/cmsis_gcc.h ****   #define __UNALIGNED_UINT32_READ(addr)          (((const struct T_UINT32_READ *)(const void *)(add
 109:Drivers/CMSIS/Include/cmsis_gcc.h **** #endif
 110:Drivers/CMSIS/Include/cmsis_gcc.h **** #ifndef   __ALIGNED
 111:Drivers/CMSIS/Include/cmsis_gcc.h ****   #define __ALIGNED(x)                           __attribute__((aligned(x)))
 112:Drivers/CMSIS/Include/cmsis_gcc.h **** #endif
 113:Drivers/CMSIS/Include/cmsis_gcc.h **** #ifndef   __RESTRICT
 114:Drivers/CMSIS/Include/cmsis_gcc.h ****   #define __RESTRICT                             __restrict
 115:Drivers/CMSIS/Include/cmsis_gcc.h **** #endif
 116:Drivers/CMSIS/Include/cmsis_gcc.h **** #ifndef   __COMPILER_BARRIER
 117:Drivers/CMSIS/Include/cmsis_gcc.h ****   #define __COMPILER_BARRIER()                   __ASM volatile("":::"memory")
 118:Drivers/CMSIS/Include/cmsis_gcc.h **** #endif
 119:Drivers/CMSIS/Include/cmsis_gcc.h **** 
 120:Drivers/CMSIS/Include/cmsis_gcc.h **** /* #########################  Startup and Lowlevel Init  ######################## */
 121:Drivers/CMSIS/Include/cmsis_gcc.h **** 
 122:Drivers/CMSIS/Include/cmsis_gcc.h **** #ifndef __PROGRAM_START
 123:Drivers/CMSIS/Include/cmsis_gcc.h **** 
 124:Drivers/CMSIS/Include/cmsis_gcc.h **** /**
 125:Drivers/CMSIS/Include/cmsis_gcc.h ****   \brief   Initializes data and bss sections
 126:Drivers/CMSIS/Include/cmsis_gcc.h ****   \details This default implementations initialized all data and additional bss
 127:Drivers/CMSIS/Include/cmsis_gcc.h ****            sections relying on .copy.table and .zero.table specified properly
 128:Drivers/CMSIS/Include/cmsis_gcc.h ****            in the used linker script.
 129:Drivers/CMSIS/Include/cmsis_gcc.h ****   
 130:Drivers/CMSIS/Include/cmsis_gcc.h ****  */
 131:Drivers/CMSIS/Include/cmsis_gcc.h **** __STATIC_FORCEINLINE __NO_RETURN void __cmsis_start(void)
 132:Drivers/CMSIS/Include/cmsis_gcc.h **** {
 133:Drivers/CMSIS/Include/cmsis_gcc.h ****   extern void _start(void) __NO_RETURN;
 134:Drivers/CMSIS/Include/cmsis_gcc.h ****   
 135:Drivers/CMSIS/Include/cmsis_gcc.h ****   typedef struct {
 136:Drivers/CMSIS/Include/cmsis_gcc.h ****     uint32_t const* src;
 137:Drivers/CMSIS/Include/cmsis_gcc.h ****     uint32_t* dest;
 138:Drivers/CMSIS/Include/cmsis_gcc.h ****     uint32_t  wlen;
 139:Drivers/CMSIS/Include/cmsis_gcc.h ****   } __copy_table_t;
 140:Drivers/CMSIS/Include/cmsis_gcc.h ****   
 141:Drivers/CMSIS/Include/cmsis_gcc.h ****   typedef struct {
 142:Drivers/CMSIS/Include/cmsis_gcc.h ****     uint32_t* dest;
 143:Drivers/CMSIS/Include/cmsis_gcc.h ****     uint32_t  wlen;
 144:Drivers/CMSIS/Include/cmsis_gcc.h ****   } __zero_table_t;
 145:Drivers/CMSIS/Include/cmsis_gcc.h ****   
 146:Drivers/CMSIS/Include/cmsis_gcc.h ****   extern const __copy_table_t __copy_table_start__;
 147:Drivers/CMSIS/Include/cmsis_gcc.h ****   extern const __copy_table_t __copy_table_end__;
 148:Drivers/CMSIS/Include/cmsis_gcc.h ****   extern const __zero_table_t __zero_table_start__;
 149:Drivers/CMSIS/Include/cmsis_gcc.h ****   extern const __zero_table_t __zero_table_end__;
 150:Drivers/CMSIS/Include/cmsis_gcc.h **** 
 151:Drivers/CMSIS/Include/cmsis_gcc.h ****   for (__copy_table_t const* pTable = &__copy_table_start__; pTable < &__copy_table_end__; ++pTable
 152:Drivers/CMSIS/Include/cmsis_gcc.h ****     for(uint32_t i=0u; i<pTable->wlen; ++i) {
 153:Drivers/CMSIS/Include/cmsis_gcc.h ****       pTable->dest[i] = pTable->src[i];
 154:Drivers/CMSIS/Include/cmsis_gcc.h ****     }
 155:Drivers/CMSIS/Include/cmsis_gcc.h ****   }
 156:Drivers/CMSIS/Include/cmsis_gcc.h ****  
 157:Drivers/CMSIS/Include/cmsis_gcc.h ****   for (__zero_table_t const* pTable = &__zero_table_start__; pTable < &__zero_table_end__; ++pTable
 158:Drivers/CMSIS/Include/cmsis_gcc.h ****     for(uint32_t i=0u; i<pTable->wlen; ++i) {
 159:Drivers/CMSIS/Include/cmsis_gcc.h ****       pTable->dest[i] = 0u;
 160:Drivers/CMSIS/Include/cmsis_gcc.h ****     }
 161:Drivers/CMSIS/Include/cmsis_gcc.h ****   }
 162:Drivers/CMSIS/Include/cmsis_gcc.h ****  
 163:Drivers/CMSIS/Include/cmsis_gcc.h ****   _start();
ARM GAS  C:\Users\nicx5\AppData\Local\Temp\cclEOOYD.s 			page 97


 164:Drivers/CMSIS/Include/cmsis_gcc.h **** }
 165:Drivers/CMSIS/Include/cmsis_gcc.h ****   
 166:Drivers/CMSIS/Include/cmsis_gcc.h **** #define __PROGRAM_START           __cmsis_start
 167:Drivers/CMSIS/Include/cmsis_gcc.h **** #endif
 168:Drivers/CMSIS/Include/cmsis_gcc.h **** 
 169:Drivers/CMSIS/Include/cmsis_gcc.h **** #ifndef __INITIAL_SP
 170:Drivers/CMSIS/Include/cmsis_gcc.h **** #define __INITIAL_SP              __StackTop
 171:Drivers/CMSIS/Include/cmsis_gcc.h **** #endif
 172:Drivers/CMSIS/Include/cmsis_gcc.h **** 
 173:Drivers/CMSIS/Include/cmsis_gcc.h **** #ifndef __STACK_LIMIT
 174:Drivers/CMSIS/Include/cmsis_gcc.h **** #define __STACK_LIMIT             __StackLimit
 175:Drivers/CMSIS/Include/cmsis_gcc.h **** #endif
 176:Drivers/CMSIS/Include/cmsis_gcc.h **** 
 177:Drivers/CMSIS/Include/cmsis_gcc.h **** #ifndef __VECTOR_TABLE
 178:Drivers/CMSIS/Include/cmsis_gcc.h **** #define __VECTOR_TABLE            __Vectors
 179:Drivers/CMSIS/Include/cmsis_gcc.h **** #endif
 180:Drivers/CMSIS/Include/cmsis_gcc.h **** 
 181:Drivers/CMSIS/Include/cmsis_gcc.h **** #ifndef __VECTOR_TABLE_ATTRIBUTE
 182:Drivers/CMSIS/Include/cmsis_gcc.h **** #define __VECTOR_TABLE_ATTRIBUTE  __attribute((used, section(".vectors")))
 183:Drivers/CMSIS/Include/cmsis_gcc.h **** #endif
 184:Drivers/CMSIS/Include/cmsis_gcc.h **** 
 185:Drivers/CMSIS/Include/cmsis_gcc.h **** /* ###########################  Core Function Access  ########################### */
 186:Drivers/CMSIS/Include/cmsis_gcc.h **** /** \ingroup  CMSIS_Core_FunctionInterface
 187:Drivers/CMSIS/Include/cmsis_gcc.h ****     \defgroup CMSIS_Core_RegAccFunctions CMSIS Core Register Access Functions
 188:Drivers/CMSIS/Include/cmsis_gcc.h ****   @{
 189:Drivers/CMSIS/Include/cmsis_gcc.h ****  */
 190:Drivers/CMSIS/Include/cmsis_gcc.h **** 
 191:Drivers/CMSIS/Include/cmsis_gcc.h **** /**
 192:Drivers/CMSIS/Include/cmsis_gcc.h ****   \brief   Enable IRQ Interrupts
 193:Drivers/CMSIS/Include/cmsis_gcc.h ****   \details Enables IRQ interrupts by clearing the I-bit in the CPSR.
 194:Drivers/CMSIS/Include/cmsis_gcc.h ****            Can only be executed in Privileged modes.
 195:Drivers/CMSIS/Include/cmsis_gcc.h ****  */
 196:Drivers/CMSIS/Include/cmsis_gcc.h **** __STATIC_FORCEINLINE void __enable_irq(void)
 197:Drivers/CMSIS/Include/cmsis_gcc.h **** {
 198:Drivers/CMSIS/Include/cmsis_gcc.h ****   __ASM volatile ("cpsie i" : : : "memory");
 199:Drivers/CMSIS/Include/cmsis_gcc.h **** }
 200:Drivers/CMSIS/Include/cmsis_gcc.h **** 
 201:Drivers/CMSIS/Include/cmsis_gcc.h **** 
 202:Drivers/CMSIS/Include/cmsis_gcc.h **** /**
 203:Drivers/CMSIS/Include/cmsis_gcc.h ****   \brief   Disable IRQ Interrupts
 204:Drivers/CMSIS/Include/cmsis_gcc.h ****   \details Disables IRQ interrupts by setting the I-bit in the CPSR.
 205:Drivers/CMSIS/Include/cmsis_gcc.h ****            Can only be executed in Privileged modes.
 206:Drivers/CMSIS/Include/cmsis_gcc.h ****  */
 207:Drivers/CMSIS/Include/cmsis_gcc.h **** __STATIC_FORCEINLINE void __disable_irq(void)
 208:Drivers/CMSIS/Include/cmsis_gcc.h **** {
 209:Drivers/CMSIS/Include/cmsis_gcc.h ****   __ASM volatile ("cpsid i" : : : "memory");
 210:Drivers/CMSIS/Include/cmsis_gcc.h **** }
 211:Drivers/CMSIS/Include/cmsis_gcc.h **** 
 212:Drivers/CMSIS/Include/cmsis_gcc.h **** 
 213:Drivers/CMSIS/Include/cmsis_gcc.h **** /**
 214:Drivers/CMSIS/Include/cmsis_gcc.h ****   \brief   Get Control Register
 215:Drivers/CMSIS/Include/cmsis_gcc.h ****   \details Returns the content of the Control Register.
 216:Drivers/CMSIS/Include/cmsis_gcc.h ****   \return               Control Register value
 217:Drivers/CMSIS/Include/cmsis_gcc.h ****  */
 218:Drivers/CMSIS/Include/cmsis_gcc.h **** __STATIC_FORCEINLINE uint32_t __get_CONTROL(void)
 219:Drivers/CMSIS/Include/cmsis_gcc.h **** {
 220:Drivers/CMSIS/Include/cmsis_gcc.h ****   uint32_t result;
ARM GAS  C:\Users\nicx5\AppData\Local\Temp\cclEOOYD.s 			page 98


 221:Drivers/CMSIS/Include/cmsis_gcc.h **** 
 222:Drivers/CMSIS/Include/cmsis_gcc.h ****   __ASM volatile ("MRS %0, control" : "=r" (result) );
 223:Drivers/CMSIS/Include/cmsis_gcc.h ****   return(result);
 224:Drivers/CMSIS/Include/cmsis_gcc.h **** }
 225:Drivers/CMSIS/Include/cmsis_gcc.h **** 
 226:Drivers/CMSIS/Include/cmsis_gcc.h **** 
 227:Drivers/CMSIS/Include/cmsis_gcc.h **** #if (defined (__ARM_FEATURE_CMSE ) && (__ARM_FEATURE_CMSE == 3))
 228:Drivers/CMSIS/Include/cmsis_gcc.h **** /**
 229:Drivers/CMSIS/Include/cmsis_gcc.h ****   \brief   Get Control Register (non-secure)
 230:Drivers/CMSIS/Include/cmsis_gcc.h ****   \details Returns the content of the non-secure Control Register when in secure mode.
 231:Drivers/CMSIS/Include/cmsis_gcc.h ****   \return               non-secure Control Register value
 232:Drivers/CMSIS/Include/cmsis_gcc.h ****  */
 233:Drivers/CMSIS/Include/cmsis_gcc.h **** __STATIC_FORCEINLINE uint32_t __TZ_get_CONTROL_NS(void)
 234:Drivers/CMSIS/Include/cmsis_gcc.h **** {
 235:Drivers/CMSIS/Include/cmsis_gcc.h ****   uint32_t result;
 236:Drivers/CMSIS/Include/cmsis_gcc.h **** 
 237:Drivers/CMSIS/Include/cmsis_gcc.h ****   __ASM volatile ("MRS %0, control_ns" : "=r" (result) );
 238:Drivers/CMSIS/Include/cmsis_gcc.h ****   return(result);
 239:Drivers/CMSIS/Include/cmsis_gcc.h **** }
 240:Drivers/CMSIS/Include/cmsis_gcc.h **** #endif
 241:Drivers/CMSIS/Include/cmsis_gcc.h **** 
 242:Drivers/CMSIS/Include/cmsis_gcc.h **** 
 243:Drivers/CMSIS/Include/cmsis_gcc.h **** /**
 244:Drivers/CMSIS/Include/cmsis_gcc.h ****   \brief   Set Control Register
 245:Drivers/CMSIS/Include/cmsis_gcc.h ****   \details Writes the given value to the Control Register.
 246:Drivers/CMSIS/Include/cmsis_gcc.h ****   \param [in]    control  Control Register value to set
 247:Drivers/CMSIS/Include/cmsis_gcc.h ****  */
 248:Drivers/CMSIS/Include/cmsis_gcc.h **** __STATIC_FORCEINLINE void __set_CONTROL(uint32_t control)
 249:Drivers/CMSIS/Include/cmsis_gcc.h **** {
 250:Drivers/CMSIS/Include/cmsis_gcc.h ****   __ASM volatile ("MSR control, %0" : : "r" (control) : "memory");
 251:Drivers/CMSIS/Include/cmsis_gcc.h **** }
 252:Drivers/CMSIS/Include/cmsis_gcc.h **** 
 253:Drivers/CMSIS/Include/cmsis_gcc.h **** 
 254:Drivers/CMSIS/Include/cmsis_gcc.h **** #if (defined (__ARM_FEATURE_CMSE ) && (__ARM_FEATURE_CMSE == 3))
 255:Drivers/CMSIS/Include/cmsis_gcc.h **** /**
 256:Drivers/CMSIS/Include/cmsis_gcc.h ****   \brief   Set Control Register (non-secure)
 257:Drivers/CMSIS/Include/cmsis_gcc.h ****   \details Writes the given value to the non-secure Control Register when in secure state.
 258:Drivers/CMSIS/Include/cmsis_gcc.h ****   \param [in]    control  Control Register value to set
 259:Drivers/CMSIS/Include/cmsis_gcc.h ****  */
 260:Drivers/CMSIS/Include/cmsis_gcc.h **** __STATIC_FORCEINLINE void __TZ_set_CONTROL_NS(uint32_t control)
 261:Drivers/CMSIS/Include/cmsis_gcc.h **** {
 262:Drivers/CMSIS/Include/cmsis_gcc.h ****   __ASM volatile ("MSR control_ns, %0" : : "r" (control) : "memory");
 263:Drivers/CMSIS/Include/cmsis_gcc.h **** }
 264:Drivers/CMSIS/Include/cmsis_gcc.h **** #endif
 265:Drivers/CMSIS/Include/cmsis_gcc.h **** 
 266:Drivers/CMSIS/Include/cmsis_gcc.h **** 
 267:Drivers/CMSIS/Include/cmsis_gcc.h **** /**
 268:Drivers/CMSIS/Include/cmsis_gcc.h ****   \brief   Get IPSR Register
 269:Drivers/CMSIS/Include/cmsis_gcc.h ****   \details Returns the content of the IPSR Register.
 270:Drivers/CMSIS/Include/cmsis_gcc.h ****   \return               IPSR Register value
 271:Drivers/CMSIS/Include/cmsis_gcc.h ****  */
 272:Drivers/CMSIS/Include/cmsis_gcc.h **** __STATIC_FORCEINLINE uint32_t __get_IPSR(void)
 273:Drivers/CMSIS/Include/cmsis_gcc.h **** {
 274:Drivers/CMSIS/Include/cmsis_gcc.h ****   uint32_t result;
 275:Drivers/CMSIS/Include/cmsis_gcc.h **** 
 276:Drivers/CMSIS/Include/cmsis_gcc.h ****   __ASM volatile ("MRS %0, ipsr" : "=r" (result) );
 277:Drivers/CMSIS/Include/cmsis_gcc.h ****   return(result);
ARM GAS  C:\Users\nicx5\AppData\Local\Temp\cclEOOYD.s 			page 99


 278:Drivers/CMSIS/Include/cmsis_gcc.h **** }
 279:Drivers/CMSIS/Include/cmsis_gcc.h **** 
 280:Drivers/CMSIS/Include/cmsis_gcc.h **** 
 281:Drivers/CMSIS/Include/cmsis_gcc.h **** /**
 282:Drivers/CMSIS/Include/cmsis_gcc.h ****   \brief   Get APSR Register
 283:Drivers/CMSIS/Include/cmsis_gcc.h ****   \details Returns the content of the APSR Register.
 284:Drivers/CMSIS/Include/cmsis_gcc.h ****   \return               APSR Register value
 285:Drivers/CMSIS/Include/cmsis_gcc.h ****  */
 286:Drivers/CMSIS/Include/cmsis_gcc.h **** __STATIC_FORCEINLINE uint32_t __get_APSR(void)
 287:Drivers/CMSIS/Include/cmsis_gcc.h **** {
 288:Drivers/CMSIS/Include/cmsis_gcc.h ****   uint32_t result;
 289:Drivers/CMSIS/Include/cmsis_gcc.h **** 
 290:Drivers/CMSIS/Include/cmsis_gcc.h ****   __ASM volatile ("MRS %0, apsr" : "=r" (result) );
 291:Drivers/CMSIS/Include/cmsis_gcc.h ****   return(result);
 292:Drivers/CMSIS/Include/cmsis_gcc.h **** }
 293:Drivers/CMSIS/Include/cmsis_gcc.h **** 
 294:Drivers/CMSIS/Include/cmsis_gcc.h **** 
 295:Drivers/CMSIS/Include/cmsis_gcc.h **** /**
 296:Drivers/CMSIS/Include/cmsis_gcc.h ****   \brief   Get xPSR Register
 297:Drivers/CMSIS/Include/cmsis_gcc.h ****   \details Returns the content of the xPSR Register.
 298:Drivers/CMSIS/Include/cmsis_gcc.h ****   \return               xPSR Register value
 299:Drivers/CMSIS/Include/cmsis_gcc.h ****  */
 300:Drivers/CMSIS/Include/cmsis_gcc.h **** __STATIC_FORCEINLINE uint32_t __get_xPSR(void)
 301:Drivers/CMSIS/Include/cmsis_gcc.h **** {
 302:Drivers/CMSIS/Include/cmsis_gcc.h ****   uint32_t result;
 303:Drivers/CMSIS/Include/cmsis_gcc.h **** 
 304:Drivers/CMSIS/Include/cmsis_gcc.h ****   __ASM volatile ("MRS %0, xpsr" : "=r" (result) );
 305:Drivers/CMSIS/Include/cmsis_gcc.h ****   return(result);
 306:Drivers/CMSIS/Include/cmsis_gcc.h **** }
 307:Drivers/CMSIS/Include/cmsis_gcc.h **** 
 308:Drivers/CMSIS/Include/cmsis_gcc.h **** 
 309:Drivers/CMSIS/Include/cmsis_gcc.h **** /**
 310:Drivers/CMSIS/Include/cmsis_gcc.h ****   \brief   Get Process Stack Pointer
 311:Drivers/CMSIS/Include/cmsis_gcc.h ****   \details Returns the current value of the Process Stack Pointer (PSP).
 312:Drivers/CMSIS/Include/cmsis_gcc.h ****   \return               PSP Register value
 313:Drivers/CMSIS/Include/cmsis_gcc.h ****  */
 314:Drivers/CMSIS/Include/cmsis_gcc.h **** __STATIC_FORCEINLINE uint32_t __get_PSP(void)
 315:Drivers/CMSIS/Include/cmsis_gcc.h **** {
 316:Drivers/CMSIS/Include/cmsis_gcc.h ****   uint32_t result;
 317:Drivers/CMSIS/Include/cmsis_gcc.h **** 
 318:Drivers/CMSIS/Include/cmsis_gcc.h ****   __ASM volatile ("MRS %0, psp"  : "=r" (result) );
 319:Drivers/CMSIS/Include/cmsis_gcc.h ****   return(result);
 320:Drivers/CMSIS/Include/cmsis_gcc.h **** }
 321:Drivers/CMSIS/Include/cmsis_gcc.h **** 
 322:Drivers/CMSIS/Include/cmsis_gcc.h **** 
 323:Drivers/CMSIS/Include/cmsis_gcc.h **** #if (defined (__ARM_FEATURE_CMSE ) && (__ARM_FEATURE_CMSE == 3))
 324:Drivers/CMSIS/Include/cmsis_gcc.h **** /**
 325:Drivers/CMSIS/Include/cmsis_gcc.h ****   \brief   Get Process Stack Pointer (non-secure)
 326:Drivers/CMSIS/Include/cmsis_gcc.h ****   \details Returns the current value of the non-secure Process Stack Pointer (PSP) when in secure s
 327:Drivers/CMSIS/Include/cmsis_gcc.h ****   \return               PSP Register value
 328:Drivers/CMSIS/Include/cmsis_gcc.h ****  */
 329:Drivers/CMSIS/Include/cmsis_gcc.h **** __STATIC_FORCEINLINE uint32_t __TZ_get_PSP_NS(void)
 330:Drivers/CMSIS/Include/cmsis_gcc.h **** {
 331:Drivers/CMSIS/Include/cmsis_gcc.h ****   uint32_t result;
 332:Drivers/CMSIS/Include/cmsis_gcc.h **** 
 333:Drivers/CMSIS/Include/cmsis_gcc.h ****   __ASM volatile ("MRS %0, psp_ns"  : "=r" (result) );
 334:Drivers/CMSIS/Include/cmsis_gcc.h ****   return(result);
ARM GAS  C:\Users\nicx5\AppData\Local\Temp\cclEOOYD.s 			page 100


 335:Drivers/CMSIS/Include/cmsis_gcc.h **** }
 336:Drivers/CMSIS/Include/cmsis_gcc.h **** #endif
 337:Drivers/CMSIS/Include/cmsis_gcc.h **** 
 338:Drivers/CMSIS/Include/cmsis_gcc.h **** 
 339:Drivers/CMSIS/Include/cmsis_gcc.h **** /**
 340:Drivers/CMSIS/Include/cmsis_gcc.h ****   \brief   Set Process Stack Pointer
 341:Drivers/CMSIS/Include/cmsis_gcc.h ****   \details Assigns the given value to the Process Stack Pointer (PSP).
 342:Drivers/CMSIS/Include/cmsis_gcc.h ****   \param [in]    topOfProcStack  Process Stack Pointer value to set
 343:Drivers/CMSIS/Include/cmsis_gcc.h ****  */
 344:Drivers/CMSIS/Include/cmsis_gcc.h **** __STATIC_FORCEINLINE void __set_PSP(uint32_t topOfProcStack)
 345:Drivers/CMSIS/Include/cmsis_gcc.h **** {
 346:Drivers/CMSIS/Include/cmsis_gcc.h ****   __ASM volatile ("MSR psp, %0" : : "r" (topOfProcStack) : );
 347:Drivers/CMSIS/Include/cmsis_gcc.h **** }
 348:Drivers/CMSIS/Include/cmsis_gcc.h **** 
 349:Drivers/CMSIS/Include/cmsis_gcc.h **** 
 350:Drivers/CMSIS/Include/cmsis_gcc.h **** #if (defined (__ARM_FEATURE_CMSE ) && (__ARM_FEATURE_CMSE == 3))
 351:Drivers/CMSIS/Include/cmsis_gcc.h **** /**
 352:Drivers/CMSIS/Include/cmsis_gcc.h ****   \brief   Set Process Stack Pointer (non-secure)
 353:Drivers/CMSIS/Include/cmsis_gcc.h ****   \details Assigns the given value to the non-secure Process Stack Pointer (PSP) when in secure sta
 354:Drivers/CMSIS/Include/cmsis_gcc.h ****   \param [in]    topOfProcStack  Process Stack Pointer value to set
 355:Drivers/CMSIS/Include/cmsis_gcc.h ****  */
 356:Drivers/CMSIS/Include/cmsis_gcc.h **** __STATIC_FORCEINLINE void __TZ_set_PSP_NS(uint32_t topOfProcStack)
 357:Drivers/CMSIS/Include/cmsis_gcc.h **** {
 358:Drivers/CMSIS/Include/cmsis_gcc.h ****   __ASM volatile ("MSR psp_ns, %0" : : "r" (topOfProcStack) : );
 359:Drivers/CMSIS/Include/cmsis_gcc.h **** }
 360:Drivers/CMSIS/Include/cmsis_gcc.h **** #endif
 361:Drivers/CMSIS/Include/cmsis_gcc.h **** 
 362:Drivers/CMSIS/Include/cmsis_gcc.h **** 
 363:Drivers/CMSIS/Include/cmsis_gcc.h **** /**
 364:Drivers/CMSIS/Include/cmsis_gcc.h ****   \brief   Get Main Stack Pointer
 365:Drivers/CMSIS/Include/cmsis_gcc.h ****   \details Returns the current value of the Main Stack Pointer (MSP).
 366:Drivers/CMSIS/Include/cmsis_gcc.h ****   \return               MSP Register value
 367:Drivers/CMSIS/Include/cmsis_gcc.h ****  */
 368:Drivers/CMSIS/Include/cmsis_gcc.h **** __STATIC_FORCEINLINE uint32_t __get_MSP(void)
 369:Drivers/CMSIS/Include/cmsis_gcc.h **** {
 370:Drivers/CMSIS/Include/cmsis_gcc.h ****   uint32_t result;
 371:Drivers/CMSIS/Include/cmsis_gcc.h **** 
 372:Drivers/CMSIS/Include/cmsis_gcc.h ****   __ASM volatile ("MRS %0, msp" : "=r" (result) );
 373:Drivers/CMSIS/Include/cmsis_gcc.h ****   return(result);
 374:Drivers/CMSIS/Include/cmsis_gcc.h **** }
 375:Drivers/CMSIS/Include/cmsis_gcc.h **** 
 376:Drivers/CMSIS/Include/cmsis_gcc.h **** 
 377:Drivers/CMSIS/Include/cmsis_gcc.h **** #if (defined (__ARM_FEATURE_CMSE ) && (__ARM_FEATURE_CMSE == 3))
 378:Drivers/CMSIS/Include/cmsis_gcc.h **** /**
 379:Drivers/CMSIS/Include/cmsis_gcc.h ****   \brief   Get Main Stack Pointer (non-secure)
 380:Drivers/CMSIS/Include/cmsis_gcc.h ****   \details Returns the current value of the non-secure Main Stack Pointer (MSP) when in secure stat
 381:Drivers/CMSIS/Include/cmsis_gcc.h ****   \return               MSP Register value
 382:Drivers/CMSIS/Include/cmsis_gcc.h ****  */
 383:Drivers/CMSIS/Include/cmsis_gcc.h **** __STATIC_FORCEINLINE uint32_t __TZ_get_MSP_NS(void)
 384:Drivers/CMSIS/Include/cmsis_gcc.h **** {
 385:Drivers/CMSIS/Include/cmsis_gcc.h ****   uint32_t result;
 386:Drivers/CMSIS/Include/cmsis_gcc.h **** 
 387:Drivers/CMSIS/Include/cmsis_gcc.h ****   __ASM volatile ("MRS %0, msp_ns" : "=r" (result) );
 388:Drivers/CMSIS/Include/cmsis_gcc.h ****   return(result);
 389:Drivers/CMSIS/Include/cmsis_gcc.h **** }
 390:Drivers/CMSIS/Include/cmsis_gcc.h **** #endif
 391:Drivers/CMSIS/Include/cmsis_gcc.h **** 
ARM GAS  C:\Users\nicx5\AppData\Local\Temp\cclEOOYD.s 			page 101


 392:Drivers/CMSIS/Include/cmsis_gcc.h **** 
 393:Drivers/CMSIS/Include/cmsis_gcc.h **** /**
 394:Drivers/CMSIS/Include/cmsis_gcc.h ****   \brief   Set Main Stack Pointer
 395:Drivers/CMSIS/Include/cmsis_gcc.h ****   \details Assigns the given value to the Main Stack Pointer (MSP).
 396:Drivers/CMSIS/Include/cmsis_gcc.h ****   \param [in]    topOfMainStack  Main Stack Pointer value to set
 397:Drivers/CMSIS/Include/cmsis_gcc.h ****  */
 398:Drivers/CMSIS/Include/cmsis_gcc.h **** __STATIC_FORCEINLINE void __set_MSP(uint32_t topOfMainStack)
 399:Drivers/CMSIS/Include/cmsis_gcc.h **** {
 400:Drivers/CMSIS/Include/cmsis_gcc.h ****   __ASM volatile ("MSR msp, %0" : : "r" (topOfMainStack) : );
 401:Drivers/CMSIS/Include/cmsis_gcc.h **** }
 402:Drivers/CMSIS/Include/cmsis_gcc.h **** 
 403:Drivers/CMSIS/Include/cmsis_gcc.h **** 
 404:Drivers/CMSIS/Include/cmsis_gcc.h **** #if (defined (__ARM_FEATURE_CMSE ) && (__ARM_FEATURE_CMSE == 3))
 405:Drivers/CMSIS/Include/cmsis_gcc.h **** /**
 406:Drivers/CMSIS/Include/cmsis_gcc.h ****   \brief   Set Main Stack Pointer (non-secure)
 407:Drivers/CMSIS/Include/cmsis_gcc.h ****   \details Assigns the given value to the non-secure Main Stack Pointer (MSP) when in secure state.
 408:Drivers/CMSIS/Include/cmsis_gcc.h ****   \param [in]    topOfMainStack  Main Stack Pointer value to set
 409:Drivers/CMSIS/Include/cmsis_gcc.h ****  */
 410:Drivers/CMSIS/Include/cmsis_gcc.h **** __STATIC_FORCEINLINE void __TZ_set_MSP_NS(uint32_t topOfMainStack)
 411:Drivers/CMSIS/Include/cmsis_gcc.h **** {
 412:Drivers/CMSIS/Include/cmsis_gcc.h ****   __ASM volatile ("MSR msp_ns, %0" : : "r" (topOfMainStack) : );
 413:Drivers/CMSIS/Include/cmsis_gcc.h **** }
 414:Drivers/CMSIS/Include/cmsis_gcc.h **** #endif
 415:Drivers/CMSIS/Include/cmsis_gcc.h **** 
 416:Drivers/CMSIS/Include/cmsis_gcc.h **** 
 417:Drivers/CMSIS/Include/cmsis_gcc.h **** #if (defined (__ARM_FEATURE_CMSE ) && (__ARM_FEATURE_CMSE == 3))
 418:Drivers/CMSIS/Include/cmsis_gcc.h **** /**
 419:Drivers/CMSIS/Include/cmsis_gcc.h ****   \brief   Get Stack Pointer (non-secure)
 420:Drivers/CMSIS/Include/cmsis_gcc.h ****   \details Returns the current value of the non-secure Stack Pointer (SP) when in secure state.
 421:Drivers/CMSIS/Include/cmsis_gcc.h ****   \return               SP Register value
 422:Drivers/CMSIS/Include/cmsis_gcc.h ****  */
 423:Drivers/CMSIS/Include/cmsis_gcc.h **** __STATIC_FORCEINLINE uint32_t __TZ_get_SP_NS(void)
 424:Drivers/CMSIS/Include/cmsis_gcc.h **** {
 425:Drivers/CMSIS/Include/cmsis_gcc.h ****   uint32_t result;
 426:Drivers/CMSIS/Include/cmsis_gcc.h **** 
 427:Drivers/CMSIS/Include/cmsis_gcc.h ****   __ASM volatile ("MRS %0, sp_ns" : "=r" (result) );
 428:Drivers/CMSIS/Include/cmsis_gcc.h ****   return(result);
 429:Drivers/CMSIS/Include/cmsis_gcc.h **** }
 430:Drivers/CMSIS/Include/cmsis_gcc.h **** 
 431:Drivers/CMSIS/Include/cmsis_gcc.h **** 
 432:Drivers/CMSIS/Include/cmsis_gcc.h **** /**
 433:Drivers/CMSIS/Include/cmsis_gcc.h ****   \brief   Set Stack Pointer (non-secure)
 434:Drivers/CMSIS/Include/cmsis_gcc.h ****   \details Assigns the given value to the non-secure Stack Pointer (SP) when in secure state.
 435:Drivers/CMSIS/Include/cmsis_gcc.h ****   \param [in]    topOfStack  Stack Pointer value to set
 436:Drivers/CMSIS/Include/cmsis_gcc.h ****  */
 437:Drivers/CMSIS/Include/cmsis_gcc.h **** __STATIC_FORCEINLINE void __TZ_set_SP_NS(uint32_t topOfStack)
 438:Drivers/CMSIS/Include/cmsis_gcc.h **** {
 439:Drivers/CMSIS/Include/cmsis_gcc.h ****   __ASM volatile ("MSR sp_ns, %0" : : "r" (topOfStack) : );
 440:Drivers/CMSIS/Include/cmsis_gcc.h **** }
 441:Drivers/CMSIS/Include/cmsis_gcc.h **** #endif
 442:Drivers/CMSIS/Include/cmsis_gcc.h **** 
 443:Drivers/CMSIS/Include/cmsis_gcc.h **** 
 444:Drivers/CMSIS/Include/cmsis_gcc.h **** /**
 445:Drivers/CMSIS/Include/cmsis_gcc.h ****   \brief   Get Priority Mask
 446:Drivers/CMSIS/Include/cmsis_gcc.h ****   \details Returns the current state of the priority mask bit from the Priority Mask Register.
 447:Drivers/CMSIS/Include/cmsis_gcc.h ****   \return               Priority Mask value
 448:Drivers/CMSIS/Include/cmsis_gcc.h ****  */
ARM GAS  C:\Users\nicx5\AppData\Local\Temp\cclEOOYD.s 			page 102


 449:Drivers/CMSIS/Include/cmsis_gcc.h **** __STATIC_FORCEINLINE uint32_t __get_PRIMASK(void)
 450:Drivers/CMSIS/Include/cmsis_gcc.h **** {
 451:Drivers/CMSIS/Include/cmsis_gcc.h ****   uint32_t result;
 452:Drivers/CMSIS/Include/cmsis_gcc.h **** 
 453:Drivers/CMSIS/Include/cmsis_gcc.h ****   __ASM volatile ("MRS %0, primask" : "=r" (result) :: "memory");
 454:Drivers/CMSIS/Include/cmsis_gcc.h ****   return(result);
 455:Drivers/CMSIS/Include/cmsis_gcc.h **** }
 456:Drivers/CMSIS/Include/cmsis_gcc.h **** 
 457:Drivers/CMSIS/Include/cmsis_gcc.h **** 
 458:Drivers/CMSIS/Include/cmsis_gcc.h **** #if (defined (__ARM_FEATURE_CMSE ) && (__ARM_FEATURE_CMSE == 3))
 459:Drivers/CMSIS/Include/cmsis_gcc.h **** /**
 460:Drivers/CMSIS/Include/cmsis_gcc.h ****   \brief   Get Priority Mask (non-secure)
 461:Drivers/CMSIS/Include/cmsis_gcc.h ****   \details Returns the current state of the non-secure priority mask bit from the Priority Mask Reg
 462:Drivers/CMSIS/Include/cmsis_gcc.h ****   \return               Priority Mask value
 463:Drivers/CMSIS/Include/cmsis_gcc.h ****  */
 464:Drivers/CMSIS/Include/cmsis_gcc.h **** __STATIC_FORCEINLINE uint32_t __TZ_get_PRIMASK_NS(void)
 465:Drivers/CMSIS/Include/cmsis_gcc.h **** {
 466:Drivers/CMSIS/Include/cmsis_gcc.h ****   uint32_t result;
 467:Drivers/CMSIS/Include/cmsis_gcc.h **** 
 468:Drivers/CMSIS/Include/cmsis_gcc.h ****   __ASM volatile ("MRS %0, primask_ns" : "=r" (result) :: "memory");
 469:Drivers/CMSIS/Include/cmsis_gcc.h ****   return(result);
 470:Drivers/CMSIS/Include/cmsis_gcc.h **** }
 471:Drivers/CMSIS/Include/cmsis_gcc.h **** #endif
 472:Drivers/CMSIS/Include/cmsis_gcc.h **** 
 473:Drivers/CMSIS/Include/cmsis_gcc.h **** 
 474:Drivers/CMSIS/Include/cmsis_gcc.h **** /**
 475:Drivers/CMSIS/Include/cmsis_gcc.h ****   \brief   Set Priority Mask
 476:Drivers/CMSIS/Include/cmsis_gcc.h ****   \details Assigns the given value to the Priority Mask Register.
 477:Drivers/CMSIS/Include/cmsis_gcc.h ****   \param [in]    priMask  Priority Mask
 478:Drivers/CMSIS/Include/cmsis_gcc.h ****  */
 479:Drivers/CMSIS/Include/cmsis_gcc.h **** __STATIC_FORCEINLINE void __set_PRIMASK(uint32_t priMask)
 480:Drivers/CMSIS/Include/cmsis_gcc.h **** {
 481:Drivers/CMSIS/Include/cmsis_gcc.h ****   __ASM volatile ("MSR primask, %0" : : "r" (priMask) : "memory");
 482:Drivers/CMSIS/Include/cmsis_gcc.h **** }
 483:Drivers/CMSIS/Include/cmsis_gcc.h **** 
 484:Drivers/CMSIS/Include/cmsis_gcc.h **** 
 485:Drivers/CMSIS/Include/cmsis_gcc.h **** #if (defined (__ARM_FEATURE_CMSE ) && (__ARM_FEATURE_CMSE == 3))
 486:Drivers/CMSIS/Include/cmsis_gcc.h **** /**
 487:Drivers/CMSIS/Include/cmsis_gcc.h ****   \brief   Set Priority Mask (non-secure)
 488:Drivers/CMSIS/Include/cmsis_gcc.h ****   \details Assigns the given value to the non-secure Priority Mask Register when in secure state.
 489:Drivers/CMSIS/Include/cmsis_gcc.h ****   \param [in]    priMask  Priority Mask
 490:Drivers/CMSIS/Include/cmsis_gcc.h ****  */
 491:Drivers/CMSIS/Include/cmsis_gcc.h **** __STATIC_FORCEINLINE void __TZ_set_PRIMASK_NS(uint32_t priMask)
 492:Drivers/CMSIS/Include/cmsis_gcc.h **** {
 493:Drivers/CMSIS/Include/cmsis_gcc.h ****   __ASM volatile ("MSR primask_ns, %0" : : "r" (priMask) : "memory");
 494:Drivers/CMSIS/Include/cmsis_gcc.h **** }
 495:Drivers/CMSIS/Include/cmsis_gcc.h **** #endif
 496:Drivers/CMSIS/Include/cmsis_gcc.h **** 
 497:Drivers/CMSIS/Include/cmsis_gcc.h **** 
 498:Drivers/CMSIS/Include/cmsis_gcc.h **** #if ((defined (__ARM_ARCH_7M__      ) && (__ARM_ARCH_7M__      == 1)) || \
 499:Drivers/CMSIS/Include/cmsis_gcc.h ****      (defined (__ARM_ARCH_7EM__     ) && (__ARM_ARCH_7EM__     == 1)) || \
 500:Drivers/CMSIS/Include/cmsis_gcc.h ****      (defined (__ARM_ARCH_8M_MAIN__ ) && (__ARM_ARCH_8M_MAIN__ == 1))    )
 501:Drivers/CMSIS/Include/cmsis_gcc.h **** /**
 502:Drivers/CMSIS/Include/cmsis_gcc.h ****   \brief   Enable FIQ
 503:Drivers/CMSIS/Include/cmsis_gcc.h ****   \details Enables FIQ interrupts by clearing the F-bit in the CPSR.
 504:Drivers/CMSIS/Include/cmsis_gcc.h ****            Can only be executed in Privileged modes.
 505:Drivers/CMSIS/Include/cmsis_gcc.h ****  */
ARM GAS  C:\Users\nicx5\AppData\Local\Temp\cclEOOYD.s 			page 103


 506:Drivers/CMSIS/Include/cmsis_gcc.h **** __STATIC_FORCEINLINE void __enable_fault_irq(void)
 507:Drivers/CMSIS/Include/cmsis_gcc.h **** {
 508:Drivers/CMSIS/Include/cmsis_gcc.h ****   __ASM volatile ("cpsie f" : : : "memory");
 509:Drivers/CMSIS/Include/cmsis_gcc.h **** }
 510:Drivers/CMSIS/Include/cmsis_gcc.h **** 
 511:Drivers/CMSIS/Include/cmsis_gcc.h **** 
 512:Drivers/CMSIS/Include/cmsis_gcc.h **** /**
 513:Drivers/CMSIS/Include/cmsis_gcc.h ****   \brief   Disable FIQ
 514:Drivers/CMSIS/Include/cmsis_gcc.h ****   \details Disables FIQ interrupts by setting the F-bit in the CPSR.
 515:Drivers/CMSIS/Include/cmsis_gcc.h ****            Can only be executed in Privileged modes.
 516:Drivers/CMSIS/Include/cmsis_gcc.h ****  */
 517:Drivers/CMSIS/Include/cmsis_gcc.h **** __STATIC_FORCEINLINE void __disable_fault_irq(void)
 518:Drivers/CMSIS/Include/cmsis_gcc.h **** {
 519:Drivers/CMSIS/Include/cmsis_gcc.h ****   __ASM volatile ("cpsid f" : : : "memory");
 520:Drivers/CMSIS/Include/cmsis_gcc.h **** }
 521:Drivers/CMSIS/Include/cmsis_gcc.h **** 
 522:Drivers/CMSIS/Include/cmsis_gcc.h **** 
 523:Drivers/CMSIS/Include/cmsis_gcc.h **** /**
 524:Drivers/CMSIS/Include/cmsis_gcc.h ****   \brief   Get Base Priority
 525:Drivers/CMSIS/Include/cmsis_gcc.h ****   \details Returns the current value of the Base Priority register.
 526:Drivers/CMSIS/Include/cmsis_gcc.h ****   \return               Base Priority register value
 527:Drivers/CMSIS/Include/cmsis_gcc.h ****  */
 528:Drivers/CMSIS/Include/cmsis_gcc.h **** __STATIC_FORCEINLINE uint32_t __get_BASEPRI(void)
 529:Drivers/CMSIS/Include/cmsis_gcc.h **** {
 530:Drivers/CMSIS/Include/cmsis_gcc.h ****   uint32_t result;
 531:Drivers/CMSIS/Include/cmsis_gcc.h **** 
 532:Drivers/CMSIS/Include/cmsis_gcc.h ****   __ASM volatile ("MRS %0, basepri" : "=r" (result) );
 533:Drivers/CMSIS/Include/cmsis_gcc.h ****   return(result);
 534:Drivers/CMSIS/Include/cmsis_gcc.h **** }
 535:Drivers/CMSIS/Include/cmsis_gcc.h **** 
 536:Drivers/CMSIS/Include/cmsis_gcc.h **** 
 537:Drivers/CMSIS/Include/cmsis_gcc.h **** #if (defined (__ARM_FEATURE_CMSE ) && (__ARM_FEATURE_CMSE == 3))
 538:Drivers/CMSIS/Include/cmsis_gcc.h **** /**
 539:Drivers/CMSIS/Include/cmsis_gcc.h ****   \brief   Get Base Priority (non-secure)
 540:Drivers/CMSIS/Include/cmsis_gcc.h ****   \details Returns the current value of the non-secure Base Priority register when in secure state.
 541:Drivers/CMSIS/Include/cmsis_gcc.h ****   \return               Base Priority register value
 542:Drivers/CMSIS/Include/cmsis_gcc.h ****  */
 543:Drivers/CMSIS/Include/cmsis_gcc.h **** __STATIC_FORCEINLINE uint32_t __TZ_get_BASEPRI_NS(void)
 544:Drivers/CMSIS/Include/cmsis_gcc.h **** {
 545:Drivers/CMSIS/Include/cmsis_gcc.h ****   uint32_t result;
 546:Drivers/CMSIS/Include/cmsis_gcc.h **** 
 547:Drivers/CMSIS/Include/cmsis_gcc.h ****   __ASM volatile ("MRS %0, basepri_ns" : "=r" (result) );
 548:Drivers/CMSIS/Include/cmsis_gcc.h ****   return(result);
 549:Drivers/CMSIS/Include/cmsis_gcc.h **** }
 550:Drivers/CMSIS/Include/cmsis_gcc.h **** #endif
 551:Drivers/CMSIS/Include/cmsis_gcc.h **** 
 552:Drivers/CMSIS/Include/cmsis_gcc.h **** 
 553:Drivers/CMSIS/Include/cmsis_gcc.h **** /**
 554:Drivers/CMSIS/Include/cmsis_gcc.h ****   \brief   Set Base Priority
 555:Drivers/CMSIS/Include/cmsis_gcc.h ****   \details Assigns the given value to the Base Priority register.
 556:Drivers/CMSIS/Include/cmsis_gcc.h ****   \param [in]    basePri  Base Priority value to set
 557:Drivers/CMSIS/Include/cmsis_gcc.h ****  */
 558:Drivers/CMSIS/Include/cmsis_gcc.h **** __STATIC_FORCEINLINE void __set_BASEPRI(uint32_t basePri)
 559:Drivers/CMSIS/Include/cmsis_gcc.h **** {
 560:Drivers/CMSIS/Include/cmsis_gcc.h ****   __ASM volatile ("MSR basepri, %0" : : "r" (basePri) : "memory");
 561:Drivers/CMSIS/Include/cmsis_gcc.h **** }
 562:Drivers/CMSIS/Include/cmsis_gcc.h **** 
ARM GAS  C:\Users\nicx5\AppData\Local\Temp\cclEOOYD.s 			page 104


 563:Drivers/CMSIS/Include/cmsis_gcc.h **** 
 564:Drivers/CMSIS/Include/cmsis_gcc.h **** #if (defined (__ARM_FEATURE_CMSE ) && (__ARM_FEATURE_CMSE == 3))
 565:Drivers/CMSIS/Include/cmsis_gcc.h **** /**
 566:Drivers/CMSIS/Include/cmsis_gcc.h ****   \brief   Set Base Priority (non-secure)
 567:Drivers/CMSIS/Include/cmsis_gcc.h ****   \details Assigns the given value to the non-secure Base Priority register when in secure state.
 568:Drivers/CMSIS/Include/cmsis_gcc.h ****   \param [in]    basePri  Base Priority value to set
 569:Drivers/CMSIS/Include/cmsis_gcc.h ****  */
 570:Drivers/CMSIS/Include/cmsis_gcc.h **** __STATIC_FORCEINLINE void __TZ_set_BASEPRI_NS(uint32_t basePri)
 571:Drivers/CMSIS/Include/cmsis_gcc.h **** {
 572:Drivers/CMSIS/Include/cmsis_gcc.h ****   __ASM volatile ("MSR basepri_ns, %0" : : "r" (basePri) : "memory");
 573:Drivers/CMSIS/Include/cmsis_gcc.h **** }
 574:Drivers/CMSIS/Include/cmsis_gcc.h **** #endif
 575:Drivers/CMSIS/Include/cmsis_gcc.h **** 
 576:Drivers/CMSIS/Include/cmsis_gcc.h **** 
 577:Drivers/CMSIS/Include/cmsis_gcc.h **** /**
 578:Drivers/CMSIS/Include/cmsis_gcc.h ****   \brief   Set Base Priority with condition
 579:Drivers/CMSIS/Include/cmsis_gcc.h ****   \details Assigns the given value to the Base Priority register only if BASEPRI masking is disable
 580:Drivers/CMSIS/Include/cmsis_gcc.h ****            or the new value increases the BASEPRI priority level.
 581:Drivers/CMSIS/Include/cmsis_gcc.h ****   \param [in]    basePri  Base Priority value to set
 582:Drivers/CMSIS/Include/cmsis_gcc.h ****  */
 583:Drivers/CMSIS/Include/cmsis_gcc.h **** __STATIC_FORCEINLINE void __set_BASEPRI_MAX(uint32_t basePri)
 584:Drivers/CMSIS/Include/cmsis_gcc.h **** {
 585:Drivers/CMSIS/Include/cmsis_gcc.h ****   __ASM volatile ("MSR basepri_max, %0" : : "r" (basePri) : "memory");
 586:Drivers/CMSIS/Include/cmsis_gcc.h **** }
 587:Drivers/CMSIS/Include/cmsis_gcc.h **** 
 588:Drivers/CMSIS/Include/cmsis_gcc.h **** 
 589:Drivers/CMSIS/Include/cmsis_gcc.h **** /**
 590:Drivers/CMSIS/Include/cmsis_gcc.h ****   \brief   Get Fault Mask
 591:Drivers/CMSIS/Include/cmsis_gcc.h ****   \details Returns the current value of the Fault Mask register.
 592:Drivers/CMSIS/Include/cmsis_gcc.h ****   \return               Fault Mask register value
 593:Drivers/CMSIS/Include/cmsis_gcc.h ****  */
 594:Drivers/CMSIS/Include/cmsis_gcc.h **** __STATIC_FORCEINLINE uint32_t __get_FAULTMASK(void)
 595:Drivers/CMSIS/Include/cmsis_gcc.h **** {
 596:Drivers/CMSIS/Include/cmsis_gcc.h ****   uint32_t result;
 597:Drivers/CMSIS/Include/cmsis_gcc.h **** 
 598:Drivers/CMSIS/Include/cmsis_gcc.h ****   __ASM volatile ("MRS %0, faultmask" : "=r" (result) );
 599:Drivers/CMSIS/Include/cmsis_gcc.h ****   return(result);
 600:Drivers/CMSIS/Include/cmsis_gcc.h **** }
 601:Drivers/CMSIS/Include/cmsis_gcc.h **** 
 602:Drivers/CMSIS/Include/cmsis_gcc.h **** 
 603:Drivers/CMSIS/Include/cmsis_gcc.h **** #if (defined (__ARM_FEATURE_CMSE ) && (__ARM_FEATURE_CMSE == 3))
 604:Drivers/CMSIS/Include/cmsis_gcc.h **** /**
 605:Drivers/CMSIS/Include/cmsis_gcc.h ****   \brief   Get Fault Mask (non-secure)
 606:Drivers/CMSIS/Include/cmsis_gcc.h ****   \details Returns the current value of the non-secure Fault Mask register when in secure state.
 607:Drivers/CMSIS/Include/cmsis_gcc.h ****   \return               Fault Mask register value
 608:Drivers/CMSIS/Include/cmsis_gcc.h ****  */
 609:Drivers/CMSIS/Include/cmsis_gcc.h **** __STATIC_FORCEINLINE uint32_t __TZ_get_FAULTMASK_NS(void)
 610:Drivers/CMSIS/Include/cmsis_gcc.h **** {
 611:Drivers/CMSIS/Include/cmsis_gcc.h ****   uint32_t result;
 612:Drivers/CMSIS/Include/cmsis_gcc.h **** 
 613:Drivers/CMSIS/Include/cmsis_gcc.h ****   __ASM volatile ("MRS %0, faultmask_ns" : "=r" (result) );
 614:Drivers/CMSIS/Include/cmsis_gcc.h ****   return(result);
 615:Drivers/CMSIS/Include/cmsis_gcc.h **** }
 616:Drivers/CMSIS/Include/cmsis_gcc.h **** #endif
 617:Drivers/CMSIS/Include/cmsis_gcc.h **** 
 618:Drivers/CMSIS/Include/cmsis_gcc.h **** 
 619:Drivers/CMSIS/Include/cmsis_gcc.h **** /**
ARM GAS  C:\Users\nicx5\AppData\Local\Temp\cclEOOYD.s 			page 105


 620:Drivers/CMSIS/Include/cmsis_gcc.h ****   \brief   Set Fault Mask
 621:Drivers/CMSIS/Include/cmsis_gcc.h ****   \details Assigns the given value to the Fault Mask register.
 622:Drivers/CMSIS/Include/cmsis_gcc.h ****   \param [in]    faultMask  Fault Mask value to set
 623:Drivers/CMSIS/Include/cmsis_gcc.h ****  */
 624:Drivers/CMSIS/Include/cmsis_gcc.h **** __STATIC_FORCEINLINE void __set_FAULTMASK(uint32_t faultMask)
 625:Drivers/CMSIS/Include/cmsis_gcc.h **** {
 626:Drivers/CMSIS/Include/cmsis_gcc.h ****   __ASM volatile ("MSR faultmask, %0" : : "r" (faultMask) : "memory");
 627:Drivers/CMSIS/Include/cmsis_gcc.h **** }
 628:Drivers/CMSIS/Include/cmsis_gcc.h **** 
 629:Drivers/CMSIS/Include/cmsis_gcc.h **** 
 630:Drivers/CMSIS/Include/cmsis_gcc.h **** #if (defined (__ARM_FEATURE_CMSE ) && (__ARM_FEATURE_CMSE == 3))
 631:Drivers/CMSIS/Include/cmsis_gcc.h **** /**
 632:Drivers/CMSIS/Include/cmsis_gcc.h ****   \brief   Set Fault Mask (non-secure)
 633:Drivers/CMSIS/Include/cmsis_gcc.h ****   \details Assigns the given value to the non-secure Fault Mask register when in secure state.
 634:Drivers/CMSIS/Include/cmsis_gcc.h ****   \param [in]    faultMask  Fault Mask value to set
 635:Drivers/CMSIS/Include/cmsis_gcc.h ****  */
 636:Drivers/CMSIS/Include/cmsis_gcc.h **** __STATIC_FORCEINLINE void __TZ_set_FAULTMASK_NS(uint32_t faultMask)
 637:Drivers/CMSIS/Include/cmsis_gcc.h **** {
 638:Drivers/CMSIS/Include/cmsis_gcc.h ****   __ASM volatile ("MSR faultmask_ns, %0" : : "r" (faultMask) : "memory");
 639:Drivers/CMSIS/Include/cmsis_gcc.h **** }
 640:Drivers/CMSIS/Include/cmsis_gcc.h **** #endif
 641:Drivers/CMSIS/Include/cmsis_gcc.h **** 
 642:Drivers/CMSIS/Include/cmsis_gcc.h **** #endif /* ((defined (__ARM_ARCH_7M__      ) && (__ARM_ARCH_7M__      == 1)) || \
 643:Drivers/CMSIS/Include/cmsis_gcc.h ****            (defined (__ARM_ARCH_7EM__     ) && (__ARM_ARCH_7EM__     == 1)) || \
 644:Drivers/CMSIS/Include/cmsis_gcc.h ****            (defined (__ARM_ARCH_8M_MAIN__ ) && (__ARM_ARCH_8M_MAIN__ == 1))    ) */
 645:Drivers/CMSIS/Include/cmsis_gcc.h **** 
 646:Drivers/CMSIS/Include/cmsis_gcc.h **** 
 647:Drivers/CMSIS/Include/cmsis_gcc.h **** #if ((defined (__ARM_ARCH_8M_MAIN__ ) && (__ARM_ARCH_8M_MAIN__ == 1)) || \
 648:Drivers/CMSIS/Include/cmsis_gcc.h ****      (defined (__ARM_ARCH_8M_BASE__ ) && (__ARM_ARCH_8M_BASE__ == 1))    )
 649:Drivers/CMSIS/Include/cmsis_gcc.h **** 
 650:Drivers/CMSIS/Include/cmsis_gcc.h **** /**
 651:Drivers/CMSIS/Include/cmsis_gcc.h ****   \brief   Get Process Stack Pointer Limit
 652:Drivers/CMSIS/Include/cmsis_gcc.h ****   Devices without ARMv8-M Main Extensions (i.e. Cortex-M23) lack the non-secure
 653:Drivers/CMSIS/Include/cmsis_gcc.h ****   Stack Pointer Limit register hence zero is returned always in non-secure
 654:Drivers/CMSIS/Include/cmsis_gcc.h ****   mode.
 655:Drivers/CMSIS/Include/cmsis_gcc.h ****   
 656:Drivers/CMSIS/Include/cmsis_gcc.h ****   \details Returns the current value of the Process Stack Pointer Limit (PSPLIM).
 657:Drivers/CMSIS/Include/cmsis_gcc.h ****   \return               PSPLIM Register value
 658:Drivers/CMSIS/Include/cmsis_gcc.h ****  */
 659:Drivers/CMSIS/Include/cmsis_gcc.h **** __STATIC_FORCEINLINE uint32_t __get_PSPLIM(void)
 660:Drivers/CMSIS/Include/cmsis_gcc.h **** {
 661:Drivers/CMSIS/Include/cmsis_gcc.h **** #if (!(defined (__ARM_ARCH_8M_MAIN__ ) && (__ARM_ARCH_8M_MAIN__ == 1)) && \
 662:Drivers/CMSIS/Include/cmsis_gcc.h ****     (!defined (__ARM_FEATURE_CMSE) || (__ARM_FEATURE_CMSE < 3)))
 663:Drivers/CMSIS/Include/cmsis_gcc.h ****     // without main extensions, the non-secure PSPLIM is RAZ/WI
 664:Drivers/CMSIS/Include/cmsis_gcc.h ****   return 0U;
 665:Drivers/CMSIS/Include/cmsis_gcc.h **** #else
 666:Drivers/CMSIS/Include/cmsis_gcc.h ****   uint32_t result;
 667:Drivers/CMSIS/Include/cmsis_gcc.h ****   __ASM volatile ("MRS %0, psplim"  : "=r" (result) );
 668:Drivers/CMSIS/Include/cmsis_gcc.h ****   return result;
 669:Drivers/CMSIS/Include/cmsis_gcc.h **** #endif
 670:Drivers/CMSIS/Include/cmsis_gcc.h **** }
 671:Drivers/CMSIS/Include/cmsis_gcc.h **** 
 672:Drivers/CMSIS/Include/cmsis_gcc.h **** #if (defined (__ARM_FEATURE_CMSE) && (__ARM_FEATURE_CMSE == 3))
 673:Drivers/CMSIS/Include/cmsis_gcc.h **** /**
 674:Drivers/CMSIS/Include/cmsis_gcc.h ****   \brief   Get Process Stack Pointer Limit (non-secure)
 675:Drivers/CMSIS/Include/cmsis_gcc.h ****   Devices without ARMv8-M Main Extensions (i.e. Cortex-M23) lack the non-secure
 676:Drivers/CMSIS/Include/cmsis_gcc.h ****   Stack Pointer Limit register hence zero is returned always.
ARM GAS  C:\Users\nicx5\AppData\Local\Temp\cclEOOYD.s 			page 106


 677:Drivers/CMSIS/Include/cmsis_gcc.h **** 
 678:Drivers/CMSIS/Include/cmsis_gcc.h ****   \details Returns the current value of the non-secure Process Stack Pointer Limit (PSPLIM) when in
 679:Drivers/CMSIS/Include/cmsis_gcc.h ****   \return               PSPLIM Register value
 680:Drivers/CMSIS/Include/cmsis_gcc.h ****  */
 681:Drivers/CMSIS/Include/cmsis_gcc.h **** __STATIC_FORCEINLINE uint32_t __TZ_get_PSPLIM_NS(void)
 682:Drivers/CMSIS/Include/cmsis_gcc.h **** {
 683:Drivers/CMSIS/Include/cmsis_gcc.h **** #if (!(defined (__ARM_ARCH_8M_MAIN__ ) && (__ARM_ARCH_8M_MAIN__ == 1)))
 684:Drivers/CMSIS/Include/cmsis_gcc.h ****   // without main extensions, the non-secure PSPLIM is RAZ/WI
 685:Drivers/CMSIS/Include/cmsis_gcc.h ****   return 0U;
 686:Drivers/CMSIS/Include/cmsis_gcc.h **** #else
 687:Drivers/CMSIS/Include/cmsis_gcc.h ****   uint32_t result;
 688:Drivers/CMSIS/Include/cmsis_gcc.h ****   __ASM volatile ("MRS %0, psplim_ns"  : "=r" (result) );
 689:Drivers/CMSIS/Include/cmsis_gcc.h ****   return result;
 690:Drivers/CMSIS/Include/cmsis_gcc.h **** #endif
 691:Drivers/CMSIS/Include/cmsis_gcc.h **** }
 692:Drivers/CMSIS/Include/cmsis_gcc.h **** #endif
 693:Drivers/CMSIS/Include/cmsis_gcc.h **** 
 694:Drivers/CMSIS/Include/cmsis_gcc.h **** 
 695:Drivers/CMSIS/Include/cmsis_gcc.h **** /**
 696:Drivers/CMSIS/Include/cmsis_gcc.h ****   \brief   Set Process Stack Pointer Limit
 697:Drivers/CMSIS/Include/cmsis_gcc.h ****   Devices without ARMv8-M Main Extensions (i.e. Cortex-M23) lack the non-secure
 698:Drivers/CMSIS/Include/cmsis_gcc.h ****   Stack Pointer Limit register hence the write is silently ignored in non-secure
 699:Drivers/CMSIS/Include/cmsis_gcc.h ****   mode.
 700:Drivers/CMSIS/Include/cmsis_gcc.h ****   
 701:Drivers/CMSIS/Include/cmsis_gcc.h ****   \details Assigns the given value to the Process Stack Pointer Limit (PSPLIM).
 702:Drivers/CMSIS/Include/cmsis_gcc.h ****   \param [in]    ProcStackPtrLimit  Process Stack Pointer Limit value to set
 703:Drivers/CMSIS/Include/cmsis_gcc.h ****  */
 704:Drivers/CMSIS/Include/cmsis_gcc.h **** __STATIC_FORCEINLINE void __set_PSPLIM(uint32_t ProcStackPtrLimit)
 705:Drivers/CMSIS/Include/cmsis_gcc.h **** {
 706:Drivers/CMSIS/Include/cmsis_gcc.h **** #if (!(defined (__ARM_ARCH_8M_MAIN__ ) && (__ARM_ARCH_8M_MAIN__ == 1)) && \
 707:Drivers/CMSIS/Include/cmsis_gcc.h ****     (!defined (__ARM_FEATURE_CMSE) || (__ARM_FEATURE_CMSE < 3)))
 708:Drivers/CMSIS/Include/cmsis_gcc.h ****   // without main extensions, the non-secure PSPLIM is RAZ/WI
 709:Drivers/CMSIS/Include/cmsis_gcc.h ****   (void)ProcStackPtrLimit;
 710:Drivers/CMSIS/Include/cmsis_gcc.h **** #else
 711:Drivers/CMSIS/Include/cmsis_gcc.h ****   __ASM volatile ("MSR psplim, %0" : : "r" (ProcStackPtrLimit));
 712:Drivers/CMSIS/Include/cmsis_gcc.h **** #endif
 713:Drivers/CMSIS/Include/cmsis_gcc.h **** }
 714:Drivers/CMSIS/Include/cmsis_gcc.h **** 
 715:Drivers/CMSIS/Include/cmsis_gcc.h **** 
 716:Drivers/CMSIS/Include/cmsis_gcc.h **** #if (defined (__ARM_FEATURE_CMSE  ) && (__ARM_FEATURE_CMSE   == 3))
 717:Drivers/CMSIS/Include/cmsis_gcc.h **** /**
 718:Drivers/CMSIS/Include/cmsis_gcc.h ****   \brief   Set Process Stack Pointer (non-secure)
 719:Drivers/CMSIS/Include/cmsis_gcc.h ****   Devices without ARMv8-M Main Extensions (i.e. Cortex-M23) lack the non-secure
 720:Drivers/CMSIS/Include/cmsis_gcc.h ****   Stack Pointer Limit register hence the write is silently ignored.
 721:Drivers/CMSIS/Include/cmsis_gcc.h **** 
 722:Drivers/CMSIS/Include/cmsis_gcc.h ****   \details Assigns the given value to the non-secure Process Stack Pointer Limit (PSPLIM) when in s
 723:Drivers/CMSIS/Include/cmsis_gcc.h ****   \param [in]    ProcStackPtrLimit  Process Stack Pointer Limit value to set
 724:Drivers/CMSIS/Include/cmsis_gcc.h ****  */
 725:Drivers/CMSIS/Include/cmsis_gcc.h **** __STATIC_FORCEINLINE void __TZ_set_PSPLIM_NS(uint32_t ProcStackPtrLimit)
 726:Drivers/CMSIS/Include/cmsis_gcc.h **** {
 727:Drivers/CMSIS/Include/cmsis_gcc.h **** #if (!(defined (__ARM_ARCH_8M_MAIN__ ) && (__ARM_ARCH_8M_MAIN__ == 1)))
 728:Drivers/CMSIS/Include/cmsis_gcc.h ****   // without main extensions, the non-secure PSPLIM is RAZ/WI
 729:Drivers/CMSIS/Include/cmsis_gcc.h ****   (void)ProcStackPtrLimit;
 730:Drivers/CMSIS/Include/cmsis_gcc.h **** #else
 731:Drivers/CMSIS/Include/cmsis_gcc.h ****   __ASM volatile ("MSR psplim_ns, %0\n" : : "r" (ProcStackPtrLimit));
 732:Drivers/CMSIS/Include/cmsis_gcc.h **** #endif
 733:Drivers/CMSIS/Include/cmsis_gcc.h **** }
ARM GAS  C:\Users\nicx5\AppData\Local\Temp\cclEOOYD.s 			page 107


 734:Drivers/CMSIS/Include/cmsis_gcc.h **** #endif
 735:Drivers/CMSIS/Include/cmsis_gcc.h **** 
 736:Drivers/CMSIS/Include/cmsis_gcc.h **** 
 737:Drivers/CMSIS/Include/cmsis_gcc.h **** /**
 738:Drivers/CMSIS/Include/cmsis_gcc.h ****   \brief   Get Main Stack Pointer Limit
 739:Drivers/CMSIS/Include/cmsis_gcc.h ****   Devices without ARMv8-M Main Extensions (i.e. Cortex-M23) lack the non-secure
 740:Drivers/CMSIS/Include/cmsis_gcc.h ****   Stack Pointer Limit register hence zero is returned always in non-secure
 741:Drivers/CMSIS/Include/cmsis_gcc.h ****   mode.
 742:Drivers/CMSIS/Include/cmsis_gcc.h **** 
 743:Drivers/CMSIS/Include/cmsis_gcc.h ****   \details Returns the current value of the Main Stack Pointer Limit (MSPLIM).
 744:Drivers/CMSIS/Include/cmsis_gcc.h ****   \return               MSPLIM Register value
 745:Drivers/CMSIS/Include/cmsis_gcc.h ****  */
 746:Drivers/CMSIS/Include/cmsis_gcc.h **** __STATIC_FORCEINLINE uint32_t __get_MSPLIM(void)
 747:Drivers/CMSIS/Include/cmsis_gcc.h **** {
 748:Drivers/CMSIS/Include/cmsis_gcc.h **** #if (!(defined (__ARM_ARCH_8M_MAIN__ ) && (__ARM_ARCH_8M_MAIN__ == 1)) && \
 749:Drivers/CMSIS/Include/cmsis_gcc.h ****     (!defined (__ARM_FEATURE_CMSE) || (__ARM_FEATURE_CMSE < 3)))
 750:Drivers/CMSIS/Include/cmsis_gcc.h ****   // without main extensions, the non-secure MSPLIM is RAZ/WI
 751:Drivers/CMSIS/Include/cmsis_gcc.h ****   return 0U;
 752:Drivers/CMSIS/Include/cmsis_gcc.h **** #else
 753:Drivers/CMSIS/Include/cmsis_gcc.h ****   uint32_t result;
 754:Drivers/CMSIS/Include/cmsis_gcc.h ****   __ASM volatile ("MRS %0, msplim" : "=r" (result) );
 755:Drivers/CMSIS/Include/cmsis_gcc.h ****   return result;
 756:Drivers/CMSIS/Include/cmsis_gcc.h **** #endif
 757:Drivers/CMSIS/Include/cmsis_gcc.h **** }
 758:Drivers/CMSIS/Include/cmsis_gcc.h **** 
 759:Drivers/CMSIS/Include/cmsis_gcc.h **** 
 760:Drivers/CMSIS/Include/cmsis_gcc.h **** #if (defined (__ARM_FEATURE_CMSE  ) && (__ARM_FEATURE_CMSE   == 3))
 761:Drivers/CMSIS/Include/cmsis_gcc.h **** /**
 762:Drivers/CMSIS/Include/cmsis_gcc.h ****   \brief   Get Main Stack Pointer Limit (non-secure)
 763:Drivers/CMSIS/Include/cmsis_gcc.h ****   Devices without ARMv8-M Main Extensions (i.e. Cortex-M23) lack the non-secure
 764:Drivers/CMSIS/Include/cmsis_gcc.h ****   Stack Pointer Limit register hence zero is returned always.
 765:Drivers/CMSIS/Include/cmsis_gcc.h **** 
 766:Drivers/CMSIS/Include/cmsis_gcc.h ****   \details Returns the current value of the non-secure Main Stack Pointer Limit(MSPLIM) when in sec
 767:Drivers/CMSIS/Include/cmsis_gcc.h ****   \return               MSPLIM Register value
 768:Drivers/CMSIS/Include/cmsis_gcc.h ****  */
 769:Drivers/CMSIS/Include/cmsis_gcc.h **** __STATIC_FORCEINLINE uint32_t __TZ_get_MSPLIM_NS(void)
 770:Drivers/CMSIS/Include/cmsis_gcc.h **** {
 771:Drivers/CMSIS/Include/cmsis_gcc.h **** #if (!(defined (__ARM_ARCH_8M_MAIN__ ) && (__ARM_ARCH_8M_MAIN__ == 1)))
 772:Drivers/CMSIS/Include/cmsis_gcc.h ****   // without main extensions, the non-secure MSPLIM is RAZ/WI
 773:Drivers/CMSIS/Include/cmsis_gcc.h ****   return 0U;
 774:Drivers/CMSIS/Include/cmsis_gcc.h **** #else
 775:Drivers/CMSIS/Include/cmsis_gcc.h ****   uint32_t result;
 776:Drivers/CMSIS/Include/cmsis_gcc.h ****   __ASM volatile ("MRS %0, msplim_ns" : "=r" (result) );
 777:Drivers/CMSIS/Include/cmsis_gcc.h ****   return result;
 778:Drivers/CMSIS/Include/cmsis_gcc.h **** #endif
 779:Drivers/CMSIS/Include/cmsis_gcc.h **** }
 780:Drivers/CMSIS/Include/cmsis_gcc.h **** #endif
 781:Drivers/CMSIS/Include/cmsis_gcc.h **** 
 782:Drivers/CMSIS/Include/cmsis_gcc.h **** 
 783:Drivers/CMSIS/Include/cmsis_gcc.h **** /**
 784:Drivers/CMSIS/Include/cmsis_gcc.h ****   \brief   Set Main Stack Pointer Limit
 785:Drivers/CMSIS/Include/cmsis_gcc.h ****   Devices without ARMv8-M Main Extensions (i.e. Cortex-M23) lack the non-secure
 786:Drivers/CMSIS/Include/cmsis_gcc.h ****   Stack Pointer Limit register hence the write is silently ignored in non-secure
 787:Drivers/CMSIS/Include/cmsis_gcc.h ****   mode.
 788:Drivers/CMSIS/Include/cmsis_gcc.h **** 
 789:Drivers/CMSIS/Include/cmsis_gcc.h ****   \details Assigns the given value to the Main Stack Pointer Limit (MSPLIM).
 790:Drivers/CMSIS/Include/cmsis_gcc.h ****   \param [in]    MainStackPtrLimit  Main Stack Pointer Limit value to set
ARM GAS  C:\Users\nicx5\AppData\Local\Temp\cclEOOYD.s 			page 108


 791:Drivers/CMSIS/Include/cmsis_gcc.h ****  */
 792:Drivers/CMSIS/Include/cmsis_gcc.h **** __STATIC_FORCEINLINE void __set_MSPLIM(uint32_t MainStackPtrLimit)
 793:Drivers/CMSIS/Include/cmsis_gcc.h **** {
 794:Drivers/CMSIS/Include/cmsis_gcc.h **** #if (!(defined (__ARM_ARCH_8M_MAIN__ ) && (__ARM_ARCH_8M_MAIN__ == 1)) && \
 795:Drivers/CMSIS/Include/cmsis_gcc.h ****     (!defined (__ARM_FEATURE_CMSE) || (__ARM_FEATURE_CMSE < 3)))
 796:Drivers/CMSIS/Include/cmsis_gcc.h ****   // without main extensions, the non-secure MSPLIM is RAZ/WI
 797:Drivers/CMSIS/Include/cmsis_gcc.h ****   (void)MainStackPtrLimit;
 798:Drivers/CMSIS/Include/cmsis_gcc.h **** #else
 799:Drivers/CMSIS/Include/cmsis_gcc.h ****   __ASM volatile ("MSR msplim, %0" : : "r" (MainStackPtrLimit));
 800:Drivers/CMSIS/Include/cmsis_gcc.h **** #endif
 801:Drivers/CMSIS/Include/cmsis_gcc.h **** }
 802:Drivers/CMSIS/Include/cmsis_gcc.h **** 
 803:Drivers/CMSIS/Include/cmsis_gcc.h **** 
 804:Drivers/CMSIS/Include/cmsis_gcc.h **** #if (defined (__ARM_FEATURE_CMSE  ) && (__ARM_FEATURE_CMSE   == 3))
 805:Drivers/CMSIS/Include/cmsis_gcc.h **** /**
 806:Drivers/CMSIS/Include/cmsis_gcc.h ****   \brief   Set Main Stack Pointer Limit (non-secure)
 807:Drivers/CMSIS/Include/cmsis_gcc.h ****   Devices without ARMv8-M Main Extensions (i.e. Cortex-M23) lack the non-secure
 808:Drivers/CMSIS/Include/cmsis_gcc.h ****   Stack Pointer Limit register hence the write is silently ignored.
 809:Drivers/CMSIS/Include/cmsis_gcc.h **** 
 810:Drivers/CMSIS/Include/cmsis_gcc.h ****   \details Assigns the given value to the non-secure Main Stack Pointer Limit (MSPLIM) when in secu
 811:Drivers/CMSIS/Include/cmsis_gcc.h ****   \param [in]    MainStackPtrLimit  Main Stack Pointer value to set
 812:Drivers/CMSIS/Include/cmsis_gcc.h ****  */
 813:Drivers/CMSIS/Include/cmsis_gcc.h **** __STATIC_FORCEINLINE void __TZ_set_MSPLIM_NS(uint32_t MainStackPtrLimit)
 814:Drivers/CMSIS/Include/cmsis_gcc.h **** {
 815:Drivers/CMSIS/Include/cmsis_gcc.h **** #if (!(defined (__ARM_ARCH_8M_MAIN__ ) && (__ARM_ARCH_8M_MAIN__ == 1)))
 816:Drivers/CMSIS/Include/cmsis_gcc.h ****   // without main extensions, the non-secure MSPLIM is RAZ/WI
 817:Drivers/CMSIS/Include/cmsis_gcc.h ****   (void)MainStackPtrLimit;
 818:Drivers/CMSIS/Include/cmsis_gcc.h **** #else
 819:Drivers/CMSIS/Include/cmsis_gcc.h ****   __ASM volatile ("MSR msplim_ns, %0" : : "r" (MainStackPtrLimit));
 820:Drivers/CMSIS/Include/cmsis_gcc.h **** #endif
 821:Drivers/CMSIS/Include/cmsis_gcc.h **** }
 822:Drivers/CMSIS/Include/cmsis_gcc.h **** #endif
 823:Drivers/CMSIS/Include/cmsis_gcc.h **** 
 824:Drivers/CMSIS/Include/cmsis_gcc.h **** #endif /* ((defined (__ARM_ARCH_8M_MAIN__ ) && (__ARM_ARCH_8M_MAIN__ == 1)) || \
 825:Drivers/CMSIS/Include/cmsis_gcc.h ****            (defined (__ARM_ARCH_8M_BASE__ ) && (__ARM_ARCH_8M_BASE__ == 1))    ) */
 826:Drivers/CMSIS/Include/cmsis_gcc.h **** 
 827:Drivers/CMSIS/Include/cmsis_gcc.h **** 
 828:Drivers/CMSIS/Include/cmsis_gcc.h **** /**
 829:Drivers/CMSIS/Include/cmsis_gcc.h ****   \brief   Get FPSCR
 830:Drivers/CMSIS/Include/cmsis_gcc.h ****   \details Returns the current value of the Floating Point Status/Control register.
 831:Drivers/CMSIS/Include/cmsis_gcc.h ****   \return               Floating Point Status/Control register value
 832:Drivers/CMSIS/Include/cmsis_gcc.h ****  */
 833:Drivers/CMSIS/Include/cmsis_gcc.h **** __STATIC_FORCEINLINE uint32_t __get_FPSCR(void)
 834:Drivers/CMSIS/Include/cmsis_gcc.h **** {
 835:Drivers/CMSIS/Include/cmsis_gcc.h **** #if ((defined (__FPU_PRESENT) && (__FPU_PRESENT == 1U)) && \
 836:Drivers/CMSIS/Include/cmsis_gcc.h ****      (defined (__FPU_USED   ) && (__FPU_USED    == 1U))     )
 837:Drivers/CMSIS/Include/cmsis_gcc.h **** #if __has_builtin(__builtin_arm_get_fpscr) 
 838:Drivers/CMSIS/Include/cmsis_gcc.h **** // Re-enable using built-in when GCC has been fixed
 839:Drivers/CMSIS/Include/cmsis_gcc.h **** // || (__GNUC__ > 7) || (__GNUC__ == 7 && __GNUC_MINOR__ >= 2)
 840:Drivers/CMSIS/Include/cmsis_gcc.h ****   /* see https://gcc.gnu.org/ml/gcc-patches/2017-04/msg00443.html */
 841:Drivers/CMSIS/Include/cmsis_gcc.h ****   return __builtin_arm_get_fpscr();
 842:Drivers/CMSIS/Include/cmsis_gcc.h **** #else
 843:Drivers/CMSIS/Include/cmsis_gcc.h ****   uint32_t result;
 844:Drivers/CMSIS/Include/cmsis_gcc.h **** 
 845:Drivers/CMSIS/Include/cmsis_gcc.h ****   __ASM volatile ("VMRS %0, fpscr" : "=r" (result) );
 846:Drivers/CMSIS/Include/cmsis_gcc.h ****   return(result);
 847:Drivers/CMSIS/Include/cmsis_gcc.h **** #endif
ARM GAS  C:\Users\nicx5\AppData\Local\Temp\cclEOOYD.s 			page 109


 848:Drivers/CMSIS/Include/cmsis_gcc.h **** #else
 849:Drivers/CMSIS/Include/cmsis_gcc.h ****   return(0U);
 850:Drivers/CMSIS/Include/cmsis_gcc.h **** #endif
 851:Drivers/CMSIS/Include/cmsis_gcc.h **** }
 852:Drivers/CMSIS/Include/cmsis_gcc.h **** 
 853:Drivers/CMSIS/Include/cmsis_gcc.h **** 
 854:Drivers/CMSIS/Include/cmsis_gcc.h **** /**
 855:Drivers/CMSIS/Include/cmsis_gcc.h ****   \brief   Set FPSCR
 856:Drivers/CMSIS/Include/cmsis_gcc.h ****   \details Assigns the given value to the Floating Point Status/Control register.
 857:Drivers/CMSIS/Include/cmsis_gcc.h ****   \param [in]    fpscr  Floating Point Status/Control value to set
 858:Drivers/CMSIS/Include/cmsis_gcc.h ****  */
 859:Drivers/CMSIS/Include/cmsis_gcc.h **** __STATIC_FORCEINLINE void __set_FPSCR(uint32_t fpscr)
 860:Drivers/CMSIS/Include/cmsis_gcc.h **** {
 861:Drivers/CMSIS/Include/cmsis_gcc.h **** #if ((defined (__FPU_PRESENT) && (__FPU_PRESENT == 1U)) && \
 862:Drivers/CMSIS/Include/cmsis_gcc.h ****      (defined (__FPU_USED   ) && (__FPU_USED    == 1U))     )
 863:Drivers/CMSIS/Include/cmsis_gcc.h **** #if __has_builtin(__builtin_arm_set_fpscr)
 864:Drivers/CMSIS/Include/cmsis_gcc.h **** // Re-enable using built-in when GCC has been fixed
 865:Drivers/CMSIS/Include/cmsis_gcc.h **** // || (__GNUC__ > 7) || (__GNUC__ == 7 && __GNUC_MINOR__ >= 2)
 866:Drivers/CMSIS/Include/cmsis_gcc.h ****   /* see https://gcc.gnu.org/ml/gcc-patches/2017-04/msg00443.html */
 867:Drivers/CMSIS/Include/cmsis_gcc.h ****   __builtin_arm_set_fpscr(fpscr);
 868:Drivers/CMSIS/Include/cmsis_gcc.h **** #else
 869:Drivers/CMSIS/Include/cmsis_gcc.h ****   __ASM volatile ("VMSR fpscr, %0" : : "r" (fpscr) : "vfpcc", "memory");
 870:Drivers/CMSIS/Include/cmsis_gcc.h **** #endif
 871:Drivers/CMSIS/Include/cmsis_gcc.h **** #else
 872:Drivers/CMSIS/Include/cmsis_gcc.h ****   (void)fpscr;
 873:Drivers/CMSIS/Include/cmsis_gcc.h **** #endif
 874:Drivers/CMSIS/Include/cmsis_gcc.h **** }
 875:Drivers/CMSIS/Include/cmsis_gcc.h **** 
 876:Drivers/CMSIS/Include/cmsis_gcc.h **** 
 877:Drivers/CMSIS/Include/cmsis_gcc.h **** /*@} end of CMSIS_Core_RegAccFunctions */
 878:Drivers/CMSIS/Include/cmsis_gcc.h **** 
 879:Drivers/CMSIS/Include/cmsis_gcc.h **** 
 880:Drivers/CMSIS/Include/cmsis_gcc.h **** /* ##########################  Core Instruction Access  ######################### */
 881:Drivers/CMSIS/Include/cmsis_gcc.h **** /** \defgroup CMSIS_Core_InstructionInterface CMSIS Core Instruction Interface
 882:Drivers/CMSIS/Include/cmsis_gcc.h ****   Access to dedicated instructions
 883:Drivers/CMSIS/Include/cmsis_gcc.h ****   @{
 884:Drivers/CMSIS/Include/cmsis_gcc.h **** */
 885:Drivers/CMSIS/Include/cmsis_gcc.h **** 
 886:Drivers/CMSIS/Include/cmsis_gcc.h **** /* Define macros for porting to both thumb1 and thumb2.
 887:Drivers/CMSIS/Include/cmsis_gcc.h ****  * For thumb1, use low register (r0-r7), specified by constraint "l"
 888:Drivers/CMSIS/Include/cmsis_gcc.h ****  * Otherwise, use general registers, specified by constraint "r" */
 889:Drivers/CMSIS/Include/cmsis_gcc.h **** #if defined (__thumb__) && !defined (__thumb2__)
 890:Drivers/CMSIS/Include/cmsis_gcc.h **** #define __CMSIS_GCC_OUT_REG(r) "=l" (r)
 891:Drivers/CMSIS/Include/cmsis_gcc.h **** #define __CMSIS_GCC_RW_REG(r) "+l" (r)
 892:Drivers/CMSIS/Include/cmsis_gcc.h **** #define __CMSIS_GCC_USE_REG(r) "l" (r)
 893:Drivers/CMSIS/Include/cmsis_gcc.h **** #else
 894:Drivers/CMSIS/Include/cmsis_gcc.h **** #define __CMSIS_GCC_OUT_REG(r) "=r" (r)
 895:Drivers/CMSIS/Include/cmsis_gcc.h **** #define __CMSIS_GCC_RW_REG(r) "+r" (r)
 896:Drivers/CMSIS/Include/cmsis_gcc.h **** #define __CMSIS_GCC_USE_REG(r) "r" (r)
 897:Drivers/CMSIS/Include/cmsis_gcc.h **** #endif
 898:Drivers/CMSIS/Include/cmsis_gcc.h **** 
 899:Drivers/CMSIS/Include/cmsis_gcc.h **** /**
 900:Drivers/CMSIS/Include/cmsis_gcc.h ****   \brief   No Operation
 901:Drivers/CMSIS/Include/cmsis_gcc.h ****   \details No Operation does nothing. This instruction can be used for code alignment purposes.
 902:Drivers/CMSIS/Include/cmsis_gcc.h ****  */
 903:Drivers/CMSIS/Include/cmsis_gcc.h **** #define __NOP()                             __ASM volatile ("nop")
 904:Drivers/CMSIS/Include/cmsis_gcc.h **** 
ARM GAS  C:\Users\nicx5\AppData\Local\Temp\cclEOOYD.s 			page 110


 905:Drivers/CMSIS/Include/cmsis_gcc.h **** /**
 906:Drivers/CMSIS/Include/cmsis_gcc.h ****   \brief   Wait For Interrupt
 907:Drivers/CMSIS/Include/cmsis_gcc.h ****   \details Wait For Interrupt is a hint instruction that suspends execution until one of a number o
 908:Drivers/CMSIS/Include/cmsis_gcc.h ****  */
 909:Drivers/CMSIS/Include/cmsis_gcc.h **** #define __WFI()                             __ASM volatile ("wfi")
 910:Drivers/CMSIS/Include/cmsis_gcc.h **** 
 911:Drivers/CMSIS/Include/cmsis_gcc.h **** 
 912:Drivers/CMSIS/Include/cmsis_gcc.h **** /**
 913:Drivers/CMSIS/Include/cmsis_gcc.h ****   \brief   Wait For Event
 914:Drivers/CMSIS/Include/cmsis_gcc.h ****   \details Wait For Event is a hint instruction that permits the processor to enter
 915:Drivers/CMSIS/Include/cmsis_gcc.h ****            a low-power state until one of a number of events occurs.
 916:Drivers/CMSIS/Include/cmsis_gcc.h ****  */
 917:Drivers/CMSIS/Include/cmsis_gcc.h **** #define __WFE()                             __ASM volatile ("wfe")
 918:Drivers/CMSIS/Include/cmsis_gcc.h **** 
 919:Drivers/CMSIS/Include/cmsis_gcc.h **** 
 920:Drivers/CMSIS/Include/cmsis_gcc.h **** /**
 921:Drivers/CMSIS/Include/cmsis_gcc.h ****   \brief   Send Event
 922:Drivers/CMSIS/Include/cmsis_gcc.h ****   \details Send Event is a hint instruction. It causes an event to be signaled to the CPU.
 923:Drivers/CMSIS/Include/cmsis_gcc.h ****  */
 924:Drivers/CMSIS/Include/cmsis_gcc.h **** #define __SEV()                             __ASM volatile ("sev")
 925:Drivers/CMSIS/Include/cmsis_gcc.h **** 
 926:Drivers/CMSIS/Include/cmsis_gcc.h **** 
 927:Drivers/CMSIS/Include/cmsis_gcc.h **** /**
 928:Drivers/CMSIS/Include/cmsis_gcc.h ****   \brief   Instruction Synchronization Barrier
 929:Drivers/CMSIS/Include/cmsis_gcc.h ****   \details Instruction Synchronization Barrier flushes the pipeline in the processor,
 930:Drivers/CMSIS/Include/cmsis_gcc.h ****            so that all instructions following the ISB are fetched from cache or memory,
 931:Drivers/CMSIS/Include/cmsis_gcc.h ****            after the instruction has been completed.
 932:Drivers/CMSIS/Include/cmsis_gcc.h ****  */
 933:Drivers/CMSIS/Include/cmsis_gcc.h **** __STATIC_FORCEINLINE void __ISB(void)
 934:Drivers/CMSIS/Include/cmsis_gcc.h **** {
 935:Drivers/CMSIS/Include/cmsis_gcc.h ****   __ASM volatile ("isb 0xF":::"memory");
 936:Drivers/CMSIS/Include/cmsis_gcc.h **** }
 937:Drivers/CMSIS/Include/cmsis_gcc.h **** 
 938:Drivers/CMSIS/Include/cmsis_gcc.h **** 
 939:Drivers/CMSIS/Include/cmsis_gcc.h **** /**
 940:Drivers/CMSIS/Include/cmsis_gcc.h ****   \brief   Data Synchronization Barrier
 941:Drivers/CMSIS/Include/cmsis_gcc.h ****   \details Acts as a special kind of Data Memory Barrier.
 942:Drivers/CMSIS/Include/cmsis_gcc.h ****            It completes when all explicit memory accesses before this instruction complete.
 943:Drivers/CMSIS/Include/cmsis_gcc.h ****  */
 944:Drivers/CMSIS/Include/cmsis_gcc.h **** __STATIC_FORCEINLINE void __DSB(void)
 1783              		.loc 8 944 27 view .LVU520
 1784              	.LBB211:
 945:Drivers/CMSIS/Include/cmsis_gcc.h **** {
 946:Drivers/CMSIS/Include/cmsis_gcc.h ****   __ASM volatile ("dsb 0xF":::"memory");
 1785              		.loc 8 946 3 view .LVU521
 1786              		.syntax unified
 1787              	@ 946 "Drivers/CMSIS/Include/cmsis_gcc.h" 1
 1788 0010 BFF34F8F 		dsb 0xF
 1789              	@ 0 "" 2
 1790              		.thumb
 1791              		.syntax unified
 1792              	.LBE211:
 1793              	.LBE210:
2546:Drivers/CMSIS/Include/core_cm7.h ****       uint32_t op_addr = (uint32_t)addr /* & ~(__SCB_DCACHE_LINE_SIZE - 1U) */;
 1794              		.loc 7 2546 16 is_stmt 0 view .LVU522
 1795 0014 4023     		movs	r3, #64
 1796              	.LVL157:
ARM GAS  C:\Users\nicx5\AppData\Local\Temp\cclEOOYD.s 			page 111


 1797              	.L139:
2550:Drivers/CMSIS/Include/core_cm7.h **** 
2551:Drivers/CMSIS/Include/core_cm7.h ****       do {
 1798              		.loc 7 2551 7 is_stmt 1 view .LVU523
2552:Drivers/CMSIS/Include/core_cm7.h ****         SCB->DCCMVAC = op_addr;             /* register accepts only 32byte aligned values, only bi
 1799              		.loc 7 2552 9 view .LVU524
 1800              		.loc 7 2552 22 is_stmt 0 view .LVU525
 1801 0016 2249     		ldr	r1, .L144+4
 1802 0018 C1F86822 		str	r2, [r1, #616]
2553:Drivers/CMSIS/Include/core_cm7.h ****         op_addr += __SCB_DCACHE_LINE_SIZE;
 1803              		.loc 7 2553 9 is_stmt 1 view .LVU526
 1804              		.loc 7 2553 17 is_stmt 0 view .LVU527
 1805 001c 2032     		adds	r2, r2, #32
 1806              	.LVL158:
2554:Drivers/CMSIS/Include/core_cm7.h ****         op_size -= __SCB_DCACHE_LINE_SIZE;
 1807              		.loc 7 2554 9 is_stmt 1 view .LVU528
 1808              		.loc 7 2554 17 is_stmt 0 view .LVU529
 1809 001e 203B     		subs	r3, r3, #32
 1810              	.LVL159:
2555:Drivers/CMSIS/Include/core_cm7.h ****       } while ( op_size > 0 );
 1811              		.loc 7 2555 25 is_stmt 1 discriminator 1 view .LVU530
 1812 0020 002B     		cmp	r3, #0
 1813 0022 F8DC     		bgt	.L139
2556:Drivers/CMSIS/Include/core_cm7.h **** 
2557:Drivers/CMSIS/Include/core_cm7.h ****       __DSB();
 1814              		.loc 7 2557 7 view .LVU531
 1815              	.LBB212:
 1816              	.LBI212:
 944:Drivers/CMSIS/Include/cmsis_gcc.h **** {
 1817              		.loc 8 944 27 view .LVU532
 1818              	.LBB213:
 1819              		.loc 8 946 3 view .LVU533
 1820              		.syntax unified
 1821              	@ 946 "Drivers/CMSIS/Include/cmsis_gcc.h" 1
 1822 0024 BFF34F8F 		dsb 0xF
 1823              	@ 0 "" 2
 1824              		.thumb
 1825              		.syntax unified
 1826              	.LBE213:
 1827              	.LBE212:
2558:Drivers/CMSIS/Include/core_cm7.h ****       __ISB();
 1828              		.loc 7 2558 7 view .LVU534
 1829              	.LBB214:
 1830              	.LBI214:
 933:Drivers/CMSIS/Include/cmsis_gcc.h **** {
 1831              		.loc 8 933 27 view .LVU535
 1832              	.LBB215:
 935:Drivers/CMSIS/Include/cmsis_gcc.h **** }
 1833              		.loc 8 935 3 view .LVU536
 1834              		.syntax unified
 1835              	@ 935 "Drivers/CMSIS/Include/cmsis_gcc.h" 1
 1836 0028 BFF36F8F 		isb 0xF
 1837              	@ 0 "" 2
 1838              	.LVL160:
 935:Drivers/CMSIS/Include/cmsis_gcc.h **** }
 1839              		.loc 8 935 3 is_stmt 0 view .LVU537
 1840              		.thumb
ARM GAS  C:\Users\nicx5\AppData\Local\Temp\cclEOOYD.s 			page 112


 1841              		.syntax unified
 1842              	.LBE215:
 1843              	.LBE214:
 1844              	.LBE209:
 1845              	.LBE208:
 426:Src/transport/connection_manager.cpp ****                           sizeof(g_rfRuntimeRecoveryDiagnostic));
 427:Src/transport/connection_manager.cpp ****     __DSB();
 1846              		.loc 1 427 5 is_stmt 1 view .LVU538
 1847              	.LBB216:
 1848              	.LBI216:
 944:Drivers/CMSIS/Include/cmsis_gcc.h **** {
 1849              		.loc 8 944 27 view .LVU539
 1850              	.LBB217:
 1851              		.loc 8 946 3 view .LVU540
 1852              		.syntax unified
 1853              	@ 946 "Drivers/CMSIS/Include/cmsis_gcc.h" 1
 1854 002c BFF34F8F 		dsb 0xF
 1855              	@ 0 "" 2
 1856              		.thumb
 1857              		.syntax unified
 1858              	.LBE217:
 1859              	.LBE216:
 428:Src/transport/connection_manager.cpp **** }
 1860              		.loc 1 428 1 is_stmt 0 view .LVU541
 1861 0030 70BD     		pop	{r4, r5, r6, pc}
 1862              	.LVL161:
 1863              	.L143:
 1864              		.loc 1 428 1 view .LVU542
 1865 0032 0446     		mov	r4, r0
 408:Src/transport/connection_manager.cpp ****         g_rfRuntimeRecoveryDiagnostic[2] = RFBridgePort_HasReleaseFault() ? 1u
 1866              		.loc 1 408 9 is_stmt 1 view .LVU543
 408:Src/transport/connection_manager.cpp ****         g_rfRuntimeRecoveryDiagnostic[2] = RFBridgePort_HasReleaseFault() ? 1u
 1867              		.loc 1 408 42 is_stmt 0 view .LVU544
 1868 0034 1B4A     		ldr	r2, .L144+8
 1869 0036 1A60     		str	r2, [r3]
 409:Src/transport/connection_manager.cpp ****             : (!reportRateConfirmed ? 2u : 3u);
 1870              		.loc 1 409 9 is_stmt 1 view .LVU545
 409:Src/transport/connection_manager.cpp ****             : (!reportRateConfirmed ? 2u : 3u);
 1871              		.loc 1 409 72 is_stmt 0 view .LVU546
 1872 0038 FFF7FEFF 		bl	_Z28RFBridgePort_HasReleaseFaultv
 1873              	.LVL162:
 409:Src/transport/connection_manager.cpp ****             : (!reportRateConfirmed ? 2u : 3u);
 1874              		.loc 1 409 75 discriminator 1 view .LVU547
 1875 003c 18B9     		cbnz	r0, .L140
 410:Src/transport/connection_manager.cpp ****         g_rfRuntimeRecoveryDiagnostic[3] = HAL_GetTick();
 1876              		.loc 1 410 17 view .LVU548
 1877 003e E379     		ldrb	r3, [r4, #7]	@ zero_extendqisi2
 409:Src/transport/connection_manager.cpp ****             : (!reportRateConfirmed ? 2u : 3u);
 1878              		.loc 1 409 75 discriminator 2 view .LVU549
 1879 0040 4BB3     		cbz	r3, .L141
 409:Src/transport/connection_manager.cpp ****             : (!reportRateConfirmed ? 2u : 3u);
 1880              		.loc 1 409 75 discriminator 4 view .LVU550
 1881 0042 0323     		movs	r3, #3
 1882 0044 00E0     		b	.L137
 1883              	.L140:
 409:Src/transport/connection_manager.cpp ****             : (!reportRateConfirmed ? 2u : 3u);
 1884              		.loc 1 409 75 discriminator 1 view .LVU551
ARM GAS  C:\Users\nicx5\AppData\Local\Temp\cclEOOYD.s 			page 113


 1885 0046 0123     		movs	r3, #1
 1886              	.L137:
 409:Src/transport/connection_manager.cpp ****             : (!reportRateConfirmed ? 2u : 3u);
 1887              		.loc 1 409 42 discriminator 8 view .LVU552
 1888 0048 144D     		ldr	r5, .L144
 1889 004a AB60     		str	r3, [r5, #8]
 411:Src/transport/connection_manager.cpp ****         g_rfRuntimeRecoveryDiagnostic[4] = requestedReportRateHz;
 1890              		.loc 1 411 9 is_stmt 1 view .LVU553
 411:Src/transport/connection_manager.cpp ****         g_rfRuntimeRecoveryDiagnostic[4] = requestedReportRateHz;
 1891              		.loc 1 411 55 is_stmt 0 view .LVU554
 1892 004c FFF7FEFF 		bl	HAL_GetTick
 1893              	.LVL163:
 411:Src/transport/connection_manager.cpp ****         g_rfRuntimeRecoveryDiagnostic[4] = requestedReportRateHz;
 1894              		.loc 1 411 42 discriminator 1 view .LVU555
 1895 0050 E860     		str	r0, [r5, #12]
 412:Src/transport/connection_manager.cpp ****         g_rfRuntimeRecoveryDiagnostic[5] = appliedReportRateHz;
 1896              		.loc 1 412 9 is_stmt 1 view .LVU556
 412:Src/transport/connection_manager.cpp ****         g_rfRuntimeRecoveryDiagnostic[5] = appliedReportRateHz;
 1897              		.loc 1 412 44 is_stmt 0 view .LVU557
 1898 0052 A388     		ldrh	r3, [r4, #4]
 412:Src/transport/connection_manager.cpp ****         g_rfRuntimeRecoveryDiagnostic[5] = appliedReportRateHz;
 1899              		.loc 1 412 42 view .LVU558
 1900 0054 2B61     		str	r3, [r5, #16]
 413:Src/transport/connection_manager.cpp ****         g_rfRuntimeRecoveryDiagnostic[6] = rfTransport.getStatus().rateHz;
 1901              		.loc 1 413 9 is_stmt 1 view .LVU559
 413:Src/transport/connection_manager.cpp ****         g_rfRuntimeRecoveryDiagnostic[6] = rfTransport.getStatus().rateHz;
 1902              		.loc 1 413 44 is_stmt 0 view .LVU560
 1903 0056 6388     		ldrh	r3, [r4, #2]
 413:Src/transport/connection_manager.cpp ****         g_rfRuntimeRecoveryDiagnostic[6] = rfTransport.getStatus().rateHz;
 1904              		.loc 1 413 42 view .LVU561
 1905 0058 6B61     		str	r3, [r5, #20]
 414:Src/transport/connection_manager.cpp ****         g_rfRuntimeRecoveryDiagnostic[7] = rfTransport.receivedStatusGeneration();
 1906              		.loc 1 414 9 is_stmt 1 view .LVU562
 414:Src/transport/connection_manager.cpp ****         g_rfRuntimeRecoveryDiagnostic[7] = rfTransport.receivedStatusGeneration();
 1907              		.loc 1 414 68 is_stmt 0 discriminator 1 view .LVU563
 1908 005a B4F85830 		ldrh	r3, [r4, #88]
 414:Src/transport/connection_manager.cpp ****         g_rfRuntimeRecoveryDiagnostic[7] = rfTransport.receivedStatusGeneration();
 1909              		.loc 1 414 42 discriminator 1 view .LVU564
 1910 005e AB61     		str	r3, [r5, #24]
 415:Src/transport/connection_manager.cpp ****         g_rfRuntimeRecoveryDiagnostic[8] = rfStatusPollFailures;
 1911              		.loc 1 415 9 is_stmt 1 view .LVU565
 1912              	.LVL164:
 1913              	.LBB218:
 1914              	.LBI218:
  52:Inc/transport/rf/rf_transport.hpp ****     bool receivedStatusMatchesRate(uint16_t rate) const {
 1915              		.loc 4 52 14 view .LVU566
 1916              	.LBB219:
  52:Inc/transport/rf/rf_transport.hpp ****     bool receivedStatusMatchesRate(uint16_t rate) const {
 1917              		.loc 4 52 49 view .LVU567
  52:Inc/transport/rf/rf_transport.hpp ****     bool receivedStatusMatchesRate(uint16_t rate) const {
 1918              		.loc 4 52 56 is_stmt 0 view .LVU568
 1919 0060 A36F     		ldr	r3, [r4, #120]
 1920              	.LVL165:
  52:Inc/transport/rf/rf_transport.hpp ****     bool receivedStatusMatchesRate(uint16_t rate) const {
 1921              		.loc 4 52 56 view .LVU569
 1922              	.LBE219:
 1923              	.LBE218:
ARM GAS  C:\Users\nicx5\AppData\Local\Temp\cclEOOYD.s 			page 114


 415:Src/transport/connection_manager.cpp ****         g_rfRuntimeRecoveryDiagnostic[8] = rfStatusPollFailures;
 1924              		.loc 1 415 42 discriminator 1 view .LVU570
 1925 0062 EB61     		str	r3, [r5, #28]
 416:Src/transport/connection_manager.cpp ****         g_rfRuntimeRecoveryDiagnostic[9] = lastRfStatusPollMs;
 1926              		.loc 1 416 9 is_stmt 1 view .LVU571
 416:Src/transport/connection_manager.cpp ****         g_rfRuntimeRecoveryDiagnostic[9] = lastRfStatusPollMs;
 1927              		.loc 1 416 44 is_stmt 0 view .LVU572
 1928 0064 94F83830 		ldrb	r3, [r4, #56]	@ zero_extendqisi2
 416:Src/transport/connection_manager.cpp ****         g_rfRuntimeRecoveryDiagnostic[9] = lastRfStatusPollMs;
 1929              		.loc 1 416 42 view .LVU573
 1930 0068 2B62     		str	r3, [r5, #32]
 417:Src/transport/connection_manager.cpp ****         g_rfRuntimeRecoveryDiagnostic[10] = rfSendTotal;
 1931              		.loc 1 417 9 is_stmt 1 view .LVU574
 417:Src/transport/connection_manager.cpp ****         g_rfRuntimeRecoveryDiagnostic[10] = rfSendTotal;
 1932              		.loc 1 417 44 is_stmt 0 view .LVU575
 1933 006a E368     		ldr	r3, [r4, #12]
 417:Src/transport/connection_manager.cpp ****         g_rfRuntimeRecoveryDiagnostic[10] = rfSendTotal;
 1934              		.loc 1 417 42 view .LVU576
 1935 006c 6B62     		str	r3, [r5, #36]
 418:Src/transport/connection_manager.cpp ****         g_rfRuntimeRecoveryDiagnostic[11] = rfTransport.getStatus().lastEvent;
 1936              		.loc 1 418 9 is_stmt 1 view .LVU577
 418:Src/transport/connection_manager.cpp ****         g_rfRuntimeRecoveryDiagnostic[11] = rfTransport.getStatus().lastEvent;
 1937              		.loc 1 418 45 is_stmt 0 view .LVU578
 1938 006e E36A     		ldr	r3, [r4, #44]
 418:Src/transport/connection_manager.cpp ****         g_rfRuntimeRecoveryDiagnostic[11] = rfTransport.getStatus().lastEvent;
 1939              		.loc 1 418 43 view .LVU579
 1940 0070 AB62     		str	r3, [r5, #40]
 419:Src/transport/connection_manager.cpp ****         g_rfRuntimeRecoveryDiagnostic[12] = rfTransport.getStatus().lastCommandTag;
 1941              		.loc 1 419 9 is_stmt 1 view .LVU580
 419:Src/transport/connection_manager.cpp ****         g_rfRuntimeRecoveryDiagnostic[12] = rfTransport.getStatus().lastCommandTag;
 1942              		.loc 1 419 69 is_stmt 0 discriminator 1 view .LVU581
 1943 0072 94F86830 		ldrb	r3, [r4, #104]	@ zero_extendqisi2
 419:Src/transport/connection_manager.cpp ****         g_rfRuntimeRecoveryDiagnostic[12] = rfTransport.getStatus().lastCommandTag;
 1944              		.loc 1 419 43 discriminator 1 view .LVU582
 1945 0076 EB62     		str	r3, [r5, #44]
 420:Src/transport/connection_manager.cpp ****         g_rfRuntimeRecoveryDiagnostic[13] = rfTransport.getStatus().lastResult;
 1946              		.loc 1 420 9 is_stmt 1 view .LVU583
 420:Src/transport/connection_manager.cpp ****         g_rfRuntimeRecoveryDiagnostic[13] = rfTransport.getStatus().lastResult;
 1947              		.loc 1 420 69 is_stmt 0 discriminator 1 view .LVU584
 1948 0078 94F86930 		ldrb	r3, [r4, #105]	@ zero_extendqisi2
 420:Src/transport/connection_manager.cpp ****         g_rfRuntimeRecoveryDiagnostic[13] = rfTransport.getStatus().lastResult;
 1949              		.loc 1 420 43 discriminator 1 view .LVU585
 1950 007c 2B63     		str	r3, [r5, #48]
 421:Src/transport/connection_manager.cpp ****         g_rfRuntimeRecoveryDiagnostic[14] = rfTransport.getStatus().errorCounter;
 1951              		.loc 1 421 9 is_stmt 1 view .LVU586
 421:Src/transport/connection_manager.cpp ****         g_rfRuntimeRecoveryDiagnostic[14] = rfTransport.getStatus().errorCounter;
 1952              		.loc 1 421 69 is_stmt 0 discriminator 1 view .LVU587
 1953 007e 94F86B30 		ldrb	r3, [r4, #107]	@ zero_extendqisi2
 421:Src/transport/connection_manager.cpp ****         g_rfRuntimeRecoveryDiagnostic[14] = rfTransport.getStatus().errorCounter;
 1954              		.loc 1 421 43 discriminator 1 view .LVU588
 1955 0082 6B63     		str	r3, [r5, #52]
 422:Src/transport/connection_manager.cpp ****         g_rfRuntimeRecoveryDiagnostic[15] = RFBridgePort_BootSignalReleased() ? 1u : 0u;
 1956              		.loc 1 422 9 is_stmt 1 view .LVU589
 422:Src/transport/connection_manager.cpp ****         g_rfRuntimeRecoveryDiagnostic[15] = RFBridgePort_BootSignalReleased() ? 1u : 0u;
 1957              		.loc 1 422 69 is_stmt 0 discriminator 1 view .LVU590
 1958 0084 636F     		ldr	r3, [r4, #116]
 422:Src/transport/connection_manager.cpp ****         g_rfRuntimeRecoveryDiagnostic[15] = RFBridgePort_BootSignalReleased() ? 1u : 0u;
ARM GAS  C:\Users\nicx5\AppData\Local\Temp\cclEOOYD.s 			page 115


 1959              		.loc 1 422 43 discriminator 1 view .LVU591
 1960 0086 AB63     		str	r3, [r5, #56]
 423:Src/transport/connection_manager.cpp ****     }
 1961              		.loc 1 423 9 is_stmt 1 view .LVU592
 423:Src/transport/connection_manager.cpp ****     }
 1962              		.loc 1 423 76 is_stmt 0 view .LVU593
 1963 0088 FFF7FEFF 		bl	_Z31RFBridgePort_BootSignalReleasedv
 1964              	.LVL166:
 423:Src/transport/connection_manager.cpp ****     }
 1965              		.loc 1 423 79 discriminator 1 view .LVU594
 1966 008c 00B1     		cbz	r0, .L138
 1967 008e 0126     		movs	r6, #1
 1968              	.L138:
 423:Src/transport/connection_manager.cpp ****     }
 1969              		.loc 1 423 43 discriminator 4 view .LVU595
 1970 0090 024B     		ldr	r3, .L144
 1971 0092 DE63     		str	r6, [r3, #60]
 1972 0094 BBE7     		b	.L136
 1973              	.L141:
 409:Src/transport/connection_manager.cpp ****             : (!reportRateConfirmed ? 2u : 3u);
 1974              		.loc 1 409 75 discriminator 5 view .LVU596
 1975 0096 0223     		movs	r3, #2
 1976 0098 D6E7     		b	.L137
 1977              	.L145:
 1978 009a 00BF     		.align	2
 1979              	.L144:
 1980 009c 00000000 		.word	g_rfRuntimeRecoveryDiagnostic
 1981 00a0 00ED00E0 		.word	-536810240
 1982 00a4 31524652 		.word	1380340273
 1983              		.cfi_endproc
 1984              	.LFE2449:
 1986              		.section	.rodata._ZN17ConnectionManager24serviceRfRuntimeRecoveryEv.str1.4,"aMS",%progbits,1
 1987              		.align	2
 1988              	.LC5:
 1989 0000 52462063 		.ascii	"RF control link recovery started\000"
 1989      6F6E7472 
 1989      6F6C206C 
 1989      696E6B20 
 1989      7265636F 
 1990              		.section	.text._ZN17ConnectionManager24serviceRfRuntimeRecoveryEv,"ax",%progbits
 1991              		.align	1
 1992              		.global	_ZN17ConnectionManager24serviceRfRuntimeRecoveryEv
 1993              		.syntax unified
 1994              		.thumb
 1995              		.thumb_func
 1997              	_ZN17ConnectionManager24serviceRfRuntimeRecoveryEv:
 1998              	.LVL167:
 1999              	.LFB2450:
 429:Src/transport/connection_manager.cpp **** 
 430:Src/transport/connection_manager.cpp **** bool ConnectionManager::serviceRfRuntimeRecovery()
 431:Src/transport/connection_manager.cpp **** {
 2000              		.loc 1 431 1 is_stmt 1 view -0
 2001              		.cfi_startproc
 2002              		@ args = 0, pretend = 0, frame = 0
 2003              		@ frame_needed = 0, uses_anonymous_args = 0
 2004              		.loc 1 431 1 is_stmt 0 view .LVU598
 2005 0000 70B5     		push	{r4, r5, r6, lr}
ARM GAS  C:\Users\nicx5\AppData\Local\Temp\cclEOOYD.s 			page 116


 2006              	.LCFI18:
 2007              		.cfi_def_cfa_offset 16
 2008              		.cfi_offset 4, -16
 2009              		.cfi_offset 5, -12
 2010              		.cfi_offset 6, -8
 2011              		.cfi_offset 14, -4
 432:Src/transport/connection_manager.cpp ****     // During power cycling the role is deliberately unlocked, so test the
 433:Src/transport/connection_manager.cpp ****     // physical mode before (not the role-lock guard used by normal traffic).
 434:Src/transport/connection_manager.cpp ****     if (mode != ConnectionMode::CONNECTION_MODE_RF24G ||
 2012              		.loc 1 434 5 is_stmt 1 view .LVU599
 2013              		.loc 1 434 9 is_stmt 0 view .LVU600
 2014 0002 0378     		ldrb	r3, [r0]	@ zero_extendqisi2
 435:Src/transport/connection_manager.cpp ****         !BOARD_MODE.isStable() || BOARD_MODE.current() != BoardMode::Rf) return false;
 2015              		.loc 1 435 32 view .LVU601
 2016 0004 012B     		cmp	r3, #1
 2017 0006 40D1     		bne	.L151
 2018 0008 0446     		mov	r4, r0
 2019              	.LVL168:
 2020              	.LBB220:
 2021              	.LBI220:
 2022              		.loc 2 27 10 is_stmt 1 view .LVU602
 2023              	.LBB221:
 2024              		.loc 2 27 29 view .LVU603
 2025              		.loc 2 27 36 is_stmt 0 view .LVU604
 2026 000a 244B     		ldr	r3, .L157
 2027 000c 1D7A     		ldrb	r5, [r3, #8]	@ zero_extendqisi2
 2028              	.LVL169:
 2029              		.loc 2 27 36 view .LVU605
 2030              	.LBE221:
 2031              	.LBE220:
 434:Src/transport/connection_manager.cpp ****         !BOARD_MODE.isStable() || BOARD_MODE.current() != BoardMode::Rf) return false;
 2032              		.loc 1 434 55 view .LVU606
 2033 000e 002D     		cmp	r5, #0
 2034 0010 3CD0     		beq	.L147
 2035              	.LVL170:
 2036              	.LBB222:
 2037              	.LBI222:
  26:Inc/system/board_mode.hpp ****     bool isStable() const { return stable; }
 2038              		.loc 2 26 15 is_stmt 1 view .LVU607
 2039              	.LBB223:
  26:Inc/system/board_mode.hpp ****     bool isStable() const { return stable; }
 2040              		.loc 2 26 33 view .LVU608
  26:Inc/system/board_mode.hpp ****     bool isStable() const { return stable; }
 2041              		.loc 2 26 40 is_stmt 0 view .LVU609
 2042 0012 1B78     		ldrb	r3, [r3]	@ zero_extendqisi2
 2043              	.LVL171:
  26:Inc/system/board_mode.hpp ****     bool isStable() const { return stable; }
 2044              		.loc 2 26 40 view .LVU610
 2045              	.LBE223:
 2046              	.LBE222:
 2047              		.loc 1 435 32 discriminator 2 view .LVU611
 2048 0014 012B     		cmp	r3, #1
 2049 0016 3BD1     		bne	.L152
 436:Src/transport/connection_manager.cpp ****     if (rfRuntimeRecoveryActive) {
 2050              		.loc 1 436 5 is_stmt 1 view .LVU612
 2051              		.loc 1 436 9 is_stmt 0 view .LVU613
 2052 0018 90F83650 		ldrb	r5, [r0, #54]	@ zero_extendqisi2
ARM GAS  C:\Users\nicx5\AppData\Local\Temp\cclEOOYD.s 			page 117


 2053              		.loc 1 436 5 view .LVU614
 2054 001c 3DBB     		cbnz	r5, .L156
 437:Src/transport/connection_manager.cpp ****         RF_SLEEP_RECOVERY.service(HAL_GetTick());
 438:Src/transport/connection_manager.cpp ****         if (RF_SLEEP_RECOVERY.state() == RfSleepState::Ready) rfRuntimeRecoveryActive = false;
 439:Src/transport/connection_manager.cpp ****         return true; // Failed stays parked; only an explicit mode change retries.
 440:Src/transport/connection_manager.cpp ****     }
 441:Src/transport/connection_manager.cpp ****     if (rfSleepRecoveryOwned || rfPairingActive || rfPowerState != RfPowerState::Awake ||
 2055              		.loc 1 441 5 is_stmt 1 view .LVU615
 2056              		.loc 1 441 9 is_stmt 0 view .LVU616
 2057 001e 90F83530 		ldrb	r3, [r0, #53]	@ zero_extendqisi2
 2058              		.loc 1 441 88 view .LVU617
 2059 0022 9BBB     		cbnz	r3, .L147
 2060              		.loc 1 441 33 discriminator 2 view .LVU618
 2061 0024 90F84050 		ldrb	r5, [r0, #64]	@ zero_extendqisi2
 2062              		.loc 1 441 30 discriminator 2 view .LVU619
 2063 0028 A5BB     		cbnz	r5, .L153
 2064              		.loc 1 441 52 discriminator 4 view .LVU620
 2065 002a 437A     		ldrb	r3, [r0, #9]	@ zero_extendqisi2
 2066              		.loc 1 441 49 discriminator 4 view .LVU621
 2067 002c 012B     		cmp	r3, #1
 2068 002e 2DD1     		bne	.L147
 442:Src/transport/connection_manager.cpp ****         !rfPhysicalRoleIsActive()) return false;
 2069              		.loc 1 442 32 view .LVU622
 2070 0030 FFF7FEFF 		bl	_ZN12_GLOBAL__N_1L22rfPhysicalRoleIsActiveEv
 2071              	.LVL172:
 441:Src/transport/connection_manager.cpp ****         !rfPhysicalRoleIsActive()) return false;
 2072              		.loc 1 441 88 discriminator 6 view .LVU623
 2073 0034 0546     		mov	r5, r0
 2074 0036 48B3     		cbz	r0, .L147
 443:Src/transport/connection_manager.cpp ****     if (!RFBridgePort_HasReleaseFault() && reportRateConfirmed && rfStatusPollFailures < 3u)
 2075              		.loc 1 443 5 is_stmt 1 view .LVU624
 2076              		.loc 1 443 38 is_stmt 0 view .LVU625
 2077 0038 FFF7FEFF 		bl	_Z28RFBridgePort_HasReleaseFaultv
 2078              	.LVL173:
 2079              		.loc 1 443 64 discriminator 1 view .LVU626
 2080 003c 28B9     		cbnz	r0, .L150
 2081              		.loc 1 443 44 discriminator 1 view .LVU627
 2082 003e E379     		ldrb	r3, [r4, #7]	@ zero_extendqisi2
 2083              		.loc 1 443 41 discriminator 1 view .LVU628
 2084 0040 1BB1     		cbz	r3, .L150
 2085              		.loc 1 443 67 discriminator 3 view .LVU629
 2086 0042 94F83830 		ldrb	r3, [r4, #56]	@ zero_extendqisi2
 2087              		.loc 1 443 64 discriminator 3 view .LVU630
 2088 0046 022B     		cmp	r3, #2
 2089 0048 26D9     		bls	.L154
 2090              	.L150:
 444:Src/transport/connection_manager.cpp ****         return false;
 445:Src/transport/connection_manager.cpp ****     recordRfRecoveryStart();
 2091              		.loc 1 445 5 is_stmt 1 view .LVU631
 2092              		.loc 1 445 26 is_stmt 0 view .LVU632
 2093 004a 2046     		mov	r0, r4
 2094 004c FFF7FEFF 		bl	_ZN17ConnectionManager21recordRfRecoveryStartEv
 2095              	.LVL174:
 446:Src/transport/connection_manager.cpp ****     rfRuntimeRecoveryActive = true;
 2096              		.loc 1 446 5 is_stmt 1 view .LVU633
 2097              		.loc 1 446 29 is_stmt 0 view .LVU634
 2098 0050 0123     		movs	r3, #1
ARM GAS  C:\Users\nicx5\AppData\Local\Temp\cclEOOYD.s 			page 118


 2099 0052 84F83630 		strb	r3, [r4, #54]
 447:Src/transport/connection_manager.cpp ****     MonitorTelemetry_OnError("CONNECTION_MANAGER", 1019u, "RF control link recovery started");
 2100              		.loc 1 447 5 is_stmt 1 view .LVU635
 2101              		.loc 1 447 29 is_stmt 0 view .LVU636
 2102 0056 124A     		ldr	r2, .L157+4
 2103 0058 40F2FB31 		movw	r1, #1019
 2104 005c 1148     		ldr	r0, .L157+8
 2105 005e FFF7FEFF 		bl	_Z24MonitorTelemetry_OnErrorPKcmS0_
 2106              	.LVL175:
 448:Src/transport/connection_manager.cpp ****     RF_SLEEP_RECOVERY.begin(requestedReportRateHz, kRfRuntimeRecoveryAttempts);
 2107              		.loc 1 448 5 is_stmt 1 view .LVU637
 2108              	.LBB224:
 2109              	.LBI224:
 2110              		.file 9 "Inc/transport/rf/rf_sleep_recovery.hpp"
   1:Inc/transport/rf/rf_sleep_recovery.hpp **** #pragma once
   2:Inc/transport/rf/rf_sleep_recovery.hpp **** #include "rf_transport.hpp"
   3:Inc/transport/rf/rf_sleep_recovery.hpp **** #include "rf_command_transaction.hpp"
   4:Inc/transport/rf/rf_sleep_recovery.hpp **** 
   5:Inc/transport/rf/rf_sleep_recovery.hpp **** enum class RfSleepState { Off, PowerWait, BootWait, SelectRole, ConfigureRate, VerifyStatus, Ready,
   6:Inc/transport/rf/rf_sleep_recovery.hpp **** enum class RfSleepError : uint32_t { None, PortStop, Role, PortStart, Receive, RateSend, StatusTime
   7:Inc/transport/rf/rf_sleep_recovery.hpp **** 
   8:Inc/transport/rf/rf_sleep_recovery.hpp **** // Sole SPI4 owner between RF sleep preparation and a validated new session.
   9:Inc/transport/rf/rf_sleep_recovery.hpp **** // Never owns local ADC, LEDs, LCD or their failure paths.
  10:Inc/transport/rf/rf_sleep_recovery.hpp **** class RfSleepRecovery {
  11:Inc/transport/rf/rf_sleep_recovery.hpp **** public:
  12:Inc/transport/rf/rf_sleep_recovery.hpp ****     // The RF application emits a 100-ms W_INT ready pulse *after* ROLE_SELECTED.
  13:Inc/transport/rf/rf_sleep_recovery.hpp ****     // Match the existing 150-ms USB handoff fallback; this is not RF data.
  14:Inc/transport/rf/rf_sleep_recovery.hpp ****     static constexpr uint32_t applicationSettleMs = 150u;
  15:Inc/transport/rf/rf_sleep_recovery.hpp ****     static RfSleepRecovery& instance() { static RfSleepRecovery value; return value; }
 2111              		.loc 9 15 29 view .LVU638
 2112              		.loc 9 15 42 view .LVU639
 2113              		.loc 9 15 72 view .LVU640
 2114              	.LBE224:
 2115              		.loc 1 448 28 is_stmt 0 discriminator 1 view .LVU641
 2116 0062 0322     		movs	r2, #3
 2117 0064 A188     		ldrh	r1, [r4, #4]
 2118 0066 1048     		ldr	r0, .L157+12
 2119 0068 FFF7FEFF 		bl	_ZN15RfSleepRecovery5beginEth
 2120              	.LVL176:
 449:Src/transport/connection_manager.cpp ****     return true;
 2121              		.loc 1 449 5 is_stmt 1 view .LVU642
 2122              		.loc 1 449 12 is_stmt 0 view .LVU643
 2123 006c 0EE0     		b	.L147
 2124              	.LVL177:
 2125              	.L156:
 437:Src/transport/connection_manager.cpp ****         if (RF_SLEEP_RECOVERY.state() == RfSleepState::Ready) rfRuntimeRecoveryActive = false;
 2126              		.loc 1 437 9 is_stmt 1 view .LVU644
 2127              	.LBB225:
 2128              	.LBI225:
 2129              		.loc 9 15 29 view .LVU645
 2130              		.loc 9 15 42 view .LVU646
 2131              		.loc 9 15 72 view .LVU647
 2132              	.LBE225:
 437:Src/transport/connection_manager.cpp ****         if (RF_SLEEP_RECOVERY.state() == RfSleepState::Ready) rfRuntimeRecoveryActive = false;
 2133              		.loc 1 437 34 is_stmt 0 discriminator 1 view .LVU648
 2134 006e FFF7FEFF 		bl	HAL_GetTick
 2135              	.LVL178:
ARM GAS  C:\Users\nicx5\AppData\Local\Temp\cclEOOYD.s 			page 119


 437:Src/transport/connection_manager.cpp ****         if (RF_SLEEP_RECOVERY.state() == RfSleepState::Ready) rfRuntimeRecoveryActive = false;
 2136              		.loc 1 437 34 discriminator 1 view .LVU649
 2137 0072 0146     		mov	r1, r0
 437:Src/transport/connection_manager.cpp ****         if (RF_SLEEP_RECOVERY.state() == RfSleepState::Ready) rfRuntimeRecoveryActive = false;
 2138              		.loc 1 437 34 discriminator 2 view .LVU650
 2139 0074 0C4E     		ldr	r6, .L157+12
 2140 0076 3046     		mov	r0, r6
 2141 0078 FFF7FEFF 		bl	_ZN15RfSleepRecovery7serviceEm
 2142              	.LVL179:
 438:Src/transport/connection_manager.cpp ****         return true; // Failed stays parked; only an explicit mode change retries.
 2143              		.loc 1 438 9 is_stmt 1 view .LVU651
 2144              	.LBB226:
 2145              	.LBI226:
  16:Inc/transport/rf/rf_sleep_recovery.hpp ****     bool suspend();
  17:Inc/transport/rf/rf_sleep_recovery.hpp ****     // Zero preserves the sleep owner's existing retry policy. Runtime callers
  18:Inc/transport/rf/rf_sleep_recovery.hpp ****     // supply a finite budget; exhausted sessions stay parked until mode change.
  19:Inc/transport/rf/rf_sleep_recovery.hpp ****     void begin(uint16_t rate, uint8_t maxAttempts = 0u);
  20:Inc/transport/rf/rf_sleep_recovery.hpp ****     void beginAfterRole(uint16_t rate, uint8_t maxAttempts);
  21:Inc/transport/rf/rf_sleep_recovery.hpp ****     void service(uint32_t now);
  22:Inc/transport/rf/rf_sleep_recovery.hpp ****     void cancel();
  23:Inc/transport/rf/rf_sleep_recovery.hpp ****     RfSleepState state() const { return state_; }
 2146              		.loc 9 23 18 view .LVU652
 2147              	.LBB227:
 2148              		.loc 9 23 34 view .LVU653
 2149              		.loc 9 23 41 is_stmt 0 view .LVU654
 2150 007c 3368     		ldr	r3, [r6]
 2151              	.LVL180:
 2152              		.loc 9 23 41 view .LVU655
 2153              	.LBE227:
 2154              	.LBE226:
 438:Src/transport/connection_manager.cpp ****         return true; // Failed stays parked; only an explicit mode change retries.
 2155              		.loc 1 438 9 discriminator 2 view .LVU656
 2156 007e 062B     		cmp	r3, #6
 2157 0080 04D1     		bne	.L147
 438:Src/transport/connection_manager.cpp ****         return true; // Failed stays parked; only an explicit mode change retries.
 2158              		.loc 1 438 63 is_stmt 1 discriminator 1 view .LVU657
 438:Src/transport/connection_manager.cpp ****         return true; // Failed stays parked; only an explicit mode change retries.
 2159              		.loc 1 438 87 is_stmt 0 discriminator 1 view .LVU658
 2160 0082 0023     		movs	r3, #0
 2161 0084 84F83630 		strb	r3, [r4, #54]
 439:Src/transport/connection_manager.cpp ****     }
 2162              		.loc 1 439 9 is_stmt 1 view .LVU659
 439:Src/transport/connection_manager.cpp ****     }
 2163              		.loc 1 439 16 is_stmt 0 view .LVU660
 2164 0088 00E0     		b	.L147
 2165              	.LVL181:
 2166              	.L151:
 435:Src/transport/connection_manager.cpp ****     if (rfRuntimeRecoveryActive) {
 2167              		.loc 1 435 81 view .LVU661
 2168 008a 0025     		movs	r5, #0
 2169              	.LVL182:
 2170              	.L147:
 450:Src/transport/connection_manager.cpp **** }
 2171              		.loc 1 450 1 view .LVU662
 2172 008c 2846     		mov	r0, r5
 2173 008e 70BD     		pop	{r4, r5, r6, pc}
 2174              	.LVL183:
ARM GAS  C:\Users\nicx5\AppData\Local\Temp\cclEOOYD.s 			page 120


 2175              	.L152:
 435:Src/transport/connection_manager.cpp ****     if (rfRuntimeRecoveryActive) {
 2176              		.loc 1 435 81 view .LVU663
 2177 0090 0025     		movs	r5, #0
 2178 0092 FBE7     		b	.L147
 2179              	.L153:
 442:Src/transport/connection_manager.cpp ****     if (!RFBridgePort_HasReleaseFault() && reportRateConfirmed && rfStatusPollFailures < 3u)
 2180              		.loc 1 442 43 view .LVU664
 2181 0094 1D46     		mov	r5, r3
 2182 0096 F9E7     		b	.L147
 2183              	.LVL184:
 2184              	.L154:
 444:Src/transport/connection_manager.cpp ****     recordRfRecoveryStart();
 2185              		.loc 1 444 16 view .LVU665
 2186 0098 0546     		mov	r5, r0
 2187 009a F7E7     		b	.L147
 2188              	.L158:
 2189              		.align	2
 2190              	.L157:
 2191 009c 00000000 		.word	_ZZN16BoardModeManager11getInstanceEvE8instance
 2192 00a0 00000000 		.word	.LC5
 2193 00a4 3C000000 		.word	.LC1
 2194 00a8 00000000 		.word	_ZZN15RfSleepRecovery8instanceEvE5value
 2195              		.cfi_endproc
 2196              	.LFE2450:
 2198              		.section	.text._ZN17ConnectionManager23cancelRfRuntimeRecoveryEv,"ax",%progbits
 2199              		.align	1
 2200              		.global	_ZN17ConnectionManager23cancelRfRuntimeRecoveryEv
 2201              		.syntax unified
 2202              		.thumb
 2203              		.thumb_func
 2205              	_ZN17ConnectionManager23cancelRfRuntimeRecoveryEv:
 2206              	.LVL185:
 2207              	.LFB2451:
 451:Src/transport/connection_manager.cpp **** 
 452:Src/transport/connection_manager.cpp **** void ConnectionManager::cancelRfRuntimeRecovery()
 453:Src/transport/connection_manager.cpp **** {
 2208              		.loc 1 453 1 is_stmt 1 view -0
 2209              		.cfi_startproc
 2210              		@ args = 0, pretend = 0, frame = 0
 2211              		@ frame_needed = 0, uses_anonymous_args = 0
 2212              		@ link register save eliminated.
 454:Src/transport/connection_manager.cpp ****     rfRuntimeRecoveryActive = false;
 2213              		.loc 1 454 5 view .LVU667
 2214              		.loc 1 454 29 is_stmt 0 view .LVU668
 2215 0000 0023     		movs	r3, #0
 2216 0002 80F83630 		strb	r3, [r0, #54]
 455:Src/transport/connection_manager.cpp **** }
 2217              		.loc 1 455 1 view .LVU669
 2218 0006 7047     		bx	lr
 2219              		.cfi_endproc
 2220              	.LFE2451:
 2222              		.section	.rodata._ZN17ConnectionManager23serviceRfPairingTimeoutEv.str1.4,"aMS",%progbits,1
 2223              		.align	2
 2224              	.LC6:
 2225 0000 52462070 		.ascii	"RF pairing timeout STOP_PAIR failed\000"
 2225      61697269 
ARM GAS  C:\Users\nicx5\AppData\Local\Temp\cclEOOYD.s 			page 121


 2225      6E672074 
 2225      696D656F 
 2225      75742053 
 2226              		.section	.text._ZN17ConnectionManager23serviceRfPairingTimeoutEv,"ax",%progbits
 2227              		.align	1
 2228              		.global	_ZN17ConnectionManager23serviceRfPairingTimeoutEv
 2229              		.syntax unified
 2230              		.thumb
 2231              		.thumb_func
 2233              	_ZN17ConnectionManager23serviceRfPairingTimeoutEv:
 2234              	.LVL186:
 2235              	.LFB2452:
 456:Src/transport/connection_manager.cpp **** 
 457:Src/transport/connection_manager.cpp **** void ConnectionManager::serviceRfPairingTimeout()
 458:Src/transport/connection_manager.cpp **** {
 2236              		.loc 1 458 1 is_stmt 1 view -0
 2237              		.cfi_startproc
 2238              		@ args = 0, pretend = 0, frame = 0
 2239              		@ frame_needed = 0, uses_anonymous_args = 0
 2240              		.loc 1 458 1 is_stmt 0 view .LVU671
 2241 0000 38B5     		push	{r3, r4, r5, lr}
 2242              	.LCFI19:
 2243              		.cfi_def_cfa_offset 16
 2244              		.cfi_offset 3, -16
 2245              		.cfi_offset 4, -12
 2246              		.cfi_offset 5, -8
 2247              		.cfi_offset 14, -4
 459:Src/transport/connection_manager.cpp ****     if (!rfPairingActive || rfPairingTimeoutStopIssued) {
 2248              		.loc 1 459 5 is_stmt 1 view .LVU672
 2249              		.loc 1 459 10 is_stmt 0 view .LVU673
 2250 0002 90F84030 		ldrb	r3, [r0, #64]	@ zero_extendqisi2
 2251              		.loc 1 459 5 view .LVU674
 2252 0006 1BB1     		cbz	r3, .L160
 2253 0008 0446     		mov	r4, r0
 2254              		.loc 1 459 29 discriminator 1 view .LVU675
 2255 000a 90F84C30 		ldrb	r3, [r0, #76]	@ zero_extendqisi2
 2256              		.loc 1 459 26 discriminator 1 view .LVU676
 2257 000e 03B1     		cbz	r3, .L164
 2258              	.LVL187:
 2259              	.L160:
 460:Src/transport/connection_manager.cpp ****         return;
 461:Src/transport/connection_manager.cpp ****     }
 462:Src/transport/connection_manager.cpp **** 
 463:Src/transport/connection_manager.cpp ****     const bool moduleTimedOut = rfPairingState == RfPairingState::Timeout;
 464:Src/transport/connection_manager.cpp ****     const bool localFallbackExpired =
 465:Src/transport/connection_manager.cpp ****         (HAL_GetTick() - rfPairingStartedAtMs) >= kRfPairingFallbackTimeoutMs;
 466:Src/transport/connection_manager.cpp ****     if (!moduleTimedOut && !localFallbackExpired) {
 467:Src/transport/connection_manager.cpp ****         return;
 468:Src/transport/connection_manager.cpp ****     }
 469:Src/transport/connection_manager.cpp **** 
 470:Src/transport/connection_manager.cpp ****     /* Exactly one STOP_PAIR is sent for either the CH585 60-second event or
 471:Src/transport/connection_manager.cpp ****      * the STM32 65-second safety deadline.  Timeout remains the user-visible
 472:Src/transport/connection_manager.cpp ****      * result even if transport acknowledgement is lost. */
 473:Src/transport/connection_manager.cpp ****     rfPairingTimeoutStopIssued = true;
 474:Src/transport/connection_manager.cpp ****     const bool stopped = rfTransport.stopPair();
 475:Src/transport/connection_manager.cpp ****     rfPairingLastEventCounter = rfTransport.getStatus().eventCounter;
 476:Src/transport/connection_manager.cpp ****     rfPairingActive = false;
ARM GAS  C:\Users\nicx5\AppData\Local\Temp\cclEOOYD.s 			page 122


 477:Src/transport/connection_manager.cpp ****     rfPairingState = RfPairingState::Timeout;
 478:Src/transport/connection_manager.cpp ****     if (!stopped) {
 479:Src/transport/connection_manager.cpp ****         rfPairingLastErrorCommand = kRfCmdStopPair;
 480:Src/transport/connection_manager.cpp ****         rfPairingLastErrorReason = rfTransport.getStatus().lastErrorReason;
 481:Src/transport/connection_manager.cpp ****         MonitorTelemetry_OnError("CONNECTION_MANAGER", 1018u,
 482:Src/transport/connection_manager.cpp ****                                  "RF pairing timeout STOP_PAIR failed");
 483:Src/transport/connection_manager.cpp ****     }
 484:Src/transport/connection_manager.cpp ****     updateRfLinkStateFromStatus();
 485:Src/transport/connection_manager.cpp **** }
 2260              		.loc 1 485 1 view .LVU677
 2261 0010 38BD     		pop	{r3, r4, r5, pc}
 2262              	.LVL188:
 2263              	.L164:
 463:Src/transport/connection_manager.cpp ****     const bool localFallbackExpired =
 2264              		.loc 1 463 5 is_stmt 1 view .LVU678
 463:Src/transport/connection_manager.cpp ****     const bool localFallbackExpired =
 2265              		.loc 1 463 33 is_stmt 0 view .LVU679
 2266 0012 90F84250 		ldrb	r5, [r0, #66]	@ zero_extendqisi2
 2267              	.LVL189:
 464:Src/transport/connection_manager.cpp ****         (HAL_GetTick() - rfPairingStartedAtMs) >= kRfPairingFallbackTimeoutMs;
 2268              		.loc 1 464 5 is_stmt 1 view .LVU680
 465:Src/transport/connection_manager.cpp ****     if (!moduleTimedOut && !localFallbackExpired) {
 2269              		.loc 1 465 21 is_stmt 0 view .LVU681
 2270 0016 FFF7FEFF 		bl	HAL_GetTick
 2271              	.LVL190:
 465:Src/transport/connection_manager.cpp ****     if (!moduleTimedOut && !localFallbackExpired) {
 2272              		.loc 1 465 26 discriminator 1 view .LVU682
 2273 001a A36C     		ldr	r3, [r4, #72]
 465:Src/transport/connection_manager.cpp ****     if (!moduleTimedOut && !localFallbackExpired) {
 2274              		.loc 1 465 24 discriminator 1 view .LVU683
 2275 001c C01A     		subs	r0, r0, r3
 2276              	.LVL191:
 466:Src/transport/connection_manager.cpp ****         return;
 2277              		.loc 1 466 5 is_stmt 1 view .LVU684
 466:Src/transport/connection_manager.cpp ****         return;
 2278              		.loc 1 466 25 is_stmt 0 view .LVU685
 2279 001e 4FF6E753 		movw	r3, #64999
 2280 0022 053D     		subs	r5, r5, #5
 2281              	.LVL192:
 466:Src/transport/connection_manager.cpp ****         return;
 2282              		.loc 1 466 25 view .LVU686
 2283 0024 18BF     		it	ne
 2284 0026 0125     		movne	r5, #1
 2285              	.LVL193:
 466:Src/transport/connection_manager.cpp ****         return;
 2286              		.loc 1 466 25 view .LVU687
 2287 0028 9842     		cmp	r0, r3
 2288 002a 88BF     		it	hi
 2289 002c 0025     		movhi	r5, #0
 466:Src/transport/connection_manager.cpp ****         return;
 2290              		.loc 1 466 5 view .LVU688
 2291 002e 002D     		cmp	r5, #0
 2292 0030 EED1     		bne	.L160
 473:Src/transport/connection_manager.cpp ****     const bool stopped = rfTransport.stopPair();
 2293              		.loc 1 473 5 is_stmt 1 view .LVU689
 473:Src/transport/connection_manager.cpp ****     const bool stopped = rfTransport.stopPair();
 2294              		.loc 1 473 32 is_stmt 0 view .LVU690
ARM GAS  C:\Users\nicx5\AppData\Local\Temp\cclEOOYD.s 			page 123


 2295 0032 0123     		movs	r3, #1
 2296 0034 84F84C30 		strb	r3, [r4, #76]
 474:Src/transport/connection_manager.cpp ****     rfPairingLastEventCounter = rfTransport.getStatus().eventCounter;
 2297              		.loc 1 474 5 is_stmt 1 view .LVU691
 474:Src/transport/connection_manager.cpp ****     rfPairingLastEventCounter = rfTransport.getStatus().eventCounter;
 2298              		.loc 1 474 46 is_stmt 0 view .LVU692
 2299 0038 04F15000 		add	r0, r4, #80
 2300              	.LVL194:
 474:Src/transport/connection_manager.cpp ****     rfPairingLastEventCounter = rfTransport.getStatus().eventCounter;
 2301              		.loc 1 474 46 view .LVU693
 2302 003c FFF7FEFF 		bl	_ZN11RFTransport8stopPairEv
 2303              	.LVL195:
 475:Src/transport/connection_manager.cpp ****     rfPairingActive = false;
 2304              		.loc 1 475 5 is_stmt 1 view .LVU694
 475:Src/transport/connection_manager.cpp ****     rfPairingActive = false;
 2305              		.loc 1 475 57 is_stmt 0 discriminator 1 view .LVU695
 2306 0040 236F     		ldr	r3, [r4, #112]
 475:Src/transport/connection_manager.cpp ****     rfPairingActive = false;
 2307              		.loc 1 475 31 discriminator 1 view .LVU696
 2308 0042 6364     		str	r3, [r4, #68]
 476:Src/transport/connection_manager.cpp ****     rfPairingState = RfPairingState::Timeout;
 2309              		.loc 1 476 5 is_stmt 1 view .LVU697
 476:Src/transport/connection_manager.cpp ****     rfPairingState = RfPairingState::Timeout;
 2310              		.loc 1 476 21 is_stmt 0 view .LVU698
 2311 0044 0023     		movs	r3, #0
 2312 0046 84F84030 		strb	r3, [r4, #64]
 477:Src/transport/connection_manager.cpp ****     if (!stopped) {
 2313              		.loc 1 477 5 is_stmt 1 view .LVU699
 477:Src/transport/connection_manager.cpp ****     if (!stopped) {
 2314              		.loc 1 477 20 is_stmt 0 view .LVU700
 2315 004a 0523     		movs	r3, #5
 2316 004c 84F84230 		strb	r3, [r4, #66]
 478:Src/transport/connection_manager.cpp ****         rfPairingLastErrorCommand = kRfCmdStopPair;
 2317              		.loc 1 478 5 is_stmt 1 view .LVU701
 2318 0050 18B1     		cbz	r0, .L165
 2319              	.LVL196:
 2320              	.L162:
 484:Src/transport/connection_manager.cpp **** }
 2321              		.loc 1 484 5 view .LVU702
 484:Src/transport/connection_manager.cpp **** }
 2322              		.loc 1 484 32 is_stmt 0 view .LVU703
 2323 0052 2046     		mov	r0, r4
 2324 0054 FFF7FEFF 		bl	_ZN17ConnectionManager27updateRfLinkStateFromStatusEv
 2325              	.LVL197:
 2326 0058 DAE7     		b	.L160
 2327              	.LVL198:
 2328              	.L165:
 479:Src/transport/connection_manager.cpp ****         rfPairingLastErrorReason = rfTransport.getStatus().lastErrorReason;
 2329              		.loc 1 479 9 is_stmt 1 view .LVU704
 479:Src/transport/connection_manager.cpp ****         rfPairingLastErrorReason = rfTransport.getStatus().lastErrorReason;
 2330              		.loc 1 479 35 is_stmt 0 view .LVU705
 2331 005a 0323     		movs	r3, #3
 2332 005c 84F84D30 		strb	r3, [r4, #77]
 480:Src/transport/connection_manager.cpp ****         MonitorTelemetry_OnError("CONNECTION_MANAGER", 1018u,
 2333              		.loc 1 480 9 is_stmt 1 view .LVU706
 480:Src/transport/connection_manager.cpp ****         MonitorTelemetry_OnError("CONNECTION_MANAGER", 1018u,
 2334              		.loc 1 480 60 is_stmt 0 discriminator 1 view .LVU707
ARM GAS  C:\Users\nicx5\AppData\Local\Temp\cclEOOYD.s 			page 124


 2335 0060 94F86D30 		ldrb	r3, [r4, #109]	@ zero_extendqisi2
 480:Src/transport/connection_manager.cpp ****         MonitorTelemetry_OnError("CONNECTION_MANAGER", 1018u,
 2336              		.loc 1 480 34 discriminator 1 view .LVU708
 2337 0064 84F84E30 		strb	r3, [r4, #78]
 481:Src/transport/connection_manager.cpp ****                                  "RF pairing timeout STOP_PAIR failed");
 2338              		.loc 1 481 9 is_stmt 1 view .LVU709
 481:Src/transport/connection_manager.cpp ****                                  "RF pairing timeout STOP_PAIR failed");
 2339              		.loc 1 481 33 is_stmt 0 view .LVU710
 2340 0068 034A     		ldr	r2, .L166
 2341 006a 40F2FA31 		movw	r1, #1018
 2342 006e 0348     		ldr	r0, .L166+4
 2343              	.LVL199:
 481:Src/transport/connection_manager.cpp ****                                  "RF pairing timeout STOP_PAIR failed");
 2344              		.loc 1 481 33 view .LVU711
 2345 0070 FFF7FEFF 		bl	_Z24MonitorTelemetry_OnErrorPKcmS0_
 2346              	.LVL200:
 2347 0074 EDE7     		b	.L162
 2348              	.L167:
 2349 0076 00BF     		.align	2
 2350              	.L166:
 2351 0078 00000000 		.word	.LC6
 2352 007c 3C000000 		.word	.LC1
 2353              		.cfi_endproc
 2354              	.LFE2452:
 2356              		.section	.text._ZN17ConnectionManager13stopRfPairingEv,"ax",%progbits
 2357              		.align	1
 2358              		.global	_ZN17ConnectionManager13stopRfPairingEv
 2359              		.syntax unified
 2360              		.thumb
 2361              		.thumb_func
 2363              	_ZN17ConnectionManager13stopRfPairingEv:
 2364              	.LVL201:
 2365              	.LFB2456:
 486:Src/transport/connection_manager.cpp **** 
 487:Src/transport/connection_manager.cpp **** void ConnectionManager::setup(ConnectionMode connMode,
 488:Src/transport/connection_manager.cpp ****                               WirelessReportRate wirelessRate,
 489:Src/transport/connection_manager.cpp ****                               InputMode inputMode, bool coldSleepResume) {
 490:Src/transport/connection_manager.cpp ****     BP_APP_SCOPE(BP_APP_CONNECTION_SETUP);
 491:Src/transport/connection_manager.cpp ****     rfSleepRecoveryOwned = false;
 492:Src/transport/connection_manager.cpp ****     rfRuntimeRecoveryActive = false;
 493:Src/transport/connection_manager.cpp ****     rfStatusPollPending = false;
 494:Src/transport/connection_manager.cpp ****     rfStatusPollFailures = 0u;
 495:Src/transport/connection_manager.cpp ****     lastRfStatusGeneration = rfTransport.receivedStatusGeneration();
 496:Src/transport/connection_manager.cpp ****     mode = connMode;
 497:Src/transport/connection_manager.cpp ****     inputMode = effectiveInputModeForConnection(mode, inputMode);
 498:Src/transport/connection_manager.cpp ****     appliedReportRateHz = mode == ConnectionMode::CONNECTION_MODE_USB
 499:Src/transport/connection_manager.cpp ****         ? 1000u : 0u;
 500:Src/transport/connection_manager.cpp ****     requestedReportRateHz = 1000;
 501:Src/transport/connection_manager.cpp ****     rateApplyPending = false;
 502:Src/transport/connection_manager.cpp ****     reportRateConfirmed = mode == ConnectionMode::CONNECTION_MODE_USB;
 503:Src/transport/connection_manager.cpp ****     rfHighRateEligible = inputMode == INPUT_MODE_XINPUT;
 504:Src/transport/connection_manager.cpp ****     if (coldSleepResume) setRfPowerState(RfPowerState::Unknown, false);
 505:Src/transport/connection_manager.cpp ****     else loadRfPowerStateHint();
 506:Src/transport/connection_manager.cpp ****     linkState = ConnectionLinkState::Disconnected;
 507:Src/transport/connection_manager.cpp ****     lastRfStatusPollMs = HAL_GetTick();
 508:Src/transport/connection_manager.cpp ****     lastRfLinkEventCounter = rfTransport.getStatus().eventCounter;
 509:Src/transport/connection_manager.cpp ****     lastRfSleepRetryMs = HAL_GetTick();
ARM GAS  C:\Users\nicx5\AppData\Local\Temp\cclEOOYD.s 			page 125


 510:Src/transport/connection_manager.cpp ****     rfStatLastMs = HAL_GetTick();
 511:Src/transport/connection_manager.cpp ****     rfSendWin = 0u;
 512:Src/transport/connection_manager.cpp ****     rfSendOkWin = 0u;
 513:Src/transport/connection_manager.cpp ****     rfSendFailWin = 0u;
 514:Src/transport/connection_manager.cpp ****     rfSendTotal = 0u;
 515:Src/transport/connection_manager.cpp ****     rfLastSeq = 0u;
 516:Src/transport/connection_manager.cpp ****     rfEventServiceEnabled = (mode == ConnectionMode::CONNECTION_MODE_RF24G);
 517:Src/transport/connection_manager.cpp ****     rfPairingActive = false;
 518:Src/transport/connection_manager.cpp ****     rfPairSucceeded = false;
 519:Src/transport/connection_manager.cpp ****     rfPairingState = RfPairingState::Idle;
 520:Src/transport/connection_manager.cpp ****     rfPairingLastEventCounter = 0u;
 521:Src/transport/connection_manager.cpp ****     rfPairingStartedAtMs = 0u;
 522:Src/transport/connection_manager.cpp ****     rfPairingTimeoutStopIssued = false;
 523:Src/transport/connection_manager.cpp ****     rfPairingLastErrorCommand = 0u;
 524:Src/transport/connection_manager.cpp ****     rfPairingLastErrorReason = 0u;
 525:Src/transport/connection_manager.cpp **** 
 526:Src/transport/connection_manager.cpp ****     if (mode == ConnectionMode::CONNECTION_MODE_USB) {
 527:Src/transport/connection_manager.cpp ****         appliedReportRateHz = 1000;
 528:Src/transport/connection_manager.cpp ****         MonitorTelemetry_Init(mode, appliedReportRateHz);
 529:Src/transport/connection_manager.cpp ****         setLinkState(get_usb_mounted()
 530:Src/transport/connection_manager.cpp ****             ? ConnectionLinkState::Connected
 531:Src/transport/connection_manager.cpp ****             : ConnectionLinkState::Disconnected);
 532:Src/transport/connection_manager.cpp ****         return;
 533:Src/transport/connection_manager.cpp ****     }
 534:Src/transport/connection_manager.cpp **** 
 535:Src/transport/connection_manager.cpp ****     requestedReportRateHz = rfHighRateEligible
 536:Src/transport/connection_manager.cpp ****         ? getRfReportRateHz(wirelessRate)
 537:Src/transport/connection_manager.cpp ****         : 1000u;
 538:Src/transport/connection_manager.cpp ****     printf("[RF_RATE] setup mode=%u requested=%u applied=%u enum=%u\r\n",
 539:Src/transport/connection_manager.cpp ****             (unsigned int)mode,
 540:Src/transport/connection_manager.cpp ****             (unsigned int)requestedReportRateHz,
 541:Src/transport/connection_manager.cpp ****             (unsigned int)appliedReportRateHz,
 542:Src/transport/connection_manager.cpp ****             (unsigned int)wirelessRate);
 543:Src/transport/connection_manager.cpp ****     MonitorTelemetry_Init(mode, requestedReportRateHz);
 544:Src/transport/connection_manager.cpp **** #if RF24G_SPI_TEST_FORCE_RF24G
 545:Src/transport/connection_manager.cpp ****     rateApplyPending = false;
 546:Src/transport/connection_manager.cpp ****     appliedReportRateHz = requestedReportRateHz;
 547:Src/transport/connection_manager.cpp ****     reportRateConfirmed = true;
 548:Src/transport/connection_manager.cpp ****     setLinkState(ConnectionLinkState::Connecting);
 549:Src/transport/connection_manager.cpp ****     lastRfBeginRetryMs = HAL_GetTick();
 550:Src/transport/connection_manager.cpp ****     return;
 551:Src/transport/connection_manager.cpp **** #endif
 552:Src/transport/connection_manager.cpp ****     // setup follows a new physical role selection, even when an old persisted
 553:Src/transport/connection_manager.cpp ****     // power hint says Sleeping. That new peer needs the RF application handoff.
 554:Src/transport/connection_manager.cpp ****     const bool rateOk = initializeRfPowerForMode(mode, wirelessRate);
 555:Src/transport/connection_manager.cpp ****     rateApplyPending = false;
 556:Src/transport/connection_manager.cpp ****     printf("[RF_RATE] setup setRate result=%u requested=%u applied=%u\r\n",
 557:Src/transport/connection_manager.cpp ****             (unsigned int)rateOk,
 558:Src/transport/connection_manager.cpp ****             (unsigned int)requestedReportRateHz,
 559:Src/transport/connection_manager.cpp ****             (unsigned int)appliedReportRateHz);
 560:Src/transport/connection_manager.cpp ****     if (!rateOk) {
 561:Src/transport/connection_manager.cpp ****         setLinkState(ConnectionLinkState::Error);
 562:Src/transport/connection_manager.cpp ****         MonitorTelemetry_OnError("CONNECTION_MANAGER", 1003u, "rf setRate failed");
 563:Src/transport/connection_manager.cpp ****     } else if (!rfRuntimeRecoveryActive) {
 564:Src/transport/connection_manager.cpp ****         updateRfLinkStateFromStatus();
 565:Src/transport/connection_manager.cpp ****     }
 566:Src/transport/connection_manager.cpp ****     // Local input keeps running; onReportReady gates wireless output until
ARM GAS  C:\Users\nicx5\AppData\Local\Temp\cclEOOYD.s 			page 126


 567:Src/transport/connection_manager.cpp ****     // the asynchronous handoff has confirmed the TX rate.
 568:Src/transport/connection_manager.cpp ****     lastRfBeginRetryMs = HAL_GetTick();
 569:Src/transport/connection_manager.cpp **** }
 570:Src/transport/connection_manager.cpp **** 
 571:Src/transport/connection_manager.cpp **** bool ConnectionManager::applyWirelessReportRate(WirelessReportRate wirelessRate, bool persist) {
 572:Src/transport/connection_manager.cpp ****     const uint16_t nextRateHz = rfHighRateEligible
 573:Src/transport/connection_manager.cpp ****         ? getRfReportRateHz(wirelessRate)
 574:Src/transport/connection_manager.cpp ****         : 1000u;
 575:Src/transport/connection_manager.cpp ****     const uint16_t previousRequestedHz = requestedReportRateHz;
 576:Src/transport/connection_manager.cpp ****     const uint16_t previousAppliedHz = appliedReportRateHz;
 577:Src/transport/connection_manager.cpp ****     (void)previousRequestedHz;
 578:Src/transport/connection_manager.cpp ****     (void)previousAppliedHz;
 579:Src/transport/connection_manager.cpp ****     printf("[RF_RATE] apply begin mode=%u enum=%u target=%u prev_req=%u prev_applied=%u persist=%u\
 580:Src/transport/connection_manager.cpp ****             (unsigned int)mode,
 581:Src/transport/connection_manager.cpp ****             (unsigned int)wirelessRate,
 582:Src/transport/connection_manager.cpp ****             (unsigned int)nextRateHz,
 583:Src/transport/connection_manager.cpp ****             (unsigned int)previousRequestedHz,
 584:Src/transport/connection_manager.cpp ****             (unsigned int)previousAppliedHz,
 585:Src/transport/connection_manager.cpp ****             (unsigned int)persist);
 586:Src/transport/connection_manager.cpp **** 
 587:Src/transport/connection_manager.cpp ****     if (mode != ConnectionMode::CONNECTION_MODE_RF24G ||
 588:Src/transport/connection_manager.cpp ****         !rfPhysicalRoleIsActive()) {
 589:Src/transport/connection_manager.cpp ****         printf("[RF_RATE] apply skip not-rf mode=%u target=%u\r\n",
 590:Src/transport/connection_manager.cpp ****                 (unsigned int)mode,
 591:Src/transport/connection_manager.cpp ****                 (unsigned int)nextRateHz);
 592:Src/transport/connection_manager.cpp ****         if (persist) {
 593:Src/transport/connection_manager.cpp ****             STORAGE_MANAGER.setWirelessReportRate(wirelessRate);
 594:Src/transport/connection_manager.cpp ****             (void)STORAGE_MANAGER.saveConfig();
 595:Src/transport/connection_manager.cpp ****         }
 596:Src/transport/connection_manager.cpp ****         return false;
 597:Src/transport/connection_manager.cpp ****     }
 598:Src/transport/connection_manager.cpp **** 
 599:Src/transport/connection_manager.cpp ****     if (!requireRfCommandReady(RfPowerReason::RfMode)) {
 600:Src/transport/connection_manager.cpp ****         return false;
 601:Src/transport/connection_manager.cpp ****     }
 602:Src/transport/connection_manager.cpp **** 
 603:Src/transport/connection_manager.cpp ****     if (!confirmRfReportRate(nextRateHz)) {
 604:Src/transport/connection_manager.cpp ****         setLinkState(ConnectionLinkState::Error);
 605:Src/transport/connection_manager.cpp ****         MonitorTelemetry_OnError("CONNECTION_MANAGER", 1004u, "runtime rf setRate failed");
 606:Src/transport/connection_manager.cpp ****         return false;
 607:Src/transport/connection_manager.cpp ****     }
 608:Src/transport/connection_manager.cpp **** 
 609:Src/transport/connection_manager.cpp ****     printf("[RF_RATE] apply complete target=%u applied=%u exact=%u\r\n",
 610:Src/transport/connection_manager.cpp ****             (unsigned int)nextRateHz,
 611:Src/transport/connection_manager.cpp ****             (unsigned int)appliedReportRateHz,
 612:Src/transport/connection_manager.cpp ****             (unsigned int)(nextRateHz == appliedReportRateHz));
 613:Src/transport/connection_manager.cpp ****     if (persist) {
 614:Src/transport/connection_manager.cpp ****         STORAGE_MANAGER.setWirelessReportRate(wirelessRate);
 615:Src/transport/connection_manager.cpp ****         if (!STORAGE_MANAGER.saveConfig()) {
 616:Src/transport/connection_manager.cpp ****             return false;
 617:Src/transport/connection_manager.cpp ****         }
 618:Src/transport/connection_manager.cpp ****     }
 619:Src/transport/connection_manager.cpp **** 
 620:Src/transport/connection_manager.cpp ****     MonitorTelemetry_Init(mode, appliedReportRateHz);
 621:Src/transport/connection_manager.cpp ****     updateRfLinkStateFromStatus();
 622:Src/transport/connection_manager.cpp ****     return true;
 623:Src/transport/connection_manager.cpp **** }
ARM GAS  C:\Users\nicx5\AppData\Local\Temp\cclEOOYD.s 			page 127


 624:Src/transport/connection_manager.cpp **** 
 625:Src/transport/connection_manager.cpp **** bool ConnectionManager::startRfPairing() {
 626:Src/transport/connection_manager.cpp ****     if (mode != ConnectionMode::CONNECTION_MODE_RF24G ||
 627:Src/transport/connection_manager.cpp ****         !rfPhysicalRoleIsActive()) {
 628:Src/transport/connection_manager.cpp ****         return false;
 629:Src/transport/connection_manager.cpp ****     }
 630:Src/transport/connection_manager.cpp **** 
 631:Src/transport/connection_manager.cpp ****     if (!requireRfCommandReady(RfPowerReason::Manual)) {
 632:Src/transport/connection_manager.cpp ****         if (!wakeRfFromSleep(RfPowerReason::Manual)) {
 633:Src/transport/connection_manager.cpp ****             rfPairingActive = false;
 634:Src/transport/connection_manager.cpp ****             rfPairingState = RfPairingState::TxError;
 635:Src/transport/connection_manager.cpp ****             return false;
 636:Src/transport/connection_manager.cpp ****         }
 637:Src/transport/connection_manager.cpp ****     }
 638:Src/transport/connection_manager.cpp **** 
 639:Src/transport/connection_manager.cpp ****     if (!requireRfCommandReady(RfPowerReason::Manual)) {
 640:Src/transport/connection_manager.cpp ****         rfPairingActive = false;
 641:Src/transport/connection_manager.cpp ****         rfPairingState = RfPairingState::TxError;
 642:Src/transport/connection_manager.cpp ****         return false;
 643:Src/transport/connection_manager.cpp ****     }
 644:Src/transport/connection_manager.cpp **** 
 645:Src/transport/connection_manager.cpp ****     rfEventServiceEnabled = true;
 646:Src/transport/connection_manager.cpp ****     rfPairingActive = true;
 647:Src/transport/connection_manager.cpp ****     rfPairSucceeded = false;
 648:Src/transport/connection_manager.cpp ****     rfPairingState = RfPairingState::Starting;
 649:Src/transport/connection_manager.cpp ****     rfPairingStartedAtMs = HAL_GetTick();
 650:Src/transport/connection_manager.cpp ****     rfPairingTimeoutStopIssued = false;
 651:Src/transport/connection_manager.cpp ****     rfPairingLastErrorCommand = 0u;
 652:Src/transport/connection_manager.cpp ****     rfPairingLastErrorReason = 0u;
 653:Src/transport/connection_manager.cpp **** 
 654:Src/transport/connection_manager.cpp ****     (void)rfTransport.serviceEvents();
 655:Src/transport/connection_manager.cpp ****     const uint32_t errorsBeforeStart = rfTransport.getStatus().errorCounter;
 656:Src/transport/connection_manager.cpp ****     const bool ok = rfTransport.startPair();
 657:Src/transport/connection_manager.cpp ****     rfPairingLastEventCounter = rfTransport.getStatus().eventCounter;
 658:Src/transport/connection_manager.cpp **** 
 659:Src/transport/connection_manager.cpp ****     if (!ok) {
 660:Src/transport/connection_manager.cpp ****         const RFModuleStatus& st = rfTransport.getStatus();
 661:Src/transport/connection_manager.cpp ****         if (!(st.lastEvent == kRfEvtError && st.errorCounter != errorsBeforeStart)) {
 662:Src/transport/connection_manager.cpp ****             rfPairingActive = true;
 663:Src/transport/connection_manager.cpp ****             rfPairingState = RfPairingState::Starting;
 664:Src/transport/connection_manager.cpp ****             ConnectionLinkState nextState = ConnectionLinkState::Connecting;
 665:Src/transport/connection_manager.cpp ****             if (mode == ConnectionMode::CONNECTION_MODE_RF24G && linkState != nextState) {
 666:Src/transport/connection_manager.cpp ****                 MonitorTelemetry_OnLinkStateChanged(mode, static_cast<uint8_t>(nextState));
 667:Src/transport/connection_manager.cpp ****             }
 668:Src/transport/connection_manager.cpp ****             if (mode == ConnectionMode::CONNECTION_MODE_RF24G) {
 669:Src/transport/connection_manager.cpp ****                 linkState = nextState;
 670:Src/transport/connection_manager.cpp ****             }
 671:Src/transport/connection_manager.cpp ****             return true;
 672:Src/transport/connection_manager.cpp ****         }
 673:Src/transport/connection_manager.cpp ****         rfPairingActive = false;
 674:Src/transport/connection_manager.cpp ****         rfPairingState = RfPairingState::TxError;
 675:Src/transport/connection_manager.cpp ****         rfPairingLastErrorCommand = (st.lastErrorCommand != 0u) ?
 676:Src/transport/connection_manager.cpp ****                                     st.lastErrorCommand :
 677:Src/transport/connection_manager.cpp ****                                     kRfCmdStartPair;
 678:Src/transport/connection_manager.cpp ****         rfPairingLastErrorReason = st.lastErrorReason;
 679:Src/transport/connection_manager.cpp ****         ConnectionLinkState nextState = ConnectionLinkState::Error;
 680:Src/transport/connection_manager.cpp ****         if (mode == ConnectionMode::CONNECTION_MODE_RF24G && linkState != nextState) {
ARM GAS  C:\Users\nicx5\AppData\Local\Temp\cclEOOYD.s 			page 128


 681:Src/transport/connection_manager.cpp ****             MonitorTelemetry_OnLinkStateChanged(mode, static_cast<uint8_t>(nextState));
 682:Src/transport/connection_manager.cpp ****         }
 683:Src/transport/connection_manager.cpp ****         if (mode == ConnectionMode::CONNECTION_MODE_RF24G) {
 684:Src/transport/connection_manager.cpp ****             linkState = nextState;
 685:Src/transport/connection_manager.cpp ****         }
 686:Src/transport/connection_manager.cpp ****         MonitorTelemetry_OnError("CONNECTION_MANAGER", 1005u, "rf startPair failed");
 687:Src/transport/connection_manager.cpp ****         return false;
 688:Src/transport/connection_manager.cpp ****     }
 689:Src/transport/connection_manager.cpp **** 
 690:Src/transport/connection_manager.cpp ****     updateRfLinkStateFromStatus();
 691:Src/transport/connection_manager.cpp ****     updatePairingStateFromStatus();
 692:Src/transport/connection_manager.cpp ****     if (rfPairingState == RfPairingState::Starting) {
 693:Src/transport/connection_manager.cpp ****         rfPairingState = RfPairingState::PairModeOn;
 694:Src/transport/connection_manager.cpp ****     }
 695:Src/transport/connection_manager.cpp ****     return true;
 696:Src/transport/connection_manager.cpp **** }
 697:Src/transport/connection_manager.cpp **** 
 698:Src/transport/connection_manager.cpp **** bool ConnectionManager::stopRfPairing() {
 2366              		.loc 1 698 41 is_stmt 1 view -0
 2367              		.cfi_startproc
 2368              		@ args = 0, pretend = 0, frame = 0
 2369              		@ frame_needed = 0, uses_anonymous_args = 0
 2370              		.loc 1 698 41 is_stmt 0 view .LVU713
 2371 0000 38B5     		push	{r3, r4, r5, lr}
 2372              	.LCFI20:
 2373              		.cfi_def_cfa_offset 16
 2374              		.cfi_offset 3, -16
 2375              		.cfi_offset 4, -12
 2376              		.cfi_offset 5, -8
 2377              		.cfi_offset 14, -4
 699:Src/transport/connection_manager.cpp ****     if (rfSleepRecoveryOwned) return false;
 2378              		.loc 1 699 5 is_stmt 1 view .LVU714
 2379              		.loc 1 699 9 is_stmt 0 view .LVU715
 2380 0002 90F83550 		ldrb	r5, [r0, #53]	@ zero_extendqisi2
 2381              		.loc 1 699 5 view .LVU716
 2382 0006 B5BB     		cbnz	r5, .L173
 2383 0008 0446     		mov	r4, r0
 700:Src/transport/connection_manager.cpp ****     if (mode != ConnectionMode::CONNECTION_MODE_RF24G ||
 2384              		.loc 1 700 5 is_stmt 1 view .LVU717
 2385              		.loc 1 700 9 is_stmt 0 view .LVU718
 2386 000a 0378     		ldrb	r3, [r0]	@ zero_extendqisi2
 2387              		.loc 1 700 55 view .LVU719
 2388 000c 012B     		cmp	r3, #1
 2389 000e 33D1     		bne	.L169
 701:Src/transport/connection_manager.cpp ****         !rfPhysicalRoleIsActive()) {
 2390              		.loc 1 701 32 view .LVU720
 2391 0010 FFF7FEFF 		bl	_ZN12_GLOBAL__N_1L22rfPhysicalRoleIsActiveEv
 2392              	.LVL202:
 700:Src/transport/connection_manager.cpp ****     if (mode != ConnectionMode::CONNECTION_MODE_RF24G ||
 2393              		.loc 1 700 55 discriminator 2 view .LVU721
 2394 0014 0546     		mov	r5, r0
 2395 0016 78B3     		cbz	r0, .L169
 702:Src/transport/connection_manager.cpp ****         return false;
 703:Src/transport/connection_manager.cpp ****     }
 704:Src/transport/connection_manager.cpp **** 
 705:Src/transport/connection_manager.cpp ****     rfEventServiceEnabled = true;
 2396              		.loc 1 705 5 is_stmt 1 view .LVU722
ARM GAS  C:\Users\nicx5\AppData\Local\Temp\cclEOOYD.s 			page 129


 2397              		.loc 1 705 27 is_stmt 0 view .LVU723
 2398 0018 0123     		movs	r3, #1
 2399 001a 84F83430 		strb	r3, [r4, #52]
 706:Src/transport/connection_manager.cpp ****     rfPairingTimeoutStopIssued = true;
 2400              		.loc 1 706 5 is_stmt 1 view .LVU724
 2401              		.loc 1 706 32 is_stmt 0 view .LVU725
 2402 001e 84F84C30 		strb	r3, [r4, #76]
 707:Src/transport/connection_manager.cpp ****     const bool ok = rfTransport.stopPair();
 2403              		.loc 1 707 5 is_stmt 1 view .LVU726
 2404              		.loc 1 707 41 is_stmt 0 view .LVU727
 2405 0022 04F15000 		add	r0, r4, #80
 2406 0026 FFF7FEFF 		bl	_ZN11RFTransport8stopPairEv
 2407              	.LVL203:
 708:Src/transport/connection_manager.cpp ****     rfPairingLastEventCounter = rfTransport.getStatus().eventCounter;
 2408              		.loc 1 708 5 is_stmt 1 view .LVU728
 2409              		.loc 1 708 57 is_stmt 0 discriminator 1 view .LVU729
 2410 002a 236F     		ldr	r3, [r4, #112]
 2411              		.loc 1 708 31 discriminator 1 view .LVU730
 2412 002c 6364     		str	r3, [r4, #68]
 709:Src/transport/connection_manager.cpp ****     if (ok) {
 2413              		.loc 1 709 5 is_stmt 1 view .LVU731
 2414              	.LBB228:
 2415 002e 0546     		mov	r5, r0
 2416 0030 80B1     		cbz	r0, .L170
 710:Src/transport/connection_manager.cpp ****         rfPairingActive = false;
 2417              		.loc 1 710 9 view .LVU732
 2418              		.loc 1 710 25 is_stmt 0 view .LVU733
 2419 0032 0023     		movs	r3, #0
 2420 0034 84F84030 		strb	r3, [r4, #64]
 711:Src/transport/connection_manager.cpp ****         if (rfPairingState == RfPairingState::PairModeOn ||
 2421              		.loc 1 711 9 is_stmt 1 view .LVU734
 2422              		.loc 1 711 13 is_stmt 0 view .LVU735
 2423 0038 94F84230 		ldrb	r3, [r4, #66]	@ zero_extendqisi2
 2424              		.loc 1 711 58 view .LVU736
 2425 003c 013B     		subs	r3, r3, #1
 2426 003e DBB2     		uxtb	r3, r3
 2427              		.loc 1 711 9 view .LVU737
 2428 0040 012B     		cmp	r3, #1
 2429 0042 03D9     		bls	.L175
 2430              	.L171:
 712:Src/transport/connection_manager.cpp ****             rfPairingState == RfPairingState::Starting) {
 713:Src/transport/connection_manager.cpp ****             rfPairingState = RfPairingState::Idle;
 714:Src/transport/connection_manager.cpp ****         }
 715:Src/transport/connection_manager.cpp ****         updateRfLinkStateFromStatus();
 2431              		.loc 1 715 9 is_stmt 1 view .LVU738
 2432              		.loc 1 715 36 is_stmt 0 view .LVU739
 2433 0044 2046     		mov	r0, r4
 2434              	.LVL204:
 2435              		.loc 1 715 36 view .LVU740
 2436 0046 FFF7FEFF 		bl	_ZN17ConnectionManager27updateRfLinkStateFromStatusEv
 2437              	.LVL205:
 2438 004a 15E0     		b	.L169
 2439              	.LVL206:
 2440              	.L175:
 713:Src/transport/connection_manager.cpp ****         }
 2441              		.loc 1 713 13 is_stmt 1 view .LVU741
 713:Src/transport/connection_manager.cpp ****         }
ARM GAS  C:\Users\nicx5\AppData\Local\Temp\cclEOOYD.s 			page 130


 2442              		.loc 1 713 28 is_stmt 0 view .LVU742
 2443 004c 0023     		movs	r3, #0
 2444 004e 84F84230 		strb	r3, [r4, #66]
 2445 0052 F7E7     		b	.L171
 2446              	.L170:
 2447              	.LBB229:
 716:Src/transport/connection_manager.cpp ****     } else {
 717:Src/transport/connection_manager.cpp ****         const RFModuleStatus& st = rfTransport.getStatus();
 2448              		.loc 1 717 9 is_stmt 1 view .LVU743
 2449              	.LVL207:
 718:Src/transport/connection_manager.cpp ****         rfPairingActive = false;
 2450              		.loc 1 718 9 view .LVU744
 2451              		.loc 1 718 25 is_stmt 0 view .LVU745
 2452 0054 0023     		movs	r3, #0
 2453 0056 84F84030 		strb	r3, [r4, #64]
 719:Src/transport/connection_manager.cpp ****         rfPairingState = RfPairingState::TxError;
 2454              		.loc 1 719 9 is_stmt 1 view .LVU746
 2455              		.loc 1 719 24 is_stmt 0 view .LVU747
 2456 005a 0323     		movs	r3, #3
 2457 005c 84F84230 		strb	r3, [r4, #66]
 720:Src/transport/connection_manager.cpp ****         rfPairingLastErrorCommand = (st.lastErrorCommand != 0u) ? st.lastErrorCommand : kRfCmdStopP
 2458              		.loc 1 720 9 is_stmt 1 view .LVU748
 2459              		.loc 1 720 41 is_stmt 0 view .LVU749
 2460 0060 94F86C30 		ldrb	r3, [r4, #108]	@ zero_extendqisi2
 2461              		.loc 1 720 65 view .LVU750
 2462 0064 03B9     		cbnz	r3, .L172
 2463              		.loc 1 720 65 discriminator 2 view .LVU751
 2464 0066 0323     		movs	r3, #3
 2465              	.L172:
 2466              		.loc 1 720 35 discriminator 4 view .LVU752
 2467 0068 84F84D30 		strb	r3, [r4, #77]
 721:Src/transport/connection_manager.cpp ****         rfPairingLastErrorReason = st.lastErrorReason;
 2468              		.loc 1 721 9 is_stmt 1 view .LVU753
 2469              		.loc 1 721 39 is_stmt 0 view .LVU754
 2470 006c 94F86D30 		ldrb	r3, [r4, #109]	@ zero_extendqisi2
 2471              		.loc 1 721 34 view .LVU755
 2472 0070 84F84E30 		strb	r3, [r4, #78]
 2473 0074 00E0     		b	.L169
 2474              	.LVL208:
 2475              	.L173:
 2476              		.loc 1 721 34 view .LVU756
 2477              	.LBE229:
 2478              	.LBE228:
 699:Src/transport/connection_manager.cpp ****     if (mode != ConnectionMode::CONNECTION_MODE_RF24G ||
 2479              		.loc 1 699 38 discriminator 1 view .LVU757
 2480 0076 0025     		movs	r5, #0
 2481              	.LVL209:
 2482              	.L169:
 722:Src/transport/connection_manager.cpp ****     }
 723:Src/transport/connection_manager.cpp ****     return ok;
 724:Src/transport/connection_manager.cpp **** }
 2483              		.loc 1 724 1 view .LVU758
 2484 0078 2846     		mov	r0, r5
 2485 007a 38BD     		pop	{r3, r4, r5, pc}
 2486              		.cfi_endproc
 2487              	.LFE2456:
 2489              		.section	.text._ZN17ConnectionManager17tryRfSleepCommandEv,"ax",%progbits
ARM GAS  C:\Users\nicx5\AppData\Local\Temp\cclEOOYD.s 			page 131


 2490              		.align	1
 2491              		.global	_ZN17ConnectionManager17tryRfSleepCommandEv
 2492              		.syntax unified
 2493              		.thumb
 2494              		.thumb_func
 2496              	_ZN17ConnectionManager17tryRfSleepCommandEv:
 2497              	.LVL210:
 2498              	.LFB2457:
 725:Src/transport/connection_manager.cpp **** 
 726:Src/transport/connection_manager.cpp **** bool ConnectionManager::tryRfSleepCommand() {
 2499              		.loc 1 726 45 is_stmt 1 view -0
 2500              		.cfi_startproc
 2501              		@ args = 0, pretend = 0, frame = 0
 2502              		@ frame_needed = 0, uses_anonymous_args = 0
 2503              		.loc 1 726 45 is_stmt 0 view .LVU760
 2504 0000 38B5     		push	{r3, r4, r5, lr}
 2505              	.LCFI21:
 2506              		.cfi_def_cfa_offset 16
 2507              		.cfi_offset 3, -16
 2508              		.cfi_offset 4, -12
 2509              		.cfi_offset 5, -8
 2510              		.cfi_offset 14, -4
 2511 0002 0446     		mov	r4, r0
 727:Src/transport/connection_manager.cpp ****     const bool ok = rfTransport.sleep();
 2512              		.loc 1 727 5 is_stmt 1 view .LVU761
 2513              		.loc 1 727 38 is_stmt 0 view .LVU762
 2514 0004 5030     		adds	r0, r0, #80
 2515              	.LVL211:
 2516              		.loc 1 727 38 view .LVU763
 2517 0006 FFF7FEFF 		bl	_ZN11RFTransport5sleepEv
 2518              	.LVL212:
 728:Src/transport/connection_manager.cpp ****     if (ok) {
 2519              		.loc 1 728 5 is_stmt 1 view .LVU764
 2520              	.LBB230:
 2521 000a 0546     		mov	r5, r0
 2522 000c 88B9     		cbnz	r0, .L183
 2523              	.LBB231:
 729:Src/transport/connection_manager.cpp ****         setRfPowerState(RfPowerState::Sleeping, true);
 730:Src/transport/connection_manager.cpp ****         rfEventServiceEnabled = false;
 731:Src/transport/connection_manager.cpp ****         (void)RFBridgePort_PrepareWakeLineIdle();
 732:Src/transport/connection_manager.cpp ****         ConnectionLinkState nextState = ConnectionLinkState::Disconnected;
 733:Src/transport/connection_manager.cpp ****         if (mode == ConnectionMode::CONNECTION_MODE_RF24G && linkState != nextState) {
 734:Src/transport/connection_manager.cpp ****             MonitorTelemetry_OnLinkStateChanged(mode, static_cast<uint8_t>(nextState));
 735:Src/transport/connection_manager.cpp ****         }
 736:Src/transport/connection_manager.cpp ****         if (mode == ConnectionMode::CONNECTION_MODE_RF24G) {
 737:Src/transport/connection_manager.cpp ****             linkState = nextState;
 738:Src/transport/connection_manager.cpp ****         }
 739:Src/transport/connection_manager.cpp ****     } else {
 740:Src/transport/connection_manager.cpp ****         const RFModuleStatus& st = rfTransport.getStatus();
 2524              		.loc 1 740 9 view .LVU765
 2525              	.LVL213:
 741:Src/transport/connection_manager.cpp ****         rfPairingLastErrorCommand = (st.lastErrorCommand != 0u) ? st.lastErrorCommand : kRfCmdSleep
 2526              		.loc 1 741 9 view .LVU766
 2527              		.loc 1 741 41 is_stmt 0 view .LVU767
 2528 000e 94F86C30 		ldrb	r3, [r4, #108]	@ zero_extendqisi2
 2529              		.loc 1 741 65 view .LVU768
 2530 0012 03B9     		cbnz	r3, .L180
ARM GAS  C:\Users\nicx5\AppData\Local\Temp\cclEOOYD.s 			page 132


 2531              		.loc 1 741 65 discriminator 2 view .LVU769
 2532 0014 0823     		movs	r3, #8
 2533              	.L180:
 2534              		.loc 1 741 35 discriminator 4 view .LVU770
 2535 0016 84F84D30 		strb	r3, [r4, #77]
 742:Src/transport/connection_manager.cpp ****         rfPairingLastErrorReason = st.lastErrorReason;
 2536              		.loc 1 742 9 is_stmt 1 view .LVU771
 2537              		.loc 1 742 39 is_stmt 0 view .LVU772
 2538 001a 94F86D30 		ldrb	r3, [r4, #109]	@ zero_extendqisi2
 2539              		.loc 1 742 34 view .LVU773
 2540 001e 84F84E30 		strb	r3, [r4, #78]
 743:Src/transport/connection_manager.cpp ****         ConnectionLinkState nextState = ConnectionLinkState::Error;
 2541              		.loc 1 743 9 is_stmt 1 view .LVU774
 2542              	.LVL214:
 744:Src/transport/connection_manager.cpp ****         if (mode == ConnectionMode::CONNECTION_MODE_RF24G && linkState != nextState) {
 2543              		.loc 1 744 9 view .LVU775
 2544              		.loc 1 744 13 is_stmt 0 view .LVU776
 2545 0022 2078     		ldrb	r0, [r4]	@ zero_extendqisi2
 2546              	.LVL215:
 2547              		.loc 1 744 9 view .LVU777
 2548 0024 0128     		cmp	r0, #1
 2549 0026 1ED0     		beq	.L184
 2550              	.L181:
 745:Src/transport/connection_manager.cpp ****             MonitorTelemetry_OnLinkStateChanged(mode, static_cast<uint8_t>(nextState));
 746:Src/transport/connection_manager.cpp ****         }
 747:Src/transport/connection_manager.cpp ****         if (mode == ConnectionMode::CONNECTION_MODE_RF24G) {
 2551              		.loc 1 747 9 is_stmt 1 view .LVU778
 2552              		.loc 1 747 13 is_stmt 0 view .LVU779
 2553 0028 2378     		ldrb	r3, [r4]	@ zero_extendqisi2
 2554              		.loc 1 747 9 view .LVU780
 2555 002a 012B     		cmp	r3, #1
 2556 002c 22D0     		beq	.L185
 2557              	.LVL216:
 2558              	.L179:
 2559              		.loc 1 747 9 view .LVU781
 2560              	.LBE231:
 2561              	.LBE230:
 748:Src/transport/connection_manager.cpp ****             linkState = nextState;
 749:Src/transport/connection_manager.cpp ****         }
 750:Src/transport/connection_manager.cpp ****     }
 751:Src/transport/connection_manager.cpp ****     return ok;
 2562              		.loc 1 751 5 is_stmt 1 view .LVU782
 752:Src/transport/connection_manager.cpp **** }
 2563              		.loc 1 752 1 is_stmt 0 view .LVU783
 2564 002e 2846     		mov	r0, r5
 2565 0030 38BD     		pop	{r3, r4, r5, pc}
 2566              	.LVL217:
 2567              	.L183:
 2568              	.LBB234:
 2569              	.LBB232:
 729:Src/transport/connection_manager.cpp ****         rfEventServiceEnabled = false;
 2570              		.loc 1 729 9 is_stmt 1 view .LVU784
 729:Src/transport/connection_manager.cpp ****         rfEventServiceEnabled = false;
 2571              		.loc 1 729 24 is_stmt 0 view .LVU785
 2572 0032 0122     		movs	r2, #1
 2573 0034 0321     		movs	r1, #3
 2574 0036 2046     		mov	r0, r4
ARM GAS  C:\Users\nicx5\AppData\Local\Temp\cclEOOYD.s 			page 133


 2575              	.LVL218:
 729:Src/transport/connection_manager.cpp ****         rfEventServiceEnabled = false;
 2576              		.loc 1 729 24 view .LVU786
 2577 0038 FFF7FEFF 		bl	_ZN17ConnectionManager15setRfPowerStateE12RfPowerStateb
 2578              	.LVL219:
 730:Src/transport/connection_manager.cpp ****         (void)RFBridgePort_PrepareWakeLineIdle();
 2579              		.loc 1 730 9 is_stmt 1 view .LVU787
 730:Src/transport/connection_manager.cpp ****         (void)RFBridgePort_PrepareWakeLineIdle();
 2580              		.loc 1 730 31 is_stmt 0 view .LVU788
 2581 003c 0023     		movs	r3, #0
 2582 003e 84F83430 		strb	r3, [r4, #52]
 731:Src/transport/connection_manager.cpp ****         ConnectionLinkState nextState = ConnectionLinkState::Disconnected;
 2583              		.loc 1 731 9 is_stmt 1 view .LVU789
 731:Src/transport/connection_manager.cpp ****         ConnectionLinkState nextState = ConnectionLinkState::Disconnected;
 2584              		.loc 1 731 47 is_stmt 0 view .LVU790
 2585 0042 FFF7FEFF 		bl	_Z32RFBridgePort_PrepareWakeLineIdlev
 2586              	.LVL220:
 732:Src/transport/connection_manager.cpp ****         if (mode == ConnectionMode::CONNECTION_MODE_RF24G && linkState != nextState) {
 2587              		.loc 1 732 9 is_stmt 1 view .LVU791
 733:Src/transport/connection_manager.cpp ****             MonitorTelemetry_OnLinkStateChanged(mode, static_cast<uint8_t>(nextState));
 2588              		.loc 1 733 9 view .LVU792
 733:Src/transport/connection_manager.cpp ****             MonitorTelemetry_OnLinkStateChanged(mode, static_cast<uint8_t>(nextState));
 2589              		.loc 1 733 13 is_stmt 0 view .LVU793
 2590 0046 2078     		ldrb	r0, [r4]	@ zero_extendqisi2
 733:Src/transport/connection_manager.cpp ****             MonitorTelemetry_OnLinkStateChanged(mode, static_cast<uint8_t>(nextState));
 2591              		.loc 1 733 9 view .LVU794
 2592 0048 0128     		cmp	r0, #1
 2593 004a 05D0     		beq	.L186
 2594              	.L178:
 736:Src/transport/connection_manager.cpp ****             linkState = nextState;
 2595              		.loc 1 736 9 is_stmt 1 view .LVU795
 736:Src/transport/connection_manager.cpp ****             linkState = nextState;
 2596              		.loc 1 736 13 is_stmt 0 view .LVU796
 2597 004c 2378     		ldrb	r3, [r4]	@ zero_extendqisi2
 736:Src/transport/connection_manager.cpp ****             linkState = nextState;
 2598              		.loc 1 736 9 view .LVU797
 2599 004e 012B     		cmp	r3, #1
 2600 0050 EDD1     		bne	.L179
 737:Src/transport/connection_manager.cpp ****         }
 2601              		.loc 1 737 13 is_stmt 1 view .LVU798
 737:Src/transport/connection_manager.cpp ****         }
 2602              		.loc 1 737 23 is_stmt 0 view .LVU799
 2603 0052 0023     		movs	r3, #0
 2604 0054 6370     		strb	r3, [r4, #1]
 2605 0056 EAE7     		b	.L179
 2606              	.L186:
 733:Src/transport/connection_manager.cpp ****             MonitorTelemetry_OnLinkStateChanged(mode, static_cast<uint8_t>(nextState));
 2607              		.loc 1 733 62 discriminator 1 view .LVU800
 2608 0058 6378     		ldrb	r3, [r4, #1]	@ zero_extendqisi2
 733:Src/transport/connection_manager.cpp ****             MonitorTelemetry_OnLinkStateChanged(mode, static_cast<uint8_t>(nextState));
 2609              		.loc 1 733 59 discriminator 1 view .LVU801
 2610 005a 002B     		cmp	r3, #0
 2611 005c F6D0     		beq	.L178
 734:Src/transport/connection_manager.cpp ****         }
 2612              		.loc 1 734 13 is_stmt 1 view .LVU802
 734:Src/transport/connection_manager.cpp ****         }
 2613              		.loc 1 734 48 is_stmt 0 view .LVU803
ARM GAS  C:\Users\nicx5\AppData\Local\Temp\cclEOOYD.s 			page 134


 2614 005e 0021     		movs	r1, #0
 2615 0060 FFF7FEFF 		bl	_Z35MonitorTelemetry_OnLinkStateChanged14ConnectionModeh
 2616              	.LVL221:
 2617 0064 F2E7     		b	.L178
 2618              	.LVL222:
 2619              	.L184:
 734:Src/transport/connection_manager.cpp ****         }
 2620              		.loc 1 734 48 view .LVU804
 2621              	.LBE232:
 2622              	.LBB233:
 744:Src/transport/connection_manager.cpp ****             MonitorTelemetry_OnLinkStateChanged(mode, static_cast<uint8_t>(nextState));
 2623              		.loc 1 744 62 discriminator 1 view .LVU805
 2624 0066 6378     		ldrb	r3, [r4, #1]	@ zero_extendqisi2
 744:Src/transport/connection_manager.cpp ****             MonitorTelemetry_OnLinkStateChanged(mode, static_cast<uint8_t>(nextState));
 2625              		.loc 1 744 59 discriminator 1 view .LVU806
 2626 0068 032B     		cmp	r3, #3
 2627 006a DDD0     		beq	.L181
 745:Src/transport/connection_manager.cpp ****         }
 2628              		.loc 1 745 13 is_stmt 1 view .LVU807
 745:Src/transport/connection_manager.cpp ****         }
 2629              		.loc 1 745 48 is_stmt 0 view .LVU808
 2630 006c 0321     		movs	r1, #3
 2631 006e FFF7FEFF 		bl	_Z35MonitorTelemetry_OnLinkStateChanged14ConnectionModeh
 2632              	.LVL223:
 2633 0072 D9E7     		b	.L181
 2634              	.L185:
 748:Src/transport/connection_manager.cpp ****         }
 2635              		.loc 1 748 13 is_stmt 1 view .LVU809
 748:Src/transport/connection_manager.cpp ****         }
 2636              		.loc 1 748 23 is_stmt 0 view .LVU810
 2637 0074 0323     		movs	r3, #3
 2638 0076 6370     		strb	r3, [r4, #1]
 2639 0078 D9E7     		b	.L179
 2640              	.LBE233:
 2641              	.LBE234:
 2642              		.cfi_endproc
 2643              	.LFE2457:
 2645              		.section	.rodata._ZN17ConnectionManager34checkAndResleepAfterUnexpectedWakeE13RfPowerReason.str1.4
 2646              		.align	2
 2647              	.LC7:
 2648 0000 72662072 		.ascii	"rf resleep after wake failed\000"
 2648      65736C65 
 2648      65702061 
 2648      66746572 
 2648      2077616B 
 2649              		.section	.text._ZN17ConnectionManager34checkAndResleepAfterUnexpectedWakeE13RfPowerReason,"ax",%pr
 2650              		.align	1
 2651              		.global	_ZN17ConnectionManager34checkAndResleepAfterUnexpectedWakeE13RfPowerReason
 2652              		.syntax unified
 2653              		.thumb
 2654              		.thumb_func
 2656              	_ZN17ConnectionManager34checkAndResleepAfterUnexpectedWakeE13RfPowerReason:
 2657              	.LVL224:
 2658              	.LFB2458:
 753:Src/transport/connection_manager.cpp **** 
 754:Src/transport/connection_manager.cpp **** bool ConnectionManager::checkAndResleepAfterUnexpectedWake(RfPowerReason reason) {
 2659              		.loc 1 754 82 is_stmt 1 view -0
ARM GAS  C:\Users\nicx5\AppData\Local\Temp\cclEOOYD.s 			page 135


 2660              		.cfi_startproc
 2661              		@ args = 0, pretend = 0, frame = 0
 2662              		@ frame_needed = 0, uses_anonymous_args = 0
 2663              		.loc 1 754 82 is_stmt 0 view .LVU812
 2664 0000 F8B5     		push	{r3, r4, r5, r6, r7, lr}
 2665              	.LCFI22:
 2666              		.cfi_def_cfa_offset 24
 2667              		.cfi_offset 3, -24
 2668              		.cfi_offset 4, -20
 2669              		.cfi_offset 5, -16
 2670              		.cfi_offset 6, -12
 2671              		.cfi_offset 7, -8
 2672              		.cfi_offset 14, -4
 2673 0002 0446     		mov	r4, r0
 755:Src/transport/connection_manager.cpp ****     const uint32_t start = HAL_GetTick();
 2674              		.loc 1 755 5 is_stmt 1 view .LVU813
 2675              		.loc 1 755 39 is_stmt 0 view .LVU814
 2676 0004 FFF7FEFF 		bl	HAL_GetTick
 2677              	.LVL225:
 2678              		.loc 1 755 39 view .LVU815
 2679 0008 0546     		mov	r5, r0
 2680              	.LVL226:
 756:Src/transport/connection_manager.cpp ****     const uint32_t beforeEvents = rfTransport.getStatus().eventCounter;
 2681              		.loc 1 756 5 is_stmt 1 view .LVU816
 2682              		.loc 1 756 59 is_stmt 0 discriminator 1 view .LVU817
 2683 000a 266F     		ldr	r6, [r4, #112]
 2684              	.LVL227:
 757:Src/transport/connection_manager.cpp ****     bool sawWakeComplete = false;
 2685              		.loc 1 757 5 is_stmt 1 view .LVU818
 758:Src/transport/connection_manager.cpp **** 
 759:Src/transport/connection_manager.cpp ****     while ((HAL_GetTick() - start) < kRfPostSleepWakeDetectMs) {
 2686              		.loc 1 759 5 view .LVU819
 2687 000c 02E0     		b	.L188
 2688              	.LVL228:
 2689              	.L197:
 2690              	.LBB235:
 760:Src/transport/connection_manager.cpp ****         if (!RFBridgePort_HasPendingEvent()) {
 761:Src/transport/connection_manager.cpp ****             HAL_Delay(1u);
 2691              		.loc 1 761 13 view .LVU820
 2692              		.loc 1 761 22 is_stmt 0 view .LVU821
 2693 000e 0120     		movs	r0, #1
 2694 0010 FFF7FEFF 		bl	HAL_Delay
 2695              	.LVL229:
 762:Src/transport/connection_manager.cpp ****             continue;
 2696              		.loc 1 762 13 is_stmt 1 view .LVU822
 2697              	.L188:
 2698              		.loc 1 762 13 is_stmt 0 view .LVU823
 2699              	.LBE235:
 759:Src/transport/connection_manager.cpp ****         if (!RFBridgePort_HasPendingEvent()) {
 2700              		.loc 1 759 36 is_stmt 1 view .LVU824
 759:Src/transport/connection_manager.cpp ****         if (!RFBridgePort_HasPendingEvent()) {
 2701              		.loc 1 759 24 is_stmt 0 view .LVU825
 2702 0014 FFF7FEFF 		bl	HAL_GetTick
 2703              	.LVL230:
 759:Src/transport/connection_manager.cpp ****         if (!RFBridgePort_HasPendingEvent()) {
 2704              		.loc 1 759 27 discriminator 1 view .LVU826
 2705 0018 401B     		subs	r0, r0, r5
ARM GAS  C:\Users\nicx5\AppData\Local\Temp\cclEOOYD.s 			page 136


 759:Src/transport/connection_manager.cpp ****         if (!RFBridgePort_HasPendingEvent()) {
 2706              		.loc 1 759 36 discriminator 1 view .LVU827
 2707 001a 9528     		cmp	r0, #149
 2708 001c 12D8     		bhi	.L196
 2709              	.LBB236:
 760:Src/transport/connection_manager.cpp ****         if (!RFBridgePort_HasPendingEvent()) {
 2710              		.loc 1 760 9 is_stmt 1 view .LVU828
 760:Src/transport/connection_manager.cpp ****         if (!RFBridgePort_HasPendingEvent()) {
 2711              		.loc 1 760 42 is_stmt 0 view .LVU829
 2712 001e FFF7FEFF 		bl	_Z28RFBridgePort_HasPendingEventv
 2713              	.LVL231:
 760:Src/transport/connection_manager.cpp ****         if (!RFBridgePort_HasPendingEvent()) {
 2714              		.loc 1 760 9 discriminator 1 view .LVU830
 2715 0022 0746     		mov	r7, r0
 2716 0024 0028     		cmp	r0, #0
 2717 0026 F2D0     		beq	.L197
 763:Src/transport/connection_manager.cpp ****         }
 764:Src/transport/connection_manager.cpp **** 
 765:Src/transport/connection_manager.cpp ****         (void)rfTransport.serviceEvents(1u);
 2718              		.loc 1 765 9 is_stmt 1 view .LVU831
 2719              		.loc 1 765 40 is_stmt 0 view .LVU832
 2720 0028 0121     		movs	r1, #1
 2721 002a 04F15000 		add	r0, r4, #80
 2722 002e FFF7FEFF 		bl	_ZN11RFTransport13serviceEventsEh
 2723              	.LVL232:
 766:Src/transport/connection_manager.cpp ****         const RFModuleStatus& st = rfTransport.getStatus();
 2724              		.loc 1 766 9 is_stmt 1 view .LVU833
 767:Src/transport/connection_manager.cpp ****         if ((st.eventCounter != beforeEvents) &&
 2725              		.loc 1 767 9 view .LVU834
 2726              		.loc 1 767 17 is_stmt 0 view .LVU835
 2727 0032 236F     		ldr	r3, [r4, #112]
 2728              		.loc 1 767 9 view .LVU836
 2729 0034 B342     		cmp	r3, r6
 2730 0036 EDD0     		beq	.L188
 768:Src/transport/connection_manager.cpp ****             (st.lastEvent == kRfEvtWakeupComplete) &&
 2731              		.loc 1 768 52 view .LVU837
 2732 0038 A36E     		ldr	r3, [r4, #104]
 2733 003a 6FF31723 		bfc	r3, #8, #16
 2734 003e 882B     		cmp	r3, #136
 2735 0040 E8D1     		bne	.L188
 2736 0042 00E0     		b	.L191
 2737              	.LVL233:
 2738              	.L196:
 2739              		.loc 1 768 52 view .LVU838
 2740              	.LBE236:
 757:Src/transport/connection_manager.cpp **** 
 2741              		.loc 1 757 10 view .LVU839
 2742 0044 0027     		movs	r7, #0
 2743              	.L191:
 2744              	.LVL234:
 769:Src/transport/connection_manager.cpp ****             (st.lastResult == 0u)) {
 770:Src/transport/connection_manager.cpp ****             sawWakeComplete = true;
 771:Src/transport/connection_manager.cpp ****             break;
 772:Src/transport/connection_manager.cpp ****         }
 773:Src/transport/connection_manager.cpp ****     }
 774:Src/transport/connection_manager.cpp **** 
 775:Src/transport/connection_manager.cpp ****     if (!sawWakeComplete) {
ARM GAS  C:\Users\nicx5\AppData\Local\Temp\cclEOOYD.s 			page 137


 2745              		.loc 1 775 5 is_stmt 1 view .LVU840
 2746 0046 17B9     		cbnz	r7, .L198
 776:Src/transport/connection_manager.cpp ****         return true;
 2747              		.loc 1 776 16 is_stmt 0 view .LVU841
 2748 0048 0124     		movs	r4, #1
 2749              	.LVL235:
 2750              	.L193:
 777:Src/transport/connection_manager.cpp ****     }
 778:Src/transport/connection_manager.cpp **** 
 779:Src/transport/connection_manager.cpp ****     printf("[RF_PWR][SLEEP_WAKE_EVT] reason=%s evt=0x%02X resleep=1\r\n",
 780:Src/transport/connection_manager.cpp ****            rfPowerReasonName(reason),
 781:Src/transport/connection_manager.cpp ****            (unsigned int)rfTransport.getStatus().lastEvent);
 782:Src/transport/connection_manager.cpp **** 
 783:Src/transport/connection_manager.cpp ****     rfEventServiceEnabled = true;
 784:Src/transport/connection_manager.cpp ****     setRfPowerState(RfPowerState::SleepPending, false);
 785:Src/transport/connection_manager.cpp ****     lastRfSleepRetryMs = HAL_GetTick();
 786:Src/transport/connection_manager.cpp **** 
 787:Src/transport/connection_manager.cpp ****     const bool ok = tryRfSleepCommand();
 788:Src/transport/connection_manager.cpp ****     if (!ok) {
 789:Src/transport/connection_manager.cpp ****         MonitorTelemetry_OnError("CONNECTION_MANAGER", 1009u, "rf resleep after wake failed");
 790:Src/transport/connection_manager.cpp ****         printf("[RF_PWR][SLEEP_RESLEEP_FAIL] reason=%s\r\n", rfPowerReasonName(reason));
 791:Src/transport/connection_manager.cpp ****         return false;
 792:Src/transport/connection_manager.cpp ****     }
 793:Src/transport/connection_manager.cpp **** 
 794:Src/transport/connection_manager.cpp ****     printf("[RF_PWR][SLEEP_RESLEEP_OK] reason=%s\r\n", rfPowerReasonName(reason));
 795:Src/transport/connection_manager.cpp ****     return true;
 796:Src/transport/connection_manager.cpp **** }
 2751              		.loc 1 796 1 view .LVU842
 2752 004a 2046     		mov	r0, r4
 2753 004c F8BD     		pop	{r3, r4, r5, r6, r7, pc}
 2754              	.LVL236:
 2755              	.L198:
 779:Src/transport/connection_manager.cpp ****            rfPowerReasonName(reason),
 2756              		.loc 1 779 5 is_stmt 1 view .LVU843
 783:Src/transport/connection_manager.cpp ****     setRfPowerState(RfPowerState::SleepPending, false);
 2757              		.loc 1 783 5 view .LVU844
 783:Src/transport/connection_manager.cpp ****     setRfPowerState(RfPowerState::SleepPending, false);
 2758              		.loc 1 783 27 is_stmt 0 view .LVU845
 2759 004e 0123     		movs	r3, #1
 2760 0050 84F83430 		strb	r3, [r4, #52]
 784:Src/transport/connection_manager.cpp ****     lastRfSleepRetryMs = HAL_GetTick();
 2761              		.loc 1 784 5 is_stmt 1 view .LVU846
 784:Src/transport/connection_manager.cpp ****     lastRfSleepRetryMs = HAL_GetTick();
 2762              		.loc 1 784 20 is_stmt 0 view .LVU847
 2763 0054 0022     		movs	r2, #0
 2764 0056 0221     		movs	r1, #2
 2765 0058 2046     		mov	r0, r4
 2766 005a FFF7FEFF 		bl	_ZN17ConnectionManager15setRfPowerStateE12RfPowerStateb
 2767              	.LVL237:
 785:Src/transport/connection_manager.cpp **** 
 2768              		.loc 1 785 5 is_stmt 1 view .LVU848
 785:Src/transport/connection_manager.cpp **** 
 2769              		.loc 1 785 37 is_stmt 0 view .LVU849
 2770 005e FFF7FEFF 		bl	HAL_GetTick
 2771              	.LVL238:
 785:Src/transport/connection_manager.cpp **** 
 2772              		.loc 1 785 24 discriminator 1 view .LVU850
ARM GAS  C:\Users\nicx5\AppData\Local\Temp\cclEOOYD.s 			page 138


 2773 0062 A061     		str	r0, [r4, #24]
 787:Src/transport/connection_manager.cpp ****     if (!ok) {
 2774              		.loc 1 787 5 is_stmt 1 view .LVU851
 787:Src/transport/connection_manager.cpp ****     if (!ok) {
 2775              		.loc 1 787 38 is_stmt 0 view .LVU852
 2776 0064 2046     		mov	r0, r4
 2777 0066 FFF7FEFF 		bl	_ZN17ConnectionManager17tryRfSleepCommandEv
 2778              	.LVL239:
 788:Src/transport/connection_manager.cpp ****         MonitorTelemetry_OnError("CONNECTION_MANAGER", 1009u, "rf resleep after wake failed");
 2779              		.loc 1 788 5 is_stmt 1 view .LVU853
 2780 006a 0446     		mov	r4, r0
 2781              	.LVL240:
 788:Src/transport/connection_manager.cpp ****         MonitorTelemetry_OnError("CONNECTION_MANAGER", 1009u, "rf resleep after wake failed");
 2782              		.loc 1 788 5 is_stmt 0 view .LVU854
 2783 006c 0028     		cmp	r0, #0
 2784 006e ECD1     		bne	.L193
 789:Src/transport/connection_manager.cpp ****         printf("[RF_PWR][SLEEP_RESLEEP_FAIL] reason=%s\r\n", rfPowerReasonName(reason));
 2785              		.loc 1 789 9 is_stmt 1 view .LVU855
 789:Src/transport/connection_manager.cpp ****         printf("[RF_PWR][SLEEP_RESLEEP_FAIL] reason=%s\r\n", rfPowerReasonName(reason));
 2786              		.loc 1 789 33 is_stmt 0 view .LVU856
 2787 0070 034A     		ldr	r2, .L199
 2788 0072 40F2F131 		movw	r1, #1009
 2789 0076 0348     		ldr	r0, .L199+4
 2790              	.LVL241:
 789:Src/transport/connection_manager.cpp ****         printf("[RF_PWR][SLEEP_RESLEEP_FAIL] reason=%s\r\n", rfPowerReasonName(reason));
 2791              		.loc 1 789 33 view .LVU857
 2792 0078 FFF7FEFF 		bl	_Z24MonitorTelemetry_OnErrorPKcmS0_
 2793              	.LVL242:
 790:Src/transport/connection_manager.cpp ****         return false;
 2794              		.loc 1 790 9 is_stmt 1 view .LVU858
 791:Src/transport/connection_manager.cpp ****     }
 2795              		.loc 1 791 9 view .LVU859
 791:Src/transport/connection_manager.cpp ****     }
 2796              		.loc 1 791 16 is_stmt 0 view .LVU860
 2797 007c E5E7     		b	.L193
 2798              	.L200:
 2799 007e 00BF     		.align	2
 2800              	.L199:
 2801 0080 00000000 		.word	.LC7
 2802 0084 3C000000 		.word	.LC1
 2803              		.cfi_endproc
 2804              	.LFE2458:
 2806              		.section	.rodata._ZN17ConnectionManager16ensureRfSleepingE13RfPowerReason.str1.4,"aMS",%progbits,1
 2807              		.align	2
 2808              	.LC8:
 2809 0000 72662073 		.ascii	"rf sleep failed\000"
 2809      6C656570 
 2809      20666169 
 2809      6C656400 
 2810              		.section	.text._ZN17ConnectionManager16ensureRfSleepingE13RfPowerReason,"ax",%progbits
 2811              		.align	1
 2812              		.global	_ZN17ConnectionManager16ensureRfSleepingE13RfPowerReason
 2813              		.syntax unified
 2814              		.thumb
 2815              		.thumb_func
 2817              	_ZN17ConnectionManager16ensureRfSleepingE13RfPowerReason:
 2818              	.LVL243:
ARM GAS  C:\Users\nicx5\AppData\Local\Temp\cclEOOYD.s 			page 139


 2819              	.LFB2459:
 797:Src/transport/connection_manager.cpp **** 
 798:Src/transport/connection_manager.cpp **** bool ConnectionManager::ensureRfSleeping(RfPowerReason reason) {
 2820              		.loc 1 798 64 is_stmt 1 view -0
 2821              		.cfi_startproc
 2822              		@ args = 0, pretend = 0, frame = 0
 2823              		@ frame_needed = 0, uses_anonymous_args = 0
 2824              		.loc 1 798 64 is_stmt 0 view .LVU862
 2825 0000 70B5     		push	{r4, r5, r6, lr}
 2826              	.LCFI23:
 2827              		.cfi_def_cfa_offset 16
 2828              		.cfi_offset 4, -16
 2829              		.cfi_offset 5, -12
 2830              		.cfi_offset 6, -8
 2831              		.cfi_offset 14, -4
 799:Src/transport/connection_manager.cpp ****     if (rfSleepRecoveryOwned) return false;
 2832              		.loc 1 799 5 is_stmt 1 view .LVU863
 2833              		.loc 1 799 9 is_stmt 0 view .LVU864
 2834 0002 90F83530 		ldrb	r3, [r0, #53]	@ zero_extendqisi2
 2835              		.loc 1 799 5 view .LVU865
 2836 0006 73BB     		cbnz	r3, .L206
 2837 0008 0446     		mov	r4, r0
 2838 000a 0E46     		mov	r6, r1
 800:Src/transport/connection_manager.cpp ****     if ((rfPowerState == RfPowerState::Sleeping) && !rfPowerStateIsBootHint()) {
 2839              		.loc 1 800 5 is_stmt 1 view .LVU866
 2840              		.loc 1 800 10 is_stmt 0 view .LVU867
 2841 000c 437A     		ldrb	r3, [r0, #9]	@ zero_extendqisi2
 2842              		.loc 1 800 50 view .LVU868
 2843 000e 032B     		cmp	r3, #3
 2844 0010 1AD0     		beq	.L211
 2845              	.L203:
 801:Src/transport/connection_manager.cpp ****         printf("[RF_PWR][SLEEP_SKIP] reason=%s state=%s\r\n",
 802:Src/transport/connection_manager.cpp ****                rfPowerReasonName(reason),
 803:Src/transport/connection_manager.cpp ****                rfPowerStateName(rfPowerState));
 804:Src/transport/connection_manager.cpp ****         return true;
 805:Src/transport/connection_manager.cpp ****     }
 806:Src/transport/connection_manager.cpp **** 
 807:Src/transport/connection_manager.cpp ****     if ((rfPowerState == RfPowerState::SleepPending) && !rfPowerStateIsBootHint()) {
 2846              		.loc 1 807 5 is_stmt 1 view .LVU869
 2847              		.loc 1 807 54 is_stmt 0 view .LVU870
 2848 0012 022B     		cmp	r3, #2
 2849 0014 01D1     		bne	.L204
 2850              	.LVL244:
 2851              	.LBB237:
 2852              	.LBI237:
 2853              		.file 10 "Inc/transport/connection_manager.hpp"
   1:Inc/transport/connection_manager.hpp **** #ifndef CONNECTION_MANAGER_HPP
   2:Inc/transport/connection_manager.hpp **** #define CONNECTION_MANAGER_HPP
   3:Inc/transport/connection_manager.hpp **** 
   4:Inc/transport/connection_manager.hpp **** #include <stdint.h>
   5:Inc/transport/connection_manager.hpp **** 
   6:Inc/transport/connection_manager.hpp **** #include "enums.hpp"
   7:Inc/transport/connection_manager.hpp **** #include "gamepad/GamepadState.hpp"
   8:Inc/transport/connection_manager.hpp **** #include "rf_link_state_policy.hpp"
   9:Inc/transport/connection_manager.hpp **** #include "rf_transport.hpp"
  10:Inc/transport/connection_manager.hpp **** 
  11:Inc/transport/connection_manager.hpp **** enum class RfPairingState : uint8_t {
ARM GAS  C:\Users\nicx5\AppData\Local\Temp\cclEOOYD.s 			page 140


  12:Inc/transport/connection_manager.hpp ****     Idle = 0,
  13:Inc/transport/connection_manager.hpp ****     Starting = 1,
  14:Inc/transport/connection_manager.hpp ****     PairModeOn = 2,
  15:Inc/transport/connection_manager.hpp ****     TxError = 3,
  16:Inc/transport/connection_manager.hpp ****     PairOk = 4,
  17:Inc/transport/connection_manager.hpp ****     Timeout = 5,
  18:Inc/transport/connection_manager.hpp **** };
  19:Inc/transport/connection_manager.hpp **** 
  20:Inc/transport/connection_manager.hpp **** enum class RfPowerReason : uint8_t {
  21:Inc/transport/connection_manager.hpp ****     Boot = 0,
  22:Inc/transport/connection_manager.hpp ****     UsbMode = 1,
  23:Inc/transport/connection_manager.hpp ****     RfMode = 2,
  24:Inc/transport/connection_manager.hpp ****     SystemSleep = 3,
  25:Inc/transport/connection_manager.hpp ****     SystemWake = 4,
  26:Inc/transport/connection_manager.hpp ****     Manual = 5,
  27:Inc/transport/connection_manager.hpp **** };
  28:Inc/transport/connection_manager.hpp **** 
  29:Inc/transport/connection_manager.hpp **** enum class RfPowerState : uint8_t {
  30:Inc/transport/connection_manager.hpp ****     Unknown = 0,
  31:Inc/transport/connection_manager.hpp ****     Awake = 1,
  32:Inc/transport/connection_manager.hpp ****     SleepPending = 2,
  33:Inc/transport/connection_manager.hpp ****     Sleeping = 3,
  34:Inc/transport/connection_manager.hpp ****     WakePending = 4,
  35:Inc/transport/connection_manager.hpp ****     Error = 5,
  36:Inc/transport/connection_manager.hpp **** };
  37:Inc/transport/connection_manager.hpp **** 
  38:Inc/transport/connection_manager.hpp **** class ConnectionManager {
  39:Inc/transport/connection_manager.hpp **** public:
  40:Inc/transport/connection_manager.hpp ****     ConnectionManager(ConnectionManager const&) = delete;
  41:Inc/transport/connection_manager.hpp ****     void operator=(ConnectionManager const&) = delete;
  42:Inc/transport/connection_manager.hpp ****     static ConnectionManager& getInstance() {
  43:Inc/transport/connection_manager.hpp ****         static ConnectionManager instance;
  44:Inc/transport/connection_manager.hpp ****         return instance;
  45:Inc/transport/connection_manager.hpp ****     }
  46:Inc/transport/connection_manager.hpp **** 
  47:Inc/transport/connection_manager.hpp ****     void setup(ConnectionMode mode,
  48:Inc/transport/connection_manager.hpp ****                WirelessReportRate wirelessRate,
  49:Inc/transport/connection_manager.hpp ****                InputMode inputMode, bool coldSleepResume = false);
  50:Inc/transport/connection_manager.hpp ****     void loop();
  51:Inc/transport/connection_manager.hpp ****     bool onReportReady(const GamepadState& state, uint32_t seq);
  52:Inc/transport/connection_manager.hpp ****     bool applyWirelessReportRate(WirelessReportRate wirelessRate, bool persist);
  53:Inc/transport/connection_manager.hpp ****     bool startRfPairing();
  54:Inc/transport/connection_manager.hpp ****     bool stopRfPairing();
  55:Inc/transport/connection_manager.hpp ****     bool initializeRfPowerForMode(ConnectionMode mode, WirelessReportRate wirelessRate);
  56:Inc/transport/connection_manager.hpp ****     bool switchOutputToRf(WirelessReportRate wirelessRate);
  57:Inc/transport/connection_manager.hpp ****     bool switchOutputToUsb();
  58:Inc/transport/connection_manager.hpp ****     bool ensureRfSleeping(RfPowerReason reason);
  59:Inc/transport/connection_manager.hpp ****     bool wakeRfFromSleep(RfPowerReason reason);
  60:Inc/transport/connection_manager.hpp ****     bool restoreRfRuntime(WirelessReportRate wirelessRate);
  61:Inc/transport/connection_manager.hpp ****     bool sleepRfModule();
  62:Inc/transport/connection_manager.hpp ****     void onRfPowerRemovedForSleep();
  63:Inc/transport/connection_manager.hpp ****     void resetRfSleepSession();
  64:Inc/transport/connection_manager.hpp ****     void setRfSleepRecoveryError(bool error);
  65:Inc/transport/connection_manager.hpp ****     void completeRfSleepRecovery(const RFTransport& transport, uint16_t rate);
  66:Inc/transport/connection_manager.hpp ****     void cancelRfRuntimeRecovery();
  67:Inc/transport/connection_manager.hpp ****     bool isRfRuntimeRecovering() const { return rfRuntimeRecoveryActive; }
  68:Inc/transport/connection_manager.hpp ****     bool wakeRfModule();
ARM GAS  C:\Users\nicx5\AppData\Local\Temp\cclEOOYD.s 			page 141


  69:Inc/transport/connection_manager.hpp **** 
  70:Inc/transport/connection_manager.hpp ****     ConnectionMode getMode() const { return mode; }
  71:Inc/transport/connection_manager.hpp ****     ConnectionLinkState getLinkState() const { return linkState; }
  72:Inc/transport/connection_manager.hpp ****     uint16_t getAppliedReportRateHz() const { return appliedReportRateHz; }
  73:Inc/transport/connection_manager.hpp ****     bool isReportRateConfirmed() const { return reportRateConfirmed; }
  74:Inc/transport/connection_manager.hpp ****     bool isRfPairing() const { return rfPairingActive; }
  75:Inc/transport/connection_manager.hpp ****     bool hasRfPairSucceeded() const { return rfPairSucceeded || rfPairingState == RfPairingState::P
  76:Inc/transport/connection_manager.hpp ****     bool isRfSleeping() const { return rfPowerState == RfPowerState::Sleeping; }
  77:Inc/transport/connection_manager.hpp ****     bool isRfWakeInProgress() const { return rfPowerState == RfPowerState::WakePending; }
  78:Inc/transport/connection_manager.hpp ****     RfPowerState getRfPowerState() const { return rfPowerState; }
  79:Inc/transport/connection_manager.hpp ****     RfPairingState getRfPairingState() const { return rfPairingState; }
  80:Inc/transport/connection_manager.hpp ****     const RFModuleStatus& getRfModuleStatus() const { return rfTransport.getStatus(); }
  81:Inc/transport/connection_manager.hpp ****     uint8_t getRfPairingLastErrorCommand() const { return rfPairingLastErrorCommand; }
  82:Inc/transport/connection_manager.hpp ****     uint8_t getRfPairingLastErrorReason() const { return rfPairingLastErrorReason; }
  83:Inc/transport/connection_manager.hpp ****     uint32_t getRfPairingStartedAtMs() const { return rfPairingStartedAtMs; }
  84:Inc/transport/connection_manager.hpp **** 
  85:Inc/transport/connection_manager.hpp **** private:
  86:Inc/transport/connection_manager.hpp ****     ConnectionManager() = default;
  87:Inc/transport/connection_manager.hpp ****     void serviceRfEvents();
  88:Inc/transport/connection_manager.hpp ****     void serviceRfStatusPoll();
  89:Inc/transport/connection_manager.hpp ****     bool serviceRfRuntimeRecovery();
  90:Inc/transport/connection_manager.hpp ****     void recordRfRecoveryStart();
  91:Inc/transport/connection_manager.hpp ****     void serviceRfPairingTimeout();
  92:Inc/transport/connection_manager.hpp ****     void updatePairingStateFromStatus();
  93:Inc/transport/connection_manager.hpp ****     void updateRfLinkStateFromStatus();
  94:Inc/transport/connection_manager.hpp ****     void setLinkState(ConnectionLinkState state);
  95:Inc/transport/connection_manager.hpp ****     void activateRfModeAfterPairSuccess();
  96:Inc/transport/connection_manager.hpp ****     bool tryRfBringup(bool isRetry);
  97:Inc/transport/connection_manager.hpp ****     bool tryRfSleepCommand();
  98:Inc/transport/connection_manager.hpp ****     bool checkAndResleepAfterUnexpectedWake(RfPowerReason reason);
  99:Inc/transport/connection_manager.hpp ****     bool requireRfCommandReady(RfPowerReason reason);
 100:Inc/transport/connection_manager.hpp ****     bool enterRfModeAfterColdBoot(ConnectionMode connMode, WirelessReportRate wirelessRate);
 101:Inc/transport/connection_manager.hpp ****     void loadRfPowerStateHint();
 102:Inc/transport/connection_manager.hpp ****     void setRfPowerState(RfPowerState state, bool persist);
 103:Inc/transport/connection_manager.hpp ****     bool rfPowerStateBlocksSpi() const;
 104:Inc/transport/connection_manager.hpp ****     bool confirmRfReportRate(uint16_t targetRateHz);
 105:Inc/transport/connection_manager.hpp ****     bool rfPowerStateIsBootHint() const { return rfPowerStateFromPersistedHint; }
 2854              		.loc 10 105 10 is_stmt 1 view .LVU871
 2855              	.LBB238:
 2856              		.loc 10 105 43 view .LVU872
 2857              		.loc 10 105 50 is_stmt 0 view .LVU873
 2858 0016 A37A     		ldrb	r3, [r4, #10]	@ zero_extendqisi2
 2859              	.LVL245:
 2860              		.loc 10 105 50 view .LVU874
 2861              	.LBE238:
 2862              	.LBE237:
 2863              		.loc 1 807 54 discriminator 1 view .LVU875
 2864 0018 43B3     		cbz	r3, .L208
 2865              	.L204:
 808:Src/transport/connection_manager.cpp ****         printf("[RF_PWR][SLEEP_PENDING] reason=%s\r\n", rfPowerReasonName(reason));
 809:Src/transport/connection_manager.cpp ****         return true;
 810:Src/transport/connection_manager.cpp ****     }
 811:Src/transport/connection_manager.cpp **** 
 812:Src/transport/connection_manager.cpp ****     printf("[RF_PWR][SLEEP_BEGIN] reason=%s mode=%u state=%s hint=%u\r\n",
 2866              		.loc 1 812 5 is_stmt 1 view .LVU876
 813:Src/transport/connection_manager.cpp ****            rfPowerReasonName(reason),
 814:Src/transport/connection_manager.cpp ****            (unsigned int)mode,
ARM GAS  C:\Users\nicx5\AppData\Local\Temp\cclEOOYD.s 			page 142


 815:Src/transport/connection_manager.cpp ****            rfPowerStateName(rfPowerState),
 816:Src/transport/connection_manager.cpp ****            (unsigned int)rfPowerStateIsBootHint());
 817:Src/transport/connection_manager.cpp **** 
 818:Src/transport/connection_manager.cpp ****     rfEventServiceEnabled = true;
 2867              		.loc 1 818 5 view .LVU877
 2868              		.loc 1 818 27 is_stmt 0 view .LVU878
 2869 001a 0123     		movs	r3, #1
 2870 001c 84F83430 		strb	r3, [r4, #52]
 819:Src/transport/connection_manager.cpp ****     setRfPowerState(RfPowerState::SleepPending, false);
 2871              		.loc 1 819 5 is_stmt 1 view .LVU879
 2872              		.loc 1 819 20 is_stmt 0 view .LVU880
 2873 0020 0022     		movs	r2, #0
 2874 0022 0221     		movs	r1, #2
 2875              	.LVL246:
 2876              		.loc 1 819 20 view .LVU881
 2877 0024 2046     		mov	r0, r4
 2878              	.LVL247:
 2879              		.loc 1 819 20 view .LVU882
 2880 0026 FFF7FEFF 		bl	_ZN17ConnectionManager15setRfPowerStateE12RfPowerStateb
 2881              	.LVL248:
 820:Src/transport/connection_manager.cpp ****     lastRfSleepRetryMs = HAL_GetTick();
 2882              		.loc 1 820 5 is_stmt 1 view .LVU883
 2883              		.loc 1 820 37 is_stmt 0 view .LVU884
 2884 002a FFF7FEFF 		bl	HAL_GetTick
 2885              	.LVL249:
 2886              		.loc 1 820 24 discriminator 1 view .LVU885
 2887 002e A061     		str	r0, [r4, #24]
 821:Src/transport/connection_manager.cpp ****     const bool ok = tryRfSleepCommand();
 2888              		.loc 1 821 5 is_stmt 1 view .LVU886
 2889              		.loc 1 821 38 is_stmt 0 view .LVU887
 2890 0030 2046     		mov	r0, r4
 2891 0032 FFF7FEFF 		bl	_ZN17ConnectionManager17tryRfSleepCommandEv
 2892              	.LVL250:
 822:Src/transport/connection_manager.cpp ****     if (!ok) {
 2893              		.loc 1 822 5 is_stmt 1 view .LVU888
 2894 0036 0546     		mov	r5, r0
 2895 0038 58B9     		cbnz	r0, .L205
 823:Src/transport/connection_manager.cpp ****         MonitorTelemetry_OnError("CONNECTION_MANAGER", 1006u, "rf sleep failed");
 2896              		.loc 1 823 9 view .LVU889
 2897              		.loc 1 823 33 is_stmt 0 view .LVU890
 2898 003a 0D4A     		ldr	r2, .L212
 2899 003c 40F2EE31 		movw	r1, #1006
 2900 0040 0C48     		ldr	r0, .L212+4
 2901              	.LVL251:
 2902              		.loc 1 823 33 view .LVU891
 2903 0042 FFF7FEFF 		bl	_Z24MonitorTelemetry_OnErrorPKcmS0_
 2904              	.LVL252:
 824:Src/transport/connection_manager.cpp ****         printf("[RF_PWR][SLEEP_FAIL] reason=%s\r\n", rfPowerReasonName(reason));
 2905              		.loc 1 824 9 is_stmt 1 view .LVU892
 2906 0046 0FE0     		b	.L202
 2907              	.LVL253:
 2908              	.L211:
 2909              	.LBB239:
 2910              	.LBI239:
 2911              		.loc 10 105 10 view .LVU893
 2912              	.LBB240:
 2913              		.loc 10 105 43 view .LVU894
ARM GAS  C:\Users\nicx5\AppData\Local\Temp\cclEOOYD.s 			page 143


 2914              		.loc 10 105 50 is_stmt 0 view .LVU895
 2915 0048 827A     		ldrb	r2, [r0, #10]	@ zero_extendqisi2
 2916              	.LVL254:
 2917              		.loc 10 105 50 view .LVU896
 2918              	.LBE240:
 2919              	.LBE239:
 800:Src/transport/connection_manager.cpp ****         printf("[RF_PWR][SLEEP_SKIP] reason=%s state=%s\r\n",
 2920              		.loc 1 800 50 discriminator 1 view .LVU897
 2921 004a 002A     		cmp	r2, #0
 2922 004c E1D1     		bne	.L203
 804:Src/transport/connection_manager.cpp ****     }
 2923              		.loc 1 804 16 view .LVU898
 2924 004e 0125     		movs	r5, #1
 2925 0050 0AE0     		b	.L202
 2926              	.LVL255:
 2927              	.L205:
 825:Src/transport/connection_manager.cpp ****     } else {
 826:Src/transport/connection_manager.cpp ****         HAL_Delay(kRfPostSleepSettleMs);
 2928              		.loc 1 826 9 is_stmt 1 view .LVU899
 2929              		.loc 1 826 18 is_stmt 0 view .LVU900
 2930 0052 9620     		movs	r0, #150
 2931              	.LVL256:
 2932              		.loc 1 826 18 view .LVU901
 2933 0054 FFF7FEFF 		bl	HAL_Delay
 2934              	.LVL257:
 827:Src/transport/connection_manager.cpp ****         printf("[RF_PWR][SLEEP_OK] reason=%s\r\n", rfPowerReasonName(reason));
 2935              		.loc 1 827 9 is_stmt 1 view .LVU902
 828:Src/transport/connection_manager.cpp ****         if (!checkAndResleepAfterUnexpectedWake(reason)) {
 2936              		.loc 1 828 9 view .LVU903
 2937              		.loc 1 828 48 is_stmt 0 view .LVU904
 2938 0058 3146     		mov	r1, r6
 2939 005a 2046     		mov	r0, r4
 2940 005c FFF7FEFF 		bl	_ZN17ConnectionManager34checkAndResleepAfterUnexpectedWakeE13RfPowerReason
 2941              	.LVL258:
 2942              		.loc 1 828 9 discriminator 1 view .LVU905
 2943 0060 10B9     		cbnz	r0, .L202
 829:Src/transport/connection_manager.cpp ****             return false;
 2944              		.loc 1 829 20 view .LVU906
 2945 0062 0546     		mov	r5, r0
 2946              	.LVL259:
 2947              		.loc 1 829 20 view .LVU907
 2948 0064 00E0     		b	.L202
 2949              	.LVL260:
 2950              	.L206:
 799:Src/transport/connection_manager.cpp ****     if ((rfPowerState == RfPowerState::Sleeping) && !rfPowerStateIsBootHint()) {
 2951              		.loc 1 799 38 discriminator 1 view .LVU908
 2952 0066 0025     		movs	r5, #0
 2953              	.LVL261:
 2954              	.L202:
 830:Src/transport/connection_manager.cpp ****         }
 831:Src/transport/connection_manager.cpp ****     }
 832:Src/transport/connection_manager.cpp ****     return ok;
 833:Src/transport/connection_manager.cpp **** }
 2955              		.loc 1 833 1 view .LVU909
 2956 0068 2846     		mov	r0, r5
 2957 006a 70BD     		pop	{r4, r5, r6, pc}
 2958              	.LVL262:
ARM GAS  C:\Users\nicx5\AppData\Local\Temp\cclEOOYD.s 			page 144


 2959              	.L208:
 809:Src/transport/connection_manager.cpp ****     }
 2960              		.loc 1 809 16 view .LVU910
 2961 006c 0125     		movs	r5, #1
 2962 006e FBE7     		b	.L202
 2963              	.L213:
 2964              		.align	2
 2965              	.L212:
 2966 0070 00000000 		.word	.LC8
 2967 0074 3C000000 		.word	.LC1
 2968              		.cfi_endproc
 2969              	.LFE2459:
 2971              		.section	.text._ZN17ConnectionManager21requireRfCommandReadyE13RfPowerReason,"ax",%progbits
 2972              		.align	1
 2973              		.global	_ZN17ConnectionManager21requireRfCommandReadyE13RfPowerReason
 2974              		.syntax unified
 2975              		.thumb
 2976              		.thumb_func
 2978              	_ZN17ConnectionManager21requireRfCommandReadyE13RfPowerReason:
 2979              	.LVL263:
 2980              	.LFB2460:
 834:Src/transport/connection_manager.cpp **** 
 835:Src/transport/connection_manager.cpp **** bool ConnectionManager::requireRfCommandReady(RfPowerReason reason) {
 2981              		.loc 1 835 69 is_stmt 1 view -0
 2982              		.cfi_startproc
 2983              		@ args = 0, pretend = 0, frame = 0
 2984              		@ frame_needed = 0, uses_anonymous_args = 0
 2985              		@ link register save eliminated.
 2986              		.loc 1 835 69 is_stmt 0 view .LVU912
 2987 0000 0346     		mov	r3, r0
 836:Src/transport/connection_manager.cpp ****     if (rfSleepRecoveryOwned) return false;
 2988              		.loc 1 836 5 is_stmt 1 view .LVU913
 2989              		.loc 1 836 9 is_stmt 0 view .LVU914
 2990 0002 90F83500 		ldrb	r0, [r0, #53]	@ zero_extendqisi2
 2991              	.LVL264:
 2992              		.loc 1 836 5 view .LVU915
 2993 0006 50B9     		cbnz	r0, .L216
 837:Src/transport/connection_manager.cpp ****     if ((rfPowerState == RfPowerState::Awake) && !rfPowerStateIsBootHint()) {
 2994              		.loc 1 837 5 is_stmt 1 view .LVU916
 2995              		.loc 1 837 10 is_stmt 0 view .LVU917
 2996 0008 5A7A     		ldrb	r2, [r3, #9]	@ zero_extendqisi2
 2997              		.loc 1 837 47 view .LVU918
 2998 000a 012A     		cmp	r2, #1
 2999 000c 00D0     		beq	.L217
 3000              	.L215:
 838:Src/transport/connection_manager.cpp ****         rfEventServiceEnabled = true;
 839:Src/transport/connection_manager.cpp ****         printf("[RF_PWR][CMD_READY] reason=%s state=%s\r\n",
 840:Src/transport/connection_manager.cpp ****                rfPowerReasonName(reason),
 841:Src/transport/connection_manager.cpp ****                rfPowerStateName(rfPowerState));
 842:Src/transport/connection_manager.cpp ****         return true;
 843:Src/transport/connection_manager.cpp ****     }
 844:Src/transport/connection_manager.cpp **** 
 845:Src/transport/connection_manager.cpp ****     printf("[RF_PWR][CMD_BLOCKED] reason=%s state=%s hint=%u\r\n",
 846:Src/transport/connection_manager.cpp ****            rfPowerReasonName(reason),
 847:Src/transport/connection_manager.cpp ****            rfPowerStateName(rfPowerState),
 848:Src/transport/connection_manager.cpp ****            (unsigned int)rfPowerStateIsBootHint());
 849:Src/transport/connection_manager.cpp ****     return false;
ARM GAS  C:\Users\nicx5\AppData\Local\Temp\cclEOOYD.s 			page 145


 850:Src/transport/connection_manager.cpp **** }
 3001              		.loc 1 850 1 view .LVU919
 3002 000e 7047     		bx	lr
 3003              	.L217:
 3004              	.LVL265:
 3005              	.LBB241:
 3006              	.LBI241:
 3007              		.loc 10 105 10 is_stmt 1 view .LVU920
 3008              	.LBB242:
 3009              		.loc 10 105 43 view .LVU921
 3010              		.loc 10 105 50 is_stmt 0 view .LVU922
 3011 0010 9A7A     		ldrb	r2, [r3, #10]	@ zero_extendqisi2
 3012              	.LVL266:
 3013              		.loc 10 105 50 view .LVU923
 3014              	.LBE242:
 3015              	.LBE241:
 837:Src/transport/connection_manager.cpp ****     if ((rfPowerState == RfPowerState::Awake) && !rfPowerStateIsBootHint()) {
 3016              		.loc 1 837 47 discriminator 1 view .LVU924
 3017 0012 002A     		cmp	r2, #0
 3018 0014 FBD1     		bne	.L215
 838:Src/transport/connection_manager.cpp ****         rfEventServiceEnabled = true;
 3019              		.loc 1 838 9 is_stmt 1 view .LVU925
 838:Src/transport/connection_manager.cpp ****         rfEventServiceEnabled = true;
 3020              		.loc 1 838 31 is_stmt 0 view .LVU926
 3021 0016 0120     		movs	r0, #1
 3022 0018 83F83400 		strb	r0, [r3, #52]
 839:Src/transport/connection_manager.cpp ****                rfPowerReasonName(reason),
 3023              		.loc 1 839 9 is_stmt 1 view .LVU927
 842:Src/transport/connection_manager.cpp ****     }
 3024              		.loc 1 842 9 view .LVU928
 842:Src/transport/connection_manager.cpp ****     }
 3025              		.loc 1 842 16 is_stmt 0 view .LVU929
 3026 001c 7047     		bx	lr
 3027              	.L216:
 836:Src/transport/connection_manager.cpp ****     if ((rfPowerState == RfPowerState::Awake) && !rfPowerStateIsBootHint()) {
 3028              		.loc 1 836 38 discriminator 1 view .LVU930
 3029 001e 0020     		movs	r0, #0
 3030 0020 F5E7     		b	.L215
 3031              		.cfi_endproc
 3032              	.LFE2460:
 3034              		.section	.rodata._ZN17ConnectionManager23applyWirelessReportRateE18WirelessReportRateb.str1.4,"aMS
 3035              		.align	2
 3036              	.LC9:
 3037 0000 72756E74 		.ascii	"runtime rf setRate failed\000"
 3037      696D6520 
 3037      72662073 
 3037      65745261 
 3037      74652066 
 3038              		.section	.text._ZN17ConnectionManager23applyWirelessReportRateE18WirelessReportRateb,"ax",%progbit
 3039              		.align	1
 3040              		.global	_ZN17ConnectionManager23applyWirelessReportRateE18WirelessReportRateb
 3041              		.syntax unified
 3042              		.thumb
 3043              		.thumb_func
 3045              	_ZN17ConnectionManager23applyWirelessReportRateE18WirelessReportRateb:
 3046              	.LVL267:
 3047              	.LFB2454:
ARM GAS  C:\Users\nicx5\AppData\Local\Temp\cclEOOYD.s 			page 146


 571:Src/transport/connection_manager.cpp ****     const uint16_t nextRateHz = rfHighRateEligible
 3048              		.loc 1 571 96 is_stmt 1 view -0
 3049              		.cfi_startproc
 3050              		@ args = 0, pretend = 0, frame = 0
 3051              		@ frame_needed = 0, uses_anonymous_args = 0
 571:Src/transport/connection_manager.cpp ****     const uint16_t nextRateHz = rfHighRateEligible
 3052              		.loc 1 571 96 is_stmt 0 view .LVU932
 3053 0000 2DE9F041 		push	{r4, r5, r6, r7, r8, lr}
 3054              	.LCFI24:
 3055              		.cfi_def_cfa_offset 24
 3056              		.cfi_offset 4, -24
 3057              		.cfi_offset 5, -20
 3058              		.cfi_offset 6, -16
 3059              		.cfi_offset 7, -12
 3060              		.cfi_offset 8, -8
 3061              		.cfi_offset 14, -4
 3062 0004 0446     		mov	r4, r0
 3063 0006 0F46     		mov	r7, r1
 3064 0008 1646     		mov	r6, r2
 572:Src/transport/connection_manager.cpp ****         ? getRfReportRateHz(wirelessRate)
 3065              		.loc 1 572 5 is_stmt 1 view .LVU933
 572:Src/transport/connection_manager.cpp ****         ? getRfReportRateHz(wirelessRate)
 3066              		.loc 1 572 33 is_stmt 0 view .LVU934
 3067 000a 037A     		ldrb	r3, [r0, #8]	@ zero_extendqisi2
 574:Src/transport/connection_manager.cpp ****     const uint16_t previousRequestedHz = requestedReportRateHz;
 3068              		.loc 1 574 11 view .LVU935
 3069 000c 63B9     		cbnz	r3, .L231
 574:Src/transport/connection_manager.cpp ****     const uint16_t previousRequestedHz = requestedReportRateHz;
 3070              		.loc 1 574 11 discriminator 1 view .LVU936
 3071 000e 4FF47A78 		mov	r8, #1000
 3072              	.LVL268:
 3073              	.L219:
 575:Src/transport/connection_manager.cpp ****     const uint16_t previousAppliedHz = appliedReportRateHz;
 3074              		.loc 1 575 5 is_stmt 1 view .LVU937
 576:Src/transport/connection_manager.cpp ****     (void)previousRequestedHz;
 3075              		.loc 1 576 5 view .LVU938
 577:Src/transport/connection_manager.cpp ****     (void)previousAppliedHz;
 3076              		.loc 1 577 5 view .LVU939
 578:Src/transport/connection_manager.cpp ****     printf("[RF_RATE] apply begin mode=%u enum=%u target=%u prev_req=%u prev_applied=%u persist=%u\
 3077              		.loc 1 578 5 view .LVU940
 579:Src/transport/connection_manager.cpp ****             (unsigned int)mode,
 3078              		.loc 1 579 5 view .LVU941
 587:Src/transport/connection_manager.cpp ****         !rfPhysicalRoleIsActive()) {
 3079              		.loc 1 587 5 view .LVU942
 587:Src/transport/connection_manager.cpp ****         !rfPhysicalRoleIsActive()) {
 3080              		.loc 1 587 9 is_stmt 0 view .LVU943
 3081 0012 2378     		ldrb	r3, [r4]	@ zero_extendqisi2
 587:Src/transport/connection_manager.cpp ****         !rfPhysicalRoleIsActive()) {
 3082              		.loc 1 587 55 view .LVU944
 3083 0014 012B     		cmp	r3, #1
 3084 0016 02D1     		bne	.L220
 588:Src/transport/connection_manager.cpp ****         printf("[RF_RATE] apply skip not-rf mode=%u target=%u\r\n",
 3085              		.loc 1 588 32 view .LVU945
 3086 0018 FFF7FEFF 		bl	_ZN12_GLOBAL__N_1L22rfPhysicalRoleIsActiveEv
 3087              	.LVL269:
 587:Src/transport/connection_manager.cpp ****         !rfPhysicalRoleIsActive()) {
 3088              		.loc 1 587 55 discriminator 2 view .LVU946
ARM GAS  C:\Users\nicx5\AppData\Local\Temp\cclEOOYD.s 			page 147


 3089 001c 48B9     		cbnz	r0, .L221
 3090              	.L220:
 589:Src/transport/connection_manager.cpp ****                 (unsigned int)mode,
 3091              		.loc 1 589 9 is_stmt 1 view .LVU947
 592:Src/transport/connection_manager.cpp ****             STORAGE_MANAGER.setWirelessReportRate(wirelessRate);
 3092              		.loc 1 592 9 view .LVU948
 3093 001e 46BB     		cbnz	r6, .L232
 3094              	.L223:
 596:Src/transport/connection_manager.cpp ****     }
 3095              		.loc 1 596 9 view .LVU949
 596:Src/transport/connection_manager.cpp ****     }
 3096              		.loc 1 596 16 is_stmt 0 view .LVU950
 3097 0020 0025     		movs	r5, #0
 3098              	.L225:
 623:Src/transport/connection_manager.cpp **** 
 3099              		.loc 1 623 1 view .LVU951
 3100 0022 2846     		mov	r0, r5
 3101 0024 BDE8F081 		pop	{r4, r5, r6, r7, r8, pc}
 3102              	.LVL270:
 3103              	.L231:
 573:Src/transport/connection_manager.cpp ****         : 1000u;
 3104              		.loc 1 573 28 view .LVU952
 3105 0028 0846     		mov	r0, r1
 3106              	.LVL271:
 573:Src/transport/connection_manager.cpp ****         : 1000u;
 3107              		.loc 1 573 28 view .LVU953
 3108 002a FFF7FEFF 		bl	_ZN12_GLOBAL__N_1L17getRfReportRateHzE18WirelessReportRate
 3109              	.LVL272:
 573:Src/transport/connection_manager.cpp ****         : 1000u;
 3110              		.loc 1 573 28 view .LVU954
 3111 002e 8046     		mov	r8, r0
 3112 0030 EFE7     		b	.L219
 3113              	.LVL273:
 3114              	.L221:
 599:Src/transport/connection_manager.cpp ****         return false;
 3115              		.loc 1 599 5 is_stmt 1 view .LVU955
 599:Src/transport/connection_manager.cpp ****         return false;
 3116              		.loc 1 599 31 is_stmt 0 view .LVU956
 3117 0032 0221     		movs	r1, #2
 3118 0034 2046     		mov	r0, r4
 3119 0036 FFF7FEFF 		bl	_ZN17ConnectionManager21requireRfCommandReadyE13RfPowerReason
 3120              	.LVL274:
 599:Src/transport/connection_manager.cpp ****         return false;
 3121              		.loc 1 599 5 discriminator 1 view .LVU957
 3122 003a 0546     		mov	r5, r0
 3123 003c 0028     		cmp	r0, #0
 3124 003e F0D0     		beq	.L225
 603:Src/transport/connection_manager.cpp ****         setLinkState(ConnectionLinkState::Error);
 3125              		.loc 1 603 5 is_stmt 1 view .LVU958
 603:Src/transport/connection_manager.cpp ****         setLinkState(ConnectionLinkState::Error);
 3126              		.loc 1 603 29 is_stmt 0 view .LVU959
 3127 0040 4146     		mov	r1, r8
 3128 0042 2046     		mov	r0, r4
 3129 0044 FFF7FEFF 		bl	_ZN17ConnectionManager19confirmRfReportRateEt
 3130              	.LVL275:
 603:Src/transport/connection_manager.cpp ****         setLinkState(ConnectionLinkState::Error);
 3131              		.loc 1 603 5 discriminator 1 view .LVU960
ARM GAS  C:\Users\nicx5\AppData\Local\Temp\cclEOOYD.s 			page 148


 3132 0048 0546     		mov	r5, r0
 3133 004a E0B1     		cbz	r0, .L233
 609:Src/transport/connection_manager.cpp ****             (unsigned int)nextRateHz,
 3134              		.loc 1 609 5 is_stmt 1 view .LVU961
 613:Src/transport/connection_manager.cpp ****         STORAGE_MANAGER.setWirelessReportRate(wirelessRate);
 3135              		.loc 1 613 5 view .LVU962
 3136 004c 4EB1     		cbz	r6, .L227
 614:Src/transport/connection_manager.cpp ****         if (!STORAGE_MANAGER.saveConfig()) {
 3137              		.loc 1 614 9 view .LVU963
 3138 004e FFF7FEFF 		bl	_ZN7Storage11getInstanceEv
 3139              	.LVL276:
 614:Src/transport/connection_manager.cpp ****         if (!STORAGE_MANAGER.saveConfig()) {
 3140              		.loc 1 614 46 is_stmt 0 discriminator 1 view .LVU964
 3141 0052 3946     		mov	r1, r7
 3142 0054 FFF7FEFF 		bl	_ZN7Storage21setWirelessReportRateE18WirelessReportRate
 3143              	.LVL277:
 615:Src/transport/connection_manager.cpp ****             return false;
 3144              		.loc 1 615 9 is_stmt 1 view .LVU965
 615:Src/transport/connection_manager.cpp ****             return false;
 3145              		.loc 1 615 14 is_stmt 0 view .LVU966
 3146 0058 FFF7FEFF 		bl	_ZN7Storage11getInstanceEv
 3147              	.LVL278:
 615:Src/transport/connection_manager.cpp ****             return false;
 3148              		.loc 1 615 40 discriminator 1 view .LVU967
 3149 005c FFF7FEFF 		bl	_ZN7Storage10saveConfigEv
 3150              	.LVL279:
 615:Src/transport/connection_manager.cpp ****             return false;
 3151              		.loc 1 615 9 discriminator 2 view .LVU968
 3152 0060 E0B1     		cbz	r0, .L229
 3153              	.L227:
 620:Src/transport/connection_manager.cpp ****     updateRfLinkStateFromStatus();
 3154              		.loc 1 620 5 is_stmt 1 view .LVU969
 620:Src/transport/connection_manager.cpp ****     updateRfLinkStateFromStatus();
 3155              		.loc 1 620 26 is_stmt 0 view .LVU970
 3156 0062 6188     		ldrh	r1, [r4, #2]
 3157 0064 2078     		ldrb	r0, [r4]	@ zero_extendqisi2
 3158 0066 FFF7FEFF 		bl	_Z21MonitorTelemetry_Init14ConnectionModet
 3159              	.LVL280:
 621:Src/transport/connection_manager.cpp ****     return true;
 3160              		.loc 1 621 5 is_stmt 1 view .LVU971
 621:Src/transport/connection_manager.cpp ****     return true;
 3161              		.loc 1 621 32 is_stmt 0 view .LVU972
 3162 006a 2046     		mov	r0, r4
 3163 006c FFF7FEFF 		bl	_ZN17ConnectionManager27updateRfLinkStateFromStatusEv
 3164              	.LVL281:
 622:Src/transport/connection_manager.cpp **** }
 3165              		.loc 1 622 5 is_stmt 1 view .LVU973
 622:Src/transport/connection_manager.cpp **** }
 3166              		.loc 1 622 12 is_stmt 0 view .LVU974
 3167 0070 D7E7     		b	.L225
 3168              	.L232:
 593:Src/transport/connection_manager.cpp ****             (void)STORAGE_MANAGER.saveConfig();
 3169              		.loc 1 593 13 is_stmt 1 view .LVU975
 3170 0072 FFF7FEFF 		bl	_ZN7Storage11getInstanceEv
 3171              	.LVL282:
 593:Src/transport/connection_manager.cpp ****             (void)STORAGE_MANAGER.saveConfig();
 3172              		.loc 1 593 50 is_stmt 0 discriminator 1 view .LVU976
ARM GAS  C:\Users\nicx5\AppData\Local\Temp\cclEOOYD.s 			page 149


 3173 0076 3946     		mov	r1, r7
 3174 0078 FFF7FEFF 		bl	_ZN7Storage21setWirelessReportRateE18WirelessReportRate
 3175              	.LVL283:
 594:Src/transport/connection_manager.cpp ****         }
 3176              		.loc 1 594 13 is_stmt 1 view .LVU977
 594:Src/transport/connection_manager.cpp ****         }
 3177              		.loc 1 594 19 is_stmt 0 view .LVU978
 3178 007c FFF7FEFF 		bl	_ZN7Storage11getInstanceEv
 3179              	.LVL284:
 594:Src/transport/connection_manager.cpp ****         }
 3180              		.loc 1 594 45 discriminator 1 view .LVU979
 3181 0080 FFF7FEFF 		bl	_ZN7Storage10saveConfigEv
 3182              	.LVL285:
 3183 0084 CCE7     		b	.L223
 3184              	.L233:
 604:Src/transport/connection_manager.cpp ****         MonitorTelemetry_OnError("CONNECTION_MANAGER", 1004u, "runtime rf setRate failed");
 3185              		.loc 1 604 9 is_stmt 1 view .LVU980
 604:Src/transport/connection_manager.cpp ****         MonitorTelemetry_OnError("CONNECTION_MANAGER", 1004u, "runtime rf setRate failed");
 3186              		.loc 1 604 21 is_stmt 0 view .LVU981
 3187 0086 0321     		movs	r1, #3
 3188 0088 2046     		mov	r0, r4
 3189 008a FFF7FEFF 		bl	_ZN17ConnectionManager12setLinkStateE19ConnectionLinkState
 3190              	.LVL286:
 605:Src/transport/connection_manager.cpp ****         return false;
 3191              		.loc 1 605 9 is_stmt 1 view .LVU982
 605:Src/transport/connection_manager.cpp ****         return false;
 3192              		.loc 1 605 33 is_stmt 0 view .LVU983
 3193 008e 044A     		ldr	r2, .L234
 3194 0090 4FF47B71 		mov	r1, #1004
 3195 0094 0348     		ldr	r0, .L234+4
 3196 0096 FFF7FEFF 		bl	_Z24MonitorTelemetry_OnErrorPKcmS0_
 3197              	.LVL287:
 606:Src/transport/connection_manager.cpp ****     }
 3198              		.loc 1 606 9 is_stmt 1 view .LVU984
 606:Src/transport/connection_manager.cpp ****     }
 3199              		.loc 1 606 16 is_stmt 0 view .LVU985
 3200 009a C2E7     		b	.L225
 3201              	.L229:
 616:Src/transport/connection_manager.cpp ****         }
 3202              		.loc 1 616 20 view .LVU986
 3203 009c 0546     		mov	r5, r0
 3204 009e C0E7     		b	.L225
 3205              	.L235:
 3206              		.align	2
 3207              	.L234:
 3208 00a0 00000000 		.word	.LC9
 3209 00a4 3C000000 		.word	.LC1
 3210              		.cfi_endproc
 3211              	.LFE2454:
 3213              		.section	.rodata._ZN17ConnectionManager15wakeRfFromSleepE13RfPowerReason.str1.4,"aMS",%progbits,1
 3214              		.align	2
 3215              	.LC10:
 3216 0000 72662077 		.ascii	"rf wake failed\000"
 3216      616B6520 
 3216      6661696C 
 3216      656400
 3217              		.section	.text._ZN17ConnectionManager15wakeRfFromSleepE13RfPowerReason,"ax",%progbits
ARM GAS  C:\Users\nicx5\AppData\Local\Temp\cclEOOYD.s 			page 150


 3218              		.align	1
 3219              		.global	_ZN17ConnectionManager15wakeRfFromSleepE13RfPowerReason
 3220              		.syntax unified
 3221              		.thumb
 3222              		.thumb_func
 3224              	_ZN17ConnectionManager15wakeRfFromSleepE13RfPowerReason:
 3225              	.LVL288:
 3226              	.LFB2461:
 851:Src/transport/connection_manager.cpp **** 
 852:Src/transport/connection_manager.cpp **** bool ConnectionManager::wakeRfFromSleep(RfPowerReason reason) {
 3227              		.loc 1 852 63 is_stmt 1 view -0
 3228              		.cfi_startproc
 3229              		@ args = 0, pretend = 0, frame = 0
 3230              		@ frame_needed = 0, uses_anonymous_args = 0
 3231              		.loc 1 852 63 is_stmt 0 view .LVU988
 3232 0000 70B5     		push	{r4, r5, r6, lr}
 3233              	.LCFI25:
 3234              		.cfi_def_cfa_offset 16
 3235              		.cfi_offset 4, -16
 3236              		.cfi_offset 5, -12
 3237              		.cfi_offset 6, -8
 3238              		.cfi_offset 14, -4
 853:Src/transport/connection_manager.cpp ****     if (rfSleepRecoveryOwned) return false;
 3239              		.loc 1 853 5 is_stmt 1 view .LVU989
 3240              		.loc 1 853 9 is_stmt 0 view .LVU990
 3241 0002 90F83550 		ldrb	r5, [r0, #53]	@ zero_extendqisi2
 3242              		.loc 1 853 5 view .LVU991
 3243 0006 002D     		cmp	r5, #0
 3244 0008 4BD1     		bne	.L242
 3245 000a 0446     		mov	r4, r0
 854:Src/transport/connection_manager.cpp ****     if ((rfPowerState == RfPowerState::Awake) && !rfPowerStateIsBootHint()) {
 3246              		.loc 1 854 5 is_stmt 1 view .LVU992
 3247              		.loc 1 854 10 is_stmt 0 view .LVU993
 3248 000c 437A     		ldrb	r3, [r0, #9]	@ zero_extendqisi2
 3249              		.loc 1 854 47 view .LVU994
 3250 000e 012B     		cmp	r3, #1
 3251 0010 03D0     		beq	.L244
 3252              	.L238:
 855:Src/transport/connection_manager.cpp ****         rfEventServiceEnabled = true;
 856:Src/transport/connection_manager.cpp ****         printf("[RF_PWR][WAKE_SKIP] reason=%s state=%s\r\n",
 857:Src/transport/connection_manager.cpp ****                rfPowerReasonName(reason),
 858:Src/transport/connection_manager.cpp ****                rfPowerStateName(rfPowerState));
 859:Src/transport/connection_manager.cpp ****         return true;
 860:Src/transport/connection_manager.cpp ****     }
 861:Src/transport/connection_manager.cpp **** 
 862:Src/transport/connection_manager.cpp ****     if (rfPowerState != RfPowerState::Sleeping) {
 3253              		.loc 1 862 5 is_stmt 1 view .LVU995
 3254 0012 032B     		cmp	r3, #3
 3255 0014 08D0     		beq	.L245
 3256              	.LVL289:
 3257              	.L237:
 863:Src/transport/connection_manager.cpp ****         printf("[RF_PWR][WAKE_NOT_SLEEPING] reason=%s state=%s hint=%u\r\n",
 864:Src/transport/connection_manager.cpp ****                rfPowerReasonName(reason),
 865:Src/transport/connection_manager.cpp ****                rfPowerStateName(rfPowerState),
 866:Src/transport/connection_manager.cpp ****                (unsigned int)rfPowerStateIsBootHint());
 867:Src/transport/connection_manager.cpp ****         return false;
 868:Src/transport/connection_manager.cpp ****     }
ARM GAS  C:\Users\nicx5\AppData\Local\Temp\cclEOOYD.s 			page 151


 869:Src/transport/connection_manager.cpp **** 
 870:Src/transport/connection_manager.cpp ****     printf("[RF_PWR][WAKE_BEGIN] reason=%s mode=%u state=%s hint=%u\r\n",
 871:Src/transport/connection_manager.cpp ****            rfPowerReasonName(reason),
 872:Src/transport/connection_manager.cpp ****            (unsigned int)mode,
 873:Src/transport/connection_manager.cpp ****            rfPowerStateName(rfPowerState),
 874:Src/transport/connection_manager.cpp ****            (unsigned int)rfPowerStateIsBootHint());
 875:Src/transport/connection_manager.cpp ****     setRfPowerState(RfPowerState::WakePending, false);
 876:Src/transport/connection_manager.cpp ****     rfEventServiceEnabled = true;
 877:Src/transport/connection_manager.cpp **** 
 878:Src/transport/connection_manager.cpp ****     const bool wakeOk = rfTransport.wake();
 879:Src/transport/connection_manager.cpp ****     if (!wakeOk || rfTransport.getStatus().lastEvent != kRfEvtWakeupComplete) {
 880:Src/transport/connection_manager.cpp ****         setRfPowerState(RfPowerState::Error, false);
 881:Src/transport/connection_manager.cpp ****         const RFModuleStatus& st = rfTransport.getStatus();
 882:Src/transport/connection_manager.cpp ****         rfPairingLastErrorCommand = st.lastErrorCommand;
 883:Src/transport/connection_manager.cpp ****         rfPairingLastErrorReason = st.lastErrorReason;
 884:Src/transport/connection_manager.cpp ****         ConnectionLinkState nextState = ConnectionLinkState::Error;
 885:Src/transport/connection_manager.cpp ****         if (mode == ConnectionMode::CONNECTION_MODE_RF24G && linkState != nextState) {
 886:Src/transport/connection_manager.cpp ****             MonitorTelemetry_OnLinkStateChanged(mode, static_cast<uint8_t>(nextState));
 887:Src/transport/connection_manager.cpp ****         }
 888:Src/transport/connection_manager.cpp ****         if (mode == ConnectionMode::CONNECTION_MODE_RF24G) {
 889:Src/transport/connection_manager.cpp ****             linkState = nextState;
 890:Src/transport/connection_manager.cpp ****         }
 891:Src/transport/connection_manager.cpp ****         MonitorTelemetry_OnError("CONNECTION_MANAGER", 1007u, "rf wake failed");
 892:Src/transport/connection_manager.cpp ****         printf("[RF_PWR][WAKE_FAIL] reason=%s\r\n", rfPowerReasonName(reason));
 893:Src/transport/connection_manager.cpp ****         return false;
 894:Src/transport/connection_manager.cpp ****     }
 895:Src/transport/connection_manager.cpp **** 
 896:Src/transport/connection_manager.cpp ****     setRfPowerState(RfPowerState::Awake, true);
 897:Src/transport/connection_manager.cpp ****     printf("[RF_PWR][WAKE_OK] reason=%s\r\n", rfPowerReasonName(reason));
 898:Src/transport/connection_manager.cpp ****     return true;
 899:Src/transport/connection_manager.cpp **** }
 3258              		.loc 1 899 1 is_stmt 0 view .LVU996
 3259 0016 2846     		mov	r0, r5
 3260 0018 70BD     		pop	{r4, r5, r6, pc}
 3261              	.LVL290:
 3262              	.L244:
 3263              	.LBB243:
 3264              	.LBI243:
 3265              		.loc 10 105 10 is_stmt 1 view .LVU997
 3266              	.LBB244:
 3267              		.loc 10 105 43 view .LVU998
 3268              		.loc 10 105 50 is_stmt 0 view .LVU999
 3269 001a 827A     		ldrb	r2, [r0, #10]	@ zero_extendqisi2
 3270              	.LVL291:
 3271              		.loc 10 105 50 view .LVU1000
 3272              	.LBE244:
 3273              	.LBE243:
 854:Src/transport/connection_manager.cpp ****         rfEventServiceEnabled = true;
 3274              		.loc 1 854 47 discriminator 1 view .LVU1001
 3275 001c 002A     		cmp	r2, #0
 3276 001e F8D1     		bne	.L238
 855:Src/transport/connection_manager.cpp ****         rfEventServiceEnabled = true;
 3277              		.loc 1 855 9 is_stmt 1 view .LVU1002
 855:Src/transport/connection_manager.cpp ****         rfEventServiceEnabled = true;
 3278              		.loc 1 855 31 is_stmt 0 view .LVU1003
 3279 0020 0125     		movs	r5, #1
 3280 0022 80F83450 		strb	r5, [r0, #52]
ARM GAS  C:\Users\nicx5\AppData\Local\Temp\cclEOOYD.s 			page 152


 856:Src/transport/connection_manager.cpp ****                rfPowerReasonName(reason),
 3281              		.loc 1 856 9 is_stmt 1 view .LVU1004
 859:Src/transport/connection_manager.cpp ****     }
 3282              		.loc 1 859 9 view .LVU1005
 859:Src/transport/connection_manager.cpp ****     }
 3283              		.loc 1 859 16 is_stmt 0 view .LVU1006
 3284 0026 F6E7     		b	.L237
 3285              	.L245:
 870:Src/transport/connection_manager.cpp ****            rfPowerReasonName(reason),
 3286              		.loc 1 870 5 is_stmt 1 view .LVU1007
 875:Src/transport/connection_manager.cpp ****     rfEventServiceEnabled = true;
 3287              		.loc 1 875 5 view .LVU1008
 875:Src/transport/connection_manager.cpp ****     rfEventServiceEnabled = true;
 3288              		.loc 1 875 20 is_stmt 0 view .LVU1009
 3289 0028 0022     		movs	r2, #0
 3290 002a 0421     		movs	r1, #4
 3291              	.LVL292:
 875:Src/transport/connection_manager.cpp ****     rfEventServiceEnabled = true;
 3292              		.loc 1 875 20 view .LVU1010
 3293 002c 2046     		mov	r0, r4
 3294              	.LVL293:
 875:Src/transport/connection_manager.cpp ****     rfEventServiceEnabled = true;
 3295              		.loc 1 875 20 view .LVU1011
 3296 002e FFF7FEFF 		bl	_ZN17ConnectionManager15setRfPowerStateE12RfPowerStateb
 3297              	.LVL294:
 876:Src/transport/connection_manager.cpp **** 
 3298              		.loc 1 876 5 is_stmt 1 view .LVU1012
 876:Src/transport/connection_manager.cpp **** 
 3299              		.loc 1 876 27 is_stmt 0 view .LVU1013
 3300 0032 0123     		movs	r3, #1
 3301 0034 84F83430 		strb	r3, [r4, #52]
 878:Src/transport/connection_manager.cpp ****     if (!wakeOk || rfTransport.getStatus().lastEvent != kRfEvtWakeupComplete) {
 3302              		.loc 1 878 5 is_stmt 1 view .LVU1014
 878:Src/transport/connection_manager.cpp ****     if (!wakeOk || rfTransport.getStatus().lastEvent != kRfEvtWakeupComplete) {
 3303              		.loc 1 878 41 is_stmt 0 view .LVU1015
 3304 0038 04F15000 		add	r0, r4, #80
 3305 003c FFF7FEFF 		bl	_ZN11RFTransport4wakeEv
 3306              	.LVL295:
 879:Src/transport/connection_manager.cpp ****         setRfPowerState(RfPowerState::Error, false);
 3307              		.loc 1 879 5 is_stmt 1 view .LVU1016
 3308              	.LBB245:
 879:Src/transport/connection_manager.cpp ****         setRfPowerState(RfPowerState::Error, false);
 3309              		.loc 1 879 17 is_stmt 0 view .LVU1017
 3310 0040 0646     		mov	r6, r0
 3311 0042 18B1     		cbz	r0, .L239
 879:Src/transport/connection_manager.cpp ****         setRfPowerState(RfPowerState::Error, false);
 3312              		.loc 1 879 44 discriminator 1 view .LVU1018
 3313 0044 94F86830 		ldrb	r3, [r4, #104]	@ zero_extendqisi2
 879:Src/transport/connection_manager.cpp ****         setRfPowerState(RfPowerState::Error, false);
 3314              		.loc 1 879 17 discriminator 1 view .LVU1019
 3315 0048 882B     		cmp	r3, #136
 3316 004a 19D0     		beq	.L246
 3317              	.L239:
 3318              	.LBB246:
 880:Src/transport/connection_manager.cpp ****         const RFModuleStatus& st = rfTransport.getStatus();
 3319              		.loc 1 880 9 is_stmt 1 view .LVU1020
 880:Src/transport/connection_manager.cpp ****         const RFModuleStatus& st = rfTransport.getStatus();
ARM GAS  C:\Users\nicx5\AppData\Local\Temp\cclEOOYD.s 			page 153


 3320              		.loc 1 880 24 is_stmt 0 view .LVU1021
 3321 004c 0022     		movs	r2, #0
 3322 004e 0521     		movs	r1, #5
 3323 0050 2046     		mov	r0, r4
 3324              	.LVL296:
 880:Src/transport/connection_manager.cpp ****         const RFModuleStatus& st = rfTransport.getStatus();
 3325              		.loc 1 880 24 view .LVU1022
 3326 0052 FFF7FEFF 		bl	_ZN17ConnectionManager15setRfPowerStateE12RfPowerStateb
 3327              	.LVL297:
 881:Src/transport/connection_manager.cpp ****         rfPairingLastErrorCommand = st.lastErrorCommand;
 3328              		.loc 1 881 9 is_stmt 1 view .LVU1023
 882:Src/transport/connection_manager.cpp ****         rfPairingLastErrorReason = st.lastErrorReason;
 3329              		.loc 1 882 9 view .LVU1024
 882:Src/transport/connection_manager.cpp ****         rfPairingLastErrorReason = st.lastErrorReason;
 3330              		.loc 1 882 40 is_stmt 0 view .LVU1025
 3331 0056 94F86C30 		ldrb	r3, [r4, #108]	@ zero_extendqisi2
 882:Src/transport/connection_manager.cpp ****         rfPairingLastErrorReason = st.lastErrorReason;
 3332              		.loc 1 882 35 view .LVU1026
 3333 005a 84F84D30 		strb	r3, [r4, #77]
 883:Src/transport/connection_manager.cpp ****         ConnectionLinkState nextState = ConnectionLinkState::Error;
 3334              		.loc 1 883 9 is_stmt 1 view .LVU1027
 883:Src/transport/connection_manager.cpp ****         ConnectionLinkState nextState = ConnectionLinkState::Error;
 3335              		.loc 1 883 39 is_stmt 0 view .LVU1028
 3336 005e 94F86D30 		ldrb	r3, [r4, #109]	@ zero_extendqisi2
 883:Src/transport/connection_manager.cpp ****         ConnectionLinkState nextState = ConnectionLinkState::Error;
 3337              		.loc 1 883 34 view .LVU1029
 3338 0062 84F84E30 		strb	r3, [r4, #78]
 884:Src/transport/connection_manager.cpp ****         if (mode == ConnectionMode::CONNECTION_MODE_RF24G && linkState != nextState) {
 3339              		.loc 1 884 9 is_stmt 1 view .LVU1030
 3340              	.LVL298:
 885:Src/transport/connection_manager.cpp ****             MonitorTelemetry_OnLinkStateChanged(mode, static_cast<uint8_t>(nextState));
 3341              		.loc 1 885 9 view .LVU1031
 885:Src/transport/connection_manager.cpp ****             MonitorTelemetry_OnLinkStateChanged(mode, static_cast<uint8_t>(nextState));
 3342              		.loc 1 885 13 is_stmt 0 view .LVU1032
 3343 0066 2078     		ldrb	r0, [r4]	@ zero_extendqisi2
 885:Src/transport/connection_manager.cpp ****             MonitorTelemetry_OnLinkStateChanged(mode, static_cast<uint8_t>(nextState));
 3344              		.loc 1 885 9 view .LVU1033
 3345 0068 0128     		cmp	r0, #1
 3346 006a 10D0     		beq	.L247
 3347              	.L240:
 888:Src/transport/connection_manager.cpp ****             linkState = nextState;
 3348              		.loc 1 888 9 is_stmt 1 view .LVU1034
 888:Src/transport/connection_manager.cpp ****             linkState = nextState;
 3349              		.loc 1 888 13 is_stmt 0 view .LVU1035
 3350 006c 2378     		ldrb	r3, [r4]	@ zero_extendqisi2
 888:Src/transport/connection_manager.cpp ****             linkState = nextState;
 3351              		.loc 1 888 9 view .LVU1036
 3352 006e 012B     		cmp	r3, #1
 3353 0070 14D0     		beq	.L248
 3354              	.L241:
 891:Src/transport/connection_manager.cpp ****         printf("[RF_PWR][WAKE_FAIL] reason=%s\r\n", rfPowerReasonName(reason));
 3355              		.loc 1 891 9 is_stmt 1 view .LVU1037
 891:Src/transport/connection_manager.cpp ****         printf("[RF_PWR][WAKE_FAIL] reason=%s\r\n", rfPowerReasonName(reason));
 3356              		.loc 1 891 33 is_stmt 0 view .LVU1038
 3357 0072 0D4A     		ldr	r2, .L249
 3358 0074 40F2EF31 		movw	r1, #1007
 3359 0078 0C48     		ldr	r0, .L249+4
ARM GAS  C:\Users\nicx5\AppData\Local\Temp\cclEOOYD.s 			page 154


 3360 007a FFF7FEFF 		bl	_Z24MonitorTelemetry_OnErrorPKcmS0_
 3361              	.LVL299:
 892:Src/transport/connection_manager.cpp ****         return false;
 3362              		.loc 1 892 9 is_stmt 1 view .LVU1039
 893:Src/transport/connection_manager.cpp ****     }
 3363              		.loc 1 893 9 view .LVU1040
 893:Src/transport/connection_manager.cpp ****     }
 3364              		.loc 1 893 16 is_stmt 0 view .LVU1041
 3365 007e CAE7     		b	.L237
 3366              	.LVL300:
 3367              	.L246:
 893:Src/transport/connection_manager.cpp ****     }
 3368              		.loc 1 893 16 view .LVU1042
 3369              	.LBE246:
 3370              	.LBE245:
 896:Src/transport/connection_manager.cpp ****     printf("[RF_PWR][WAKE_OK] reason=%s\r\n", rfPowerReasonName(reason));
 3371              		.loc 1 896 5 is_stmt 1 view .LVU1043
 896:Src/transport/connection_manager.cpp ****     printf("[RF_PWR][WAKE_OK] reason=%s\r\n", rfPowerReasonName(reason));
 3372              		.loc 1 896 20 is_stmt 0 view .LVU1044
 3373 0080 0122     		movs	r2, #1
 3374 0082 1146     		mov	r1, r2
 3375 0084 2046     		mov	r0, r4
 3376              	.LVL301:
 896:Src/transport/connection_manager.cpp ****     printf("[RF_PWR][WAKE_OK] reason=%s\r\n", rfPowerReasonName(reason));
 3377              		.loc 1 896 20 view .LVU1045
 3378 0086 FFF7FEFF 		bl	_ZN17ConnectionManager15setRfPowerStateE12RfPowerStateb
 3379              	.LVL302:
 897:Src/transport/connection_manager.cpp ****     return true;
 3380              		.loc 1 897 5 is_stmt 1 view .LVU1046
 898:Src/transport/connection_manager.cpp **** }
 3381              		.loc 1 898 5 view .LVU1047
 898:Src/transport/connection_manager.cpp **** }
 3382              		.loc 1 898 12 is_stmt 0 view .LVU1048
 3383 008a 3546     		mov	r5, r6
 3384 008c C3E7     		b	.L237
 3385              	.LVL303:
 3386              	.L247:
 3387              	.LBB248:
 3388              	.LBB247:
 885:Src/transport/connection_manager.cpp ****             MonitorTelemetry_OnLinkStateChanged(mode, static_cast<uint8_t>(nextState));
 3389              		.loc 1 885 62 discriminator 1 view .LVU1049
 3390 008e 6378     		ldrb	r3, [r4, #1]	@ zero_extendqisi2
 885:Src/transport/connection_manager.cpp ****             MonitorTelemetry_OnLinkStateChanged(mode, static_cast<uint8_t>(nextState));
 3391              		.loc 1 885 59 discriminator 1 view .LVU1050
 3392 0090 032B     		cmp	r3, #3
 3393 0092 EBD0     		beq	.L240
 886:Src/transport/connection_manager.cpp ****         }
 3394              		.loc 1 886 13 is_stmt 1 view .LVU1051
 886:Src/transport/connection_manager.cpp ****         }
 3395              		.loc 1 886 48 is_stmt 0 view .LVU1052
 3396 0094 0321     		movs	r1, #3
 3397 0096 FFF7FEFF 		bl	_Z35MonitorTelemetry_OnLinkStateChanged14ConnectionModeh
 3398              	.LVL304:
 3399 009a E7E7     		b	.L240
 3400              	.L248:
 889:Src/transport/connection_manager.cpp ****         }
 3401              		.loc 1 889 13 is_stmt 1 view .LVU1053
ARM GAS  C:\Users\nicx5\AppData\Local\Temp\cclEOOYD.s 			page 155


 889:Src/transport/connection_manager.cpp ****         }
 3402              		.loc 1 889 23 is_stmt 0 view .LVU1054
 3403 009c 0323     		movs	r3, #3
 3404 009e 6370     		strb	r3, [r4, #1]
 3405 00a0 E7E7     		b	.L241
 3406              	.LVL305:
 3407              	.L242:
 889:Src/transport/connection_manager.cpp ****         }
 3408              		.loc 1 889 23 view .LVU1055
 3409              	.LBE247:
 3410              	.LBE248:
 853:Src/transport/connection_manager.cpp ****     if ((rfPowerState == RfPowerState::Awake) && !rfPowerStateIsBootHint()) {
 3411              		.loc 1 853 38 discriminator 1 view .LVU1056
 3412 00a2 0025     		movs	r5, #0
 3413 00a4 B7E7     		b	.L237
 3414              	.L250:
 3415 00a6 00BF     		.align	2
 3416              	.L249:
 3417 00a8 00000000 		.word	.LC10
 3418 00ac 3C000000 		.word	.LC1
 3419              		.cfi_endproc
 3420              	.LFE2461:
 3422              		.section	.rodata._ZN17ConnectionManager14startRfPairingEv.str1.4,"aMS",%progbits,1
 3423              		.align	2
 3424              	.LC11:
 3425 0000 72662073 		.ascii	"rf startPair failed\000"
 3425      74617274 
 3425      50616972 
 3425      20666169 
 3425      6C656400 
 3426              		.section	.text._ZN17ConnectionManager14startRfPairingEv,"ax",%progbits
 3427              		.align	1
 3428              		.global	_ZN17ConnectionManager14startRfPairingEv
 3429              		.syntax unified
 3430              		.thumb
 3431              		.thumb_func
 3433              	_ZN17ConnectionManager14startRfPairingEv:
 3434              	.LVL306:
 3435              	.LFB2455:
 625:Src/transport/connection_manager.cpp ****     if (mode != ConnectionMode::CONNECTION_MODE_RF24G ||
 3436              		.loc 1 625 42 is_stmt 1 view -0
 3437              		.cfi_startproc
 3438              		@ args = 0, pretend = 0, frame = 0
 3439              		@ frame_needed = 0, uses_anonymous_args = 0
 625:Src/transport/connection_manager.cpp ****     if (mode != ConnectionMode::CONNECTION_MODE_RF24G ||
 3440              		.loc 1 625 42 is_stmt 0 view .LVU1058
 3441 0000 F8B5     		push	{r3, r4, r5, r6, r7, lr}
 3442              	.LCFI26:
 3443              		.cfi_def_cfa_offset 24
 3444              		.cfi_offset 3, -24
 3445              		.cfi_offset 4, -20
 3446              		.cfi_offset 5, -16
 3447              		.cfi_offset 6, -12
 3448              		.cfi_offset 7, -8
 3449              		.cfi_offset 14, -4
 626:Src/transport/connection_manager.cpp ****         !rfPhysicalRoleIsActive()) {
 3450              		.loc 1 626 5 is_stmt 1 view .LVU1059
ARM GAS  C:\Users\nicx5\AppData\Local\Temp\cclEOOYD.s 			page 156


 626:Src/transport/connection_manager.cpp ****         !rfPhysicalRoleIsActive()) {
 3451              		.loc 1 626 9 is_stmt 0 view .LVU1060
 3452 0002 0378     		ldrb	r3, [r0]	@ zero_extendqisi2
 626:Src/transport/connection_manager.cpp ****         !rfPhysicalRoleIsActive()) {
 3453              		.loc 1 626 55 view .LVU1061
 3454 0004 012B     		cmp	r3, #1
 3455 0006 40F09C80 		bne	.L263
 3456 000a 0446     		mov	r4, r0
 627:Src/transport/connection_manager.cpp ****         return false;
 3457              		.loc 1 627 32 view .LVU1062
 3458 000c FFF7FEFF 		bl	_ZN12_GLOBAL__N_1L22rfPhysicalRoleIsActiveEv
 3459              	.LVL307:
 626:Src/transport/connection_manager.cpp ****         !rfPhysicalRoleIsActive()) {
 3460              		.loc 1 626 55 discriminator 2 view .LVU1063
 3461 0010 0546     		mov	r5, r0
 3462 0012 0028     		cmp	r0, #0
 3463 0014 00F09680 		beq	.L252
 631:Src/transport/connection_manager.cpp ****         if (!wakeRfFromSleep(RfPowerReason::Manual)) {
 3464              		.loc 1 631 5 is_stmt 1 view .LVU1064
 631:Src/transport/connection_manager.cpp ****         if (!wakeRfFromSleep(RfPowerReason::Manual)) {
 3465              		.loc 1 631 31 is_stmt 0 view .LVU1065
 3466 0018 0521     		movs	r1, #5
 3467 001a 2046     		mov	r0, r4
 3468 001c FFF7FEFF 		bl	_ZN17ConnectionManager21requireRfCommandReadyE13RfPowerReason
 3469              	.LVL308:
 631:Src/transport/connection_manager.cpp ****         if (!wakeRfFromSleep(RfPowerReason::Manual)) {
 3470              		.loc 1 631 5 discriminator 1 view .LVU1066
 3471 0020 28B9     		cbnz	r0, .L253
 632:Src/transport/connection_manager.cpp ****             rfPairingActive = false;
 3472              		.loc 1 632 9 is_stmt 1 view .LVU1067
 632:Src/transport/connection_manager.cpp ****             rfPairingActive = false;
 3473              		.loc 1 632 29 is_stmt 0 view .LVU1068
 3474 0022 0521     		movs	r1, #5
 3475 0024 2046     		mov	r0, r4
 3476 0026 FFF7FEFF 		bl	_ZN17ConnectionManager15wakeRfFromSleepE13RfPowerReason
 3477              	.LVL309:
 632:Src/transport/connection_manager.cpp ****             rfPairingActive = false;
 3478              		.loc 1 632 9 discriminator 1 view .LVU1069
 3479 002a 0546     		mov	r5, r0
 3480 002c 60B1     		cbz	r0, .L266
 3481              	.L253:
 639:Src/transport/connection_manager.cpp ****         rfPairingActive = false;
 3482              		.loc 1 639 5 is_stmt 1 view .LVU1070
 639:Src/transport/connection_manager.cpp ****         rfPairingActive = false;
 3483              		.loc 1 639 31 is_stmt 0 view .LVU1071
 3484 002e 0521     		movs	r1, #5
 3485 0030 2046     		mov	r0, r4
 3486 0032 FFF7FEFF 		bl	_ZN17ConnectionManager21requireRfCommandReadyE13RfPowerReason
 3487              	.LVL310:
 639:Src/transport/connection_manager.cpp ****         rfPairingActive = false;
 3488              		.loc 1 639 5 discriminator 1 view .LVU1072
 3489 0036 0546     		mov	r5, r0
 3490 0038 68B9     		cbnz	r0, .L254
 640:Src/transport/connection_manager.cpp ****         rfPairingState = RfPairingState::TxError;
 3491              		.loc 1 640 9 is_stmt 1 view .LVU1073
 640:Src/transport/connection_manager.cpp ****         rfPairingState = RfPairingState::TxError;
 3492              		.loc 1 640 25 is_stmt 0 view .LVU1074
ARM GAS  C:\Users\nicx5\AppData\Local\Temp\cclEOOYD.s 			page 157


 3493 003a 0023     		movs	r3, #0
 3494 003c 84F84030 		strb	r3, [r4, #64]
 641:Src/transport/connection_manager.cpp ****         return false;
 3495              		.loc 1 641 9 is_stmt 1 view .LVU1075
 641:Src/transport/connection_manager.cpp ****         return false;
 3496              		.loc 1 641 24 is_stmt 0 view .LVU1076
 3497 0040 0323     		movs	r3, #3
 3498 0042 84F84230 		strb	r3, [r4, #66]
 642:Src/transport/connection_manager.cpp ****     }
 3499              		.loc 1 642 9 is_stmt 1 view .LVU1077
 642:Src/transport/connection_manager.cpp ****     }
 3500              		.loc 1 642 16 is_stmt 0 view .LVU1078
 3501 0046 7DE0     		b	.L252
 3502              	.L266:
 633:Src/transport/connection_manager.cpp ****             rfPairingState = RfPairingState::TxError;
 3503              		.loc 1 633 13 is_stmt 1 view .LVU1079
 633:Src/transport/connection_manager.cpp ****             rfPairingState = RfPairingState::TxError;
 3504              		.loc 1 633 29 is_stmt 0 view .LVU1080
 3505 0048 0023     		movs	r3, #0
 3506 004a 84F84030 		strb	r3, [r4, #64]
 634:Src/transport/connection_manager.cpp ****             return false;
 3507              		.loc 1 634 13 is_stmt 1 view .LVU1081
 634:Src/transport/connection_manager.cpp ****             return false;
 3508              		.loc 1 634 28 is_stmt 0 view .LVU1082
 3509 004e 0323     		movs	r3, #3
 3510 0050 84F84230 		strb	r3, [r4, #66]
 635:Src/transport/connection_manager.cpp ****         }
 3511              		.loc 1 635 13 is_stmt 1 view .LVU1083
 635:Src/transport/connection_manager.cpp ****         }
 3512              		.loc 1 635 20 is_stmt 0 view .LVU1084
 3513 0054 76E0     		b	.L252
 3514              	.L254:
 645:Src/transport/connection_manager.cpp ****     rfPairingActive = true;
 3515              		.loc 1 645 5 is_stmt 1 view .LVU1085
 645:Src/transport/connection_manager.cpp ****     rfPairingActive = true;
 3516              		.loc 1 645 27 is_stmt 0 view .LVU1086
 3517 0056 0123     		movs	r3, #1
 3518 0058 84F83430 		strb	r3, [r4, #52]
 646:Src/transport/connection_manager.cpp ****     rfPairSucceeded = false;
 3519              		.loc 1 646 5 is_stmt 1 view .LVU1087
 646:Src/transport/connection_manager.cpp ****     rfPairSucceeded = false;
 3520              		.loc 1 646 21 is_stmt 0 view .LVU1088
 3521 005c 84F84030 		strb	r3, [r4, #64]
 647:Src/transport/connection_manager.cpp ****     rfPairingState = RfPairingState::Starting;
 3522              		.loc 1 647 5 is_stmt 1 view .LVU1089
 647:Src/transport/connection_manager.cpp ****     rfPairingState = RfPairingState::Starting;
 3523              		.loc 1 647 21 is_stmt 0 view .LVU1090
 3524 0060 0026     		movs	r6, #0
 3525 0062 84F84160 		strb	r6, [r4, #65]
 648:Src/transport/connection_manager.cpp ****     rfPairingStartedAtMs = HAL_GetTick();
 3526              		.loc 1 648 5 is_stmt 1 view .LVU1091
 648:Src/transport/connection_manager.cpp ****     rfPairingStartedAtMs = HAL_GetTick();
 3527              		.loc 1 648 20 is_stmt 0 view .LVU1092
 3528 0066 84F84230 		strb	r3, [r4, #66]
 649:Src/transport/connection_manager.cpp ****     rfPairingTimeoutStopIssued = false;
 3529              		.loc 1 649 5 is_stmt 1 view .LVU1093
 649:Src/transport/connection_manager.cpp ****     rfPairingTimeoutStopIssued = false;
ARM GAS  C:\Users\nicx5\AppData\Local\Temp\cclEOOYD.s 			page 158


 3530              		.loc 1 649 39 is_stmt 0 view .LVU1094
 3531 006a FFF7FEFF 		bl	HAL_GetTick
 3532              	.LVL311:
 649:Src/transport/connection_manager.cpp ****     rfPairingTimeoutStopIssued = false;
 3533              		.loc 1 649 26 discriminator 1 view .LVU1095
 3534 006e A064     		str	r0, [r4, #72]
 650:Src/transport/connection_manager.cpp ****     rfPairingLastErrorCommand = 0u;
 3535              		.loc 1 650 5 is_stmt 1 view .LVU1096
 650:Src/transport/connection_manager.cpp ****     rfPairingLastErrorCommand = 0u;
 3536              		.loc 1 650 32 is_stmt 0 view .LVU1097
 3537 0070 84F84C60 		strb	r6, [r4, #76]
 651:Src/transport/connection_manager.cpp ****     rfPairingLastErrorReason = 0u;
 3538              		.loc 1 651 5 is_stmt 1 view .LVU1098
 651:Src/transport/connection_manager.cpp ****     rfPairingLastErrorReason = 0u;
 3539              		.loc 1 651 31 is_stmt 0 view .LVU1099
 3540 0074 84F84D60 		strb	r6, [r4, #77]
 652:Src/transport/connection_manager.cpp **** 
 3541              		.loc 1 652 5 is_stmt 1 view .LVU1100
 652:Src/transport/connection_manager.cpp **** 
 3542              		.loc 1 652 30 is_stmt 0 view .LVU1101
 3543 0078 84F84E60 		strb	r6, [r4, #78]
 654:Src/transport/connection_manager.cpp ****     const uint32_t errorsBeforeStart = rfTransport.getStatus().errorCounter;
 3544              		.loc 1 654 5 is_stmt 1 view .LVU1102
 654:Src/transport/connection_manager.cpp ****     const uint32_t errorsBeforeStart = rfTransport.getStatus().errorCounter;
 3545              		.loc 1 654 36 is_stmt 0 view .LVU1103
 3546 007c 04F15006 		add	r6, r4, #80
 3547 0080 0421     		movs	r1, #4
 3548 0082 3046     		mov	r0, r6
 3549 0084 FFF7FEFF 		bl	_ZN11RFTransport13serviceEventsEh
 3550              	.LVL312:
 655:Src/transport/connection_manager.cpp ****     const bool ok = rfTransport.startPair();
 3551              		.loc 1 655 5 is_stmt 1 view .LVU1104
 655:Src/transport/connection_manager.cpp ****     const bool ok = rfTransport.startPair();
 3552              		.loc 1 655 64 is_stmt 0 discriminator 1 view .LVU1105
 3553 0088 676F     		ldr	r7, [r4, #116]
 3554              	.LVL313:
 656:Src/transport/connection_manager.cpp ****     rfPairingLastEventCounter = rfTransport.getStatus().eventCounter;
 3555              		.loc 1 656 5 is_stmt 1 view .LVU1106
 656:Src/transport/connection_manager.cpp ****     rfPairingLastEventCounter = rfTransport.getStatus().eventCounter;
 3556              		.loc 1 656 42 is_stmt 0 view .LVU1107
 3557 008a 3046     		mov	r0, r6
 3558 008c FFF7FEFF 		bl	_ZN11RFTransport9startPairEv
 3559              	.LVL314:
 657:Src/transport/connection_manager.cpp **** 
 3560              		.loc 1 657 5 is_stmt 1 view .LVU1108
 657:Src/transport/connection_manager.cpp **** 
 3561              		.loc 1 657 57 is_stmt 0 discriminator 1 view .LVU1109
 3562 0090 236F     		ldr	r3, [r4, #112]
 657:Src/transport/connection_manager.cpp **** 
 3563              		.loc 1 657 31 discriminator 1 view .LVU1110
 3564 0092 6364     		str	r3, [r4, #68]
 659:Src/transport/connection_manager.cpp ****         const RFModuleStatus& st = rfTransport.getStatus();
 3565              		.loc 1 659 5 is_stmt 1 view .LVU1111
 3566              	.LBB249:
 3567 0094 0646     		mov	r6, r0
 3568 0096 0028     		cmp	r0, #0
 3569 0098 42D1     		bne	.L255
ARM GAS  C:\Users\nicx5\AppData\Local\Temp\cclEOOYD.s 			page 159


 3570              	.LBB250:
 660:Src/transport/connection_manager.cpp ****         if (!(st.lastEvent == kRfEvtError && st.errorCounter != errorsBeforeStart)) {
 3571              		.loc 1 660 9 view .LVU1112
 3572              	.LVL315:
 661:Src/transport/connection_manager.cpp ****             rfPairingActive = true;
 3573              		.loc 1 661 9 view .LVU1113
 3574              	.LBB251:
 661:Src/transport/connection_manager.cpp ****             rfPairingActive = true;
 3575              		.loc 1 661 18 is_stmt 0 view .LVU1114
 3576 009a 94F86830 		ldrb	r3, [r4, #104]	@ zero_extendqisi2
 661:Src/transport/connection_manager.cpp ****             rfPairingActive = true;
 3577              		.loc 1 661 9 view .LVU1115
 3578 009e 852B     		cmp	r3, #133
 3579 00a0 20D1     		bne	.L256
 661:Src/transport/connection_manager.cpp ****             rfPairingActive = true;
 3580              		.loc 1 661 49 discriminator 1 view .LVU1116
 3581 00a2 636F     		ldr	r3, [r4, #116]
 661:Src/transport/connection_manager.cpp ****             rfPairingActive = true;
 3582              		.loc 1 661 13 discriminator 1 view .LVU1117
 3583 00a4 BB42     		cmp	r3, r7
 3584 00a6 1DD0     		beq	.L256
 3585              	.LBE251:
 673:Src/transport/connection_manager.cpp ****         rfPairingState = RfPairingState::TxError;
 3586              		.loc 1 673 9 is_stmt 1 view .LVU1118
 673:Src/transport/connection_manager.cpp ****         rfPairingState = RfPairingState::TxError;
 3587              		.loc 1 673 25 is_stmt 0 view .LVU1119
 3588 00a8 0023     		movs	r3, #0
 3589 00aa 84F84030 		strb	r3, [r4, #64]
 674:Src/transport/connection_manager.cpp ****         rfPairingLastErrorCommand = (st.lastErrorCommand != 0u) ?
 3590              		.loc 1 674 9 is_stmt 1 view .LVU1120
 674:Src/transport/connection_manager.cpp ****         rfPairingLastErrorCommand = (st.lastErrorCommand != 0u) ?
 3591              		.loc 1 674 24 is_stmt 0 view .LVU1121
 3592 00ae 0323     		movs	r3, #3
 3593 00b0 84F84230 		strb	r3, [r4, #66]
 675:Src/transport/connection_manager.cpp ****                                     st.lastErrorCommand :
 3594              		.loc 1 675 9 is_stmt 1 view .LVU1122
 675:Src/transport/connection_manager.cpp ****                                     st.lastErrorCommand :
 3595              		.loc 1 675 41 is_stmt 0 view .LVU1123
 3596 00b4 94F86C30 		ldrb	r3, [r4, #108]	@ zero_extendqisi2
 675:Src/transport/connection_manager.cpp ****                                     st.lastErrorCommand :
 3597              		.loc 1 675 65 view .LVU1124
 3598 00b8 03B9     		cbnz	r3, .L260
 675:Src/transport/connection_manager.cpp ****                                     st.lastErrorCommand :
 3599              		.loc 1 675 65 discriminator 2 view .LVU1125
 3600 00ba 0223     		movs	r3, #2
 3601              	.L260:
 675:Src/transport/connection_manager.cpp ****                                     st.lastErrorCommand :
 3602              		.loc 1 675 35 discriminator 4 view .LVU1126
 3603 00bc 84F84D30 		strb	r3, [r4, #77]
 678:Src/transport/connection_manager.cpp ****         ConnectionLinkState nextState = ConnectionLinkState::Error;
 3604              		.loc 1 678 9 is_stmt 1 view .LVU1127
 678:Src/transport/connection_manager.cpp ****         ConnectionLinkState nextState = ConnectionLinkState::Error;
 3605              		.loc 1 678 39 is_stmt 0 view .LVU1128
 3606 00c0 94F86D30 		ldrb	r3, [r4, #109]	@ zero_extendqisi2
 678:Src/transport/connection_manager.cpp ****         ConnectionLinkState nextState = ConnectionLinkState::Error;
 3607              		.loc 1 678 34 view .LVU1129
 3608 00c4 84F84E30 		strb	r3, [r4, #78]
ARM GAS  C:\Users\nicx5\AppData\Local\Temp\cclEOOYD.s 			page 160


 679:Src/transport/connection_manager.cpp ****         if (mode == ConnectionMode::CONNECTION_MODE_RF24G && linkState != nextState) {
 3609              		.loc 1 679 9 is_stmt 1 view .LVU1130
 3610              	.LVL316:
 680:Src/transport/connection_manager.cpp ****             MonitorTelemetry_OnLinkStateChanged(mode, static_cast<uint8_t>(nextState));
 3611              		.loc 1 680 9 view .LVU1131
 680:Src/transport/connection_manager.cpp ****             MonitorTelemetry_OnLinkStateChanged(mode, static_cast<uint8_t>(nextState));
 3612              		.loc 1 680 13 is_stmt 0 view .LVU1132
 3613 00c8 2078     		ldrb	r0, [r4]	@ zero_extendqisi2
 3614              	.LVL317:
 680:Src/transport/connection_manager.cpp ****             MonitorTelemetry_OnLinkStateChanged(mode, static_cast<uint8_t>(nextState));
 3615              		.loc 1 680 9 view .LVU1133
 3616 00ca 0128     		cmp	r0, #1
 3617 00cc 1ED0     		beq	.L267
 3618              	.L261:
 683:Src/transport/connection_manager.cpp ****             linkState = nextState;
 3619              		.loc 1 683 9 is_stmt 1 view .LVU1134
 683:Src/transport/connection_manager.cpp ****             linkState = nextState;
 3620              		.loc 1 683 13 is_stmt 0 view .LVU1135
 3621 00ce 2378     		ldrb	r3, [r4]	@ zero_extendqisi2
 683:Src/transport/connection_manager.cpp ****             linkState = nextState;
 3622              		.loc 1 683 9 view .LVU1136
 3623 00d0 012B     		cmp	r3, #1
 3624 00d2 22D0     		beq	.L268
 3625              	.L262:
 686:Src/transport/connection_manager.cpp ****         return false;
 3626              		.loc 1 686 9 is_stmt 1 view .LVU1137
 686:Src/transport/connection_manager.cpp ****         return false;
 3627              		.loc 1 686 33 is_stmt 0 view .LVU1138
 3628 00d4 1C4A     		ldr	r2, .L271
 3629 00d6 40F2ED31 		movw	r1, #1005
 3630 00da 1C48     		ldr	r0, .L271+4
 3631 00dc FFF7FEFF 		bl	_Z24MonitorTelemetry_OnErrorPKcmS0_
 3632              	.LVL318:
 687:Src/transport/connection_manager.cpp ****     }
 3633              		.loc 1 687 9 is_stmt 1 view .LVU1139
 687:Src/transport/connection_manager.cpp ****     }
 3634              		.loc 1 687 16 is_stmt 0 view .LVU1140
 3635 00e0 3546     		mov	r5, r6
 3636 00e2 2FE0     		b	.L252
 3637              	.LVL319:
 3638              	.L256:
 3639              	.LBB253:
 3640              	.LBB252:
 662:Src/transport/connection_manager.cpp ****             rfPairingState = RfPairingState::Starting;
 3641              		.loc 1 662 13 is_stmt 1 view .LVU1141
 662:Src/transport/connection_manager.cpp ****             rfPairingState = RfPairingState::Starting;
 3642              		.loc 1 662 29 is_stmt 0 view .LVU1142
 3643 00e4 0123     		movs	r3, #1
 3644 00e6 84F84030 		strb	r3, [r4, #64]
 663:Src/transport/connection_manager.cpp ****             ConnectionLinkState nextState = ConnectionLinkState::Connecting;
 3645              		.loc 1 663 13 is_stmt 1 view .LVU1143
 663:Src/transport/connection_manager.cpp ****             ConnectionLinkState nextState = ConnectionLinkState::Connecting;
 3646              		.loc 1 663 28 is_stmt 0 view .LVU1144
 3647 00ea 84F84230 		strb	r3, [r4, #66]
 664:Src/transport/connection_manager.cpp ****             if (mode == ConnectionMode::CONNECTION_MODE_RF24G && linkState != nextState) {
 3648              		.loc 1 664 13 is_stmt 1 view .LVU1145
 3649              	.LVL320:
ARM GAS  C:\Users\nicx5\AppData\Local\Temp\cclEOOYD.s 			page 161


 665:Src/transport/connection_manager.cpp ****                 MonitorTelemetry_OnLinkStateChanged(mode, static_cast<uint8_t>(nextState));
 3650              		.loc 1 665 13 view .LVU1146
 665:Src/transport/connection_manager.cpp ****                 MonitorTelemetry_OnLinkStateChanged(mode, static_cast<uint8_t>(nextState));
 3651              		.loc 1 665 17 is_stmt 0 view .LVU1147
 3652 00ee 2078     		ldrb	r0, [r4]	@ zero_extendqisi2
 3653              	.LVL321:
 665:Src/transport/connection_manager.cpp ****                 MonitorTelemetry_OnLinkStateChanged(mode, static_cast<uint8_t>(nextState));
 3654              		.loc 1 665 13 view .LVU1148
 3655 00f0 9842     		cmp	r0, r3
 3656 00f2 04D0     		beq	.L269
 3657              	.L258:
 668:Src/transport/connection_manager.cpp ****                 linkState = nextState;
 3658              		.loc 1 668 13 is_stmt 1 view .LVU1149
 668:Src/transport/connection_manager.cpp ****                 linkState = nextState;
 3659              		.loc 1 668 17 is_stmt 0 view .LVU1150
 3660 00f4 2378     		ldrb	r3, [r4]	@ zero_extendqisi2
 668:Src/transport/connection_manager.cpp ****                 linkState = nextState;
 3661              		.loc 1 668 13 view .LVU1151
 3662 00f6 012B     		cmp	r3, #1
 3663 00f8 24D1     		bne	.L252
 669:Src/transport/connection_manager.cpp ****             }
 3664              		.loc 1 669 17 is_stmt 1 view .LVU1152
 669:Src/transport/connection_manager.cpp ****             }
 3665              		.loc 1 669 27 is_stmt 0 view .LVU1153
 3666 00fa 6370     		strb	r3, [r4, #1]
 671:Src/transport/connection_manager.cpp ****         }
 3667              		.loc 1 671 13 is_stmt 1 view .LVU1154
 671:Src/transport/connection_manager.cpp ****         }
 3668              		.loc 1 671 20 is_stmt 0 view .LVU1155
 3669 00fc 22E0     		b	.L252
 3670              	.L269:
 665:Src/transport/connection_manager.cpp ****                 MonitorTelemetry_OnLinkStateChanged(mode, static_cast<uint8_t>(nextState));
 3671              		.loc 1 665 66 discriminator 1 view .LVU1156
 3672 00fe 6378     		ldrb	r3, [r4, #1]	@ zero_extendqisi2
 665:Src/transport/connection_manager.cpp ****                 MonitorTelemetry_OnLinkStateChanged(mode, static_cast<uint8_t>(nextState));
 3673              		.loc 1 665 63 discriminator 1 view .LVU1157
 3674 0100 012B     		cmp	r3, #1
 3675 0102 F7D0     		beq	.L258
 666:Src/transport/connection_manager.cpp ****             }
 3676              		.loc 1 666 17 is_stmt 1 view .LVU1158
 666:Src/transport/connection_manager.cpp ****             }
 3677              		.loc 1 666 52 is_stmt 0 view .LVU1159
 3678 0104 0121     		movs	r1, #1
 3679 0106 FFF7FEFF 		bl	_Z35MonitorTelemetry_OnLinkStateChanged14ConnectionModeh
 3680              	.LVL322:
 3681 010a F3E7     		b	.L258
 3682              	.LVL323:
 3683              	.L267:
 666:Src/transport/connection_manager.cpp ****             }
 3684              		.loc 1 666 52 view .LVU1160
 3685              	.LBE252:
 3686              	.LBE253:
 680:Src/transport/connection_manager.cpp ****             MonitorTelemetry_OnLinkStateChanged(mode, static_cast<uint8_t>(nextState));
 3687              		.loc 1 680 62 discriminator 1 view .LVU1161
 3688 010c 6378     		ldrb	r3, [r4, #1]	@ zero_extendqisi2
 680:Src/transport/connection_manager.cpp ****             MonitorTelemetry_OnLinkStateChanged(mode, static_cast<uint8_t>(nextState));
 3689              		.loc 1 680 59 discriminator 1 view .LVU1162
ARM GAS  C:\Users\nicx5\AppData\Local\Temp\cclEOOYD.s 			page 162


 3690 010e 032B     		cmp	r3, #3
 3691 0110 DDD0     		beq	.L261
 681:Src/transport/connection_manager.cpp ****         }
 3692              		.loc 1 681 13 is_stmt 1 view .LVU1163
 681:Src/transport/connection_manager.cpp ****         }
 3693              		.loc 1 681 48 is_stmt 0 view .LVU1164
 3694 0112 0321     		movs	r1, #3
 3695 0114 FFF7FEFF 		bl	_Z35MonitorTelemetry_OnLinkStateChanged14ConnectionModeh
 3696              	.LVL324:
 3697 0118 D9E7     		b	.L261
 3698              	.L268:
 684:Src/transport/connection_manager.cpp ****         }
 3699              		.loc 1 684 13 is_stmt 1 view .LVU1165
 684:Src/transport/connection_manager.cpp ****         }
 3700              		.loc 1 684 23 is_stmt 0 view .LVU1166
 3701 011a 0323     		movs	r3, #3
 3702 011c 6370     		strb	r3, [r4, #1]
 3703 011e D9E7     		b	.L262
 3704              	.LVL325:
 3705              	.L255:
 684:Src/transport/connection_manager.cpp ****         }
 3706              		.loc 1 684 23 view .LVU1167
 3707              	.LBE250:
 3708              	.LBE249:
 690:Src/transport/connection_manager.cpp ****     updatePairingStateFromStatus();
 3709              		.loc 1 690 5 is_stmt 1 view .LVU1168
 690:Src/transport/connection_manager.cpp ****     updatePairingStateFromStatus();
 3710              		.loc 1 690 32 is_stmt 0 view .LVU1169
 3711 0120 2046     		mov	r0, r4
 3712              	.LVL326:
 690:Src/transport/connection_manager.cpp ****     updatePairingStateFromStatus();
 3713              		.loc 1 690 32 view .LVU1170
 3714 0122 FFF7FEFF 		bl	_ZN17ConnectionManager27updateRfLinkStateFromStatusEv
 3715              	.LVL327:
 691:Src/transport/connection_manager.cpp ****     if (rfPairingState == RfPairingState::Starting) {
 3716              		.loc 1 691 5 is_stmt 1 view .LVU1171
 691:Src/transport/connection_manager.cpp ****     if (rfPairingState == RfPairingState::Starting) {
 3717              		.loc 1 691 33 is_stmt 0 view .LVU1172
 3718 0126 2046     		mov	r0, r4
 3719 0128 FFF7FEFF 		bl	_ZN17ConnectionManager28updatePairingStateFromStatusEv
 3720              	.LVL328:
 692:Src/transport/connection_manager.cpp ****         rfPairingState = RfPairingState::PairModeOn;
 3721              		.loc 1 692 5 is_stmt 1 view .LVU1173
 692:Src/transport/connection_manager.cpp ****         rfPairingState = RfPairingState::PairModeOn;
 3722              		.loc 1 692 9 is_stmt 0 view .LVU1174
 3723 012c 94F84230 		ldrb	r3, [r4, #66]	@ zero_extendqisi2
 692:Src/transport/connection_manager.cpp ****         rfPairingState = RfPairingState::PairModeOn;
 3724              		.loc 1 692 5 view .LVU1175
 3725 0130 012B     		cmp	r3, #1
 3726 0132 01D0     		beq	.L270
 695:Src/transport/connection_manager.cpp **** }
 3727              		.loc 1 695 12 view .LVU1176
 3728 0134 3546     		mov	r5, r6
 3729 0136 05E0     		b	.L252
 3730              	.L270:
 693:Src/transport/connection_manager.cpp ****     }
 3731              		.loc 1 693 9 is_stmt 1 view .LVU1177
ARM GAS  C:\Users\nicx5\AppData\Local\Temp\cclEOOYD.s 			page 163


 693:Src/transport/connection_manager.cpp ****     }
 3732              		.loc 1 693 24 is_stmt 0 view .LVU1178
 3733 0138 0223     		movs	r3, #2
 3734 013a 84F84230 		strb	r3, [r4, #66]
 695:Src/transport/connection_manager.cpp **** }
 3735              		.loc 1 695 12 view .LVU1179
 3736 013e 3546     		mov	r5, r6
 3737 0140 00E0     		b	.L252
 3738              	.LVL329:
 3739              	.L263:
 628:Src/transport/connection_manager.cpp ****     }
 3740              		.loc 1 628 16 view .LVU1180
 3741 0142 0025     		movs	r5, #0
 3742              	.LVL330:
 3743              	.L252:
 696:Src/transport/connection_manager.cpp **** 
 3744              		.loc 1 696 1 view .LVU1181
 3745 0144 2846     		mov	r0, r5
 3746 0146 F8BD     		pop	{r3, r4, r5, r6, r7, pc}
 3747              	.L272:
 3748              		.align	2
 3749              	.L271:
 3750 0148 00000000 		.word	.LC11
 3751 014c 3C000000 		.word	.LC1
 3752              		.cfi_endproc
 3753              	.LFE2455:
 3755              		.section	.text._ZN17ConnectionManager24enterRfModeAfterColdBootE14ConnectionMode18WirelessReportRa
 3756              		.align	1
 3757              		.global	_ZN17ConnectionManager24enterRfModeAfterColdBootE14ConnectionMode18WirelessReportRate
 3758              		.syntax unified
 3759              		.thumb
 3760              		.thumb_func
 3762              	_ZN17ConnectionManager24enterRfModeAfterColdBootE14ConnectionMode18WirelessReportRate:
 3763              	.LVL331:
 3764              	.LFB2462:
 900:Src/transport/connection_manager.cpp **** 
 901:Src/transport/connection_manager.cpp **** bool ConnectionManager::enterRfModeAfterColdBoot(ConnectionMode connMode, WirelessReportRate wirele
 3765              		.loc 1 901 108 is_stmt 1 view -0
 3766              		.cfi_startproc
 3767              		@ args = 0, pretend = 0, frame = 0
 3768              		@ frame_needed = 0, uses_anonymous_args = 0
 3769              		.loc 1 901 108 is_stmt 0 view .LVU1183
 3770 0000 38B5     		push	{r3, r4, r5, lr}
 3771              	.LCFI27:
 3772              		.cfi_def_cfa_offset 16
 3773              		.cfi_offset 3, -16
 3774              		.cfi_offset 4, -12
 3775              		.cfi_offset 5, -8
 3776              		.cfi_offset 14, -4
 3777 0002 0446     		mov	r4, r0
 902:Src/transport/connection_manager.cpp ****     rfEventServiceEnabled = true;
 3778              		.loc 1 902 5 is_stmt 1 view .LVU1184
 3779              		.loc 1 902 27 is_stmt 0 view .LVU1185
 3780 0004 0123     		movs	r3, #1
 3781 0006 80F83430 		strb	r3, [r0, #52]
 903:Src/transport/connection_manager.cpp ****     requestedReportRateHz = rfHighRateEligible
 3782              		.loc 1 903 5 is_stmt 1 view .LVU1186
ARM GAS  C:\Users\nicx5\AppData\Local\Temp\cclEOOYD.s 			page 164


 3783              		.loc 1 903 29 is_stmt 0 view .LVU1187
 3784 000a 037A     		ldrb	r3, [r0, #8]	@ zero_extendqisi2
 3785              		.loc 1 903 27 view .LVU1188
 3786 000c 5BB9     		cbnz	r3, .L277
 3787              		.loc 1 903 27 discriminator 1 view .LVU1189
 3788 000e 4FF47A71 		mov	r1, #1000
 3789              	.LVL332:
 3790              	.L274:
 3791              		.loc 1 903 27 discriminator 2 view .LVU1190
 3792 0012 A180     		strh	r1, [r4, #4]	@ movhi
 904:Src/transport/connection_manager.cpp ****         ? getRfReportRateHz(wirelessRate)
 905:Src/transport/connection_manager.cpp ****         : 1000u;
 906:Src/transport/connection_manager.cpp **** 
 907:Src/transport/connection_manager.cpp ****     // ROLE_SELECTED acknowledges only the selector. The asynchronous owner
 908:Src/transport/connection_manager.cpp ****     // waits for RF application ready, configures rate and reads a fresh status.
 909:Src/transport/connection_manager.cpp ****     (void)connMode;
 3793              		.loc 1 909 5 is_stmt 1 view .LVU1191
 910:Src/transport/connection_manager.cpp ****     rfRuntimeRecoveryActive = true;
 3794              		.loc 1 910 5 view .LVU1192
 3795              		.loc 1 910 29 is_stmt 0 view .LVU1193
 3796 0014 0125     		movs	r5, #1
 3797 0016 84F83650 		strb	r5, [r4, #54]
 911:Src/transport/connection_manager.cpp ****     RF_SLEEP_RECOVERY.beginAfterRole(requestedReportRateHz, kRfRuntimeRecoveryAttempts);
 3798              		.loc 1 911 5 is_stmt 1 view .LVU1194
 3799              	.LBB254:
 3800              	.LBI254:
  15:Inc/transport/rf/rf_sleep_recovery.hpp ****     bool suspend();
 3801              		.loc 9 15 29 view .LVU1195
  15:Inc/transport/rf/rf_sleep_recovery.hpp ****     bool suspend();
 3802              		.loc 9 15 42 view .LVU1196
  15:Inc/transport/rf/rf_sleep_recovery.hpp ****     bool suspend();
 3803              		.loc 9 15 72 view .LVU1197
 3804              	.LBE254:
 3805              		.loc 1 911 37 is_stmt 0 discriminator 1 view .LVU1198
 3806 001a 0322     		movs	r2, #3
 3807 001c 0448     		ldr	r0, .L278
 3808 001e FFF7FEFF 		bl	_ZN15RfSleepRecovery14beginAfterRoleEth
 3809              	.LVL333:
 912:Src/transport/connection_manager.cpp ****     return true;
 3810              		.loc 1 912 5 is_stmt 1 view .LVU1199
 913:Src/transport/connection_manager.cpp **** }
 3811              		.loc 1 913 1 is_stmt 0 view .LVU1200
 3812 0022 2846     		mov	r0, r5
 3813 0024 38BD     		pop	{r3, r4, r5, pc}
 3814              	.LVL334:
 3815              	.L277:
 904:Src/transport/connection_manager.cpp ****         : 1000u;
 3816              		.loc 1 904 28 view .LVU1201
 3817 0026 1046     		mov	r0, r2
 3818              	.LVL335:
 904:Src/transport/connection_manager.cpp ****         : 1000u;
 3819              		.loc 1 904 28 view .LVU1202
 3820 0028 FFF7FEFF 		bl	_ZN12_GLOBAL__N_1L17getRfReportRateHzE18WirelessReportRate
 3821              	.LVL336:
 904:Src/transport/connection_manager.cpp ****         : 1000u;
 3822              		.loc 1 904 28 view .LVU1203
 3823 002c 0146     		mov	r1, r0
ARM GAS  C:\Users\nicx5\AppData\Local\Temp\cclEOOYD.s 			page 165


 3824 002e F0E7     		b	.L274
 3825              	.L279:
 3826              		.align	2
 3827              	.L278:
 3828 0030 00000000 		.word	_ZZN15RfSleepRecovery8instanceEvE5value
 3829              		.cfi_endproc
 3830              	.LFE2462:
 3832              		.section	.rodata._ZN17ConnectionManager16restoreRfRuntimeE18WirelessReportRate.str1.4,"aMS",%progb
 3833              		.align	2
 3834              	.LC12:
 3835 0000 72662077 		.ascii	"rf wake restore failed\000"
 3835      616B6520 
 3835      72657374 
 3835      6F726520 
 3835      6661696C 
 3836              		.section	.text._ZN17ConnectionManager16restoreRfRuntimeE18WirelessReportRate,"ax",%progbits
 3837              		.align	1
 3838              		.global	_ZN17ConnectionManager16restoreRfRuntimeE18WirelessReportRate
 3839              		.syntax unified
 3840              		.thumb
 3841              		.thumb_func
 3843              	_ZN17ConnectionManager16restoreRfRuntimeE18WirelessReportRate:
 3844              	.LVL337:
 3845              	.LFB2463:
 914:Src/transport/connection_manager.cpp **** 
 915:Src/transport/connection_manager.cpp **** bool ConnectionManager::restoreRfRuntime(WirelessReportRate wirelessRate) {
 3846              		.loc 1 915 75 is_stmt 1 view -0
 3847              		.cfi_startproc
 3848              		@ args = 0, pretend = 0, frame = 0
 3849              		@ frame_needed = 0, uses_anonymous_args = 0
 3850              		.loc 1 915 75 is_stmt 0 view .LVU1205
 3851 0000 38B5     		push	{r3, r4, r5, lr}
 3852              	.LCFI28:
 3853              		.cfi_def_cfa_offset 16
 3854              		.cfi_offset 3, -16
 3855              		.cfi_offset 4, -12
 3856              		.cfi_offset 5, -8
 3857              		.cfi_offset 14, -4
 916:Src/transport/connection_manager.cpp ****     if (rfSleepRecoveryOwned) return false;
 3858              		.loc 1 916 5 is_stmt 1 view .LVU1206
 3859              		.loc 1 916 9 is_stmt 0 view .LVU1207
 3860 0002 90F83530 		ldrb	r3, [r0, #53]	@ zero_extendqisi2
 3861              		.loc 1 916 5 view .LVU1208
 3862 0006 A3BB     		cbnz	r3, .L287
 3863 0008 0446     		mov	r4, r0
 917:Src/transport/connection_manager.cpp ****     requestedReportRateHz = rfHighRateEligible
 3864              		.loc 1 917 5 is_stmt 1 view .LVU1209
 3865              		.loc 1 917 29 is_stmt 0 view .LVU1210
 3866 000a 037A     		ldrb	r3, [r0, #8]	@ zero_extendqisi2
 3867              		.loc 1 917 27 view .LVU1211
 3868 000c 83B9     		cbnz	r3, .L290
 3869              		.loc 1 917 27 discriminator 1 view .LVU1212
 3870 000e 4FF47A71 		mov	r1, #1000
 3871              	.LVL338:
 3872              	.L282:
 3873              		.loc 1 917 27 discriminator 2 view .LVU1213
 3874 0012 A180     		strh	r1, [r4, #4]	@ movhi
ARM GAS  C:\Users\nicx5\AppData\Local\Temp\cclEOOYD.s 			page 166


 918:Src/transport/connection_manager.cpp ****         ? getRfReportRateHz(wirelessRate)
 919:Src/transport/connection_manager.cpp ****         : 1000u;
 920:Src/transport/connection_manager.cpp ****     printf("[RF_PWR][RESTORE_BEGIN] mode=%u rate=%u\r\n",
 3875              		.loc 1 920 5 is_stmt 1 view .LVU1214
 921:Src/transport/connection_manager.cpp ****            (unsigned int)mode,
 922:Src/transport/connection_manager.cpp ****            (unsigned int)requestedReportRateHz);
 923:Src/transport/connection_manager.cpp **** 
 924:Src/transport/connection_manager.cpp ****     bool restoreOk = true;
 3876              		.loc 1 924 5 view .LVU1215
 3877              	.LVL339:
 925:Src/transport/connection_manager.cpp ****     if (mode == ConnectionMode::CONNECTION_MODE_RF24G) {
 3878              		.loc 1 925 5 view .LVU1216
 3879              		.loc 1 925 9 is_stmt 0 view .LVU1217
 3880 0014 2378     		ldrb	r3, [r4]	@ zero_extendqisi2
 3881              		.loc 1 925 5 view .LVU1218
 3882 0016 012B     		cmp	r3, #1
 3883 0018 0FD0     		beq	.L291
 926:Src/transport/connection_manager.cpp ****         restoreOk = confirmRfReportRate(requestedReportRateHz);
 927:Src/transport/connection_manager.cpp ****         if (restoreOk) {
 928:Src/transport/connection_manager.cpp ****             MonitorTelemetry_Init(mode, appliedReportRateHz);
 929:Src/transport/connection_manager.cpp ****         }
 930:Src/transport/connection_manager.cpp ****     } else {
 931:Src/transport/connection_manager.cpp ****         appliedReportRateHz = 1000u;
 3884              		.loc 1 931 9 is_stmt 1 view .LVU1219
 3885              		.loc 1 931 29 is_stmt 0 view .LVU1220
 3886 001a 4FF47A73 		mov	r3, #1000
 3887 001e 6380     		strh	r3, [r4, #2]	@ movhi
 932:Src/transport/connection_manager.cpp ****         reportRateConfirmed = true;
 3888              		.loc 1 932 9 is_stmt 1 view .LVU1221
 3889              		.loc 1 932 29 is_stmt 0 view .LVU1222
 3890 0020 0125     		movs	r5, #1
 3891 0022 E571     		strb	r5, [r4, #7]
 933:Src/transport/connection_manager.cpp ****         restoreOk = true;
 3892              		.loc 1 933 9 is_stmt 1 view .LVU1223
 3893              	.LVL340:
 3894              	.L284:
 934:Src/transport/connection_manager.cpp ****     }
 935:Src/transport/connection_manager.cpp **** 
 936:Src/transport/connection_manager.cpp ****     if (mode == ConnectionMode::CONNECTION_MODE_RF24G) {
 3895              		.loc 1 936 5 view .LVU1224
 3896              		.loc 1 936 9 is_stmt 0 view .LVU1225
 3897 0024 2378     		ldrb	r3, [r4]	@ zero_extendqisi2
 3898              		.loc 1 936 5 view .LVU1226
 3899 0026 012B     		cmp	r3, #1
 3900 0028 12D0     		beq	.L292
 3901              	.L285:
 937:Src/transport/connection_manager.cpp ****         if (restoreOk) {
 938:Src/transport/connection_manager.cpp ****             updateRfLinkStateFromStatus();
 939:Src/transport/connection_manager.cpp ****         } else {
 940:Src/transport/connection_manager.cpp ****             setLinkState(ConnectionLinkState::Error);
 941:Src/transport/connection_manager.cpp ****         }
 942:Src/transport/connection_manager.cpp ****     }
 943:Src/transport/connection_manager.cpp ****     if (!restoreOk) {
 3902              		.loc 1 943 5 is_stmt 1 view .LVU1227
 3903 002a DDB1     		cbz	r5, .L293
 3904              	.LVL341:
 3905              	.L281:
ARM GAS  C:\Users\nicx5\AppData\Local\Temp\cclEOOYD.s 			page 167


 944:Src/transport/connection_manager.cpp ****         MonitorTelemetry_OnError("CONNECTION_MANAGER", 1008u, "rf wake restore failed");
 945:Src/transport/connection_manager.cpp ****         printf("[RF_PWR][RESTORE_FAIL] mode=%u\r\n", (unsigned int)mode);
 946:Src/transport/connection_manager.cpp ****     } else {
 947:Src/transport/connection_manager.cpp ****         printf("[RF_PWR][RESTORE_OK] mode=%u rate=%u\r\n",
 948:Src/transport/connection_manager.cpp ****                (unsigned int)mode,
 949:Src/transport/connection_manager.cpp ****                (unsigned int)appliedReportRateHz);
 950:Src/transport/connection_manager.cpp ****     }
 951:Src/transport/connection_manager.cpp ****     return restoreOk;
 952:Src/transport/connection_manager.cpp **** }
 3906              		.loc 1 952 1 is_stmt 0 view .LVU1228
 3907 002c 2846     		mov	r0, r5
 3908 002e 38BD     		pop	{r3, r4, r5, pc}
 3909              	.LVL342:
 3910              	.L290:
 918:Src/transport/connection_manager.cpp ****         : 1000u;
 3911              		.loc 1 918 28 view .LVU1229
 3912 0030 0846     		mov	r0, r1
 3913              	.LVL343:
 918:Src/transport/connection_manager.cpp ****         : 1000u;
 3914              		.loc 1 918 28 view .LVU1230
 3915 0032 FFF7FEFF 		bl	_ZN12_GLOBAL__N_1L17getRfReportRateHzE18WirelessReportRate
 3916              	.LVL344:
 918:Src/transport/connection_manager.cpp ****         : 1000u;
 3917              		.loc 1 918 28 view .LVU1231
 3918 0036 0146     		mov	r1, r0
 3919 0038 EBE7     		b	.L282
 3920              	.LVL345:
 3921              	.L291:
 926:Src/transport/connection_manager.cpp ****         if (restoreOk) {
 3922              		.loc 1 926 9 is_stmt 1 view .LVU1232
 926:Src/transport/connection_manager.cpp ****         if (restoreOk) {
 3923              		.loc 1 926 40 is_stmt 0 view .LVU1233
 3924 003a 2046     		mov	r0, r4
 3925 003c FFF7FEFF 		bl	_ZN17ConnectionManager19confirmRfReportRateEt
 3926              	.LVL346:
 927:Src/transport/connection_manager.cpp ****             MonitorTelemetry_Init(mode, appliedReportRateHz);
 3927              		.loc 1 927 9 is_stmt 1 view .LVU1234
 3928 0040 0546     		mov	r5, r0
 3929 0042 0028     		cmp	r0, #0
 3930 0044 EED0     		beq	.L284
 928:Src/transport/connection_manager.cpp ****         }
 3931              		.loc 1 928 13 view .LVU1235
 928:Src/transport/connection_manager.cpp ****         }
 3932              		.loc 1 928 34 is_stmt 0 view .LVU1236
 3933 0046 6188     		ldrh	r1, [r4, #2]
 3934 0048 2078     		ldrb	r0, [r4]	@ zero_extendqisi2
 3935              	.LVL347:
 928:Src/transport/connection_manager.cpp ****         }
 3936              		.loc 1 928 34 view .LVU1237
 3937 004a FFF7FEFF 		bl	_Z21MonitorTelemetry_Init14ConnectionModet
 3938              	.LVL348:
 3939 004e E9E7     		b	.L284
 3940              	.L292:
 937:Src/transport/connection_manager.cpp ****             updateRfLinkStateFromStatus();
 3941              		.loc 1 937 9 is_stmt 1 view .LVU1238
 3942 0050 1DB1     		cbz	r5, .L286
 938:Src/transport/connection_manager.cpp ****         } else {
ARM GAS  C:\Users\nicx5\AppData\Local\Temp\cclEOOYD.s 			page 168


 3943              		.loc 1 938 13 view .LVU1239
 938:Src/transport/connection_manager.cpp ****         } else {
 3944              		.loc 1 938 40 is_stmt 0 view .LVU1240
 3945 0052 2046     		mov	r0, r4
 3946 0054 FFF7FEFF 		bl	_ZN17ConnectionManager27updateRfLinkStateFromStatusEv
 3947              	.LVL349:
 3948 0058 E7E7     		b	.L285
 3949              	.L286:
 940:Src/transport/connection_manager.cpp ****         }
 3950              		.loc 1 940 13 is_stmt 1 view .LVU1241
 940:Src/transport/connection_manager.cpp ****         }
 3951              		.loc 1 940 25 is_stmt 0 view .LVU1242
 3952 005a 0321     		movs	r1, #3
 3953 005c 2046     		mov	r0, r4
 3954 005e FFF7FEFF 		bl	_ZN17ConnectionManager12setLinkStateE19ConnectionLinkState
 3955              	.LVL350:
 3956 0062 E2E7     		b	.L285
 3957              	.L293:
 944:Src/transport/connection_manager.cpp ****         printf("[RF_PWR][RESTORE_FAIL] mode=%u\r\n", (unsigned int)mode);
 3958              		.loc 1 944 9 is_stmt 1 view .LVU1243
 944:Src/transport/connection_manager.cpp ****         printf("[RF_PWR][RESTORE_FAIL] mode=%u\r\n", (unsigned int)mode);
 3959              		.loc 1 944 33 is_stmt 0 view .LVU1244
 3960 0064 044A     		ldr	r2, .L294
 3961 0066 4FF47C71 		mov	r1, #1008
 3962 006a 0448     		ldr	r0, .L294+4
 3963 006c FFF7FEFF 		bl	_Z24MonitorTelemetry_OnErrorPKcmS0_
 3964              	.LVL351:
 945:Src/transport/connection_manager.cpp ****     } else {
 3965              		.loc 1 945 9 is_stmt 1 view .LVU1245
 3966 0070 DCE7     		b	.L281
 3967              	.LVL352:
 3968              	.L287:
 916:Src/transport/connection_manager.cpp ****     requestedReportRateHz = rfHighRateEligible
 3969              		.loc 1 916 38 is_stmt 0 discriminator 1 view .LVU1246
 3970 0072 0025     		movs	r5, #0
 3971 0074 DAE7     		b	.L281
 3972              	.L295:
 3973 0076 00BF     		.align	2
 3974              	.L294:
 3975 0078 00000000 		.word	.LC12
 3976 007c 3C000000 		.word	.LC1
 3977              		.cfi_endproc
 3978              	.LFE2463:
 3980              		.section	.text._ZN17ConnectionManager24initializeRfPowerForModeE14ConnectionMode18WirelessReportRa
 3981              		.align	1
 3982              		.global	_ZN17ConnectionManager24initializeRfPowerForModeE14ConnectionMode18WirelessReportRate
 3983              		.syntax unified
 3984              		.thumb
 3985              		.thumb_func
 3987              	_ZN17ConnectionManager24initializeRfPowerForModeE14ConnectionMode18WirelessReportRate:
 3988              	.LVL353:
 3989              	.LFB2464:
 953:Src/transport/connection_manager.cpp **** 
 954:Src/transport/connection_manager.cpp **** bool ConnectionManager::initializeRfPowerForMode(ConnectionMode connMode, WirelessReportRate wirele
 3990              		.loc 1 954 108 is_stmt 1 view -0
 3991              		.cfi_startproc
 3992              		@ args = 0, pretend = 0, frame = 0
ARM GAS  C:\Users\nicx5\AppData\Local\Temp\cclEOOYD.s 			page 169


 3993              		@ frame_needed = 0, uses_anonymous_args = 0
 955:Src/transport/connection_manager.cpp ****     if (rfSleepRecoveryOwned) return false;
 3994              		.loc 1 955 5 view .LVU1248
 3995              		.loc 1 955 9 is_stmt 0 view .LVU1249
 3996 0000 90F83530 		ldrb	r3, [r0, #53]	@ zero_extendqisi2
 3997              		.loc 1 955 5 view .LVU1250
 3998 0004 E3B9     		cbnz	r3, .L299
 954:Src/transport/connection_manager.cpp ****     if (rfSleepRecoveryOwned) return false;
 3999              		.loc 1 954 108 view .LVU1251
 4000 0006 70B5     		push	{r4, r5, r6, lr}
 4001              	.LCFI29:
 4002              		.cfi_def_cfa_offset 16
 4003              		.cfi_offset 4, -16
 4004              		.cfi_offset 5, -12
 4005              		.cfi_offset 6, -8
 4006              		.cfi_offset 14, -4
 4007 0008 0446     		mov	r4, r0
 4008 000a 0D46     		mov	r5, r1
 4009 000c 1646     		mov	r6, r2
 956:Src/transport/connection_manager.cpp ****     printf("[RF_PWR][INIT] mode=%u rate_enum=%u\r\n",
 4010              		.loc 1 956 5 is_stmt 1 view .LVU1252
 957:Src/transport/connection_manager.cpp ****            (unsigned int)connMode,
 958:Src/transport/connection_manager.cpp ****            (unsigned int)wirelessRate);
 959:Src/transport/connection_manager.cpp **** 
 960:Src/transport/connection_manager.cpp ****     if (connMode == ConnectionMode::CONNECTION_MODE_USB) {
 4011              		.loc 1 960 5 view .LVU1253
 4012 000e 19B1     		cbz	r1, .L304
 961:Src/transport/connection_manager.cpp ****         appliedReportRateHz = 1000u;
 962:Src/transport/connection_manager.cpp ****         requestedReportRateHz = 1000u;
 963:Src/transport/connection_manager.cpp ****         reportRateConfirmed = true;
 964:Src/transport/connection_manager.cpp ****         rfEventServiceEnabled = false;
 965:Src/transport/connection_manager.cpp ****         setRfPowerState(RfPowerState::Unknown, false);
 966:Src/transport/connection_manager.cpp ****         return true;
 967:Src/transport/connection_manager.cpp ****     }
 968:Src/transport/connection_manager.cpp **** 
 969:Src/transport/connection_manager.cpp ****     if (!rfPhysicalRoleIsActive()) {
 4013              		.loc 1 969 5 view .LVU1254
 4014              		.loc 1 969 32 is_stmt 0 view .LVU1255
 4015 0010 FFF7FEFF 		bl	_ZN12_GLOBAL__N_1L22rfPhysicalRoleIsActiveEv
 4016              	.LVL354:
 4017              		.loc 1 969 5 discriminator 1 view .LVU1256
 4018 0014 70B9     		cbnz	r0, .L305
 4019              	.LVL355:
 4020              	.L297:
 970:Src/transport/connection_manager.cpp ****         return false;
 971:Src/transport/connection_manager.cpp ****     }
 972:Src/transport/connection_manager.cpp **** 
 973:Src/transport/connection_manager.cpp ****     return enterRfModeAfterColdBoot(connMode, wirelessRate);
 974:Src/transport/connection_manager.cpp **** }
 4021              		.loc 1 974 1 view .LVU1257
 4022 0016 70BD     		pop	{r4, r5, r6, pc}
 4023              	.LVL356:
 4024              	.L304:
 961:Src/transport/connection_manager.cpp ****         appliedReportRateHz = 1000u;
 4025              		.loc 1 961 9 is_stmt 1 view .LVU1258
 961:Src/transport/connection_manager.cpp ****         appliedReportRateHz = 1000u;
 4026              		.loc 1 961 29 is_stmt 0 view .LVU1259
ARM GAS  C:\Users\nicx5\AppData\Local\Temp\cclEOOYD.s 			page 170


 4027 0018 4FF47A73 		mov	r3, #1000
 4028 001c 4380     		strh	r3, [r0, #2]	@ movhi
 962:Src/transport/connection_manager.cpp ****         reportRateConfirmed = true;
 4029              		.loc 1 962 9 is_stmt 1 view .LVU1260
 962:Src/transport/connection_manager.cpp ****         reportRateConfirmed = true;
 4030              		.loc 1 962 31 is_stmt 0 view .LVU1261
 4031 001e 8380     		strh	r3, [r0, #4]	@ movhi
 963:Src/transport/connection_manager.cpp ****         rfEventServiceEnabled = false;
 4032              		.loc 1 963 9 is_stmt 1 view .LVU1262
 963:Src/transport/connection_manager.cpp ****         rfEventServiceEnabled = false;
 4033              		.loc 1 963 29 is_stmt 0 view .LVU1263
 4034 0020 0125     		movs	r5, #1
 4035 0022 C571     		strb	r5, [r0, #7]
 964:Src/transport/connection_manager.cpp ****         setRfPowerState(RfPowerState::Unknown, false);
 4036              		.loc 1 964 9 is_stmt 1 view .LVU1264
 964:Src/transport/connection_manager.cpp ****         setRfPowerState(RfPowerState::Unknown, false);
 4037              		.loc 1 964 31 is_stmt 0 view .LVU1265
 4038 0024 0021     		movs	r1, #0
 4039              	.LVL357:
 964:Src/transport/connection_manager.cpp ****         setRfPowerState(RfPowerState::Unknown, false);
 4040              		.loc 1 964 31 view .LVU1266
 4041 0026 80F83410 		strb	r1, [r0, #52]
 965:Src/transport/connection_manager.cpp ****         return true;
 4042              		.loc 1 965 9 is_stmt 1 view .LVU1267
 965:Src/transport/connection_manager.cpp ****         return true;
 4043              		.loc 1 965 24 is_stmt 0 view .LVU1268
 4044 002a 0A46     		mov	r2, r1
 4045              	.LVL358:
 965:Src/transport/connection_manager.cpp ****         return true;
 4046              		.loc 1 965 24 view .LVU1269
 4047 002c FFF7FEFF 		bl	_ZN17ConnectionManager15setRfPowerStateE12RfPowerStateb
 4048              	.LVL359:
 966:Src/transport/connection_manager.cpp ****     }
 4049              		.loc 1 966 9 is_stmt 1 view .LVU1270
 966:Src/transport/connection_manager.cpp ****     }
 4050              		.loc 1 966 16 is_stmt 0 view .LVU1271
 4051 0030 2846     		mov	r0, r5
 4052 0032 F0E7     		b	.L297
 4053              	.L305:
 973:Src/transport/connection_manager.cpp **** }
 4054              		.loc 1 973 5 is_stmt 1 view .LVU1272
 973:Src/transport/connection_manager.cpp **** }
 4055              		.loc 1 973 36 is_stmt 0 view .LVU1273
 4056 0034 3246     		mov	r2, r6
 4057 0036 2946     		mov	r1, r5
 4058 0038 2046     		mov	r0, r4
 4059 003a FFF7FEFF 		bl	_ZN17ConnectionManager24enterRfModeAfterColdBootE14ConnectionMode18WirelessReportRate
 4060              	.LVL360:
 973:Src/transport/connection_manager.cpp **** }
 4061              		.loc 1 973 59 view .LVU1274
 4062 003e EAE7     		b	.L297
 4063              	.LVL361:
 4064              	.L299:
 4065              	.LCFI30:
 4066              		.cfi_def_cfa_offset 0
 4067              		.cfi_restore 4
 4068              		.cfi_restore 5
ARM GAS  C:\Users\nicx5\AppData\Local\Temp\cclEOOYD.s 			page 171


 4069              		.cfi_restore 6
 4070              		.cfi_restore 14
 955:Src/transport/connection_manager.cpp ****     printf("[RF_PWR][INIT] mode=%u rate_enum=%u\r\n",
 4071              		.loc 1 955 38 discriminator 1 view .LVU1275
 4072 0040 0020     		movs	r0, #0
 4073              	.LVL362:
 4074              		.loc 1 974 1 view .LVU1276
 4075 0042 7047     		bx	lr
 4076              		.cfi_endproc
 4077              	.LFE2464:
 4079              		.section	.rodata._ZN17ConnectionManager5setupE14ConnectionMode18WirelessReportRate9InputModeb.str1
 4080              		.align	2
 4081              	.LC13:
 4082 0000 72662073 		.ascii	"rf setRate failed\000"
 4082      65745261 
 4082      74652066 
 4082      61696C65 
 4082      6400
 4083              		.section	.text._ZN17ConnectionManager5setupE14ConnectionMode18WirelessReportRate9InputModeb,"ax",%
 4084              		.align	1
 4085              		.global	_ZN17ConnectionManager5setupE14ConnectionMode18WirelessReportRate9InputModeb
 4086              		.syntax unified
 4087              		.thumb
 4088              		.thumb_func
 4090              	_ZN17ConnectionManager5setupE14ConnectionMode18WirelessReportRate9InputModeb:
 4091              	.LVL363:
 4092              	.LFB2453:
 489:Src/transport/connection_manager.cpp ****     BP_APP_SCOPE(BP_APP_CONNECTION_SETUP);
 4093              		.loc 1 489 74 is_stmt 1 view -0
 4094              		.cfi_startproc
 4095              		@ args = 4, pretend = 0, frame = 0
 4096              		@ frame_needed = 0, uses_anonymous_args = 0
 489:Src/transport/connection_manager.cpp ****     BP_APP_SCOPE(BP_APP_CONNECTION_SETUP);
 4097              		.loc 1 489 74 is_stmt 0 view .LVU1278
 4098 0000 F8B5     		push	{r3, r4, r5, r6, r7, lr}
 4099              	.LCFI31:
 4100              		.cfi_def_cfa_offset 24
 4101              		.cfi_offset 3, -24
 4102              		.cfi_offset 4, -20
 4103              		.cfi_offset 5, -16
 4104              		.cfi_offset 6, -12
 4105              		.cfi_offset 7, -8
 4106              		.cfi_offset 14, -4
 4107 0002 0446     		mov	r4, r0
 4108 0004 1646     		mov	r6, r2
 4109 0006 9DF81800 		ldrb	r0, [sp, #24]	@ zero_extendqisi2
 4110              	.LVL364:
 490:Src/transport/connection_manager.cpp ****     rfSleepRecoveryOwned = false;
 4111              		.loc 1 490 5 is_stmt 1 view .LVU1279
 491:Src/transport/connection_manager.cpp ****     rfRuntimeRecoveryActive = false;
 4112              		.loc 1 491 5 view .LVU1280
 491:Src/transport/connection_manager.cpp ****     rfRuntimeRecoveryActive = false;
 4113              		.loc 1 491 26 is_stmt 0 view .LVU1281
 4114 000a 0022     		movs	r2, #0
 4115              	.LVL365:
 491:Src/transport/connection_manager.cpp ****     rfRuntimeRecoveryActive = false;
 4116              		.loc 1 491 26 view .LVU1282
ARM GAS  C:\Users\nicx5\AppData\Local\Temp\cclEOOYD.s 			page 172


 4117 000c 84F83520 		strb	r2, [r4, #53]
 492:Src/transport/connection_manager.cpp ****     rfStatusPollPending = false;
 4118              		.loc 1 492 5 is_stmt 1 view .LVU1283
 492:Src/transport/connection_manager.cpp ****     rfStatusPollPending = false;
 4119              		.loc 1 492 29 is_stmt 0 view .LVU1284
 4120 0010 84F83620 		strb	r2, [r4, #54]
 493:Src/transport/connection_manager.cpp ****     rfStatusPollFailures = 0u;
 4121              		.loc 1 493 5 is_stmt 1 view .LVU1285
 493:Src/transport/connection_manager.cpp ****     rfStatusPollFailures = 0u;
 4122              		.loc 1 493 25 is_stmt 0 view .LVU1286
 4123 0014 84F83720 		strb	r2, [r4, #55]
 494:Src/transport/connection_manager.cpp ****     lastRfStatusGeneration = rfTransport.receivedStatusGeneration();
 4124              		.loc 1 494 5 is_stmt 1 view .LVU1287
 494:Src/transport/connection_manager.cpp ****     lastRfStatusGeneration = rfTransport.receivedStatusGeneration();
 4125              		.loc 1 494 26 is_stmt 0 view .LVU1288
 4126 0018 84F83820 		strb	r2, [r4, #56]
 495:Src/transport/connection_manager.cpp ****     mode = connMode;
 4127              		.loc 1 495 5 is_stmt 1 view .LVU1289
 4128              	.LVL366:
 4129              	.LBB255:
 4130              	.LBI255:
  52:Inc/transport/rf/rf_transport.hpp ****     bool receivedStatusMatchesRate(uint16_t rate) const {
 4131              		.loc 4 52 14 view .LVU1290
 4132              	.LBB256:
  52:Inc/transport/rf/rf_transport.hpp ****     bool receivedStatusMatchesRate(uint16_t rate) const {
 4133              		.loc 4 52 49 view .LVU1291
  52:Inc/transport/rf/rf_transport.hpp ****     bool receivedStatusMatchesRate(uint16_t rate) const {
 4134              		.loc 4 52 56 is_stmt 0 view .LVU1292
 4135 001c A26F     		ldr	r2, [r4, #120]
 4136              	.LVL367:
  52:Inc/transport/rf/rf_transport.hpp ****     bool receivedStatusMatchesRate(uint16_t rate) const {
 4137              		.loc 4 52 56 view .LVU1293
 4138              	.LBE256:
 4139              	.LBE255:
 495:Src/transport/connection_manager.cpp ****     mode = connMode;
 4140              		.loc 1 495 28 discriminator 1 view .LVU1294
 4141 001e E263     		str	r2, [r4, #60]
 496:Src/transport/connection_manager.cpp ****     inputMode = effectiveInputModeForConnection(mode, inputMode);
 4142              		.loc 1 496 5 is_stmt 1 view .LVU1295
 496:Src/transport/connection_manager.cpp ****     inputMode = effectiveInputModeForConnection(mode, inputMode);
 4143              		.loc 1 496 10 is_stmt 0 view .LVU1296
 4144 0020 2170     		strb	r1, [r4]
 497:Src/transport/connection_manager.cpp ****     appliedReportRateHz = mode == ConnectionMode::CONNECTION_MODE_USB
 4145              		.loc 1 497 5 is_stmt 1 view .LVU1297
 4146              	.LVL368:
 4147              	.LBB257:
 4148              	.LBI257:
 4149              		.file 11 "Inc/input/input_runtime_policy.hpp"
   1:Inc/input/input_runtime_policy.hpp **** #ifndef INPUT_RUNTIME_POLICY_HPP
   2:Inc/input/input_runtime_policy.hpp **** #define INPUT_RUNTIME_POLICY_HPP
   3:Inc/input/input_runtime_policy.hpp **** 
   4:Inc/input/input_runtime_policy.hpp **** #include "enums.hpp"
   5:Inc/input/input_runtime_policy.hpp **** 
   6:Inc/input/input_runtime_policy.hpp **** constexpr InputMode effectiveInputModeForConnection(ConnectionMode connectionMode,
 4150              		.loc 11 6 21 view .LVU1298
 4151              	.LBB258:
   7:Inc/input/input_runtime_policy.hpp ****                                                      InputMode configuredMode)
ARM GAS  C:\Users\nicx5\AppData\Local\Temp\cclEOOYD.s 			page 173


   8:Inc/input/input_runtime_policy.hpp **** {
   9:Inc/input/input_runtime_policy.hpp ****     return connectionMode == CONNECTION_MODE_RF24G
 4152              		.loc 11 9 5 view .LVU1299
  10:Inc/input/input_runtime_policy.hpp ****         ? INPUT_MODE_XINPUT
 4153              		.loc 11 10 9 is_stmt 0 view .LVU1300
 4154 0022 0129     		cmp	r1, #1
 4155 0024 56D0     		beq	.L321
 4156              	.LVL369:
 4157              	.L307:
 4158              		.loc 11 10 9 view .LVU1301
 4159              	.LBE258:
 4160              	.LBE257:
 498:Src/transport/connection_manager.cpp ****         ? 1000u : 0u;
 4161              		.loc 1 498 5 is_stmt 1 view .LVU1302
 498:Src/transport/connection_manager.cpp ****         ? 1000u : 0u;
 4162              		.loc 1 498 25 is_stmt 0 view .LVU1303
 4163 0026 0029     		cmp	r1, #0
 4164 0028 56D1     		bne	.L318
 498:Src/transport/connection_manager.cpp ****         ? 1000u : 0u;
 4165              		.loc 1 498 25 discriminator 1 view .LVU1304
 4166 002a 4FF47A72 		mov	r2, #1000
 4167              	.L308:
 498:Src/transport/connection_manager.cpp ****         ? 1000u : 0u;
 4168              		.loc 1 498 25 discriminator 4 view .LVU1305
 4169 002e 6280     		strh	r2, [r4, #2]	@ movhi
 500:Src/transport/connection_manager.cpp ****     rateApplyPending = false;
 4170              		.loc 1 500 5 is_stmt 1 view .LVU1306
 500:Src/transport/connection_manager.cpp ****     rateApplyPending = false;
 4171              		.loc 1 500 27 is_stmt 0 view .LVU1307
 4172 0030 4FF47A72 		mov	r2, #1000
 4173 0034 A280     		strh	r2, [r4, #4]	@ movhi
 501:Src/transport/connection_manager.cpp ****     reportRateConfirmed = mode == ConnectionMode::CONNECTION_MODE_USB;
 4174              		.loc 1 501 5 is_stmt 1 view .LVU1308
 501:Src/transport/connection_manager.cpp ****     reportRateConfirmed = mode == ConnectionMode::CONNECTION_MODE_USB;
 4175              		.loc 1 501 22 is_stmt 0 view .LVU1309
 4176 0036 0022     		movs	r2, #0
 4177 0038 A271     		strb	r2, [r4, #6]
 502:Src/transport/connection_manager.cpp ****     rfHighRateEligible = inputMode == INPUT_MODE_XINPUT;
 4178              		.loc 1 502 5 is_stmt 1 view .LVU1310
 502:Src/transport/connection_manager.cpp ****     rfHighRateEligible = inputMode == INPUT_MODE_XINPUT;
 4179              		.loc 1 502 32 is_stmt 0 view .LVU1311
 4180 003a B1FA81F1 		clz	r1, r1
 4181              	.LVL370:
 502:Src/transport/connection_manager.cpp ****     rfHighRateEligible = inputMode == INPUT_MODE_XINPUT;
 4182              		.loc 1 502 32 view .LVU1312
 4183 003e 4909     		lsrs	r1, r1, #5
 502:Src/transport/connection_manager.cpp ****     rfHighRateEligible = inputMode == INPUT_MODE_XINPUT;
 4184              		.loc 1 502 25 view .LVU1313
 4185 0040 E171     		strb	r1, [r4, #7]
 503:Src/transport/connection_manager.cpp ****     if (coldSleepResume) setRfPowerState(RfPowerState::Unknown, false);
 4186              		.loc 1 503 5 is_stmt 1 view .LVU1314
 503:Src/transport/connection_manager.cpp ****     if (coldSleepResume) setRfPowerState(RfPowerState::Unknown, false);
 4187              		.loc 1 503 36 is_stmt 0 view .LVU1315
 4188 0042 B3FA83F3 		clz	r3, r3
 4189              	.LVL371:
 503:Src/transport/connection_manager.cpp ****     if (coldSleepResume) setRfPowerState(RfPowerState::Unknown, false);
 4190              		.loc 1 503 36 view .LVU1316
ARM GAS  C:\Users\nicx5\AppData\Local\Temp\cclEOOYD.s 			page 174


 4191 0046 5B09     		lsrs	r3, r3, #5
 503:Src/transport/connection_manager.cpp ****     if (coldSleepResume) setRfPowerState(RfPowerState::Unknown, false);
 4192              		.loc 1 503 24 view .LVU1317
 4193 0048 2372     		strb	r3, [r4, #8]
 504:Src/transport/connection_manager.cpp ****     else loadRfPowerStateHint();
 4194              		.loc 1 504 5 is_stmt 1 view .LVU1318
 4195 004a 0028     		cmp	r0, #0
 4196 004c 46D0     		beq	.L309
 504:Src/transport/connection_manager.cpp ****     else loadRfPowerStateHint();
 4197              		.loc 1 504 26 discriminator 1 view .LVU1319
 504:Src/transport/connection_manager.cpp ****     else loadRfPowerStateHint();
 4198              		.loc 1 504 41 is_stmt 0 discriminator 1 view .LVU1320
 4199 004e 1146     		mov	r1, r2
 4200 0050 2046     		mov	r0, r4
 4201 0052 FFF7FEFF 		bl	_ZN17ConnectionManager15setRfPowerStateE12RfPowerStateb
 4202              	.LVL372:
 4203              	.L310:
 506:Src/transport/connection_manager.cpp ****     lastRfStatusPollMs = HAL_GetTick();
 4204              		.loc 1 506 5 is_stmt 1 view .LVU1321
 506:Src/transport/connection_manager.cpp ****     lastRfStatusPollMs = HAL_GetTick();
 4205              		.loc 1 506 15 is_stmt 0 view .LVU1322
 4206 0056 0025     		movs	r5, #0
 4207 0058 6570     		strb	r5, [r4, #1]
 507:Src/transport/connection_manager.cpp ****     lastRfLinkEventCounter = rfTransport.getStatus().eventCounter;
 4208              		.loc 1 507 5 is_stmt 1 view .LVU1323
 507:Src/transport/connection_manager.cpp ****     lastRfLinkEventCounter = rfTransport.getStatus().eventCounter;
 4209              		.loc 1 507 37 is_stmt 0 view .LVU1324
 4210 005a FFF7FEFF 		bl	HAL_GetTick
 4211              	.LVL373:
 507:Src/transport/connection_manager.cpp ****     lastRfLinkEventCounter = rfTransport.getStatus().eventCounter;
 4212              		.loc 1 507 24 discriminator 1 view .LVU1325
 4213 005e E060     		str	r0, [r4, #12]
 508:Src/transport/connection_manager.cpp ****     lastRfSleepRetryMs = HAL_GetTick();
 4214              		.loc 1 508 5 is_stmt 1 view .LVU1326
 508:Src/transport/connection_manager.cpp ****     lastRfSleepRetryMs = HAL_GetTick();
 4215              		.loc 1 508 54 is_stmt 0 discriminator 1 view .LVU1327
 4216 0060 236F     		ldr	r3, [r4, #112]
 508:Src/transport/connection_manager.cpp ****     lastRfSleepRetryMs = HAL_GetTick();
 4217              		.loc 1 508 28 discriminator 1 view .LVU1328
 4218 0062 2361     		str	r3, [r4, #16]
 509:Src/transport/connection_manager.cpp ****     rfStatLastMs = HAL_GetTick();
 4219              		.loc 1 509 5 is_stmt 1 view .LVU1329
 509:Src/transport/connection_manager.cpp ****     rfStatLastMs = HAL_GetTick();
 4220              		.loc 1 509 37 is_stmt 0 view .LVU1330
 4221 0064 FFF7FEFF 		bl	HAL_GetTick
 4222              	.LVL374:
 509:Src/transport/connection_manager.cpp ****     rfStatLastMs = HAL_GetTick();
 4223              		.loc 1 509 24 discriminator 1 view .LVU1331
 4224 0068 A061     		str	r0, [r4, #24]
 510:Src/transport/connection_manager.cpp ****     rfSendWin = 0u;
 4225              		.loc 1 510 5 is_stmt 1 view .LVU1332
 510:Src/transport/connection_manager.cpp ****     rfSendWin = 0u;
 4226              		.loc 1 510 31 is_stmt 0 view .LVU1333
 4227 006a FFF7FEFF 		bl	HAL_GetTick
 4228              	.LVL375:
 510:Src/transport/connection_manager.cpp ****     rfSendWin = 0u;
 4229              		.loc 1 510 18 discriminator 1 view .LVU1334
ARM GAS  C:\Users\nicx5\AppData\Local\Temp\cclEOOYD.s 			page 175


 4230 006e E061     		str	r0, [r4, #28]
 511:Src/transport/connection_manager.cpp ****     rfSendOkWin = 0u;
 4231              		.loc 1 511 5 is_stmt 1 view .LVU1335
 511:Src/transport/connection_manager.cpp ****     rfSendOkWin = 0u;
 4232              		.loc 1 511 15 is_stmt 0 view .LVU1336
 4233 0070 2562     		str	r5, [r4, #32]
 512:Src/transport/connection_manager.cpp ****     rfSendFailWin = 0u;
 4234              		.loc 1 512 5 is_stmt 1 view .LVU1337
 512:Src/transport/connection_manager.cpp ****     rfSendFailWin = 0u;
 4235              		.loc 1 512 17 is_stmt 0 view .LVU1338
 4236 0072 6562     		str	r5, [r4, #36]
 513:Src/transport/connection_manager.cpp ****     rfSendTotal = 0u;
 4237              		.loc 1 513 5 is_stmt 1 view .LVU1339
 513:Src/transport/connection_manager.cpp ****     rfSendTotal = 0u;
 4238              		.loc 1 513 19 is_stmt 0 view .LVU1340
 4239 0074 A562     		str	r5, [r4, #40]
 514:Src/transport/connection_manager.cpp ****     rfLastSeq = 0u;
 4240              		.loc 1 514 5 is_stmt 1 view .LVU1341
 514:Src/transport/connection_manager.cpp ****     rfLastSeq = 0u;
 4241              		.loc 1 514 17 is_stmt 0 view .LVU1342
 4242 0076 E562     		str	r5, [r4, #44]
 515:Src/transport/connection_manager.cpp ****     rfEventServiceEnabled = (mode == ConnectionMode::CONNECTION_MODE_RF24G);
 4243              		.loc 1 515 5 is_stmt 1 view .LVU1343
 515:Src/transport/connection_manager.cpp ****     rfEventServiceEnabled = (mode == ConnectionMode::CONNECTION_MODE_RF24G);
 4244              		.loc 1 515 15 is_stmt 0 view .LVU1344
 4245 0078 2563     		str	r5, [r4, #48]
 516:Src/transport/connection_manager.cpp ****     rfPairingActive = false;
 4246              		.loc 1 516 5 is_stmt 1 view .LVU1345
 516:Src/transport/connection_manager.cpp ****     rfPairingActive = false;
 4247              		.loc 1 516 30 is_stmt 0 view .LVU1346
 4248 007a 2778     		ldrb	r7, [r4]	@ zero_extendqisi2
 516:Src/transport/connection_manager.cpp ****     rfPairingActive = false;
 4249              		.loc 1 516 35 view .LVU1347
 4250 007c 012F     		cmp	r7, #1
 4251 007e 14BF     		ite	ne
 4252 0080 0023     		movne	r3, #0
 4253 0082 0123     		moveq	r3, #1
 516:Src/transport/connection_manager.cpp ****     rfPairingActive = false;
 4254              		.loc 1 516 27 view .LVU1348
 4255 0084 84F83430 		strb	r3, [r4, #52]
 517:Src/transport/connection_manager.cpp ****     rfPairSucceeded = false;
 4256              		.loc 1 517 5 is_stmt 1 view .LVU1349
 517:Src/transport/connection_manager.cpp ****     rfPairSucceeded = false;
 4257              		.loc 1 517 21 is_stmt 0 view .LVU1350
 4258 0088 84F84050 		strb	r5, [r4, #64]
 518:Src/transport/connection_manager.cpp ****     rfPairingState = RfPairingState::Idle;
 4259              		.loc 1 518 5 is_stmt 1 view .LVU1351
 518:Src/transport/connection_manager.cpp ****     rfPairingState = RfPairingState::Idle;
 4260              		.loc 1 518 21 is_stmt 0 view .LVU1352
 4261 008c 84F84150 		strb	r5, [r4, #65]
 519:Src/transport/connection_manager.cpp ****     rfPairingLastEventCounter = 0u;
 4262              		.loc 1 519 5 is_stmt 1 view .LVU1353
 519:Src/transport/connection_manager.cpp ****     rfPairingLastEventCounter = 0u;
 4263              		.loc 1 519 20 is_stmt 0 view .LVU1354
 4264 0090 84F84250 		strb	r5, [r4, #66]
 520:Src/transport/connection_manager.cpp ****     rfPairingStartedAtMs = 0u;
 4265              		.loc 1 520 5 is_stmt 1 view .LVU1355
ARM GAS  C:\Users\nicx5\AppData\Local\Temp\cclEOOYD.s 			page 176


 520:Src/transport/connection_manager.cpp ****     rfPairingStartedAtMs = 0u;
 4266              		.loc 1 520 31 is_stmt 0 view .LVU1356
 4267 0094 6564     		str	r5, [r4, #68]
 521:Src/transport/connection_manager.cpp ****     rfPairingTimeoutStopIssued = false;
 4268              		.loc 1 521 5 is_stmt 1 view .LVU1357
 521:Src/transport/connection_manager.cpp ****     rfPairingTimeoutStopIssued = false;
 4269              		.loc 1 521 26 is_stmt 0 view .LVU1358
 4270 0096 A564     		str	r5, [r4, #72]
 522:Src/transport/connection_manager.cpp ****     rfPairingLastErrorCommand = 0u;
 4271              		.loc 1 522 5 is_stmt 1 view .LVU1359
 522:Src/transport/connection_manager.cpp ****     rfPairingLastErrorCommand = 0u;
 4272              		.loc 1 522 32 is_stmt 0 view .LVU1360
 4273 0098 84F84C50 		strb	r5, [r4, #76]
 523:Src/transport/connection_manager.cpp ****     rfPairingLastErrorReason = 0u;
 4274              		.loc 1 523 5 is_stmt 1 view .LVU1361
 523:Src/transport/connection_manager.cpp ****     rfPairingLastErrorReason = 0u;
 4275              		.loc 1 523 31 is_stmt 0 view .LVU1362
 4276 009c 84F84D50 		strb	r5, [r4, #77]
 524:Src/transport/connection_manager.cpp **** 
 4277              		.loc 1 524 5 is_stmt 1 view .LVU1363
 524:Src/transport/connection_manager.cpp **** 
 4278              		.loc 1 524 30 is_stmt 0 view .LVU1364
 4279 00a0 84F84E50 		strb	r5, [r4, #78]
 526:Src/transport/connection_manager.cpp ****         appliedReportRateHz = 1000;
 4280              		.loc 1 526 5 is_stmt 1 view .LVU1365
 4281 00a4 F7B1     		cbz	r7, .L322
 535:Src/transport/connection_manager.cpp ****         ? getRfReportRateHz(wirelessRate)
 4282              		.loc 1 535 5 view .LVU1366
 535:Src/transport/connection_manager.cpp ****         ? getRfReportRateHz(wirelessRate)
 4283              		.loc 1 535 29 is_stmt 0 view .LVU1367
 4284 00a6 237A     		ldrb	r3, [r4, #8]	@ zero_extendqisi2
 535:Src/transport/connection_manager.cpp ****         ? getRfReportRateHz(wirelessRate)
 4285              		.loc 1 535 27 view .LVU1368
 4286 00a8 5BBB     		cbnz	r3, .L323
 535:Src/transport/connection_manager.cpp ****         ? getRfReportRateHz(wirelessRate)
 4287              		.loc 1 535 27 discriminator 1 view .LVU1369
 4288 00aa 4FF47A71 		mov	r1, #1000
 4289              	.L314:
 535:Src/transport/connection_manager.cpp ****         ? getRfReportRateHz(wirelessRate)
 4290              		.loc 1 535 27 discriminator 2 view .LVU1370
 4291 00ae A180     		strh	r1, [r4, #4]	@ movhi
 538:Src/transport/connection_manager.cpp ****             (unsigned int)mode,
 4292              		.loc 1 538 5 is_stmt 1 view .LVU1371
 543:Src/transport/connection_manager.cpp **** #if RF24G_SPI_TEST_FORCE_RF24G
 4293              		.loc 1 543 5 view .LVU1372
 543:Src/transport/connection_manager.cpp **** #if RF24G_SPI_TEST_FORCE_RF24G
 4294              		.loc 1 543 26 is_stmt 0 view .LVU1373
 4295 00b0 2078     		ldrb	r0, [r4]	@ zero_extendqisi2
 4296 00b2 FFF7FEFF 		bl	_Z21MonitorTelemetry_Init14ConnectionModet
 4297              	.LVL376:
 554:Src/transport/connection_manager.cpp ****     rateApplyPending = false;
 4298              		.loc 1 554 5 is_stmt 1 view .LVU1374
 554:Src/transport/connection_manager.cpp ****     rateApplyPending = false;
 4299              		.loc 1 554 49 is_stmt 0 view .LVU1375
 4300 00b6 3246     		mov	r2, r6
 4301 00b8 2178     		ldrb	r1, [r4]	@ zero_extendqisi2
 4302 00ba 2046     		mov	r0, r4
ARM GAS  C:\Users\nicx5\AppData\Local\Temp\cclEOOYD.s 			page 177


 4303 00bc FFF7FEFF 		bl	_ZN17ConnectionManager24initializeRfPowerForModeE14ConnectionMode18WirelessReportRate
 4304              	.LVL377:
 555:Src/transport/connection_manager.cpp ****     printf("[RF_RATE] setup setRate result=%u requested=%u applied=%u\r\n",
 4305              		.loc 1 555 5 is_stmt 1 view .LVU1376
 555:Src/transport/connection_manager.cpp ****     printf("[RF_RATE] setup setRate result=%u requested=%u applied=%u\r\n",
 4306              		.loc 1 555 22 is_stmt 0 view .LVU1377
 4307 00c0 0023     		movs	r3, #0
 4308 00c2 A371     		strb	r3, [r4, #6]
 556:Src/transport/connection_manager.cpp ****             (unsigned int)rateOk,
 4309              		.loc 1 556 5 is_stmt 1 view .LVU1378
 560:Src/transport/connection_manager.cpp ****         setLinkState(ConnectionLinkState::Error);
 4310              		.loc 1 560 5 view .LVU1379
 4311 00c4 10B3     		cbz	r0, .L324
 563:Src/transport/connection_manager.cpp ****         updateRfLinkStateFromStatus();
 4312              		.loc 1 563 12 view .LVU1380
 563:Src/transport/connection_manager.cpp ****         updateRfLinkStateFromStatus();
 4313              		.loc 1 563 17 is_stmt 0 view .LVU1381
 4314 00c6 94F83630 		ldrb	r3, [r4, #54]	@ zero_extendqisi2
 563:Src/transport/connection_manager.cpp ****         updateRfLinkStateFromStatus();
 4315              		.loc 1 563 12 view .LVU1382
 4316 00ca 53B3     		cbz	r3, .L325
 4317              	.LVL378:
 4318              	.L316:
 568:Src/transport/connection_manager.cpp **** }
 4319              		.loc 1 568 5 is_stmt 1 view .LVU1383
 568:Src/transport/connection_manager.cpp **** }
 4320              		.loc 1 568 37 is_stmt 0 view .LVU1384
 4321 00cc FFF7FEFF 		bl	HAL_GetTick
 4322              	.LVL379:
 568:Src/transport/connection_manager.cpp **** }
 4323              		.loc 1 568 24 discriminator 1 view .LVU1385
 4324 00d0 6061     		str	r0, [r4, #20]
 4325              	.LVL380:
 4326              	.L306:
 569:Src/transport/connection_manager.cpp **** 
 4327              		.loc 1 569 1 view .LVU1386
 4328 00d2 F8BD     		pop	{r3, r4, r5, r6, r7, pc}
 4329              	.LVL381:
 4330              	.L321:
 4331              	.LBB260:
 4332              	.LBB259:
 4333              		.loc 11 10 9 discriminator 2 view .LVU1387
 4334 00d4 0023     		movs	r3, #0
 4335              	.LVL382:
 4336              		.loc 11 10 9 discriminator 2 view .LVU1388
 4337 00d6 A6E7     		b	.L307
 4338              	.LVL383:
 4339              	.L318:
 4340              		.loc 11 10 9 discriminator 2 view .LVU1389
 4341              	.LBE259:
 4342              	.LBE260:
 498:Src/transport/connection_manager.cpp ****         ? 1000u : 0u;
 4343              		.loc 1 498 25 discriminator 2 view .LVU1390
 4344 00d8 0022     		movs	r2, #0
 4345 00da A8E7     		b	.L308
 4346              	.LVL384:
 4347              	.L309:
ARM GAS  C:\Users\nicx5\AppData\Local\Temp\cclEOOYD.s 			page 178


 505:Src/transport/connection_manager.cpp ****     linkState = ConnectionLinkState::Disconnected;
 4348              		.loc 1 505 10 is_stmt 1 view .LVU1391
 505:Src/transport/connection_manager.cpp ****     linkState = ConnectionLinkState::Disconnected;
 4349              		.loc 1 505 30 is_stmt 0 view .LVU1392
 4350 00dc 2046     		mov	r0, r4
 4351 00de FFF7FEFF 		bl	_ZN17ConnectionManager20loadRfPowerStateHintEv
 4352              	.LVL385:
 505:Src/transport/connection_manager.cpp ****     linkState = ConnectionLinkState::Disconnected;
 4353              		.loc 1 505 30 view .LVU1393
 4354 00e2 B8E7     		b	.L310
 4355              	.L322:
 527:Src/transport/connection_manager.cpp ****         MonitorTelemetry_Init(mode, appliedReportRateHz);
 4356              		.loc 1 527 9 is_stmt 1 view .LVU1394
 527:Src/transport/connection_manager.cpp ****         MonitorTelemetry_Init(mode, appliedReportRateHz);
 4357              		.loc 1 527 29 is_stmt 0 view .LVU1395
 4358 00e4 4FF47A71 		mov	r1, #1000
 4359 00e8 6180     		strh	r1, [r4, #2]	@ movhi
 528:Src/transport/connection_manager.cpp ****         setLinkState(get_usb_mounted()
 4360              		.loc 1 528 9 is_stmt 1 view .LVU1396
 528:Src/transport/connection_manager.cpp ****         setLinkState(get_usb_mounted()
 4361              		.loc 1 528 30 is_stmt 0 view .LVU1397
 4362 00ea 3846     		mov	r0, r7
 4363 00ec FFF7FEFF 		bl	_Z21MonitorTelemetry_Init14ConnectionModet
 4364              	.LVL386:
 529:Src/transport/connection_manager.cpp ****             ? ConnectionLinkState::Connected
 4365              		.loc 1 529 9 is_stmt 1 view .LVU1398
 529:Src/transport/connection_manager.cpp ****             ? ConnectionLinkState::Connected
 4366              		.loc 1 529 37 is_stmt 0 view .LVU1399
 4367 00f0 FFF7FEFF 		bl	_Z15get_usb_mountedv
 4368              	.LVL387:
 529:Src/transport/connection_manager.cpp ****             ? ConnectionLinkState::Connected
 4369              		.loc 1 529 21 discriminator 1 view .LVU1400
 4370 00f4 00B1     		cbz	r0, .L312
 4371 00f6 0227     		movs	r7, #2
 4372              	.L312:
 529:Src/transport/connection_manager.cpp ****             ? ConnectionLinkState::Connected
 4373              		.loc 1 529 21 discriminator 4 view .LVU1401
 4374 00f8 3946     		mov	r1, r7
 4375 00fa 2046     		mov	r0, r4
 4376 00fc FFF7FEFF 		bl	_ZN17ConnectionManager12setLinkStateE19ConnectionLinkState
 4377              	.LVL388:
 532:Src/transport/connection_manager.cpp ****     }
 4378              		.loc 1 532 9 is_stmt 1 view .LVU1402
 4379 0100 E7E7     		b	.L306
 4380              	.L323:
 536:Src/transport/connection_manager.cpp ****         : 1000u;
 4381              		.loc 1 536 28 is_stmt 0 view .LVU1403
 4382 0102 3046     		mov	r0, r6
 4383 0104 FFF7FEFF 		bl	_ZN12_GLOBAL__N_1L17getRfReportRateHzE18WirelessReportRate
 4384              	.LVL389:
 4385 0108 0146     		mov	r1, r0
 4386 010a D0E7     		b	.L314
 4387              	.LVL390:
 4388              	.L324:
 561:Src/transport/connection_manager.cpp ****         MonitorTelemetry_OnError("CONNECTION_MANAGER", 1003u, "rf setRate failed");
 4389              		.loc 1 561 9 is_stmt 1 view .LVU1404
 561:Src/transport/connection_manager.cpp ****         MonitorTelemetry_OnError("CONNECTION_MANAGER", 1003u, "rf setRate failed");
ARM GAS  C:\Users\nicx5\AppData\Local\Temp\cclEOOYD.s 			page 179


 4390              		.loc 1 561 21 is_stmt 0 view .LVU1405
 4391 010c 0321     		movs	r1, #3
 4392 010e 2046     		mov	r0, r4
 4393              	.LVL391:
 561:Src/transport/connection_manager.cpp ****         MonitorTelemetry_OnError("CONNECTION_MANAGER", 1003u, "rf setRate failed");
 4394              		.loc 1 561 21 view .LVU1406
 4395 0110 FFF7FEFF 		bl	_ZN17ConnectionManager12setLinkStateE19ConnectionLinkState
 4396              	.LVL392:
 562:Src/transport/connection_manager.cpp ****     } else if (!rfRuntimeRecoveryActive) {
 4397              		.loc 1 562 9 is_stmt 1 view .LVU1407
 562:Src/transport/connection_manager.cpp ****     } else if (!rfRuntimeRecoveryActive) {
 4398              		.loc 1 562 33 is_stmt 0 view .LVU1408
 4399 0114 054A     		ldr	r2, .L326
 4400 0116 40F2EB31 		movw	r1, #1003
 4401 011a 0548     		ldr	r0, .L326+4
 4402 011c FFF7FEFF 		bl	_Z24MonitorTelemetry_OnErrorPKcmS0_
 4403              	.LVL393:
 4404 0120 D4E7     		b	.L316
 4405              	.LVL394:
 4406              	.L325:
 564:Src/transport/connection_manager.cpp ****     }
 4407              		.loc 1 564 9 is_stmt 1 view .LVU1409
 564:Src/transport/connection_manager.cpp ****     }
 4408              		.loc 1 564 36 is_stmt 0 view .LVU1410
 4409 0122 2046     		mov	r0, r4
 4410              	.LVL395:
 564:Src/transport/connection_manager.cpp ****     }
 4411              		.loc 1 564 36 view .LVU1411
 4412 0124 FFF7FEFF 		bl	_ZN17ConnectionManager27updateRfLinkStateFromStatusEv
 4413              	.LVL396:
 4414 0128 D0E7     		b	.L316
 4415              	.L327:
 4416 012a 00BF     		.align	2
 4417              	.L326:
 4418 012c 00000000 		.word	.LC13
 4419 0130 3C000000 		.word	.LC1
 4420              		.cfi_endproc
 4421              	.LFE2453:
 4423              		.section	.rodata._ZN17ConnectionManager16switchOutputToRfE18WirelessReportRate.str1.4,"aMS",%progb
 4424              		.align	2
 4425              	.LC14:
 4426 0000 72756E74 		.ascii	"runtime role switch to rf rejected\000"
 4426      696D6520 
 4426      726F6C65 
 4426      20737769 
 4426      74636820 
 4427              		.section	.text._ZN17ConnectionManager16switchOutputToRfE18WirelessReportRate,"ax",%progbits
 4428              		.align	1
 4429              		.global	_ZN17ConnectionManager16switchOutputToRfE18WirelessReportRate
 4430              		.syntax unified
 4431              		.thumb
 4432              		.thumb_func
 4434              	_ZN17ConnectionManager16switchOutputToRfE18WirelessReportRate:
 4435              	.LVL397:
 4436              	.LFB2465:
 975:Src/transport/connection_manager.cpp **** 
 976:Src/transport/connection_manager.cpp **** bool ConnectionManager::switchOutputToRf(WirelessReportRate wirelessRate) {
ARM GAS  C:\Users\nicx5\AppData\Local\Temp\cclEOOYD.s 			page 180


 4437              		.loc 1 976 75 is_stmt 1 view -0
 4438              		.cfi_startproc
 4439              		@ args = 0, pretend = 0, frame = 0
 4440              		@ frame_needed = 0, uses_anonymous_args = 0
 4441              		.loc 1 976 75 is_stmt 0 view .LVU1413
 4442 0000 38B5     		push	{r3, r4, r5, lr}
 4443              	.LCFI32:
 4444              		.cfi_def_cfa_offset 16
 4445              		.cfi_offset 3, -16
 4446              		.cfi_offset 4, -12
 4447              		.cfi_offset 5, -8
 4448              		.cfi_offset 14, -4
 977:Src/transport/connection_manager.cpp ****     if (mode == ConnectionMode::CONNECTION_MODE_RF24G &&
 4449              		.loc 1 977 5 is_stmt 1 view .LVU1414
 4450              		.loc 1 977 9 is_stmt 0 view .LVU1415
 4451 0002 0378     		ldrb	r3, [r0]	@ zero_extendqisi2
 4452              		.loc 1 977 55 view .LVU1416
 4453 0004 012B     		cmp	r3, #1
 4454 0006 04D1     		bne	.L329
 4455 0008 0446     		mov	r4, r0
 4456 000a 0D46     		mov	r5, r1
 978:Src/transport/connection_manager.cpp ****         rfPhysicalRoleIsActive()) {
 4457              		.loc 1 978 31 view .LVU1417
 4458 000c FFF7FEFF 		bl	_ZN12_GLOBAL__N_1L22rfPhysicalRoleIsActiveEv
 4459              	.LVL398:
 977:Src/transport/connection_manager.cpp ****     if (mode == ConnectionMode::CONNECTION_MODE_RF24G &&
 4460              		.loc 1 977 55 discriminator 1 view .LVU1418
 4461 0010 38B9     		cbnz	r0, .L332
 4462              	.LVL399:
 4463              	.L329:
 979:Src/transport/connection_manager.cpp ****         return applyWirelessReportRate(wirelessRate, false);
 980:Src/transport/connection_manager.cpp ****     }
 981:Src/transport/connection_manager.cpp **** 
 982:Src/transport/connection_manager.cpp ****     MonitorTelemetry_OnError("CONNECTION_MANAGER", 1013u,
 4464              		.loc 1 982 5 is_stmt 1 view .LVU1419
 4465              		.loc 1 982 29 is_stmt 0 view .LVU1420
 4466 0012 074A     		ldr	r2, .L333
 4467 0014 40F2F531 		movw	r1, #1013
 4468 0018 0648     		ldr	r0, .L333+4
 4469 001a FFF7FEFF 		bl	_Z24MonitorTelemetry_OnErrorPKcmS0_
 4470              	.LVL400:
 983:Src/transport/connection_manager.cpp ****                              "runtime role switch to rf rejected");
 984:Src/transport/connection_manager.cpp ****     return false;
 4471              		.loc 1 984 5 is_stmt 1 view .LVU1421
 4472              		.loc 1 984 12 is_stmt 0 view .LVU1422
 4473 001e 0020     		movs	r0, #0
 4474              	.L330:
 985:Src/transport/connection_manager.cpp **** }
 4475              		.loc 1 985 1 view .LVU1423
 4476 0020 38BD     		pop	{r3, r4, r5, pc}
 4477              	.LVL401:
 4478              	.L332:
 979:Src/transport/connection_manager.cpp ****         return applyWirelessReportRate(wirelessRate, false);
 4479              		.loc 1 979 9 is_stmt 1 view .LVU1424
 979:Src/transport/connection_manager.cpp ****         return applyWirelessReportRate(wirelessRate, false);
 4480              		.loc 1 979 39 is_stmt 0 view .LVU1425
 4481 0022 0022     		movs	r2, #0
ARM GAS  C:\Users\nicx5\AppData\Local\Temp\cclEOOYD.s 			page 181


 4482 0024 2946     		mov	r1, r5
 4483 0026 2046     		mov	r0, r4
 4484 0028 FFF7FEFF 		bl	_ZN17ConnectionManager23applyWirelessReportRateE18WirelessReportRateb
 4485              	.LVL402:
 979:Src/transport/connection_manager.cpp ****         return applyWirelessReportRate(wirelessRate, false);
 4486              		.loc 1 979 59 view .LVU1426
 4487 002c F8E7     		b	.L330
 4488              	.L334:
 4489 002e 00BF     		.align	2
 4490              	.L333:
 4491 0030 00000000 		.word	.LC14
 4492 0034 3C000000 		.word	.LC1
 4493              		.cfi_endproc
 4494              	.LFE2465:
 4496              		.section	.rodata._ZN17ConnectionManager17switchOutputToUsbEv.str1.4,"aMS",%progbits,1
 4497              		.align	2
 4498              	.LC15:
 4499 0000 72756E74 		.ascii	"runtime role switch to usb rejected\000"
 4499      696D6520 
 4499      726F6C65 
 4499      20737769 
 4499      74636820 
 4500              		.section	.text._ZN17ConnectionManager17switchOutputToUsbEv,"ax",%progbits
 4501              		.align	1
 4502              		.global	_ZN17ConnectionManager17switchOutputToUsbEv
 4503              		.syntax unified
 4504              		.thumb
 4505              		.thumb_func
 4507              	_ZN17ConnectionManager17switchOutputToUsbEv:
 4508              	.LVL403:
 4509              	.LFB2466:
 986:Src/transport/connection_manager.cpp **** 
 987:Src/transport/connection_manager.cpp **** bool ConnectionManager::switchOutputToUsb() {
 4510              		.loc 1 987 45 is_stmt 1 view -0
 4511              		.cfi_startproc
 4512              		@ args = 0, pretend = 0, frame = 0
 4513              		@ frame_needed = 0, uses_anonymous_args = 0
 4514              		.loc 1 987 45 is_stmt 0 view .LVU1428
 4515 0000 08B5     		push	{r3, lr}
 4516              	.LCFI33:
 4517              		.cfi_def_cfa_offset 8
 4518              		.cfi_offset 3, -8
 4519              		.cfi_offset 14, -4
 988:Src/transport/connection_manager.cpp ****     if (mode == ConnectionMode::CONNECTION_MODE_USB &&
 4520              		.loc 1 988 5 is_stmt 1 view .LVU1429
 4521              		.loc 1 988 9 is_stmt 0 view .LVU1430
 4522 0002 0378     		ldrb	r3, [r0]	@ zero_extendqisi2
 989:Src/transport/connection_manager.cpp ****         CH585_ROLE_BOOTSTRAP.isLocked() &&
 4523              		.loc 1 989 41 view .LVU1431
 4524 0004 1BB9     		cbnz	r3, .L336
 4525              	.LVL404:
 4526              	.LBB261:
 4527              	.LBI261:
 4528              		.loc 3 49 10 is_stmt 1 view .LVU1432
 4529              	.LBB262:
 4530              		.loc 3 49 29 view .LVU1433
 4531              		.loc 3 49 36 is_stmt 0 view .LVU1434
ARM GAS  C:\Users\nicx5\AppData\Local\Temp\cclEOOYD.s 			page 182


 4532 0006 0B4B     		ldr	r3, .L342
 4533 0008 9B7B     		ldrb	r3, [r3, #14]	@ zero_extendqisi2
 4534              	.LVL405:
 4535              		.loc 3 49 36 view .LVU1435
 4536              	.LBE262:
 4537              	.LBE261:
 988:Src/transport/connection_manager.cpp ****     if (mode == ConnectionMode::CONNECTION_MODE_USB &&
 4538              		.loc 1 988 53 view .LVU1436
 4539 000a 032B     		cmp	r3, #3
 4540 000c 07D0     		beq	.L341
 4541              	.L336:
 990:Src/transport/connection_manager.cpp ****         (CH585_ROLE_BOOTSTRAP.role() == Ch585Role::Usb ||
 991:Src/transport/connection_manager.cpp ****          CH585_ROLE_BOOTSTRAP.role() == Ch585Role::Maintenance)) {
 992:Src/transport/connection_manager.cpp ****         return true;
 993:Src/transport/connection_manager.cpp ****     }
 994:Src/transport/connection_manager.cpp **** 
 995:Src/transport/connection_manager.cpp ****     MonitorTelemetry_OnError("CONNECTION_MANAGER", 1014u,
 4542              		.loc 1 995 5 is_stmt 1 view .LVU1437
 4543              		.loc 1 995 29 is_stmt 0 view .LVU1438
 4544 000e 0A4A     		ldr	r2, .L342+4
 4545 0010 40F2F631 		movw	r1, #1014
 4546 0014 0948     		ldr	r0, .L342+8
 4547              	.LVL406:
 4548              		.loc 1 995 29 view .LVU1439
 4549 0016 FFF7FEFF 		bl	_Z24MonitorTelemetry_OnErrorPKcmS0_
 4550              	.LVL407:
 996:Src/transport/connection_manager.cpp ****                              "runtime role switch to usb rejected");
 997:Src/transport/connection_manager.cpp ****     return false;
 4551              		.loc 1 997 5 is_stmt 1 view .LVU1440
 4552              		.loc 1 997 12 is_stmt 0 view .LVU1441
 4553 001a 0020     		movs	r0, #0
 4554              	.L337:
 998:Src/transport/connection_manager.cpp **** }
 4555              		.loc 1 998 1 view .LVU1442
 4556 001c 08BD     		pop	{r3, pc}
 4557              	.LVL408:
 4558              	.L341:
 4559              	.LBB263:
 4560              	.LBI263:
  47:Inc/transport/ch585_role_bootstrap.hpp ****     Ch585BootstrapState state() const { return bootstrapState; }
 4561              		.loc 3 47 15 is_stmt 1 view .LVU1443
 4562              	.LBB264:
  47:Inc/transport/ch585_role_bootstrap.hpp ****     Ch585BootstrapState state() const { return bootstrapState; }
 4563              		.loc 3 47 30 view .LVU1444
  47:Inc/transport/ch585_role_bootstrap.hpp ****     Ch585BootstrapState state() const { return bootstrapState; }
 4564              		.loc 3 47 37 is_stmt 0 view .LVU1445
 4565 001e 054B     		ldr	r3, .L342
 4566 0020 5B7B     		ldrb	r3, [r3, #13]	@ zero_extendqisi2
 4567              	.LVL409:
  47:Inc/transport/ch585_role_bootstrap.hpp ****     Ch585BootstrapState state() const { return bootstrapState; }
 4568              		.loc 3 47 37 view .LVU1446
 4569              	.LBE264:
 4570              	.LBE263:
 989:Src/transport/connection_manager.cpp ****         (CH585_ROLE_BOOTSTRAP.role() == Ch585Role::Usb ||
 4571              		.loc 1 989 41 view .LVU1447
 4572 0022 022B     		cmp	r3, #2
 4573 0024 03D0     		beq	.L338
ARM GAS  C:\Users\nicx5\AppData\Local\Temp\cclEOOYD.s 			page 183


 990:Src/transport/connection_manager.cpp ****          CH585_ROLE_BOOTSTRAP.role() == Ch585Role::Maintenance)) {
 4574              		.loc 1 990 56 view .LVU1448
 4575 0026 032B     		cmp	r3, #3
 4576 0028 F1D1     		bne	.L336
 992:Src/transport/connection_manager.cpp ****     }
 4577              		.loc 1 992 16 view .LVU1449
 4578 002a 0120     		movs	r0, #1
 4579              	.LVL410:
 992:Src/transport/connection_manager.cpp ****     }
 4580              		.loc 1 992 16 view .LVU1450
 4581 002c F6E7     		b	.L337
 4582              	.LVL411:
 4583              	.L338:
 992:Src/transport/connection_manager.cpp ****     }
 4584              		.loc 1 992 16 view .LVU1451
 4585 002e 0120     		movs	r0, #1
 4586              	.LVL412:
 992:Src/transport/connection_manager.cpp ****     }
 4587              		.loc 1 992 16 view .LVU1452
 4588 0030 F4E7     		b	.L337
 4589              	.L343:
 4590 0032 00BF     		.align	2
 4591              	.L342:
 4592 0034 00000000 		.word	_ZZN18Ch585RoleBootstrap11getInstanceEvE8instance
 4593 0038 00000000 		.word	.LC15
 4594 003c 3C000000 		.word	.LC1
 4595              		.cfi_endproc
 4596              	.LFE2466:
 4598              		.section	.text._ZN17ConnectionManager13sleepRfModuleEv,"ax",%progbits
 4599              		.align	1
 4600              		.global	_ZN17ConnectionManager13sleepRfModuleEv
 4601              		.syntax unified
 4602              		.thumb
 4603              		.thumb_func
 4605              	_ZN17ConnectionManager13sleepRfModuleEv:
 4606              	.LVL413:
 4607              	.LFB2467:
 999:Src/transport/connection_manager.cpp **** 
1000:Src/transport/connection_manager.cpp **** bool ConnectionManager::sleepRfModule() {
 4608              		.loc 1 1000 41 is_stmt 1 view -0
 4609              		.cfi_startproc
 4610              		@ args = 0, pretend = 0, frame = 0
 4611              		@ frame_needed = 0, uses_anonymous_args = 0
 4612              		.loc 1 1000 41 is_stmt 0 view .LVU1454
 4613 0000 10B5     		push	{r4, lr}
 4614              	.LCFI34:
 4615              		.cfi_def_cfa_offset 8
 4616              		.cfi_offset 4, -8
 4617              		.cfi_offset 14, -4
 4618 0002 0446     		mov	r4, r0
1001:Src/transport/connection_manager.cpp ****     if (!rfPhysicalRoleIsActive()) {
 4619              		.loc 1 1001 5 is_stmt 1 view .LVU1455
 4620              		.loc 1 1001 32 is_stmt 0 view .LVU1456
 4621 0004 FFF7FEFF 		bl	_ZN12_GLOBAL__N_1L22rfPhysicalRoleIsActiveEv
 4622              	.LVL414:
 4623              		.loc 1 1001 5 discriminator 1 view .LVU1457
 4624 0008 00B9     		cbnz	r0, .L347
ARM GAS  C:\Users\nicx5\AppData\Local\Temp\cclEOOYD.s 			page 184


 4625              	.L345:
1002:Src/transport/connection_manager.cpp ****         return false;
1003:Src/transport/connection_manager.cpp ****     }
1004:Src/transport/connection_manager.cpp ****     return ensureRfSleeping(RfPowerReason::Manual);
1005:Src/transport/connection_manager.cpp **** }
 4626              		.loc 1 1005 1 view .LVU1458
 4627 000a 10BD     		pop	{r4, pc}
 4628              	.LVL415:
 4629              	.L347:
1004:Src/transport/connection_manager.cpp **** }
 4630              		.loc 1 1004 5 is_stmt 1 view .LVU1459
1004:Src/transport/connection_manager.cpp **** }
 4631              		.loc 1 1004 28 is_stmt 0 view .LVU1460
 4632 000c 0521     		movs	r1, #5
 4633 000e 2046     		mov	r0, r4
 4634 0010 FFF7FEFF 		bl	_ZN17ConnectionManager16ensureRfSleepingE13RfPowerReason
 4635              	.LVL416:
1004:Src/transport/connection_manager.cpp **** }
 4636              		.loc 1 1004 50 view .LVU1461
 4637 0014 F9E7     		b	.L345
 4638              		.cfi_endproc
 4639              	.LFE2467:
 4641              		.section	.text._ZN17ConnectionManager24onRfPowerRemovedForSleepEv,"ax",%progbits
 4642              		.align	1
 4643              		.global	_ZN17ConnectionManager24onRfPowerRemovedForSleepEv
 4644              		.syntax unified
 4645              		.thumb
 4646              		.thumb_func
 4648              	_ZN17ConnectionManager24onRfPowerRemovedForSleepEv:
 4649              	.LVL417:
 4650              	.LFB2468:
1006:Src/transport/connection_manager.cpp **** 
1007:Src/transport/connection_manager.cpp **** void ConnectionManager::onRfPowerRemovedForSleep()
1008:Src/transport/connection_manager.cpp **** {
 4651              		.loc 1 1008 1 is_stmt 1 view -0
 4652              		.cfi_startproc
 4653              		@ args = 0, pretend = 0, frame = 0
 4654              		@ frame_needed = 0, uses_anonymous_args = 0
 4655              		.loc 1 1008 1 is_stmt 0 view .LVU1463
 4656 0000 38B5     		push	{r3, r4, r5, lr}
 4657              	.LCFI35:
 4658              		.cfi_def_cfa_offset 16
 4659              		.cfi_offset 3, -16
 4660              		.cfi_offset 4, -12
 4661              		.cfi_offset 5, -8
 4662              		.cfi_offset 14, -4
 4663 0002 0446     		mov	r4, r0
1009:Src/transport/connection_manager.cpp ****     rfSleepRecoveryOwned = true;
 4664              		.loc 1 1009 5 is_stmt 1 view .LVU1464
 4665              		.loc 1 1009 26 is_stmt 0 view .LVU1465
 4666 0004 0125     		movs	r5, #1
 4667 0006 80F83550 		strb	r5, [r0, #53]
1010:Src/transport/connection_manager.cpp ****     rfEventServiceEnabled = false;
 4668              		.loc 1 1010 5 is_stmt 1 view .LVU1466
 4669              		.loc 1 1010 27 is_stmt 0 view .LVU1467
 4670 000a 0021     		movs	r1, #0
 4671 000c 80F83410 		strb	r1, [r0, #52]
ARM GAS  C:\Users\nicx5\AppData\Local\Temp\cclEOOYD.s 			page 185


1011:Src/transport/connection_manager.cpp ****     reportRateConfirmed = false;
 4672              		.loc 1 1011 5 is_stmt 1 view .LVU1468
 4673              		.loc 1 1011 25 is_stmt 0 view .LVU1469
 4674 0010 C171     		strb	r1, [r0, #7]
1012:Src/transport/connection_manager.cpp ****     appliedReportRateHz = 0u;
 4675              		.loc 1 1012 5 is_stmt 1 view .LVU1470
 4676              		.loc 1 1012 25 is_stmt 0 view .LVU1471
 4677 0012 4180     		strh	r1, [r0, #2]	@ movhi
1013:Src/transport/connection_manager.cpp ****     setRfPowerState(RfPowerState::Unknown, false);
 4678              		.loc 1 1013 5 is_stmt 1 view .LVU1472
 4679              		.loc 1 1013 20 is_stmt 0 view .LVU1473
 4680 0014 0A46     		mov	r2, r1
 4681 0016 FFF7FEFF 		bl	_ZN17ConnectionManager15setRfPowerStateE12RfPowerStateb
 4682              	.LVL418:
1014:Src/transport/connection_manager.cpp ****     setLinkState(ConnectionLinkState::Connecting);
 4683              		.loc 1 1014 5 is_stmt 1 view .LVU1474
 4684              		.loc 1 1014 17 is_stmt 0 view .LVU1475
 4685 001a 2946     		mov	r1, r5
 4686 001c 2046     		mov	r0, r4
 4687 001e FFF7FEFF 		bl	_ZN17ConnectionManager12setLinkStateE19ConnectionLinkState
 4688              	.LVL419:
1015:Src/transport/connection_manager.cpp **** }
 4689              		.loc 1 1015 1 view .LVU1476
 4690 0022 38BD     		pop	{r3, r4, r5, pc}
 4691              		.loc 1 1015 1 view .LVU1477
 4692              		.cfi_endproc
 4693              	.LFE2468:
 4695              		.section	.text._ZN17ConnectionManager19resetRfSleepSessionEv,"ax",%progbits
 4696              		.align	1
 4697              		.global	_ZN17ConnectionManager19resetRfSleepSessionEv
 4698              		.syntax unified
 4699              		.thumb
 4700              		.thumb_func
 4702              	_ZN17ConnectionManager19resetRfSleepSessionEv:
 4703              	.LVL420:
 4704              	.LFB2469:
1016:Src/transport/connection_manager.cpp **** 
1017:Src/transport/connection_manager.cpp **** void ConnectionManager::resetRfSleepSession() {
 4705              		.loc 1 1017 47 is_stmt 1 view -0
 4706              		.cfi_startproc
 4707              		@ args = 0, pretend = 0, frame = 0
 4708              		@ frame_needed = 0, uses_anonymous_args = 0
 4709              		.loc 1 1017 47 is_stmt 0 view .LVU1479
 4710 0000 10B5     		push	{r4, lr}
 4711              	.LCFI36:
 4712              		.cfi_def_cfa_offset 8
 4713              		.cfi_offset 4, -8
 4714              		.cfi_offset 14, -4
 4715 0002 0446     		mov	r4, r0
1018:Src/transport/connection_manager.cpp ****     rfTransport.resetSession();
 4716              		.loc 1 1018 5 is_stmt 1 view .LVU1480
 4717              		.loc 1 1018 29 is_stmt 0 view .LVU1481
 4718 0004 5030     		adds	r0, r0, #80
 4719              	.LVL421:
 4720              		.loc 1 1018 29 view .LVU1482
 4721 0006 FFF7FEFF 		bl	_ZN11RFTransport12resetSessionEv
 4722              	.LVL422:
ARM GAS  C:\Users\nicx5\AppData\Local\Temp\cclEOOYD.s 			page 186


1019:Src/transport/connection_manager.cpp ****     rateApplyPending = rfPairingActive = rfPairSucceeded = false;
 4723              		.loc 1 1019 5 is_stmt 1 view .LVU1483
 4724              		.loc 1 1019 58 is_stmt 0 view .LVU1484
 4725 000a 0023     		movs	r3, #0
 4726 000c 84F84130 		strb	r3, [r4, #65]
 4727              		.loc 1 1019 40 view .LVU1485
 4728 0010 84F84030 		strb	r3, [r4, #64]
 4729              		.loc 1 1019 22 view .LVU1486
 4730 0014 A371     		strb	r3, [r4, #6]
1020:Src/transport/connection_manager.cpp ****     rfPairingState = RfPairingState::Idle;
 4731              		.loc 1 1020 5 is_stmt 1 view .LVU1487
 4732              		.loc 1 1020 20 is_stmt 0 view .LVU1488
 4733 0016 84F84230 		strb	r3, [r4, #66]
1021:Src/transport/connection_manager.cpp ****     rfPairingLastEventCounter = lastRfLinkEventCounter = 0;
 4734              		.loc 1 1021 5 is_stmt 1 view .LVU1489
 4735              		.loc 1 1021 56 is_stmt 0 view .LVU1490
 4736 001a 2361     		str	r3, [r4, #16]
 4737              		.loc 1 1021 31 view .LVU1491
 4738 001c 6364     		str	r3, [r4, #68]
1022:Src/transport/connection_manager.cpp ****     rfPairingStartedAtMs = 0;
 4739              		.loc 1 1022 5 is_stmt 1 view .LVU1492
 4740              		.loc 1 1022 26 is_stmt 0 view .LVU1493
 4741 001e A364     		str	r3, [r4, #72]
1023:Src/transport/connection_manager.cpp ****     rfPairingTimeoutStopIssued = false;
 4742              		.loc 1 1023 5 is_stmt 1 view .LVU1494
 4743              		.loc 1 1023 32 is_stmt 0 view .LVU1495
 4744 0020 84F84C30 		strb	r3, [r4, #76]
1024:Src/transport/connection_manager.cpp ****     rfPairingLastErrorCommand = rfPairingLastErrorReason = 0;
 4745              		.loc 1 1024 5 is_stmt 1 view .LVU1496
 4746              		.loc 1 1024 58 is_stmt 0 view .LVU1497
 4747 0024 84F84E30 		strb	r3, [r4, #78]
 4748              		.loc 1 1024 31 view .LVU1498
 4749 0028 84F84D30 		strb	r3, [r4, #77]
1025:Src/transport/connection_manager.cpp **** }
 4750              		.loc 1 1025 1 view .LVU1499
 4751 002c 10BD     		pop	{r4, pc}
 4752              		.loc 1 1025 1 view .LVU1500
 4753              		.cfi_endproc
 4754              	.LFE2469:
 4756              		.section	.text._ZN17ConnectionManager23setRfSleepRecoveryErrorEb,"ax",%progbits
 4757              		.align	1
 4758              		.global	_ZN17ConnectionManager23setRfSleepRecoveryErrorEb
 4759              		.syntax unified
 4760              		.thumb
 4761              		.thumb_func
 4763              	_ZN17ConnectionManager23setRfSleepRecoveryErrorEb:
 4764              	.LVL423:
 4765              	.LFB2470:
1026:Src/transport/connection_manager.cpp **** 
1027:Src/transport/connection_manager.cpp **** void ConnectionManager::setRfSleepRecoveryError(bool error) {
 4766              		.loc 1 1027 61 is_stmt 1 view -0
 4767              		.cfi_startproc
 4768              		@ args = 0, pretend = 0, frame = 0
 4769              		@ frame_needed = 0, uses_anonymous_args = 0
 4770              		.loc 1 1027 61 is_stmt 0 view .LVU1502
 4771 0000 08B5     		push	{r3, lr}
 4772              	.LCFI37:
ARM GAS  C:\Users\nicx5\AppData\Local\Temp\cclEOOYD.s 			page 187


 4773              		.cfi_def_cfa_offset 8
 4774              		.cfi_offset 3, -8
 4775              		.cfi_offset 14, -4
1028:Src/transport/connection_manager.cpp ****     setLinkState(error ? ConnectionLinkState::Error : ConnectionLinkState::Connecting);
 4776              		.loc 1 1028 5 is_stmt 1 view .LVU1503
 4777              		.loc 1 1028 17 is_stmt 0 view .LVU1504
 4778 0002 19B1     		cbz	r1, .L354
 4779              		.loc 1 1028 17 discriminator 1 view .LVU1505
 4780 0004 0321     		movs	r1, #3
 4781              	.LVL424:
 4782              	.L353:
 4783              		.loc 1 1028 17 discriminator 4 view .LVU1506
 4784 0006 FFF7FEFF 		bl	_ZN17ConnectionManager12setLinkStateE19ConnectionLinkState
 4785              	.LVL425:
1029:Src/transport/connection_manager.cpp **** }
 4786              		.loc 1 1029 1 view .LVU1507
 4787 000a 08BD     		pop	{r3, pc}
 4788              	.LVL426:
 4789              	.L354:
1028:Src/transport/connection_manager.cpp ****     setLinkState(error ? ConnectionLinkState::Error : ConnectionLinkState::Connecting);
 4790              		.loc 1 1028 17 discriminator 2 view .LVU1508
 4791 000c 0121     		movs	r1, #1
 4792              	.LVL427:
1028:Src/transport/connection_manager.cpp ****     setLinkState(error ? ConnectionLinkState::Error : ConnectionLinkState::Connecting);
 4793              		.loc 1 1028 17 discriminator 2 view .LVU1509
 4794 000e FAE7     		b	.L353
 4795              		.cfi_endproc
 4796              	.LFE2470:
 4798              		.section	.text._ZN17ConnectionManager23completeRfSleepRecoveryERK11RFTransportt,"ax",%progbits
 4799              		.align	1
 4800              		.global	_ZN17ConnectionManager23completeRfSleepRecoveryERK11RFTransportt
 4801              		.syntax unified
 4802              		.thumb
 4803              		.thumb_func
 4805              	_ZN17ConnectionManager23completeRfSleepRecoveryERK11RFTransportt:
 4806              	.LVL428:
 4807              	.LFB2471:
1030:Src/transport/connection_manager.cpp **** 
1031:Src/transport/connection_manager.cpp **** void ConnectionManager::completeRfSleepRecovery(const RFTransport& transport, uint16_t rate) {
 4808              		.loc 1 1031 94 is_stmt 1 view -0
 4809              		.cfi_startproc
 4810              		@ args = 0, pretend = 0, frame = 0
 4811              		@ frame_needed = 0, uses_anonymous_args = 0
 4812              		.loc 1 1031 94 is_stmt 0 view .LVU1511
 4813 0000 70B5     		push	{r4, r5, r6, lr}
 4814              	.LCFI38:
 4815              		.cfi_def_cfa_offset 16
 4816              		.cfi_offset 4, -16
 4817              		.cfi_offset 5, -12
 4818              		.cfi_offset 6, -8
 4819              		.cfi_offset 14, -4
 4820 0002 0446     		mov	r4, r0
1032:Src/transport/connection_manager.cpp ****     rfTransport = transport;
 4821              		.loc 1 1032 5 is_stmt 1 view .LVU1512
 4822              		.loc 1 1032 17 is_stmt 0 view .LVU1513
 4823 0004 0B46     		mov	r3, r1
 4824 0006 5030     		adds	r0, r0, #80
ARM GAS  C:\Users\nicx5\AppData\Local\Temp\cclEOOYD.s 			page 188


 4825              	.LVL429:
 4826              		.loc 1 1032 17 view .LVU1514
 4827 0008 2031     		adds	r1, r1, #32
 4828              	.LVL430:
 4829              	.L357:
 4830              		.loc 1 1032 17 view .LVU1515
 4831 000a D3F800E0 		ldr	lr, [r3]	@ unaligned
 4832 000e D3F804C0 		ldr	ip, [r3, #4]	@ unaligned
 4833 0012 9E68     		ldr	r6, [r3, #8]	@ unaligned
 4834 0014 DD68     		ldr	r5, [r3, #12]	@ unaligned
 4835 0016 C0F800E0 		str	lr, [r0]	@ unaligned
 4836 001a C0F804C0 		str	ip, [r0, #4]	@ unaligned
 4837 001e 8660     		str	r6, [r0, #8]	@ unaligned
 4838 0020 C560     		str	r5, [r0, #12]	@ unaligned
 4839 0022 1033     		adds	r3, r3, #16
 4840 0024 1030     		adds	r0, r0, #16
 4841 0026 8B42     		cmp	r3, r1
 4842 0028 EFD1     		bne	.L357
 4843 002a 1E68     		ldr	r6, [r3]	@ unaligned
 4844 002c 5D68     		ldr	r5, [r3, #4]	@ unaligned
 4845 002e 9968     		ldr	r1, [r3, #8]	@ unaligned
 4846              	.LVL431:
 4847              		.loc 1 1032 17 view .LVU1516
 4848 0030 0660     		str	r6, [r0]	@ unaligned
 4849 0032 4560     		str	r5, [r0, #4]	@ unaligned
 4850 0034 8160     		str	r1, [r0, #8]	@ unaligned
 4851 0036 9989     		ldrh	r1, [r3, #12]	@ unaligned
 4852 0038 9B7B     		ldrb	r3, [r3, #14]	@ zero_extendqisi2
 4853 003a 8181     		strh	r1, [r0, #12]	@ unaligned
 4854 003c 8373     		strb	r3, [r0, #14]
1033:Src/transport/connection_manager.cpp ****     appliedReportRateHz = requestedReportRateHz = rate;
 4855              		.loc 1 1033 5 is_stmt 1 view .LVU1517
 4856              		.loc 1 1033 49 is_stmt 0 view .LVU1518
 4857 003e A280     		strh	r2, [r4, #4]	@ movhi
 4858              		.loc 1 1033 25 view .LVU1519
 4859 0040 6280     		strh	r2, [r4, #2]	@ movhi
1034:Src/transport/connection_manager.cpp ****     reportRateConfirmed = true;
 4860              		.loc 1 1034 5 is_stmt 1 view .LVU1520
 4861              		.loc 1 1034 25 is_stmt 0 view .LVU1521
 4862 0042 0126     		movs	r6, #1
 4863 0044 E671     		strb	r6, [r4, #7]
1035:Src/transport/connection_manager.cpp ****     rateApplyPending = false;
 4864              		.loc 1 1035 5 is_stmt 1 view .LVU1522
 4865              		.loc 1 1035 22 is_stmt 0 view .LVU1523
 4866 0046 0025     		movs	r5, #0
 4867 0048 A571     		strb	r5, [r4, #6]
1036:Src/transport/connection_manager.cpp ****     lastRfStatusPollMs = HAL_GetTick();
 4868              		.loc 1 1036 5 is_stmt 1 view .LVU1524
 4869              		.loc 1 1036 37 is_stmt 0 view .LVU1525
 4870 004a FFF7FEFF 		bl	HAL_GetTick
 4871              	.LVL432:
 4872              		.loc 1 1036 24 discriminator 1 view .LVU1526
 4873 004e E060     		str	r0, [r4, #12]
1037:Src/transport/connection_manager.cpp ****     lastRfStatusGeneration = rfTransport.receivedStatusGeneration();
 4874              		.loc 1 1037 5 is_stmt 1 view .LVU1527
 4875              	.LVL433:
 4876              	.LBB265:
ARM GAS  C:\Users\nicx5\AppData\Local\Temp\cclEOOYD.s 			page 189


 4877              	.LBI265:
  52:Inc/transport/rf/rf_transport.hpp ****     bool receivedStatusMatchesRate(uint16_t rate) const {
 4878              		.loc 4 52 14 view .LVU1528
 4879              	.LBB266:
  52:Inc/transport/rf/rf_transport.hpp ****     bool receivedStatusMatchesRate(uint16_t rate) const {
 4880              		.loc 4 52 49 view .LVU1529
  52:Inc/transport/rf/rf_transport.hpp ****     bool receivedStatusMatchesRate(uint16_t rate) const {
 4881              		.loc 4 52 56 is_stmt 0 view .LVU1530
 4882 0050 A36F     		ldr	r3, [r4, #120]
 4883              	.LVL434:
  52:Inc/transport/rf/rf_transport.hpp ****     bool receivedStatusMatchesRate(uint16_t rate) const {
 4884              		.loc 4 52 56 view .LVU1531
 4885              	.LBE266:
 4886              	.LBE265:
 4887              		.loc 1 1037 28 discriminator 1 view .LVU1532
 4888 0052 E363     		str	r3, [r4, #60]
1038:Src/transport/connection_manager.cpp ****     rfStatusPollPending = false;
 4889              		.loc 1 1038 5 is_stmt 1 view .LVU1533
 4890              		.loc 1 1038 25 is_stmt 0 view .LVU1534
 4891 0054 84F83750 		strb	r5, [r4, #55]
1039:Src/transport/connection_manager.cpp ****     rfStatusPollFailures = 0u;
 4892              		.loc 1 1039 5 is_stmt 1 view .LVU1535
 4893              		.loc 1 1039 26 is_stmt 0 view .LVU1536
 4894 0058 84F83850 		strb	r5, [r4, #56]
1040:Src/transport/connection_manager.cpp ****     setRfPowerState(RfPowerState::Awake, false);
 4895              		.loc 1 1040 5 is_stmt 1 view .LVU1537
 4896              		.loc 1 1040 20 is_stmt 0 view .LVU1538
 4897 005c 2A46     		mov	r2, r5
 4898 005e 3146     		mov	r1, r6
 4899 0060 2046     		mov	r0, r4
 4900 0062 FFF7FEFF 		bl	_ZN17ConnectionManager15setRfPowerStateE12RfPowerStateb
 4901              	.LVL435:
1041:Src/transport/connection_manager.cpp ****     rfSleepRecoveryOwned = false;
 4902              		.loc 1 1041 5 is_stmt 1 view .LVU1539
 4903              		.loc 1 1041 26 is_stmt 0 view .LVU1540
 4904 0066 84F83550 		strb	r5, [r4, #53]
1042:Src/transport/connection_manager.cpp ****     rfEventServiceEnabled = true;
 4905              		.loc 1 1042 5 is_stmt 1 view .LVU1541
 4906              		.loc 1 1042 27 is_stmt 0 view .LVU1542
 4907 006a 84F83460 		strb	r6, [r4, #52]
1043:Src/transport/connection_manager.cpp ****     updateRfLinkStateFromStatus(); // an offline receiver is not a CH585 failure
 4908              		.loc 1 1043 5 is_stmt 1 view .LVU1543
 4909              		.loc 1 1043 32 is_stmt 0 view .LVU1544
 4910 006e 2046     		mov	r0, r4
 4911 0070 FFF7FEFF 		bl	_ZN17ConnectionManager27updateRfLinkStateFromStatusEv
 4912              	.LVL436:
1044:Src/transport/connection_manager.cpp **** }
 4913              		.loc 1 1044 1 view .LVU1545
 4914 0074 70BD     		pop	{r4, r5, r6, pc}
 4915              		.loc 1 1044 1 view .LVU1546
 4916              		.cfi_endproc
 4917              	.LFE2471:
 4919              		.section	.text._ZN17ConnectionManager12wakeRfModuleEv,"ax",%progbits
 4920              		.align	1
 4921              		.global	_ZN17ConnectionManager12wakeRfModuleEv
 4922              		.syntax unified
 4923              		.thumb
ARM GAS  C:\Users\nicx5\AppData\Local\Temp\cclEOOYD.s 			page 190


 4924              		.thumb_func
 4926              	_ZN17ConnectionManager12wakeRfModuleEv:
 4927              	.LVL437:
 4928              	.LFB2472:
1045:Src/transport/connection_manager.cpp **** 
1046:Src/transport/connection_manager.cpp **** bool ConnectionManager::wakeRfModule() {
 4929              		.loc 1 1046 40 is_stmt 1 view -0
 4930              		.cfi_startproc
 4931              		@ args = 0, pretend = 0, frame = 0
 4932              		@ frame_needed = 0, uses_anonymous_args = 0
 4933              		.loc 1 1046 40 is_stmt 0 view .LVU1548
 4934 0000 10B5     		push	{r4, lr}
 4935              	.LCFI39:
 4936              		.cfi_def_cfa_offset 8
 4937              		.cfi_offset 4, -8
 4938              		.cfi_offset 14, -4
 4939 0002 0446     		mov	r4, r0
1047:Src/transport/connection_manager.cpp ****     if (!rfPhysicalRoleIsActive()) {
 4940              		.loc 1 1047 5 is_stmt 1 view .LVU1549
 4941              		.loc 1 1047 32 is_stmt 0 view .LVU1550
 4942 0004 FFF7FEFF 		bl	_ZN12_GLOBAL__N_1L22rfPhysicalRoleIsActiveEv
 4943              	.LVL438:
 4944              		.loc 1 1047 5 discriminator 1 view .LVU1551
 4945 0008 00B9     		cbnz	r0, .L362
 4946              	.L360:
1048:Src/transport/connection_manager.cpp ****         return false;
1049:Src/transport/connection_manager.cpp ****     }
1050:Src/transport/connection_manager.cpp **** 
1051:Src/transport/connection_manager.cpp ****     if (!wakeRfFromSleep(RfPowerReason::Manual)) {
1052:Src/transport/connection_manager.cpp ****         return false;
1053:Src/transport/connection_manager.cpp ****     }
1054:Src/transport/connection_manager.cpp **** 
1055:Src/transport/connection_manager.cpp ****     if (mode == ConnectionMode::CONNECTION_MODE_RF24G) {
1056:Src/transport/connection_manager.cpp ****         return restoreRfRuntime(STORAGE_MANAGER.getWirelessReportRate());
1057:Src/transport/connection_manager.cpp ****     }
1058:Src/transport/connection_manager.cpp ****     return true;
1059:Src/transport/connection_manager.cpp **** }
 4947              		.loc 1 1059 1 view .LVU1552
 4948 000a 10BD     		pop	{r4, pc}
 4949              	.LVL439:
 4950              	.L362:
1051:Src/transport/connection_manager.cpp ****         return false;
 4951              		.loc 1 1051 5 is_stmt 1 view .LVU1553
1051:Src/transport/connection_manager.cpp ****         return false;
 4952              		.loc 1 1051 25 is_stmt 0 view .LVU1554
 4953 000c 0521     		movs	r1, #5
 4954 000e 2046     		mov	r0, r4
 4955 0010 FFF7FEFF 		bl	_ZN17ConnectionManager15wakeRfFromSleepE13RfPowerReason
 4956              	.LVL440:
1051:Src/transport/connection_manager.cpp ****         return false;
 4957              		.loc 1 1051 5 discriminator 1 view .LVU1555
 4958 0014 0028     		cmp	r0, #0
 4959 0016 F8D0     		beq	.L360
1055:Src/transport/connection_manager.cpp ****         return restoreRfRuntime(STORAGE_MANAGER.getWirelessReportRate());
 4960              		.loc 1 1055 5 is_stmt 1 view .LVU1556
1055:Src/transport/connection_manager.cpp ****         return restoreRfRuntime(STORAGE_MANAGER.getWirelessReportRate());
 4961              		.loc 1 1055 9 is_stmt 0 view .LVU1557
ARM GAS  C:\Users\nicx5\AppData\Local\Temp\cclEOOYD.s 			page 191


 4962 0018 2378     		ldrb	r3, [r4]	@ zero_extendqisi2
1055:Src/transport/connection_manager.cpp ****         return restoreRfRuntime(STORAGE_MANAGER.getWirelessReportRate());
 4963              		.loc 1 1055 5 view .LVU1558
 4964 001a 012B     		cmp	r3, #1
 4965 001c F5D1     		bne	.L360
1056:Src/transport/connection_manager.cpp ****     }
 4966              		.loc 1 1056 9 is_stmt 1 view .LVU1559
1056:Src/transport/connection_manager.cpp ****     }
 4967              		.loc 1 1056 33 is_stmt 0 view .LVU1560
 4968 001e FFF7FEFF 		bl	_ZN7Storage11getInstanceEv
 4969              	.LVL441:
 4970              	.LBB267:
 4971              	.LBI267:
  36:Inc/config/storagemanager.hpp **** 		return config.wirelessReportRate;
 4972              		.loc 5 36 21 is_stmt 1 view .LVU1561
 4973              	.LBB268:
  37:Inc/config/storagemanager.hpp **** 	}
 4974              		.loc 5 37 3 view .LVU1562
  37:Inc/config/storagemanager.hpp **** 	}
 4975              		.loc 5 37 3 is_stmt 0 view .LVU1563
 4976              	.LBE268:
 4977              	.LBE267:
1056:Src/transport/connection_manager.cpp ****     }
 4978              		.loc 1 1056 32 discriminator 2 view .LVU1564
 4979 0022 0189     		ldrh	r1, [r0, #8]
 4980 0024 2046     		mov	r0, r4
 4981 0026 FFF7FEFF 		bl	_ZN17ConnectionManager16restoreRfRuntimeE18WirelessReportRate
 4982              	.LVL442:
1056:Src/transport/connection_manager.cpp ****     }
 4983              		.loc 1 1056 72 view .LVU1565
 4984 002a EEE7     		b	.L360
 4985              		.cfi_endproc
 4986              	.LFE2472:
 4988              		.section	.text._ZN17ConnectionManager4loopEv,"ax",%progbits
 4989              		.align	1
 4990              		.global	_ZN17ConnectionManager4loopEv
 4991              		.syntax unified
 4992              		.thumb
 4993              		.thumb_func
 4995              	_ZN17ConnectionManager4loopEv:
 4996              	.LVL443:
 4997              	.LFB2473:
1060:Src/transport/connection_manager.cpp **** 
1061:Src/transport/connection_manager.cpp **** void ConnectionManager::loop() {
 4998              		.loc 1 1061 32 is_stmt 1 view -0
 4999              		.cfi_startproc
 5000              		@ args = 0, pretend = 0, frame = 0
 5001              		@ frame_needed = 0, uses_anonymous_args = 0
 5002              		.loc 1 1061 32 is_stmt 0 view .LVU1567
 5003 0000 38B5     		push	{r3, r4, r5, lr}
 5004              	.LCFI40:
 5005              		.cfi_def_cfa_offset 16
 5006              		.cfi_offset 3, -16
 5007              		.cfi_offset 4, -12
 5008              		.cfi_offset 5, -8
 5009              		.cfi_offset 14, -4
 5010 0002 0446     		mov	r4, r0
ARM GAS  C:\Users\nicx5\AppData\Local\Temp\cclEOOYD.s 			page 192


1062:Src/transport/connection_manager.cpp ****     if (serviceRfRuntimeRecovery()) return;
 5011              		.loc 1 1062 5 is_stmt 1 view .LVU1568
 5012              		.loc 1 1062 33 is_stmt 0 view .LVU1569
 5013 0004 FFF7FEFF 		bl	_ZN17ConnectionManager24serviceRfRuntimeRecoveryEv
 5014              	.LVL444:
 5015              		.loc 1 1062 5 discriminator 1 view .LVU1570
 5016 0008 B0B9     		cbnz	r0, .L363
1063:Src/transport/connection_manager.cpp ****     if (rfSleepRecoveryOwned) return;
 5017              		.loc 1 1063 5 is_stmt 1 view .LVU1571
 5018              		.loc 1 1063 9 is_stmt 0 view .LVU1572
 5019 000a 94F83530 		ldrb	r3, [r4, #53]	@ zero_extendqisi2
 5020              		.loc 1 1063 5 view .LVU1573
 5021 000e 9BB9     		cbnz	r3, .L363
1064:Src/transport/connection_manager.cpp ****     if (mode == ConnectionMode::CONNECTION_MODE_RF24G &&
 5022              		.loc 1 1064 5 is_stmt 1 view .LVU1574
 5023              		.loc 1 1064 9 is_stmt 0 view .LVU1575
 5024 0010 2378     		ldrb	r3, [r4]	@ zero_extendqisi2
 5025              		.loc 1 1064 55 view .LVU1576
 5026 0012 012B     		cmp	r3, #1
 5027 0014 02D1     		bne	.L365
1065:Src/transport/connection_manager.cpp ****         !rfPhysicalRoleIsActive()) {
 5028              		.loc 1 1065 32 view .LVU1577
 5029 0016 FFF7FEFF 		bl	_ZN12_GLOBAL__N_1L22rfPhysicalRoleIsActiveEv
 5030              	.LVL445:
1064:Src/transport/connection_manager.cpp ****     if (mode == ConnectionMode::CONNECTION_MODE_RF24G &&
 5031              		.loc 1 1064 55 discriminator 1 view .LVU1578
 5032 001a 70B1     		cbz	r0, .L369
 5033              	.L365:
1066:Src/transport/connection_manager.cpp ****         rfEventServiceEnabled = false;
1067:Src/transport/connection_manager.cpp ****         return;
1068:Src/transport/connection_manager.cpp ****     }
1069:Src/transport/connection_manager.cpp **** 
1070:Src/transport/connection_manager.cpp ****     serviceRfEvents();
 5034              		.loc 1 1070 5 is_stmt 1 view .LVU1579
 5035              		.loc 1 1070 20 is_stmt 0 view .LVU1580
 5036 001c 2046     		mov	r0, r4
 5037 001e FFF7FEFF 		bl	_ZN17ConnectionManager15serviceRfEventsEv
 5038              	.LVL446:
1071:Src/transport/connection_manager.cpp ****     serviceRfPairingTimeout();
 5039              		.loc 1 1071 5 is_stmt 1 view .LVU1581
 5040              		.loc 1 1071 28 is_stmt 0 view .LVU1582
 5041 0022 2046     		mov	r0, r4
 5042 0024 FFF7FEFF 		bl	_ZN17ConnectionManager23serviceRfPairingTimeoutEv
 5043              	.LVL447:
1072:Src/transport/connection_manager.cpp ****     serviceRfStatusPoll();
 5044              		.loc 1 1072 5 is_stmt 1 view .LVU1583
 5045              		.loc 1 1072 24 is_stmt 0 view .LVU1584
 5046 0028 2046     		mov	r0, r4
 5047 002a FFF7FEFF 		bl	_ZN17ConnectionManager19serviceRfStatusPollEv
 5048              	.LVL448:
1073:Src/transport/connection_manager.cpp **** 
1074:Src/transport/connection_manager.cpp ****     if ((rfPowerState == RfPowerState::SleepPending) &&
 5049              		.loc 1 1074 5 is_stmt 1 view .LVU1585
 5050              		.loc 1 1074 10 is_stmt 0 view .LVU1586
 5051 002e 637A     		ldrb	r3, [r4, #9]	@ zero_extendqisi2
 5052              		.loc 1 1074 54 view .LVU1587
 5053 0030 022B     		cmp	r3, #2
ARM GAS  C:\Users\nicx5\AppData\Local\Temp\cclEOOYD.s 			page 193


 5054 0032 06D0     		beq	.L370
 5055              	.L366:
1075:Src/transport/connection_manager.cpp ****         ((HAL_GetTick() - lastRfSleepRetryMs) >= kRfSleepRetryMs)) {
1076:Src/transport/connection_manager.cpp ****         lastRfSleepRetryMs = HAL_GetTick();
1077:Src/transport/connection_manager.cpp ****         (void)tryRfSleepCommand();
1078:Src/transport/connection_manager.cpp ****     }
1079:Src/transport/connection_manager.cpp **** 
1080:Src/transport/connection_manager.cpp ****     if (mode == ConnectionMode::CONNECTION_MODE_USB) {
 5056              		.loc 1 1080 5 is_stmt 1 view .LVU1588
 5057              		.loc 1 1080 9 is_stmt 0 view .LVU1589
 5058 0034 2578     		ldrb	r5, [r4]	@ zero_extendqisi2
 5059              		.loc 1 1080 5 view .LVU1590
 5060 0036 95B1     		cbz	r5, .L371
 5061              	.L363:
1081:Src/transport/connection_manager.cpp ****         setLinkState(get_usb_mounted()
1082:Src/transport/connection_manager.cpp ****             ? ConnectionLinkState::Connected
1083:Src/transport/connection_manager.cpp ****             : ConnectionLinkState::Disconnected);
1084:Src/transport/connection_manager.cpp ****         return;
1085:Src/transport/connection_manager.cpp ****     }
1086:Src/transport/connection_manager.cpp **** 
1087:Src/transport/connection_manager.cpp ****     // RX connectivity alone does not trigger a TX control-link restart.
1088:Src/transport/connection_manager.cpp **** }
 5062              		.loc 1 1088 1 view .LVU1591
 5063 0038 38BD     		pop	{r3, r4, r5, pc}
 5064              	.LVL449:
 5065              	.L369:
1066:Src/transport/connection_manager.cpp ****         return;
 5066              		.loc 1 1066 9 is_stmt 1 view .LVU1592
1066:Src/transport/connection_manager.cpp ****         return;
 5067              		.loc 1 1066 31 is_stmt 0 view .LVU1593
 5068 003a 0023     		movs	r3, #0
 5069 003c 84F83430 		strb	r3, [r4, #52]
1067:Src/transport/connection_manager.cpp ****     }
 5070              		.loc 1 1067 9 is_stmt 1 view .LVU1594
 5071 0040 FAE7     		b	.L363
 5072              	.L370:
1075:Src/transport/connection_manager.cpp ****         lastRfSleepRetryMs = HAL_GetTick();
 5073              		.loc 1 1075 22 is_stmt 0 view .LVU1595
 5074 0042 FFF7FEFF 		bl	HAL_GetTick
 5075              	.LVL450:
1075:Src/transport/connection_manager.cpp ****         lastRfSleepRetryMs = HAL_GetTick();
 5076              		.loc 1 1075 27 discriminator 1 view .LVU1596
 5077 0046 A369     		ldr	r3, [r4, #24]
1075:Src/transport/connection_manager.cpp ****         lastRfSleepRetryMs = HAL_GetTick();
 5078              		.loc 1 1075 25 discriminator 1 view .LVU1597
 5079 0048 C01A     		subs	r0, r0, r3
1074:Src/transport/connection_manager.cpp ****         ((HAL_GetTick() - lastRfSleepRetryMs) >= kRfSleepRetryMs)) {
 5080              		.loc 1 1074 54 discriminator 1 view .LVU1598
 5081 004a B0F5FA7F 		cmp	r0, #500
 5082 004e F1D3     		bcc	.L366
1076:Src/transport/connection_manager.cpp ****         (void)tryRfSleepCommand();
 5083              		.loc 1 1076 9 is_stmt 1 view .LVU1599
1076:Src/transport/connection_manager.cpp ****         (void)tryRfSleepCommand();
 5084              		.loc 1 1076 41 is_stmt 0 view .LVU1600
 5085 0050 FFF7FEFF 		bl	HAL_GetTick
 5086              	.LVL451:
1076:Src/transport/connection_manager.cpp ****         (void)tryRfSleepCommand();
ARM GAS  C:\Users\nicx5\AppData\Local\Temp\cclEOOYD.s 			page 194


 5087              		.loc 1 1076 28 discriminator 1 view .LVU1601
 5088 0054 A061     		str	r0, [r4, #24]
1077:Src/transport/connection_manager.cpp ****     }
 5089              		.loc 1 1077 9 is_stmt 1 view .LVU1602
1077:Src/transport/connection_manager.cpp ****     }
 5090              		.loc 1 1077 32 is_stmt 0 view .LVU1603
 5091 0056 2046     		mov	r0, r4
 5092 0058 FFF7FEFF 		bl	_ZN17ConnectionManager17tryRfSleepCommandEv
 5093              	.LVL452:
 5094 005c EAE7     		b	.L366
 5095              	.L371:
1081:Src/transport/connection_manager.cpp ****             ? ConnectionLinkState::Connected
 5096              		.loc 1 1081 9 is_stmt 1 view .LVU1604
1081:Src/transport/connection_manager.cpp ****             ? ConnectionLinkState::Connected
 5097              		.loc 1 1081 37 is_stmt 0 view .LVU1605
 5098 005e FFF7FEFF 		bl	_Z15get_usb_mountedv
 5099              	.LVL453:
1081:Src/transport/connection_manager.cpp ****             ? ConnectionLinkState::Connected
 5100              		.loc 1 1081 21 discriminator 1 view .LVU1606
 5101 0062 00B1     		cbz	r0, .L367
 5102 0064 0225     		movs	r5, #2
 5103              	.L367:
1081:Src/transport/connection_manager.cpp ****             ? ConnectionLinkState::Connected
 5104              		.loc 1 1081 21 discriminator 4 view .LVU1607
 5105 0066 2946     		mov	r1, r5
 5106 0068 2046     		mov	r0, r4
 5107 006a FFF7FEFF 		bl	_ZN17ConnectionManager12setLinkStateE19ConnectionLinkState
 5108              	.LVL454:
1084:Src/transport/connection_manager.cpp ****     }
 5109              		.loc 1 1084 9 is_stmt 1 view .LVU1608
 5110 006e E3E7     		b	.L363
 5111              		.cfi_endproc
 5112              	.LFE2473:
 5114              		.section	.rodata._ZN17ConnectionManager13onReportReadyERK12GamepadStatem.str1.4,"aMS",%progbits,1
 5115              		.align	2
 5116              	.LC16:
 5117 0000 72662073 		.ascii	"rf sendInput failed\000"
 5117      656E6449 
 5117      6E707574 
 5117      20666169 
 5117      6C656400 
 5118              		.section	.text._ZN17ConnectionManager13onReportReadyERK12GamepadStatem,"ax",%progbits
 5119              		.align	1
 5120              		.global	_ZN17ConnectionManager13onReportReadyERK12GamepadStatem
 5121              		.syntax unified
 5122              		.thumb
 5123              		.thumb_func
 5125              	_ZN17ConnectionManager13onReportReadyERK12GamepadStatem:
 5126              	.LVL455:
 5127              	.LFB2474:
1089:Src/transport/connection_manager.cpp **** 
1090:Src/transport/connection_manager.cpp **** bool ConnectionManager::onReportReady(const GamepadState& state, uint32_t seq) {
 5128              		.loc 1 1090 80 view -0
 5129              		.cfi_startproc
 5130              		@ args = 0, pretend = 0, frame = 0
 5131              		@ frame_needed = 0, uses_anonymous_args = 0
 5132              		.loc 1 1090 80 is_stmt 0 view .LVU1610
ARM GAS  C:\Users\nicx5\AppData\Local\Temp\cclEOOYD.s 			page 195


 5133 0000 F8B5     		push	{r3, r4, r5, r6, r7, lr}
 5134              	.LCFI41:
 5135              		.cfi_def_cfa_offset 24
 5136              		.cfi_offset 3, -24
 5137              		.cfi_offset 4, -20
 5138              		.cfi_offset 5, -16
 5139              		.cfi_offset 6, -12
 5140              		.cfi_offset 7, -8
 5141              		.cfi_offset 14, -4
1091:Src/transport/connection_manager.cpp ****     if (mode != ConnectionMode::CONNECTION_MODE_RF24G) return false;
 5142              		.loc 1 1091 5 is_stmt 1 view .LVU1611
 5143              		.loc 1 1091 9 is_stmt 0 view .LVU1612
 5144 0002 0378     		ldrb	r3, [r0]	@ zero_extendqisi2
 5145              		.loc 1 1091 5 view .LVU1613
 5146 0004 012B     		cmp	r3, #1
 5147 0006 3FD1     		bne	.L378
 5148 0008 0446     		mov	r4, r0
 5149 000a 0F46     		mov	r7, r1
 5150 000c 1646     		mov	r6, r2
1092:Src/transport/connection_manager.cpp ****     if (!rfPhysicalRoleIsActive()) return false;
 5151              		.loc 1 1092 5 is_stmt 1 view .LVU1614
 5152              		.loc 1 1092 32 is_stmt 0 view .LVU1615
 5153 000e FFF7FEFF 		bl	_ZN12_GLOBAL__N_1L22rfPhysicalRoleIsActiveEv
 5154              	.LVL456:
 5155              		.loc 1 1092 5 discriminator 1 view .LVU1616
 5156 0012 0546     		mov	r5, r0
 5157 0014 0028     		cmp	r0, #0
 5158 0016 38D0     		beq	.L373
1093:Src/transport/connection_manager.cpp ****     if (rfPowerStateBlocksSpi() || !reportRateConfirmed || rfStatusPollPending) return false;
 5159              		.loc 1 1093 5 is_stmt 1 view .LVU1617
 5160              		.loc 1 1093 30 is_stmt 0 view .LVU1618
 5161 0018 2046     		mov	r0, r4
 5162 001a FFF7FEFF 		bl	_ZNK17ConnectionManager21rfPowerStateBlocksSpiEv
 5163              	.LVL457:
 5164              		.loc 1 1093 57 discriminator 1 view .LVU1619
 5165 001e 0028     		cmp	r0, #0
 5166 0020 35D1     		bne	.L379
 5167              		.loc 1 1093 37 discriminator 2 view .LVU1620
 5168 0022 E579     		ldrb	r5, [r4, #7]	@ zero_extendqisi2
 5169              		.loc 1 1093 33 discriminator 2 view .LVU1621
 5170 0024 8DB3     		cbz	r5, .L373
 5171              		.loc 1 1093 60 discriminator 4 view .LVU1622
 5172 0026 94F83750 		ldrb	r5, [r4, #55]	@ zero_extendqisi2
 5173              		.loc 1 1093 57 discriminator 4 view .LVU1623
 5174 002a 95BB     		cbnz	r5, .L380
1094:Src/transport/connection_manager.cpp **** 
1095:Src/transport/connection_manager.cpp ****     if (rfPairingActive || RFBridgePort_HasPendingEvent()) {
 5175              		.loc 1 1095 5 is_stmt 1 view .LVU1624
 5176              		.loc 1 1095 9 is_stmt 0 view .LVU1625
 5177 002c 94F84030 		ldrb	r3, [r4, #64]	@ zero_extendqisi2
 5178              		.loc 1 1095 25 view .LVU1626
 5179 0030 13B9     		cbnz	r3, .L374
 5180              		.loc 1 1095 56 discriminator 2 view .LVU1627
 5181 0032 FFF7FEFF 		bl	_Z28RFBridgePort_HasPendingEventv
 5182              	.LVL458:
 5183              		.loc 1 1095 25 discriminator 1 view .LVU1628
 5184 0036 10B1     		cbz	r0, .L375
ARM GAS  C:\Users\nicx5\AppData\Local\Temp\cclEOOYD.s 			page 196


 5185              	.L374:
1096:Src/transport/connection_manager.cpp ****         serviceRfEvents();
 5186              		.loc 1 1096 9 is_stmt 1 view .LVU1629
 5187              		.loc 1 1096 24 is_stmt 0 view .LVU1630
 5188 0038 2046     		mov	r0, r4
 5189 003a FFF7FEFF 		bl	_ZN17ConnectionManager15serviceRfEventsEv
 5190              	.LVL459:
 5191              	.L375:
1097:Src/transport/connection_manager.cpp ****     }
1098:Src/transport/connection_manager.cpp ****     if (rfPairingActive) return false;
 5192              		.loc 1 1098 5 is_stmt 1 view .LVU1631
 5193              		.loc 1 1098 9 is_stmt 0 view .LVU1632
 5194 003e 94F84030 		ldrb	r3, [r4, #64]	@ zero_extendqisi2
 5195              		.loc 1 1098 5 view .LVU1633
 5196 0042 13BB     		cbnz	r3, .L373
1099:Src/transport/connection_manager.cpp **** 
1100:Src/transport/connection_manager.cpp ****     bool ok = rfTransport.sendInput(state, seq);
 5197              		.loc 1 1100 5 is_stmt 1 view .LVU1634
 5198              		.loc 1 1100 36 is_stmt 0 view .LVU1635
 5199 0044 3246     		mov	r2, r6
 5200 0046 3946     		mov	r1, r7
 5201 0048 04F15000 		add	r0, r4, #80
 5202 004c FFF7FEFF 		bl	_ZN11RFTransport9sendInputERK12GamepadStatem
 5203              	.LVL460:
1101:Src/transport/connection_manager.cpp ****     rfSendWin++;
 5204              		.loc 1 1101 5 is_stmt 1 view .LVU1636
 5205 0050 236A     		ldr	r3, [r4, #32]
 5206              		.loc 1 1101 14 is_stmt 0 view .LVU1637
 5207 0052 0133     		adds	r3, r3, #1
 5208 0054 2362     		str	r3, [r4, #32]
1102:Src/transport/connection_manager.cpp ****     rfLastSeq = seq;
 5209              		.loc 1 1102 5 is_stmt 1 view .LVU1638
 5210              		.loc 1 1102 15 is_stmt 0 view .LVU1639
 5211 0056 2663     		str	r6, [r4, #48]
1103:Src/transport/connection_manager.cpp ****     if (ok) {
 5212              		.loc 1 1103 5 is_stmt 1 view .LVU1640
 5213 0058 0546     		mov	r5, r0
 5214 005a 88B1     		cbz	r0, .L376
1104:Src/transport/connection_manager.cpp ****         rfSendOkWin++;
 5215              		.loc 1 1104 9 view .LVU1641
 5216 005c 636A     		ldr	r3, [r4, #36]
 5217              		.loc 1 1104 20 is_stmt 0 view .LVU1642
 5218 005e 0133     		adds	r3, r3, #1
 5219 0060 6362     		str	r3, [r4, #36]
1105:Src/transport/connection_manager.cpp ****         rfSendTotal++;
 5220              		.loc 1 1105 9 is_stmt 1 view .LVU1643
 5221 0062 E36A     		ldr	r3, [r4, #44]
 5222              		.loc 1 1105 20 is_stmt 0 view .LVU1644
 5223 0064 0133     		adds	r3, r3, #1
 5224 0066 E362     		str	r3, [r4, #44]
 5225              	.L377:
1106:Src/transport/connection_manager.cpp ****     } else {
1107:Src/transport/connection_manager.cpp ****         rfSendFailWin++;
1108:Src/transport/connection_manager.cpp ****     }
1109:Src/transport/connection_manager.cpp **** 
1110:Src/transport/connection_manager.cpp ****     if (!ok) {
 5226              		.loc 1 1110 5 is_stmt 1 view .LVU1645
ARM GAS  C:\Users\nicx5\AppData\Local\Temp\cclEOOYD.s 			page 197


 5227 0068 7DB9     		cbnz	r5, .L373
1111:Src/transport/connection_manager.cpp ****         setLinkState(ConnectionLinkState::Error);
 5228              		.loc 1 1111 9 view .LVU1646
 5229              		.loc 1 1111 21 is_stmt 0 view .LVU1647
 5230 006a 0321     		movs	r1, #3
 5231 006c 2046     		mov	r0, r4
 5232              	.LVL461:
 5233              		.loc 1 1111 21 view .LVU1648
 5234 006e FFF7FEFF 		bl	_ZN17ConnectionManager12setLinkStateE19ConnectionLinkState
 5235              	.LVL462:
1112:Src/transport/connection_manager.cpp ****         MonitorTelemetry_OnError("CONNECTION_MANAGER", 1002u, "rf sendInput failed");
 5236              		.loc 1 1112 9 is_stmt 1 view .LVU1649
 5237              		.loc 1 1112 33 is_stmt 0 view .LVU1650
 5238 0072 094A     		ldr	r2, .L382
 5239 0074 40F2EA31 		movw	r1, #1002
 5240 0078 0848     		ldr	r0, .L382+4
 5241 007a FFF7FEFF 		bl	_Z24MonitorTelemetry_OnErrorPKcmS0_
 5242              	.LVL463:
 5243 007e 04E0     		b	.L373
 5244              	.LVL464:
 5245              	.L376:
1107:Src/transport/connection_manager.cpp ****     }
 5246              		.loc 1 1107 9 is_stmt 1 view .LVU1651
 5247 0080 A36A     		ldr	r3, [r4, #40]
1107:Src/transport/connection_manager.cpp ****     }
 5248              		.loc 1 1107 22 is_stmt 0 view .LVU1652
 5249 0082 0133     		adds	r3, r3, #1
 5250 0084 A362     		str	r3, [r4, #40]
 5251 0086 EFE7     		b	.L377
 5252              	.LVL465:
 5253              	.L378:
1091:Src/transport/connection_manager.cpp ****     if (!rfPhysicalRoleIsActive()) return false;
 5254              		.loc 1 1091 63 discriminator 1 view .LVU1653
 5255 0088 0025     		movs	r5, #0
 5256              	.LVL466:
 5257              	.L373:
1113:Src/transport/connection_manager.cpp ****     }
1114:Src/transport/connection_manager.cpp ****     return ok;
1115:Src/transport/connection_manager.cpp **** }
 5258              		.loc 1 1115 1 view .LVU1654
 5259 008a 2846     		mov	r0, r5
 5260 008c F8BD     		pop	{r3, r4, r5, r6, r7, pc}
 5261              	.LVL467:
 5262              	.L379:
1093:Src/transport/connection_manager.cpp **** 
 5263              		.loc 1 1093 88 discriminator 9 view .LVU1655
 5264 008e 0025     		movs	r5, #0
 5265 0090 FBE7     		b	.L373
 5266              	.L380:
 5267 0092 0546     		mov	r5, r0
 5268 0094 F9E7     		b	.L373
 5269              	.L383:
 5270 0096 00BF     		.align	2
 5271              	.L382:
 5272 0098 00000000 		.word	.LC16
 5273 009c 3C000000 		.word	.LC1
 5274              		.cfi_endproc
ARM GAS  C:\Users\nicx5\AppData\Local\Temp\cclEOOYD.s 			page 198


 5275              	.LFE2474:
 5277              		.global	g_rfRuntimeRecoveryDiagnostic
 5278              		.section	.bss.g_rfRuntimeRecoveryDiagnostic,"aw",%nobits
 5279              		.align	5
 5282              	g_rfRuntimeRecoveryDiagnostic:
 5283 0000 00000000 		.space	64
 5283      00000000 
 5283      00000000 
 5283      00000000 
 5283      00000000 
 5284              		.weak	_ZGVZN7Storage11getInstanceEvE8instance
 5285              		.section	.bss._ZGVZN7Storage11getInstanceEvE8instance,"awG",%nobits,_ZGVZN7Storage11getInstanceEvE
 5286              		.align	2
 5289              	_ZGVZN7Storage11getInstanceEvE8instance:
 5290 0000 00000000 		.space	4
 5291              		.weak	_ZZN7Storage11getInstanceEvE8instance
 5292              		.section	.bss._ZZN7Storage11getInstanceEvE8instance,"awG",%nobits,_ZZN7Storage11getInstanceEvE8ins
 5293              		.align	2
 5296              	_ZZN7Storage11getInstanceEvE8instance:
 5297 0000 00000000 		.space	36484
 5297      00000000 
 5297      00000000 
 5297      00000000 
 5297      00000000 
 5298              		.weak	_ZZN15RfSleepRecovery8instanceEvE5value
 5299              		.section	.data._ZZN15RfSleepRecovery8instanceEvE5value,"awG",%progbits,_ZZN15RfSleepRecovery8insta
 5300              		.align	2
 5303              	_ZZN15RfSleepRecovery8instanceEvE5value:
 5304 0000 00000000 		.word	0
 5305 0004 00       		.byte	0
 5306 0005 000000   		.space	3
 5307 0008 00       		.byte	0
 5308 0009 00       		.byte	0
 5309 000a 00       		.byte	0
 5310 000b 00       		.space	1
 5311 000c E803     		.short	1000
 5312 000e 00       		.byte	0
 5313 000f 00       		.space	1
 5314 0010 0000     		.short	0
 5315 0012 0000     		.short	0
 5316 0014 0000     		.short	0
 5317 0016 0000     		.space	2
 5318 0018 00000000 		.word	0
 5319 001c 00       		.byte	0
 5320 001d 00       		.byte	0
 5321 001e 00       		.byte	0
 5322 001f 00       		.byte	0
 5323 0020 00       		.byte	0
 5324 0021 00       		.byte	0
 5325 0022 0000     		.space	2
 5326 0024 00000000 		.word	0
 5327 0028 00000000 		.word	0
 5328 002c 00000000 		.word	0
 5329 0030 0000     		.short	0
 5330 0032 00       		.byte	0
 5331 0033 00       		.space	1
 5332 0034 00000000 		.word	0
ARM GAS  C:\Users\nicx5\AppData\Local\Temp\cclEOOYD.s 			page 199


 5333 0038 00       		.byte	0
 5334 0039 00       		.byte	0
 5335 003a 00       		.byte	0
 5336 003b 00       		.space	1
 5337 003c E803     		.short	1000
 5338 003e E803     		.short	1000
 5339 0040 00000000 		.word	0
 5340 0044 00000000 		.word	0
 5341 0048 00000000 		.word	0
 5342 004c 00       		.byte	0
 5343 004d 00       		.byte	0
 5344 004e 00       		.byte	0
 5345 004f 00       		.byte	0
 5346 0050 00       		.byte	0
 5347 0051 00       		.byte	0
 5348 0052 0000     		.space	2
 5349              		.weak	_ZZN18Ch585RoleBootstrap11getInstanceEvE8instance
 5350              		.section	.bss._ZZN18Ch585RoleBootstrap11getInstanceEvE8instance,"awG",%nobits,_ZZN18Ch585RoleBoots
 5351              		.align	2
 5354              	_ZZN18Ch585RoleBootstrap11getInstanceEvE8instance:
 5355 0000 00000000 		.space	20
 5355      00000000 
 5355      00000000 
 5355      00000000 
 5355      00000000 
 5356              		.weak	_ZZN16BoardModeManager11getInstanceEvE8instance
 5357              		.section	.data._ZZN16BoardModeManager11getInstanceEvE8instance,"awG",%progbits,_ZZN16BoardModeMana
 5358              		.align	2
 5361              	_ZZN16BoardModeManager11getInstanceEvE8instance:
 5362 0000 02       		.byte	2
 5363 0001 02       		.byte	2
 5364 0002 0000     		.space	2
 5365 0004 00000000 		.word	0
 5366 0008 00       		.byte	0
 5367 0009 00       		.byte	0
 5368 000a 0000     		.space	2
 5369              		.text
 5370              	.Letext0:
 5371              		.file 12 "D:/Program Files/msys64/mingw64/arm-none-eabi/include/machine/_default_types.h"
 5372              		.file 13 "D:/Program Files/msys64/mingw64/arm-none-eabi/include/sys/_stdint.h"
 5373              		.file 14 "Inc/support/enums.hpp"
 5374              		.file 15 "D:/Program Files/msys64/mingw64/arm-none-eabi/include/c++/13.3.0/type_traits"
 5375              		.file 16 "D:/Program Files/msys64/mingw64/arm-none-eabi/include/c++/13.3.0/debug/debug.h"
 5376              		.file 17 "D:/Program Files/msys64/mingw64/arm-none-eabi/include/c++/13.3.0/cstddef"
 5377              		.file 18 "D:/Program Files/msys64/mingw64/arm-none-eabi/include/c++/13.3.0/cmath"
 5378              		.file 19 "D:/Program Files/msys64/mingw64/arm-none-eabi/include/c++/13.3.0/bits/std_abs.h"
 5379              		.file 20 "D:/Program Files/msys64/mingw64/arm-none-eabi/include/c++/13.3.0/arm-none-eabi/thumb/v7e
 5380              		.file 21 "D:/Program Files/msys64/mingw64/arm-none-eabi/include/c++/13.3.0/bits/predefined_ops.h"
 5381              		.file 22 "D:/Program Files/msys64/mingw64/lib/gcc/arm-none-eabi/13.3.0/include/stddef.h"
 5382              		.file 23 "Inc/input/gamepad/GamepadState.hpp"
 5383              		.file 24 "Inc/power/power_config.hpp"
 5384              		.file 25 "Drivers/CMSIS/Device/ST/STM32H7xx/Include/stm32h750xx.h"
 5385              		.file 26 "D:/Program Files/msys64/mingw64/arm-none-eabi/include/math.h"
 5386              		.file 27 "D:/Program Files/msys64/mingw64/arm-none-eabi/include/c++/13.3.0/math.h"
 5387              		.file 28 "Inc/system/board_cfg.h"
 5388              		.file 29 "Inc/config/config.hpp"
 5389              		.file 30 "Inc/transport/rf/rf_command_transaction.hpp"
ARM GAS  C:\Users\nicx5\AppData\Local\Temp\cclEOOYD.s 			page 200


 5390              		.file 31 "../common/usb_board_link_protocol.h"
 5391              		.file 32 "Inc/transport/rf/rf_bridge_port.hpp"
 5392              		.file 33 "Inc/transport/usb/usbdriver.hpp"
 5393              		.file 34 "Inc/diagnostics/monitor_telemetry.hpp"
 5394              		.file 35 "Drivers/STM32H7xx_HAL_Driver/Inc/stm32h7xx_hal.h"
 5395              		.file 36 "D:/Program Files/msys64/mingw64/arm-none-eabi/include/c++/13.3.0/bits/memory_resource.h"
ARM GAS  C:\Users\nicx5\AppData\Local\Temp\cclEOOYD.s 			page 201


DEFINED SYMBOLS
                            *ABS*:00000000 connection_manager.cpp
C:\Users\nicx5\AppData\Local\Temp\cclEOOYD.s:20     .text._ZN12_GLOBAL__N_1L19clampRfReportRateHzEt:00000000 $t
C:\Users\nicx5\AppData\Local\Temp\cclEOOYD.s:25     .text._ZN12_GLOBAL__N_1L19clampRfReportRateHzEt:00000000 _ZN12_GLOBAL__N_1L19clampRfReportRateHzEt
C:\Users\nicx5\AppData\Local\Temp\cclEOOYD.s:68     .text._ZN12_GLOBAL__N_1L22rfPhysicalRoleIsActiveEv:00000000 $t
C:\Users\nicx5\AppData\Local\Temp\cclEOOYD.s:73     .text._ZN12_GLOBAL__N_1L22rfPhysicalRoleIsActiveEv:00000000 _ZN12_GLOBAL__N_1L22rfPhysicalRoleIsActiveEv
C:\Users\nicx5\AppData\Local\Temp\cclEOOYD.s:163    .text._ZN12_GLOBAL__N_1L22rfPhysicalRoleIsActiveEv:0000002c $d
C:\Users\nicx5\AppData\Local\Temp\cclEOOYD.s:5361   .data._ZZN16BoardModeManager11getInstanceEvE8instance:00000000 _ZZN16BoardModeManager11getInstanceEvE8instance
C:\Users\nicx5\AppData\Local\Temp\cclEOOYD.s:5354   .bss._ZZN18Ch585RoleBootstrap11getInstanceEvE8instance:00000000 _ZZN18Ch585RoleBootstrap11getInstanceEvE8instance
C:\Users\nicx5\AppData\Local\Temp\cclEOOYD.s:169    .text._ZN12_GLOBAL__N_1L18rfPowerStateToHintE12RfPowerState:00000000 $t
C:\Users\nicx5\AppData\Local\Temp\cclEOOYD.s:174    .text._ZN12_GLOBAL__N_1L18rfPowerStateToHintE12RfPowerState:00000000 _ZN12_GLOBAL__N_1L18rfPowerStateToHintE12RfPowerState
C:\Users\nicx5\AppData\Local\Temp\cclEOOYD.s:204    .text._ZN12_GLOBAL__N_1L18rfPowerHintToStateEh:00000000 $t
C:\Users\nicx5\AppData\Local\Temp\cclEOOYD.s:209    .text._ZN12_GLOBAL__N_1L18rfPowerHintToStateEh:00000000 _ZN12_GLOBAL__N_1L18rfPowerHintToStateEh
C:\Users\nicx5\AppData\Local\Temp\cclEOOYD.s:239    .text._ZZN17ConnectionManager19confirmRfReportRateEtENKUltE_clEt:00000000 $t
C:\Users\nicx5\AppData\Local\Temp\cclEOOYD.s:244    .text._ZZN17ConnectionManager19confirmRfReportRateEtENKUltE_clEt:00000000 _ZZN17ConnectionManager19confirmRfReportRateEtENKUltE_clEt
C:\Users\nicx5\AppData\Local\Temp\cclEOOYD.s:446    .text._ZN12_GLOBAL__N_1L17getRfReportRateHzE18WirelessReportRate:00000000 $t
C:\Users\nicx5\AppData\Local\Temp\cclEOOYD.s:451    .text._ZN12_GLOBAL__N_1L17getRfReportRateHzE18WirelessReportRate:00000000 _ZN12_GLOBAL__N_1L17getRfReportRateHzE18WirelessReportRate
C:\Users\nicx5\AppData\Local\Temp\cclEOOYD.s:477    .text._ZN7Storage11getInstanceEv:00000000 $t
C:\Users\nicx5\AppData\Local\Temp\cclEOOYD.s:483    .text._ZN7Storage11getInstanceEv:00000000 _ZN7Storage11getInstanceEv
C:\Users\nicx5\AppData\Local\Temp\cclEOOYD.s:529    .text._ZN7Storage11getInstanceEv:00000028 $d
C:\Users\nicx5\AppData\Local\Temp\cclEOOYD.s:5289   .bss._ZGVZN7Storage11getInstanceEvE8instance:00000000 _ZGVZN7Storage11getInstanceEvE8instance
C:\Users\nicx5\AppData\Local\Temp\cclEOOYD.s:5296   .bss._ZZN7Storage11getInstanceEvE8instance:00000000 _ZZN7Storage11getInstanceEvE8instance
C:\Users\nicx5\AppData\Local\Temp\cclEOOYD.s:535    .text._ZN17ConnectionManager20loadRfPowerStateHintEv:00000000 $t
C:\Users\nicx5\AppData\Local\Temp\cclEOOYD.s:541    .text._ZN17ConnectionManager20loadRfPowerStateHintEv:00000000 _ZN17ConnectionManager20loadRfPowerStateHintEv
C:\Users\nicx5\AppData\Local\Temp\cclEOOYD.s:588    .text._ZN17ConnectionManager15setRfPowerStateE12RfPowerStateb:00000000 $t
C:\Users\nicx5\AppData\Local\Temp\cclEOOYD.s:594    .text._ZN17ConnectionManager15setRfPowerStateE12RfPowerStateb:00000000 _ZN17ConnectionManager15setRfPowerStateE12RfPowerStateb
C:\Users\nicx5\AppData\Local\Temp\cclEOOYD.s:675    .text._ZNK17ConnectionManager21rfPowerStateBlocksSpiEv:00000000 $t
C:\Users\nicx5\AppData\Local\Temp\cclEOOYD.s:681    .text._ZNK17ConnectionManager21rfPowerStateBlocksSpiEv:00000000 _ZNK17ConnectionManager21rfPowerStateBlocksSpiEv
C:\Users\nicx5\AppData\Local\Temp\cclEOOYD.s:721    .text._ZN17ConnectionManager12setLinkStateE19ConnectionLinkState:00000000 $t
C:\Users\nicx5\AppData\Local\Temp\cclEOOYD.s:727    .text._ZN17ConnectionManager12setLinkStateE19ConnectionLinkState:00000000 _ZN17ConnectionManager12setLinkStateE19ConnectionLinkState
C:\Users\nicx5\AppData\Local\Temp\cclEOOYD.s:772    .rodata._ZN17ConnectionManager19confirmRfReportRateEt.str1.4:00000000 $d
C:\Users\nicx5\AppData\Local\Temp\cclEOOYD.s:784    .text._ZN17ConnectionManager19confirmRfReportRateEt:00000000 $t
C:\Users\nicx5\AppData\Local\Temp\cclEOOYD.s:790    .text._ZN17ConnectionManager19confirmRfReportRateEt:00000000 _ZN17ConnectionManager19confirmRfReportRateEt
C:\Users\nicx5\AppData\Local\Temp\cclEOOYD.s:932    .text._ZN17ConnectionManager19confirmRfReportRateEt:00000080 $d
C:\Users\nicx5\AppData\Local\Temp\cclEOOYD.s:939    .text._ZN17ConnectionManager27updateRfLinkStateFromStatusEv:00000000 $t
C:\Users\nicx5\AppData\Local\Temp\cclEOOYD.s:945    .text._ZN17ConnectionManager27updateRfLinkStateFromStatusEv:00000000 _ZN17ConnectionManager27updateRfLinkStateFromStatusEv
C:\Users\nicx5\AppData\Local\Temp\cclEOOYD.s:1037   .rodata._ZN17ConnectionManager30activateRfModeAfterPairSuccessEv.str1.4:00000000 $d
C:\Users\nicx5\AppData\Local\Temp\cclEOOYD.s:1041   .text._ZN17ConnectionManager30activateRfModeAfterPairSuccessEv:00000000 $t
C:\Users\nicx5\AppData\Local\Temp\cclEOOYD.s:1047   .text._ZN17ConnectionManager30activateRfModeAfterPairSuccessEv:00000000 _ZN17ConnectionManager30activateRfModeAfterPairSuccessEv
C:\Users\nicx5\AppData\Local\Temp\cclEOOYD.s:1143   .text._ZN17ConnectionManager30activateRfModeAfterPairSuccessEv:00000054 $d
C:\Users\nicx5\AppData\Local\Temp\cclEOOYD.s:1149   .rodata._ZN17ConnectionManager12tryRfBringupEb.str1.4:00000000 $d
C:\Users\nicx5\AppData\Local\Temp\cclEOOYD.s:1153   .text._ZN17ConnectionManager12tryRfBringupEb:00000000 $t
C:\Users\nicx5\AppData\Local\Temp\cclEOOYD.s:1159   .text._ZN17ConnectionManager12tryRfBringupEb:00000000 _ZN17ConnectionManager12tryRfBringupEb
C:\Users\nicx5\AppData\Local\Temp\cclEOOYD.s:1219   .text._ZN17ConnectionManager12tryRfBringupEb:00000030 $d
C:\Users\nicx5\AppData\Local\Temp\cclEOOYD.s:1225   .text._ZN17ConnectionManager28updatePairingStateFromStatusEv:00000000 $t
C:\Users\nicx5\AppData\Local\Temp\cclEOOYD.s:1231   .text._ZN17ConnectionManager28updatePairingStateFromStatusEv:00000000 _ZN17ConnectionManager28updatePairingStateFromStatusEv
C:\Users\nicx5\AppData\Local\Temp\cclEOOYD.s:1369   .text._ZN17ConnectionManager15serviceRfEventsEv:00000000 $t
C:\Users\nicx5\AppData\Local\Temp\cclEOOYD.s:1375   .text._ZN17ConnectionManager15serviceRfEventsEv:00000000 _ZN17ConnectionManager15serviceRfEventsEv
C:\Users\nicx5\AppData\Local\Temp\cclEOOYD.s:1501   .text._ZN17ConnectionManager19serviceRfStatusPollEv:00000000 $t
C:\Users\nicx5\AppData\Local\Temp\cclEOOYD.s:1507   .text._ZN17ConnectionManager19serviceRfStatusPollEv:00000000 _ZN17ConnectionManager19serviceRfStatusPollEv
C:\Users\nicx5\AppData\Local\Temp\cclEOOYD.s:1732   .text._ZN17ConnectionManager21recordRfRecoveryStartEv:00000000 $t
C:\Users\nicx5\AppData\Local\Temp\cclEOOYD.s:1738   .text._ZN17ConnectionManager21recordRfRecoveryStartEv:00000000 _ZN17ConnectionManager21recordRfRecoveryStartEv
C:\Users\nicx5\AppData\Local\Temp\cclEOOYD.s:1980   .text._ZN17ConnectionManager21recordRfRecoveryStartEv:0000009c $d
C:\Users\nicx5\AppData\Local\Temp\cclEOOYD.s:5282   .bss.g_rfRuntimeRecoveryDiagnostic:00000000 g_rfRuntimeRecoveryDiagnostic
C:\Users\nicx5\AppData\Local\Temp\cclEOOYD.s:1987   .rodata._ZN17ConnectionManager24serviceRfRuntimeRecoveryEv.str1.4:00000000 $d
C:\Users\nicx5\AppData\Local\Temp\cclEOOYD.s:1991   .text._ZN17ConnectionManager24serviceRfRuntimeRecoveryEv:00000000 $t
C:\Users\nicx5\AppData\Local\Temp\cclEOOYD.s:1997   .text._ZN17ConnectionManager24serviceRfRuntimeRecoveryEv:00000000 _ZN17ConnectionManager24serviceRfRuntimeRecoveryEv
ARM GAS  C:\Users\nicx5\AppData\Local\Temp\cclEOOYD.s 			page 202


C:\Users\nicx5\AppData\Local\Temp\cclEOOYD.s:2191   .text._ZN17ConnectionManager24serviceRfRuntimeRecoveryEv:0000009c $d
C:\Users\nicx5\AppData\Local\Temp\cclEOOYD.s:5303   .data._ZZN15RfSleepRecovery8instanceEvE5value:00000000 _ZZN15RfSleepRecovery8instanceEvE5value
C:\Users\nicx5\AppData\Local\Temp\cclEOOYD.s:2199   .text._ZN17ConnectionManager23cancelRfRuntimeRecoveryEv:00000000 $t
C:\Users\nicx5\AppData\Local\Temp\cclEOOYD.s:2205   .text._ZN17ConnectionManager23cancelRfRuntimeRecoveryEv:00000000 _ZN17ConnectionManager23cancelRfRuntimeRecoveryEv
C:\Users\nicx5\AppData\Local\Temp\cclEOOYD.s:2223   .rodata._ZN17ConnectionManager23serviceRfPairingTimeoutEv.str1.4:00000000 $d
C:\Users\nicx5\AppData\Local\Temp\cclEOOYD.s:2227   .text._ZN17ConnectionManager23serviceRfPairingTimeoutEv:00000000 $t
C:\Users\nicx5\AppData\Local\Temp\cclEOOYD.s:2233   .text._ZN17ConnectionManager23serviceRfPairingTimeoutEv:00000000 _ZN17ConnectionManager23serviceRfPairingTimeoutEv
C:\Users\nicx5\AppData\Local\Temp\cclEOOYD.s:2351   .text._ZN17ConnectionManager23serviceRfPairingTimeoutEv:00000078 $d
C:\Users\nicx5\AppData\Local\Temp\cclEOOYD.s:2357   .text._ZN17ConnectionManager13stopRfPairingEv:00000000 $t
C:\Users\nicx5\AppData\Local\Temp\cclEOOYD.s:2363   .text._ZN17ConnectionManager13stopRfPairingEv:00000000 _ZN17ConnectionManager13stopRfPairingEv
C:\Users\nicx5\AppData\Local\Temp\cclEOOYD.s:2490   .text._ZN17ConnectionManager17tryRfSleepCommandEv:00000000 $t
C:\Users\nicx5\AppData\Local\Temp\cclEOOYD.s:2496   .text._ZN17ConnectionManager17tryRfSleepCommandEv:00000000 _ZN17ConnectionManager17tryRfSleepCommandEv
C:\Users\nicx5\AppData\Local\Temp\cclEOOYD.s:2646   .rodata._ZN17ConnectionManager34checkAndResleepAfterUnexpectedWakeE13RfPowerReason.str1.4:00000000 $d
C:\Users\nicx5\AppData\Local\Temp\cclEOOYD.s:2650   .text._ZN17ConnectionManager34checkAndResleepAfterUnexpectedWakeE13RfPowerReason:00000000 $t
C:\Users\nicx5\AppData\Local\Temp\cclEOOYD.s:2656   .text._ZN17ConnectionManager34checkAndResleepAfterUnexpectedWakeE13RfPowerReason:00000000 _ZN17ConnectionManager34checkAndResleepAfterUnexpectedWakeE13RfPowerReason
C:\Users\nicx5\AppData\Local\Temp\cclEOOYD.s:2801   .text._ZN17ConnectionManager34checkAndResleepAfterUnexpectedWakeE13RfPowerReason:00000080 $d
C:\Users\nicx5\AppData\Local\Temp\cclEOOYD.s:2807   .rodata._ZN17ConnectionManager16ensureRfSleepingE13RfPowerReason.str1.4:00000000 $d
C:\Users\nicx5\AppData\Local\Temp\cclEOOYD.s:2811   .text._ZN17ConnectionManager16ensureRfSleepingE13RfPowerReason:00000000 $t
C:\Users\nicx5\AppData\Local\Temp\cclEOOYD.s:2817   .text._ZN17ConnectionManager16ensureRfSleepingE13RfPowerReason:00000000 _ZN17ConnectionManager16ensureRfSleepingE13RfPowerReason
C:\Users\nicx5\AppData\Local\Temp\cclEOOYD.s:2966   .text._ZN17ConnectionManager16ensureRfSleepingE13RfPowerReason:00000070 $d
C:\Users\nicx5\AppData\Local\Temp\cclEOOYD.s:2972   .text._ZN17ConnectionManager21requireRfCommandReadyE13RfPowerReason:00000000 $t
C:\Users\nicx5\AppData\Local\Temp\cclEOOYD.s:2978   .text._ZN17ConnectionManager21requireRfCommandReadyE13RfPowerReason:00000000 _ZN17ConnectionManager21requireRfCommandReadyE13RfPowerReason
C:\Users\nicx5\AppData\Local\Temp\cclEOOYD.s:3035   .rodata._ZN17ConnectionManager23applyWirelessReportRateE18WirelessReportRateb.str1.4:00000000 $d
C:\Users\nicx5\AppData\Local\Temp\cclEOOYD.s:3039   .text._ZN17ConnectionManager23applyWirelessReportRateE18WirelessReportRateb:00000000 $t
C:\Users\nicx5\AppData\Local\Temp\cclEOOYD.s:3045   .text._ZN17ConnectionManager23applyWirelessReportRateE18WirelessReportRateb:00000000 _ZN17ConnectionManager23applyWirelessReportRateE18WirelessReportRateb
C:\Users\nicx5\AppData\Local\Temp\cclEOOYD.s:3208   .text._ZN17ConnectionManager23applyWirelessReportRateE18WirelessReportRateb:000000a0 $d
C:\Users\nicx5\AppData\Local\Temp\cclEOOYD.s:3214   .rodata._ZN17ConnectionManager15wakeRfFromSleepE13RfPowerReason.str1.4:00000000 $d
C:\Users\nicx5\AppData\Local\Temp\cclEOOYD.s:3218   .text._ZN17ConnectionManager15wakeRfFromSleepE13RfPowerReason:00000000 $t
C:\Users\nicx5\AppData\Local\Temp\cclEOOYD.s:3224   .text._ZN17ConnectionManager15wakeRfFromSleepE13RfPowerReason:00000000 _ZN17ConnectionManager15wakeRfFromSleepE13RfPowerReason
C:\Users\nicx5\AppData\Local\Temp\cclEOOYD.s:3417   .text._ZN17ConnectionManager15wakeRfFromSleepE13RfPowerReason:000000a8 $d
C:\Users\nicx5\AppData\Local\Temp\cclEOOYD.s:3423   .rodata._ZN17ConnectionManager14startRfPairingEv.str1.4:00000000 $d
C:\Users\nicx5\AppData\Local\Temp\cclEOOYD.s:3427   .text._ZN17ConnectionManager14startRfPairingEv:00000000 $t
C:\Users\nicx5\AppData\Local\Temp\cclEOOYD.s:3433   .text._ZN17ConnectionManager14startRfPairingEv:00000000 _ZN17ConnectionManager14startRfPairingEv
C:\Users\nicx5\AppData\Local\Temp\cclEOOYD.s:3750   .text._ZN17ConnectionManager14startRfPairingEv:00000148 $d
C:\Users\nicx5\AppData\Local\Temp\cclEOOYD.s:3756   .text._ZN17ConnectionManager24enterRfModeAfterColdBootE14ConnectionMode18WirelessReportRate:00000000 $t
C:\Users\nicx5\AppData\Local\Temp\cclEOOYD.s:3762   .text._ZN17ConnectionManager24enterRfModeAfterColdBootE14ConnectionMode18WirelessReportRate:00000000 _ZN17ConnectionManager24enterRfModeAfterColdBootE14ConnectionMode18WirelessReportRate
C:\Users\nicx5\AppData\Local\Temp\cclEOOYD.s:3828   .text._ZN17ConnectionManager24enterRfModeAfterColdBootE14ConnectionMode18WirelessReportRate:00000030 $d
C:\Users\nicx5\AppData\Local\Temp\cclEOOYD.s:3833   .rodata._ZN17ConnectionManager16restoreRfRuntimeE18WirelessReportRate.str1.4:00000000 $d
C:\Users\nicx5\AppData\Local\Temp\cclEOOYD.s:3837   .text._ZN17ConnectionManager16restoreRfRuntimeE18WirelessReportRate:00000000 $t
C:\Users\nicx5\AppData\Local\Temp\cclEOOYD.s:3843   .text._ZN17ConnectionManager16restoreRfRuntimeE18WirelessReportRate:00000000 _ZN17ConnectionManager16restoreRfRuntimeE18WirelessReportRate
C:\Users\nicx5\AppData\Local\Temp\cclEOOYD.s:3975   .text._ZN17ConnectionManager16restoreRfRuntimeE18WirelessReportRate:00000078 $d
C:\Users\nicx5\AppData\Local\Temp\cclEOOYD.s:3981   .text._ZN17ConnectionManager24initializeRfPowerForModeE14ConnectionMode18WirelessReportRate:00000000 $t
C:\Users\nicx5\AppData\Local\Temp\cclEOOYD.s:3987   .text._ZN17ConnectionManager24initializeRfPowerForModeE14ConnectionMode18WirelessReportRate:00000000 _ZN17ConnectionManager24initializeRfPowerForModeE14ConnectionMode18WirelessReportRate
C:\Users\nicx5\AppData\Local\Temp\cclEOOYD.s:4080   .rodata._ZN17ConnectionManager5setupE14ConnectionMode18WirelessReportRate9InputModeb.str1.4:00000000 $d
C:\Users\nicx5\AppData\Local\Temp\cclEOOYD.s:4084   .text._ZN17ConnectionManager5setupE14ConnectionMode18WirelessReportRate9InputModeb:00000000 $t
C:\Users\nicx5\AppData\Local\Temp\cclEOOYD.s:4090   .text._ZN17ConnectionManager5setupE14ConnectionMode18WirelessReportRate9InputModeb:00000000 _ZN17ConnectionManager5setupE14ConnectionMode18WirelessReportRate9InputModeb
C:\Users\nicx5\AppData\Local\Temp\cclEOOYD.s:4418   .text._ZN17ConnectionManager5setupE14ConnectionMode18WirelessReportRate9InputModeb:0000012c $d
C:\Users\nicx5\AppData\Local\Temp\cclEOOYD.s:4424   .rodata._ZN17ConnectionManager16switchOutputToRfE18WirelessReportRate.str1.4:00000000 $d
C:\Users\nicx5\AppData\Local\Temp\cclEOOYD.s:4428   .text._ZN17ConnectionManager16switchOutputToRfE18WirelessReportRate:00000000 $t
C:\Users\nicx5\AppData\Local\Temp\cclEOOYD.s:4434   .text._ZN17ConnectionManager16switchOutputToRfE18WirelessReportRate:00000000 _ZN17ConnectionManager16switchOutputToRfE18WirelessReportRate
C:\Users\nicx5\AppData\Local\Temp\cclEOOYD.s:4491   .text._ZN17ConnectionManager16switchOutputToRfE18WirelessReportRate:00000030 $d
C:\Users\nicx5\AppData\Local\Temp\cclEOOYD.s:4497   .rodata._ZN17ConnectionManager17switchOutputToUsbEv.str1.4:00000000 $d
C:\Users\nicx5\AppData\Local\Temp\cclEOOYD.s:4501   .text._ZN17ConnectionManager17switchOutputToUsbEv:00000000 $t
C:\Users\nicx5\AppData\Local\Temp\cclEOOYD.s:4507   .text._ZN17ConnectionManager17switchOutputToUsbEv:00000000 _ZN17ConnectionManager17switchOutputToUsbEv
C:\Users\nicx5\AppData\Local\Temp\cclEOOYD.s:4592   .text._ZN17ConnectionManager17switchOutputToUsbEv:00000034 $d
C:\Users\nicx5\AppData\Local\Temp\cclEOOYD.s:4599   .text._ZN17ConnectionManager13sleepRfModuleEv:00000000 $t
C:\Users\nicx5\AppData\Local\Temp\cclEOOYD.s:4605   .text._ZN17ConnectionManager13sleepRfModuleEv:00000000 _ZN17ConnectionManager13sleepRfModuleEv
ARM GAS  C:\Users\nicx5\AppData\Local\Temp\cclEOOYD.s 			page 203


C:\Users\nicx5\AppData\Local\Temp\cclEOOYD.s:4642   .text._ZN17ConnectionManager24onRfPowerRemovedForSleepEv:00000000 $t
C:\Users\nicx5\AppData\Local\Temp\cclEOOYD.s:4648   .text._ZN17ConnectionManager24onRfPowerRemovedForSleepEv:00000000 _ZN17ConnectionManager24onRfPowerRemovedForSleepEv
C:\Users\nicx5\AppData\Local\Temp\cclEOOYD.s:4696   .text._ZN17ConnectionManager19resetRfSleepSessionEv:00000000 $t
C:\Users\nicx5\AppData\Local\Temp\cclEOOYD.s:4702   .text._ZN17ConnectionManager19resetRfSleepSessionEv:00000000 _ZN17ConnectionManager19resetRfSleepSessionEv
C:\Users\nicx5\AppData\Local\Temp\cclEOOYD.s:4757   .text._ZN17ConnectionManager23setRfSleepRecoveryErrorEb:00000000 $t
C:\Users\nicx5\AppData\Local\Temp\cclEOOYD.s:4763   .text._ZN17ConnectionManager23setRfSleepRecoveryErrorEb:00000000 _ZN17ConnectionManager23setRfSleepRecoveryErrorEb
C:\Users\nicx5\AppData\Local\Temp\cclEOOYD.s:4799   .text._ZN17ConnectionManager23completeRfSleepRecoveryERK11RFTransportt:00000000 $t
C:\Users\nicx5\AppData\Local\Temp\cclEOOYD.s:4805   .text._ZN17ConnectionManager23completeRfSleepRecoveryERK11RFTransportt:00000000 _ZN17ConnectionManager23completeRfSleepRecoveryERK11RFTransportt
C:\Users\nicx5\AppData\Local\Temp\cclEOOYD.s:4920   .text._ZN17ConnectionManager12wakeRfModuleEv:00000000 $t
C:\Users\nicx5\AppData\Local\Temp\cclEOOYD.s:4926   .text._ZN17ConnectionManager12wakeRfModuleEv:00000000 _ZN17ConnectionManager12wakeRfModuleEv
C:\Users\nicx5\AppData\Local\Temp\cclEOOYD.s:4989   .text._ZN17ConnectionManager4loopEv:00000000 $t
C:\Users\nicx5\AppData\Local\Temp\cclEOOYD.s:4995   .text._ZN17ConnectionManager4loopEv:00000000 _ZN17ConnectionManager4loopEv
C:\Users\nicx5\AppData\Local\Temp\cclEOOYD.s:5115   .rodata._ZN17ConnectionManager13onReportReadyERK12GamepadStatem.str1.4:00000000 $d
C:\Users\nicx5\AppData\Local\Temp\cclEOOYD.s:5119   .text._ZN17ConnectionManager13onReportReadyERK12GamepadStatem:00000000 $t
C:\Users\nicx5\AppData\Local\Temp\cclEOOYD.s:5125   .text._ZN17ConnectionManager13onReportReadyERK12GamepadStatem:00000000 _ZN17ConnectionManager13onReportReadyERK12GamepadStatem
C:\Users\nicx5\AppData\Local\Temp\cclEOOYD.s:5272   .text._ZN17ConnectionManager13onReportReadyERK12GamepadStatem:00000098 $d
C:\Users\nicx5\AppData\Local\Temp\cclEOOYD.s:5279   .bss.g_rfRuntimeRecoveryDiagnostic:00000000 $d
C:\Users\nicx5\AppData\Local\Temp\cclEOOYD.s:5286   .bss._ZGVZN7Storage11getInstanceEvE8instance:00000000 $d
C:\Users\nicx5\AppData\Local\Temp\cclEOOYD.s:5293   .bss._ZZN7Storage11getInstanceEvE8instance:00000000 $d
C:\Users\nicx5\AppData\Local\Temp\cclEOOYD.s:5300   .data._ZZN15RfSleepRecovery8instanceEvE5value:00000000 $d
C:\Users\nicx5\AppData\Local\Temp\cclEOOYD.s:5351   .bss._ZZN18Ch585RoleBootstrap11getInstanceEvE8instance:00000000 $d
C:\Users\nicx5\AppData\Local\Temp\cclEOOYD.s:5358   .data._ZZN16BoardModeManager11getInstanceEvE8instance:00000000 $d

UNDEFINED SYMBOLS
_ZN11RFTransport7setRateEt
HAL_GetTick
HAL_Delay
_ZN11RFTransport13serviceEventsEh
_Z28RFBridgePort_HasReleaseFaultv
_Z28RFBridgePort_HasPendingEventv
_ZN11RFTransport10pollStatusEv
getWirelessReportRateHz
__cxa_guard_acquire
__cxa_guard_release
_ZN7Storage19setRfPowerStateHintEh
_ZN7Storage10saveConfigEv
_Z35MonitorTelemetry_OnLinkStateChanged14ConnectionModeh
_Z24MonitorTelemetry_OnErrorPKcmS0_
_Z21MonitorTelemetry_Init14ConnectionModet
_ZN11RFTransport5beginEv
_Z25RFBridgePort_RecoveryIdlev
_Z31RFBridgePort_BootSignalReleasedv
_ZN15RfSleepRecovery5beginEth
_ZN15RfSleepRecovery7serviceEm
_ZN11RFTransport8stopPairEv
_ZN11RFTransport5sleepEv
_Z32RFBridgePort_PrepareWakeLineIdlev
_ZN7Storage21setWirelessReportRateE18WirelessReportRate
_ZN11RFTransport4wakeEv
_ZN11RFTransport9startPairEv
_ZN15RfSleepRecovery14beginAfterRoleEth
_Z15get_usb_mountedv
_ZN11RFTransport12resetSessionEv
_ZN11RFTransport9sendInputERK12GamepadStatem
